"CUSIP","Security Type","Security Term","Auction Date","Issue Date","Maturity Date","Price per $100","Cash Management Bill (CMB)","Currently Outstanding","Estimated Amount of Publicly Held Maturing Securities by Type","Floating Rate","Interest Rate","Maturing Date","Offering Amount","Reopening","TIPS","Total Accepted"
"912794ZL1","Bill","13-Week","06/15/1992","06/18/1992","09/17/1992","","No","","","No","","","$11,600,000,000","Yes","No","$11,740,995,000"
"912794ZB3","Bill","26-Week","06/15/1992","06/18/1992","12/17/1992","","No","","","No","","","$11,600,000,000","Yes","No","$11,667,885,000"
"912794ZK3","Bill","13-Week","06/08/1992","06/11/1992","09/10/1992","","No","","","No","","","$11,600,000,000","Yes","No","$11,931,250,000"
"912794ZV9","Bill","26-Week","06/08/1992","06/11/1992","12/10/1992","","No","","","No","","","$11,600,000,000","No","No","$11,862,410,000"
"912794ZJ6","Bill","13-Week","06/01/1992","06/04/1992","09/03/1992","","No","","","No","","","$11,600,000,000","Yes","No","$11,671,345,000"
"912794ZU1","Bill","26-Week","06/01/1992","06/04/1992","12/03/1992","","No","","","No","","","$11,600,000,000","No","No","$11,663,300,000"
"912794D27","Bill","52-Week","05/28/1992","06/04/1992","06/03/1993","","No","","","No","","","$13,750,000,000","No","No","$14,279,990,000"
"912794YT5","Bill","15-Day","05/27/1992","06/03/1992","06/18/1992","","Yes","","","No","","","$6,000,000,000","Yes","No","$6,014,150,000"
"912794YX6","Bill","13-Week","05/26/1992","05/28/1992","08/27/1992","","No","","","No","","","$11,600,000,000","Yes","No","$11,622,200,000"
"912794ZT4","Bill","26-Week","05/26/1992","05/28/1992","11/27/1992","","No","","","No","","","$11,600,000,000","No","No","$11,647,050,000"
"912827F64","Note","5-Year","05/21/1992","06/01/1992","05/31/1997","","No","","","No","6.750%","","$10,250,000,000","No","No","$11,011,541,000"
"912827F56","Note","2-Year","05/20/1992","06/01/1992","05/31/1994","","No","","","No","5.125%","","$14,750,000,000","No","No","$15,765,580,000"
"912794ZH0","Bill","13-Week","05/18/1992","05/21/1992","08/20/1992","","No","","","No","","","$11,600,000,000","Yes","No","$11,866,865,000"
"912794ZA5","Bill","26-Week","05/18/1992","05/21/1992","11/19/1992","","No","","","No","","","$11,600,000,000","Yes","No","$12,179,375,000"
"912794YT5","Bill","34-Day","05/13/1992","05/15/1992","06/18/1992","","Yes","","","No","","","$10,000,000,000","Yes","No","$10,018,700,000"
"912794ZG2","Bill","13-Week","05/11/1992","05/14/1992","08/13/1992","","No","","","No","","","$11,600,000,000","Yes","No","$11,801,005,000"
"912794ZS6","Bill","26-Week","05/11/1992","05/14/1992","11/12/1992","","No","","","No","","","$11,600,000,000","No","No","$12,070,670,000"
"912810EL8","Bond","29-Year 6-Month","05/07/1992","05/15/1992","11/15/2021","","No","","","No","8.000%","","$10,000,000,000","Yes","No","$10,493,767,000"
"912827F49","Note","10-Year","05/06/1992","05/15/1992","05/15/2002","","No","","","No","7.500%","","$11,000,000,000","No","No","$11,687,571,000"
"912827F31","Note","3-Year","05/05/1992","05/15/1992","05/15/1995","","No","","","No","5.875%","","$15,000,000,000","No","No","$19,108,450,000"
"912794ZF4","Bill","13-Week","05/04/1992","05/07/1992","08/06/1992","","No","","","No","","","$11,400,000,000","Yes","No","$11,609,825,000"
"912794ZR8","Bill","26-Week","05/04/1992","05/07/1992","11/05/1992","","No","","","No","","","$11,400,000,000","No","No","$11,840,525,000"
"912794C51","Bill","52-Week","04/30/1992","05/07/1992","05/06/1993","","No","","","No","","","$13,750,000,000","No","No","$14,437,470,000"
"912794YW8","Bill","13-Week","04/27/1992","04/30/1992","07/30/1992","","No","","","No","","","$11,400,000,000","Yes","No","$11,467,295,000"
"912794ZQ0","Bill","26-Week","04/27/1992","04/30/1992","10/29/1992","","No","","","No","","","$11,400,000,000","No","No","$11,419,110,000"
"912827F23","Note","5-Year","04/23/1992","04/30/1992","04/30/1997","","No","","","No","6.875%","","$10,250,000,000","No","No","$11,398,018,000"
"912827E99","Note","2-Year","04/22/1992","04/30/1992","04/30/1994","","No","","","No","5.375%","","$14,750,000,000","No","No","$16,346,965,000"
"912794ZE7","Bill","13-Week","04/20/1992","04/23/1992","07/23/1992","","No","","","No","","","$11,400,000,000","Yes","No","$11,443,865,000"
"912794YZ1","Bill","26-Week","04/20/1992","04/23/1992","10/22/1992","","No","","","No","","","$11,400,000,000","Yes","No","$11,407,650,000"
"912794ZD9","Bill","13-Week","04/13/1992","04/16/1992","07/16/1992","","No","","","No","","","$11,400,000,000","Yes","No","$11,428,330,000"
"912794ZP2","Bill","26-Week","04/13/1992","04/16/1992","10/15/1992","","No","","","No","","","$11,400,000,000","No","No","$11,401,235,000"
"912827E81","Note","7-Year","04/08/1992","04/15/1992","04/15/1999","","No","","","No","7.000%","","$9,750,000,000","No","No","$10,151,610,000"
"912794ZC1","Bill","13-Week","04/06/1992","04/09/1992","07/09/1992","","No","","","No","","","$11,400,000,000","Yes","No","$11,467,970,000"
"912794ZN7","Bill","26-Week","04/06/1992","04/09/1992","10/08/1992","","No","","","No","","","$11,400,000,000","No","No","$12,315,540,000"
"912794B86","Bill","52-Week","04/02/1992","04/09/1992","04/08/1993","","No","","","No","","","$13,750,000,000","No","No","$14,232,125,000"
"912794YJ7","Bill","13-Day","04/01/1992","04/03/1992","04/16/1992","","Yes","","","No","","","$22,000,000,000","Yes","No","$22,014,700,000"
"912794YV0","Bill","13-Week","03/30/1992","04/02/1992","07/02/1992","","No","","","No","","","$11,400,000,000","Yes","No","$11,576,655,000"
"912794ZM9","Bill","26-Week","03/30/1992","04/02/1992","10/01/1992","","No","","","No","","","$11,400,000,000","No","No","$11,637,325,000"
"912827E73","Note","5-Year","03/25/1992","03/31/1992","03/31/1997","","No","","","No","6.875%","","$10,250,000,000","No","No","$11,239,579,000"
"912827E65","Note","2-Year","03/24/1992","03/31/1992","03/31/1994","","No","","","No","5.750%","","$14,750,000,000","No","No","$17,773,090,000"
"912794YU2","Bill","13-Week","03/23/1992","03/26/1992","06/25/1992","","No","","","No","","","$11,400,000,000","Yes","No","$11,454,190,000"
"912794YY4","Bill","26-Week","03/23/1992","03/26/1992","09/24/1992","","No","","","No","","","$11,400,000,000","Yes","No","$11,451,885,000"
"912794YT5","Bill","13-Week","03/16/1992","03/19/1992","06/18/1992","","No","","","No","","","$11,400,000,000","Yes","No","$11,542,820,000"
"912794ZL1","Bill","26-Week","03/16/1992","03/19/1992","09/17/1992","","No","","","No","","","$11,400,000,000","No","No","$11,602,455,000"
"912794YS7","Bill","13-Week","03/09/1992","03/12/1992","06/11/1992","","No","","","No","","","$11,400,000,000","Yes","No","$11,402,595,000"
"912794ZK3","Bill","26-Week","03/09/1992","03/12/1992","09/10/1992","","No","","","No","","","$11,400,000,000","No","No","$11,445,875,000"
"912794B37","Bill","52-Week","03/05/1992","03/12/1992","03/11/1993","","No","","","No","","","$13,750,000,000","No","No","$13,785,165,000"
"912794YR9","Bill","13-Week","03/02/1992","03/05/1992","06/04/1992","","No","","","No","","","$11,400,000,000","Yes","No","$11,676,830,000"
"912794ZJ6","Bill","26-Week","03/02/1992","03/05/1992","09/03/1992","","No","","","No","","","$11,400,000,000","No","No","$11,658,450,000"
"912794YL2","Bill","57-Day","02/27/1992","03/04/1992","04/30/1992","","Yes","","","No","","","$14,000,000,000","Yes","No","$14,080,600,000"
"912827E57","Note","5-Year","02/26/1992","03/02/1992","02/28/1997","","No","","","No","6.750%","","$9,750,000,000","No","No","$9,911,584,000"
"912827E40","Note","2-Year","02/25/1992","03/02/1992","02/28/1994","","No","","","No","5.375%","","$14,250,000,000","No","No","$15,906,235,000"
"912794YQ1","Bill","13-Week","02/24/1992","02/27/1992","05/28/1992","","No","","","No","","","$11,200,000,000","Yes","No","$11,254,905,000"
"912794YX6","Bill","26-Week","02/24/1992","02/27/1992","08/27/1992","","No","","","No","","","$11,200,000,000","Yes","No","$11,222,525,000"
"912794YP3","Bill","13-Week","02/18/1992","02/20/1992","05/21/1992","","No","","","No","","","$10,800,000,000","Yes","No","$11,033,945,000"
"912794ZH0","Bill","26-Week","02/18/1992","02/20/1992","08/20/1992","","No","","","No","","","$10,800,000,000","No","No","$11,175,660,000"
"912810EL8","Bond","29-Year 9-Month","02/13/1992","02/18/1992","11/15/2021","","No","","","No","8.000%","","$10,000,000,000","Yes","No","$10,155,145,000"
"912827D25","Note","9-Year 9-Month","02/12/1992","02/18/1992","11/15/2001","","No","","","No","7.500%","","$11,000,000,000","Yes","No","$11,450,907,000"
"912827E24","Note","3-Year","02/11/1992","02/18/1992","02/15/1995","","No","","","No","5.500%","","$15,000,000,000","No","No","$17,728,115,000"
"912794YN8","Bill","13-Week","02/10/1992","02/13/1992","05/14/1992","","No","","","No","","","$10,400,000,000","Yes","No","$10,735,935,000"
"912794ZG2","Bill","26-Week","02/10/1992","02/13/1992","08/13/1992","","No","","","No","","","$10,400,000,000","No","No","$11,082,845,000"
"912794A61","Bill","52-Week","02/06/1992","02/13/1992","02/11/1993","","No","","","No","","","$12,750,000,000","No","No","$12,861,175,000"
"912794YM0","Bill","13-Week","02/03/1992","02/06/1992","05/07/1992","","No","","","No","","","$10,400,000,000","Yes","No","$10,482,225,000"
"912794ZF4","Bill","26-Week","02/03/1992","02/06/1992","08/06/1992","","No","","","No","","","$10,400,000,000","No","No","$10,568,095,000"
"912794YL2","Bill","13-Week","01/27/1992","01/30/1992","04/30/1992","","No","","","No","","","$10,200,000,000","Yes","No","$10,252,300,000"
"912794YW8","Bill","26-Week","01/27/1992","01/30/1992","07/30/1992","","No","","","No","","","$10,200,000,000","Yes","No","$10,201,295,000"
"912827D90","Note","5-Year","01/23/1992","01/31/1992","01/31/1997","","No","","","No","6.250%","","$9,250,000,000","No","No","$9,440,880,000"
"912827D82","Note","2-Year","01/22/1992","01/31/1992","01/31/1994","","No","","","No","4.875%","","$13,750,000,000","No","No","$15,103,000,000"
"912794YK4","Bill","13-Week","01/21/1992","01/23/1992","04/23/1992","","No","","","No","","","$10,200,000,000","Yes","No","$10,254,310,000"
"912794ZE7","Bill","26-Week","01/21/1992","01/23/1992","07/23/1992","","No","","","No","","","$10,200,000,000","No","No","$10,318,325,000"
"912794YJ7","Bill","13-Week","01/13/1992","01/16/1992","04/16/1992","","No","","","No","","","$10,200,000,000","Yes","No","$10,225,100,000"
"912794ZD9","Bill","26-Week","01/13/1992","01/16/1992","07/16/1992","","No","","","No","","","$10,200,000,000","No","No","$10,276,345,000"
"912794ZZ0","Bill","52-Week","01/09/1992","01/16/1992","01/14/1993","","No","","","No","","","$12,500,000,000","No","No","$12,826,175,000"
"912827D74","Note","7-Year","01/08/1992","01/15/1992","01/15/1999","","No","","","No","6.375%","","$9,500,000,000","No","No","$10,545,705,000"
"912794YH1","Bill","13-Week","01/06/1992","01/09/1992","04/09/1992","","No","","","No","","","$10,200,000,000","Yes","No","$10,427,050,000"
"912794ZC1","Bill","26-Week","01/06/1992","01/09/1992","07/09/1992","","No","","","No","","","$10,200,000,000","No","No","$10,698,845,000"
"912794YG3","Bill","13-Week","12/30/1991","01/02/1992","04/02/1992","","No","","","No","","","$10,200,000,000","Yes","No","$10,231,765,000"
"912794YV0","Bill","26-Week","12/30/1991","01/02/1992","07/02/1992","","No","","","No","","","$10,200,000,000","Yes","No","$10,216,710,000"
"912794YF5","Bill","13-Week","12/23/1991","12/26/1991","03/26/1992","","No","","","No","","","$10,200,000,000","Yes","No","$10,204,210,000"
"912794YU2","Bill","26-Week","12/23/1991","12/26/1991","06/25/1992","","No","","","No","","","$10,200,000,000","No","No","$10,203,855,000"
"912827D66","Note","5-Year","12/19/1991","12/31/1991","12/31/1996","","No","","","No","6.125%","","$9,000,000,000","No","No","$9,614,556,000"
"912827D58","Note","2-Year","12/18/1991","12/31/1991","12/31/1993","","No","","","No","5.000%","","$13,500,000,000","No","No","$16,504,085,000"
"912794YE8","Bill","13-Week","12/16/1991","12/19/1991","03/19/1992","","No","","","No","","","$10,200,000,000","Yes","No","$10,268,885,000"
"912794YT5","Bill","26-Week","12/16/1991","12/19/1991","06/18/1992","","No","","","No","","","$10,200,000,000","No","No","$10,252,940,000"
"912794ZB3","Bill","52-Week","12/12/1991","12/19/1991","12/17/1992","","No","","","No","","","$12,250,000,000","No","No","$13,346,515,000"
"912794YD0","Bill","13-Week","12/09/1991","12/12/1991","03/12/1992","","No","","","No","","","$10,200,000,000","Yes","No","$10,368,390,000"
"912794YS7","Bill","26-Week","12/09/1991","12/12/1991","06/11/1992","","No","","","No","","","$10,200,000,000","No","No","$10,424,525,000"
"912794YC2","Bill","13-Week","12/02/1991","12/05/1991","03/05/1992","","No","","","No","","","$10,200,000,000","Yes","No","$10,391,500,000"
"912794YR9","Bill","26-Week","12/02/1991","12/05/1991","06/04/1992","","No","","","No","","","$10,200,000,000","Yes","No","$10,824,030,000"
"912827D41","Note","5-Year","11/26/1991","12/02/1991","11/30/1996","","No","","","No","6.500%","","$9,000,000,000","No","No","$9,859,034,000"
"912827D33","Note","2-Year","11/25/1991","12/02/1991","11/30/1993","","No","","","No","5.500%","","$13,500,000,000","No","No","$15,578,965,000"
"912794YB4","Bill","13-Week","11/25/1991","11/29/1991","02/27/1992","","No","","","No","","","$10,200,000,000","Yes","No","$10,211,715,000"
"912794YQ1","Bill","26-Week","11/25/1991","11/29/1991","05/28/1992","","No","","","No","","","$10,200,000,000","No","No","$10,240,830,000"
"912794YA6","Bill","13-Week","11/18/1991","11/21/1991","02/20/1992","","No","","","No","","","$10,200,000,000","Yes","No","$10,250,675,000"
"912794YP3","Bill","26-Week","11/18/1991","11/21/1991","05/21/1992","","No","","","No","","","$10,200,000,000","No","No","$10,252,230,000"
"912794ZA5","Bill","52-Week","11/14/1991","11/21/1991","11/19/1992","","No","","","No","","","$12,250,000,000","No","No","$12,263,925,000"
"912794XZ2","Bill","13-Week","11/12/1991","11/14/1991","02/13/1992","","No","","","No","","","$10,200,000,000","Yes","No","$10,330,770,000"
"912794YN8","Bill","26-Week","11/12/1991","11/14/1991","05/14/1992","","No","","","No","","","$10,200,000,000","No","No","$10,618,050,000"
"912810EL8","Bond","30-Year","11/07/1991","11/15/1991","11/15/2021","","No","","","No","8.000%","","$12,000,000,000","No","No","$12,158,774,000"
"912827D25","Note","10-Year","11/06/1991","11/15/1991","11/15/2001","","No","","","No","7.500%","","$12,000,000,000","No","No","$12,776,820,000"
"912827C91","Note","3-Year","11/05/1991","11/15/1991","11/15/1994","","No","","","No","6.000%","","$14,000,000,000","No","No","$16,785,075,000"
"912794XY5","Bill","13-Week","11/04/1991","11/07/1991","02/06/1992","","No","","","No","","","$10,400,000,000","Yes","No","$10,579,405,000"
"912794YM0","Bill","26-Week","11/04/1991","11/07/1991","05/07/1992","","No","","","No","","","$10,400,000,000","Yes","No","$10,889,260,000"
"912794XX7","Bill","13-Week","10/28/1991","10/31/1991","01/30/1992","","No","","","No","","","$10,400,000,000","Yes","No","$10,470,140,000"
"912794YL2","Bill","26-Week","10/28/1991","10/31/1991","04/30/1992","","No","","","No","","","$10,400,000,000","No","No","$10,534,690,000"
"912827C83","Note","5-Year","10/24/1991","10/31/1991","10/31/1996","","No","","","No","6.875%","","$9,000,000,000","No","No","$9,328,845,000"
"912827C75","Note","2-Year","10/23/1991","10/31/1991","10/31/1993","","No","","","No","6.000%","","$13,500,000,000","No","No","$15,668,395,000"
"912794XW9","Bill","13-Week","10/21/1991","10/24/1991","01/23/1992","","No","","","No","","","$10,600,000,000","Yes","No","$10,648,435,000"
"912794YK4","Bill","26-Week","10/21/1991","10/24/1991","04/23/1992","","No","","","No","","","$10,600,000,000","Yes","No","$10,648,895,000"
"912794YZ1","Bill","52-Week","10/17/1991","10/24/1991","10/22/1992","","No","","","No","","","$12,500,000,000","No","No","$13,061,230,000"
"912794XV1","Bill","13-Week","10/15/1991","10/17/1991","01/16/1992","","No","","","No","","","$10,800,000,000","Yes","No","$10,976,575,000"
"912794YJ7","Bill","26-Week","10/15/1991","10/17/1991","04/16/1992","","No","","","No","","","$10,800,000,000","No","No","$11,275,655,000"
"912827C67","Note","7-Year","10/09/1991","10/15/1991","10/15/1998","","No","","","No","7.125%","","$9,250,000,000","No","No","$10,249,865,000"
"912794XU3","Bill","13-Week","10/07/1991","10/10/1991","01/09/1992","","No","","","No","","","$10,800,000,000","Yes","No","$10,888,825,000"
"912794YH1","Bill","26-Week","10/07/1991","10/10/1991","04/09/1992","","No","","","No","","","$10,800,000,000","Yes","No","$11,139,315,000"
"912794XT6","Bill","13-Week","09/30/1991","10/03/1991","01/02/1992","","No","","","No","","","$10,800,000,000","Yes","No","$10,856,805,000"
"912794YG3","Bill","26-Week","09/30/1991","10/03/1991","04/02/1992","","No","","","No","","","$10,800,000,000","No","No","$11,163,545,000"
"912827C59","Note","5-Year","09/25/1991","09/30/1991","09/30/1996","","No","","","No","7.000%","","$9,250,000,000","No","No","$10,055,085,000"
"912827C42","Note","2-Year","09/24/1991","09/30/1991","09/30/1993","","No","","","No","6.125%","","$13,000,000,000","No","No","$15,323,450,000"
"912794XS8","Bill","13-Week","09/23/1991","09/26/1991","12/26/1991","","No","","","No","","","$10,600,000,000","Yes","No","$10,607,465,000"
"912794YF5","Bill","26-Week","09/23/1991","09/26/1991","03/26/1992","","No","","","No","","","$10,600,000,000","No","No","$10,711,115,000"
"912794YY4","Bill","52-Week","09/19/1991","09/26/1991","09/24/1992","","No","","","No","","","$12,500,000,000","No","No","$12,546,680,000"
"912794WX8","Bill","13-Week","09/16/1991","09/19/1991","12/19/1991","","No","","","No","","","$10,600,000,000","Yes","No","$10,604,080,000"
"912794YE8","Bill","26-Week","09/16/1991","09/19/1991","03/19/1992","","No","","","No","","","$10,600,000,000","No","No","$10,606,875,000"
"912794XR0","Bill","13-Week","09/09/1991","09/12/1991","12/12/1991","","No","","","No","","","$10,600,000,000","Yes","No","$10,689,505,000"
"912794YD0","Bill","26-Week","09/09/1991","09/12/1991","03/12/1992","","No","","","No","","","$10,600,000,000","Yes","No","$10,901,580,000"
"912794XQ2","Bill","13-Week","09/03/1991","09/05/1991","12/05/1991","","No","","","No","","","$10,600,000,000","Yes","No","$10,645,020,000"
"912794YC2","Bill","26-Week","09/03/1991","09/05/1991","03/05/1992","","No","","","No","","","$10,600,000,000","No","No","$10,821,265,000"
"912794XG4","Bill","16-Day","08/29/1991","09/03/1991","09/19/1991","","Yes","","","No","","","$5,000,000,000","Yes","No","$5,014,500,000"
"912827C34","Note","5-Year","08/28/1991","09/03/1991","08/31/1996","","No","","","No","7.250%","","$9,250,000,000","No","No","$9,785,214,000"
"912827C26","Note","2-Year","08/27/1991","09/03/1991","08/31/1993","","No","","","No","6.375%","","$12,500,000,000","No","No","$14,046,205,000"
"912794XP4","Bill","13-Week","08/26/1991","08/29/1991","11/29/1991","","No","","","No","","","$10,400,000,000","Yes","No","$10,408,435,000"
"912794YB4","Bill","26-Week","08/26/1991","08/29/1991","02/27/1992","","No","","","No","","","$10,400,000,000","No","No","$10,447,445,000"
"912794YX6","Bill","52-Week","08/22/1991","08/29/1991","08/27/1992","","No","","","No","","","$12,500,000,000","No","No","$12,583,715,000"
"912794WW0","Bill","13-Week","08/19/1991","08/22/1991","11/21/1991","","No","","","No","","","$10,400,000,000","Yes","No","$10,419,680,000"
"912794YA6","Bill","26-Week","08/19/1991","08/22/1991","02/20/1992","","No","","","No","","","$10,400,000,000","No","No","$10,403,415,000"
"912794XN9","Bill","13-Week","08/12/1991","08/15/1991","11/14/1991","","No","","","No","","","$10,400,000,000","Yes","No","$10,494,730,000"
"912794XZ2","Bill","26-Week","08/12/1991","08/15/1991","02/13/1992","","No","","","No","","","$10,400,000,000","Yes","No","$10,712,810,000"
"912810EK0","Bond","30-Year","08/08/1991","08/15/1991","08/15/2021","","No","","","No","8.125%","","$12,000,000,000","No","No","$12,157,529,000"
"912827B92","Note","10-Year","08/07/1991","08/15/1991","08/15/2001","","No","","","No","7.875%","","$12,000,000,000","No","No","$12,305,287,000"
"912827B84","Note","3-Year","08/06/1991","08/15/1991","08/15/1994","","No","","","No","6.875%","","$14,000,000,000","No","No","$17,069,860,000"
"912794XM1","Bill","13-Week","08/05/1991","08/08/1991","11/07/1991","","No","","","No","","","$10,400,000,000","Yes","No","$10,430,515,000"
"912794XY5","Bill","26-Week","08/05/1991","08/08/1991","02/06/1992","","No","","","No","","","$10,400,000,000","No","No","$10,424,720,000"
"912794XL3","Bill","13-Week","07/29/1991","08/01/1991","10/31/1991","","No","","","No","","","$10,400,000,000","Yes","No","$10,401,075,000"
"912794XX7","Bill","26-Week","07/29/1991","08/01/1991","01/30/1992","","No","","","No","","","$10,400,000,000","No","No","$10,447,350,000"
"912794YW8","Bill","52-Week","07/25/1991","08/01/1991","07/30/1992","","No","","","No","","","$12,500,000,000","No","No","$12,621,875,000"
"912827B76","Note","5-Year","07/24/1991","07/31/1991","07/31/1996","","No","","","No","7.875%","","$9,250,000,000","No","No","$9,780,506,000"
"912827B68","Note","2-Year","07/23/1991","07/31/1991","07/31/1993","","No","","","No","6.875%","","$12,500,000,000","No","No","$13,613,755,000"
"912794WV2","Bill","13-Week","07/22/1991","07/25/1991","10/24/1991","","No","","","No","","","$10,400,000,000","Yes","No","$10,478,040,000"
"912794XW9","Bill","26-Week","07/22/1991","07/25/1991","01/23/1992","","No","","","No","","","$10,400,000,000","No","No","$10,911,810,000"
"912794XK5","Bill","13-Week","07/15/1991","07/18/1991","10/17/1991","","No","","","No","","","$10,400,000,000","Yes","No","$10,457,775,000"
"912794XV1","Bill","26-Week","07/15/1991","07/18/1991","01/16/1992","","No","","","No","","","$10,400,000,000","Yes","No","$11,047,885,000"
"912827B50","Note","7-Year","07/10/1991","07/15/1991","07/15/1998","","No","","","No","8.250%","","$9,000,000,000","No","No","$9,654,580,000"
"912794XJ8","Bill","13-Week","07/08/1991","07/11/1991","10/10/1991","","No","","","No","","","$10,400,000,000","Yes","No","$10,507,080,000"
"912794XU3","Bill","26-Week","07/08/1991","07/11/1991","01/09/1992","","No","","","No","","","$10,400,000,000","No","No","$10,687,685,000"
"912794XH2","Bill","13-Week","07/01/1991","07/05/1991","10/03/1991","","No","","","No","","","$10,400,000,000","Yes","No","$10,498,945,000"
"912794XT6","Bill","26-Week","07/01/1991","07/05/1991","01/02/1992","","No","","","No","","","$10,400,000,000","No","No","$10,700,000,000"
"912794YV0","Bill","52-Week","06/27/1991","07/05/1991","07/02/1992","","No","","","No","","","$12,500,000,000","No","No","$12,660,750,000"
"912827B43","Note","5-Year","06/26/1991","07/01/1991","06/30/1996","","No","","","No","7.875%","","$9,250,000,000","No","No","$9,700,846,000"
"912827B35","Note","2-Year","06/25/1991","07/01/1991","06/30/1993","","No","","","No","7.000%","","$12,500,000,000","No","No","$15,270,945,000"
"912794WU4","Bill","13-Week","06/24/1991","06/27/1991","09/26/1991","","No","","","No","","","$10,200,000,000","Yes","No","$10,223,160,000"
"912794XS8","Bill","26-Week","06/24/1991","06/27/1991","12/26/1991","","No","","","No","","","$10,200,000,000","No","No","$10,436,620,000"
"912794XG4","Bill","13-Week","06/17/1991","06/20/1991","09/19/1991","","No","","","No","","","$10,000,000,000","Yes","No","$10,004,490,000"
"912794WX8","Bill","26-Week","06/17/1991","06/20/1991","12/19/1991","","No","","","No","","","$10,000,000,000","Yes","No","$10,019,530,000"
"912794XF6","Bill","13-Week","06/10/1991","06/13/1991","09/12/1991","","No","","","No","","","$10,000,000,000","Yes","No","$10,096,375,000"
"912794XR0","Bill","26-Week","06/10/1991","06/13/1991","12/12/1991","","No","","","No","","","$10,000,000,000","No","No","$10,248,625,000"
"912794XE9","Bill","13-Week","06/03/1991","06/06/1991","09/05/1991","","No","","","No","","","$10,000,000,000","Yes","No","$10,116,865,000"
"912794XQ2","Bill","26-Week","06/03/1991","06/06/1991","12/05/1991","","No","","","No","","","$10,000,000,000","No","No","$10,512,335,000"
"912794YR9","Bill","52-Week","05/30/1991","06/06/1991","06/04/1992","","No","","","No","","","$12,250,000,000","No","No","$12,270,570,000"
"912794WP5","Bill","17-Day","05/29/1991","06/03/1991","06/20/1991","","Yes","","","No","","","$7,000,000,000","Yes","No","$7,067,500,000"
"912794WT7","Bill","13-Week","05/28/1991","05/30/1991","08/29/1991","","No","","","No","","","$10,000,000,000","Yes","No","$10,007,520,000"
"912794XP4","Bill","26-Week","05/28/1991","05/30/1991","11/29/1991","","No","","","No","","","$10,000,000,000","No","No","$10,035,955,000"
"912827B27","Note","5-Year","05/23/1991","05/31/1991","05/31/1996","","No","","","No","7.625%","","$9,250,000,000","No","No","$9,583,834,000"
"912827A93","Note","2-Year","05/22/1991","05/31/1991","05/31/1993","","No","","","No","6.750%","","$12,250,000,000","No","No","$14,032,320,000"
"912794YK4","Bill","335-Day","05/21/1991","05/24/1991","04/23/1992","","Yes","","","No","","","$16,000,000,000","No","No","$16,014,060,000"
"912794XD1","Bill","13-Week","05/20/1991","05/23/1991","08/22/1991","","No","","","No","","","$9,600,000,000","Yes","No","$9,620,535,000"
"912794WW0","Bill","26-Week","05/20/1991","05/23/1991","11/21/1991","","No","","","No","","","$9,600,000,000","Yes","No","$9,656,620,000"
"912794XC3","Bill","13-Week","05/13/1991","05/16/1991","08/15/1991","","No","","","No","","","$9,200,000,000","Yes","No","$9,223,935,000"
"912794XN9","Bill","26-Week","05/13/1991","05/16/1991","11/14/1991","","No","","","No","","","$9,200,000,000","No","No","$9,232,520,000"
"912810EJ3","Bond","30-Year","05/09/1991","05/15/1991","05/15/2021","","No","","","No","8.125%","","$11,750,000,000","No","No","$11,953,410,000"
"912827A85","Note","10-Year","05/08/1991","05/15/1991","05/15/2001","","No","","","No","8.000%","","$11,750,000,000","No","No","$12,372,350,000"
"912827A77","Note","3-Year","05/07/1991","05/15/1991","05/15/1994","","No","","","No","7.000%","","$13,500,000,000","No","No","$18,074,645,000"
"912794XB5","Bill","13-Week","05/06/1991","05/09/1991","08/08/1991","","No","","","No","","","$8,600,000,000","Yes","No","$8,601,155,000"
"912794XM1","Bill","26-Week","05/06/1991","05/09/1991","11/07/1991","","No","","","No","","","$8,600,000,000","No","No","$8,602,870,000"
"912794YM0","Bill","52-Week","05/02/1991","05/09/1991","05/07/1992","","No","","","No","","","$11,750,000,000","No","No","$11,831,010,000"
"912794WS9","Bill","13-Week","04/29/1991","05/02/1991","08/01/1991","","No","","","No","","","$8,000,000,000","Yes","No","$8,008,200,000"
"912794XL3","Bill","26-Week","04/29/1991","05/02/1991","10/31/1991","","No","","","No","","","$8,000,000,000","No","No","$8,007,620,000"
"912827A69","Note","5-Year","04/25/1991","04/30/1991","04/30/1996","","No","","","No","7.625%","","$9,000,000,000","No","No","$9,472,085,000"
"912827A51","Note","2-Year","04/24/1991","04/30/1991","04/30/1993","","No","","","No","7.000%","","$12,000,000,000","No","No","$13,511,025,000"
"912794XA7","Bill","13-Week","04/22/1991","04/25/1991","07/25/1991","","No","","","No","","","$7,600,000,000","Yes","No","$7,614,680,000"
"912794WV2","Bill","26-Week","04/22/1991","04/25/1991","10/24/1991","","No","","","No","","","$7,600,000,000","Yes","No","$7,618,650,000"
"912794WZ3","Bill","13-Week","04/15/1991","04/18/1991","07/18/1991","","No","","","No","","","$7,200,000,000","Yes","No","$7,213,190,000"
"912794XK5","Bill","26-Week","04/15/1991","04/18/1991","10/17/1991","","No","","","No","","","$7,200,000,000","No","No","$7,201,905,000"
"912827A44","Note","7-Year","04/10/1991","04/15/1991","04/15/1998","","No","","","No","7.875%","","$8,500,000,000","No","No","$8,774,771,000"
"912794WY6","Bill","13-Week","04/08/1991","04/11/1991","07/11/1991","","No","","","No","","","$7,200,000,000","Yes","No","$7,230,295,000"
"912794XJ8","Bill","26-Week","04/08/1991","04/11/1991","10/10/1991","","No","","","No","","","$7,200,000,000","No","No","$7,211,540,000"
"912794YH1","Bill","52-Week","04/04/1991","04/11/1991","04/09/1992","","No","","","No","","","$10,750,000,000","No","No","$10,996,390,000"
"912794WR1","Bill","13-Week","04/01/1991","04/04/1991","07/05/1991","","No","","","No","","","$7,600,000,000","Yes","No","$7,776,340,000"
"912794XH2","Bill","26-Week","04/01/1991","04/04/1991","10/03/1991","","No","","","No","","","$7,600,000,000","No","No","$7,803,310,000"
"912794WE0","Bill","15-Day","03/28/1991","04/03/1991","04/18/1991","","Yes","","","No","","","$13,500,000,000","Yes","No","$13,505,000,000"
"912827A36","Note","5-Year","03/27/1991","04/01/1991","03/31/1996","","No","","","No","7.750%","","$8,500,000,000","No","No","$9,052,270,000"
"912827A28","Note","2-Year","03/26/1991","04/01/1991","03/31/1993","","No","","","No","7.125%","","$11,500,000,000","No","No","$14,341,420,000"
"912794WQ3","Bill","13-Week","03/25/1991","03/28/1991","06/27/1991","","No","","","No","","","$8,000,000,000","Yes","No","$8,075,635,000"
"912794WU4","Bill","26-Week","03/25/1991","03/28/1991","09/26/1991","","No","","","No","","","$8,000,000,000","Yes","No","$8,001,970,000"
"912794WP5","Bill","13-Week","03/18/1991","03/21/1991","06/20/1991","","No","","","No","","","$8,400,000,000","Yes","No","$8,444,900,000"
"912794XG4","Bill","26-Week","03/18/1991","03/21/1991","09/19/1991","","No","","","No","","","$8,400,000,000","No","No","$8,447,910,000"
"912794WN0","Bill","13-Week","03/11/1991","03/14/1991","06/13/1991","","No","","","No","","","$8,600,000,000","Yes","No","$8,613,035,000"
"912794XF6","Bill","26-Week","03/11/1991","03/14/1991","09/12/1991","","No","","","No","","","$8,600,000,000","No","No","$8,724,665,000"
"912794YD0","Bill","52-Week","03/07/1991","03/14/1991","03/12/1992","","No","","","No","","","$10,750,000,000","No","No","$11,208,860,000"
"912794WM2","Bill","13-Week","03/04/1991","03/07/1991","06/06/1991","","No","","","No","","","$8,600,000,000","Yes","No","$8,724,980,000"
"912794XE9","Bill","26-Week","03/04/1991","03/07/1991","09/05/1991","","No","","","No","","","$8,600,000,000","No","No","$8,857,320,000"
"912794WL4","Bill","13-Week","02/25/1991","02/28/1991","05/30/1991","","No","","","No","","","$9,200,000,000","Yes","No","$9,203,630,000"
"912794WT7","Bill","26-Week","02/25/1991","02/28/1991","08/29/1991","","No","","","No","","","$9,200,000,000","Yes","No","$9,213,735,000"
"912827ZZ8","Note","5-Year","02/21/1991","02/28/1991","02/29/1996","","No","","","No","7.500%","","$9,000,000,000","No","No","$9,601,563,000"
"912827ZY1","Note","2-Year","02/20/1991","02/28/1991","02/28/1993","","No","","","No","6.750%","","$12,000,000,000","No","No","$13,687,615,000"
"912794WK6","Bill","13-Week","02/19/1991","02/21/1991","05/23/1991","","No","","","No","","","$9,600,000,000","Yes","No","$9,673,415,000"
"912794XD1","Bill","26-Week","02/19/1991","02/21/1991","08/22/1991","","No","","","No","","","$9,600,000,000","No","No","$9,708,680,000"
"912794XZ2","Bill","52-Week","02/12/1991","02/14/1991","02/13/1992","","No","","","No","","","$11,750,000,000","No","No","$12,528,220,000"
"912794WJ9","Bill","13-Week","02/11/1991","02/14/1991","05/16/1991","","No","","","No","","","$9,600,000,000","Yes","No","$9,789,835,000"
"912794XC3","Bill","26-Week","02/11/1991","02/14/1991","08/15/1991","","No","","","No","","","$9,600,000,000","No","No","$10,266,620,000"
"912810EH7","Bond","30-Year","02/07/1991","02/15/1991","02/15/2021","","No","","","No","7.875%","","$11,000,000,000","No","No","$11,112,019,000"
"912827ZX3","Note","10-Year","02/06/1991","02/15/1991","02/15/2001","","No","","","No","7.750%","","$11,000,000,000","No","No","$11,299,002,000"
"912827ZW5","Note","3-Year","02/05/1991","02/15/1991","02/15/1994","","No","","","No","6.875%","","$12,500,000,000","No","No","$15,503,510,000"
"912794WH3","Bill","13-Week","02/04/1991","02/07/1991","05/09/1991","","No","","","No","","","$10,000,000,000","Yes","No","$10,062,355,000"
"912794XB5","Bill","26-Week","02/04/1991","02/07/1991","08/08/1991","","No","","","No","","","$10,000,000,000","No","No","$10,512,880,000"
"912794WG5","Bill","13-Week","01/28/1991","01/31/1991","05/02/1991","","No","","","No","","","$10,000,000,000","Yes","No","$10,006,425,000"
"912794WS9","Bill","26-Week","01/28/1991","01/31/1991","08/01/1991","","No","","","No","","","$10,000,000,000","Yes","No","$10,029,655,000"
"912827ZV7","Note","5-Year","01/24/1991","01/31/1991","01/31/1996","","No","","","No","7.500%","","$9,000,000,000","No","No","$9,414,869,000"
"912827ZU9","Note","2-Year","01/23/1991","01/31/1991","01/31/1993","","No","","","No","7.000%","","$12,500,000,000","No","No","$14,038,660,000"
"912794WF7","Bill","13-Week","01/22/1991","01/24/1991","04/25/1991","","No","","","No","","","$10,000,000,000","Yes","No","$10,078,505,000"
"912794XA7","Bill","26-Week","01/22/1991","01/24/1991","07/25/1991","","No","","","No","","","$10,000,000,000","No","No","$10,335,995,000"
"912794WE0","Bill","13-Week","01/14/1991","01/17/1991","04/18/1991","","No","","","No","","","$10,000,000,000","Yes","No","$10,024,500,000"
"912794WZ3","Bill","26-Week","01/14/1991","01/17/1991","07/18/1991","","No","","","No","","","$10,000,000,000","No","No","$10,026,950,000"
"912794XV1","Bill","52-Week","01/10/1991","01/17/1991","01/16/1992","","No","","","No","","","$11,750,000,000","No","No","$11,766,660,000"
"912827ZT2","Note","7-Year","01/09/1991","01/15/1991","01/15/1998","","No","","","No","7.875%","","$8,500,000,000","No","No","$9,106,225,000"
"912794WD2","Bill","13-Week","01/07/1991","01/10/1991","04/11/1991","","No","","","No","","","$10,000,000,000","Yes","No","$10,155,040,000"
"912794WY6","Bill","26-Week","01/07/1991","01/10/1991","07/11/1991","","No","","","No","","","$10,000,000,000","No","No","$10,458,800,000"
"912794WC4","Bill","13-Week","12/31/1990","01/03/1991","04/04/1991","","No","","","No","","","$10,000,000,000","Yes","No","$10,019,110,000"
"912794WR1","Bill","26-Week","12/31/1990","01/03/1991","07/05/1991","","No","","","No","","","$10,000,000,000","Yes","No","$10,058,115,000"
"912827ZS4","Note","4-Year","12/27/1990","12/31/1990","12/31/1994","","No","","","No","7.625%","","$8,500,000,000","No","No","$9,650,972,000"
"912827ZR6","Note","2-Year","12/26/1990","12/31/1990","12/31/1992","","No","","","No","7.250%","","$12,500,000,000","No","No","$14,164,520,000"
"912794WB6","Bill","13-Week","12/21/1990","12/27/1990","03/28/1991","","No","","","No","","","$10,000,000,000","Yes","No","$10,007,725,000"
"912794WQ3","Bill","26-Week","12/21/1990","12/27/1990","06/27/1991","","No","","","No","","","$10,000,000,000","No","No","$10,021,025,000"
"912794WA8","Bill","13-Week","12/17/1990","12/20/1990","03/21/1991","","No","","","No","","","$10,000,000,000","Yes","No","$10,105,860,000"
"912794WP5","Bill","26-Week","12/17/1990","12/20/1990","06/20/1991","","No","","","No","","","$10,000,000,000","No","No","$10,496,925,000"
"912794WX8","Bill","52-Week","12/13/1990","12/20/1990","12/19/1991","","No","","","No","","","$11,750,000,000","No","No","$11,778,820,000"
"912794VZ4","Bill","13-Week","12/10/1990","12/13/1990","03/14/1991","","No","","","No","","","$10,000,000,000","Yes","No","$10,098,285,000"
"912794WN0","Bill","26-Week","12/10/1990","12/13/1990","06/13/1991","","No","","","No","","","$10,000,000,000","No","No","$10,036,485,000"
"912794VY7","Bill","13-Week","12/03/1990","12/06/1990","03/07/1991","","No","","","No","","","$10,000,000,000","Yes","No","$10,078,050,000"
"912794WM2","Bill","26-Week","12/03/1990","12/06/1990","06/06/1991","","No","","","No","","","$10,000,000,000","Yes","No","$10,277,390,000"
"912827ZQ8","Note","5-Year 2-Month","11/28/1990","12/03/1990","02/15/1996","","No","","","No","7.875%","","$9,000,000,000","No","No","$9,027,000,000"
"912827ZP0","Note","2-Year","11/27/1990","11/30/1990","11/30/1992","","No","","","No","7.375%","","$12,250,000,000","No","No","$13,781,375,000"
"912794VX9","Bill","13-Week","11/26/1990","11/29/1990","02/28/1991","","No","","","No","","","$10,000,000,000","Yes","No","$10,062,885,000"
"912794WL4","Bill","26-Week","11/26/1990","11/29/1990","05/30/1991","","No","","","No","","","$10,000,000,000","No","No","$10,451,560,000"
"912794VW1","Bill","13-Week","11/19/1990","11/23/1990","02/21/1991","","No","","","No","","","$10,000,000,000","Yes","No","$10,078,575,000"
"912794WK6","Bill","26-Week","11/19/1990","11/23/1990","05/23/1991","","No","","","No","","","$10,000,000,000","No","No","$10,447,475,000"
"912794WW0","Bill","52-Week","11/15/1990","11/23/1990","11/21/1991","","No","","","No","","","$11,750,000,000","No","No","$12,462,250,000"
"912794VV3","Bill","13-Week","11/13/1990","11/15/1990","02/14/1991","","No","","","No","","","$10,000,000,000","Yes","No","$10,282,220,000"
"912794WJ9","Bill","26-Week","11/13/1990","11/15/1990","05/16/1991","","No","","","No","","","$10,000,000,000","No","No","$10,518,490,000"
"912794WF7","Bill","161-Day","11/08/1990","11/15/1990","04/25/1991","","Yes","","","No","","","$12,000,000,000","Yes","No","$12,031,920,000"
"912810EG9","Bond","29-Year 9-Month","11/08/1990","11/15/1990","08/15/2020","","No","","","No","8.750%","","$10,750,000,000","Yes","No","$10,954,473,000"
"912827ZN5","Note","10-Year","11/07/1990","11/15/1990","11/15/2000","","No","","","No","8.500%","","$11,000,000,000","No","No","$11,483,330,000"
"912827ZM7","Note","3-Year","11/06/1990","11/15/1990","11/15/1993","","No","","","No","7.750%","","$12,500,000,000","No","No","$17,126,510,000"
"912794VU5","Bill","13-Week","11/05/1990","11/08/1990","02/07/1991","","No","","","No","","","$9,800,000,000","Yes","No","$9,967,515,000"
"912794WH3","Bill","26-Week","11/05/1990","11/08/1990","05/09/1991","","No","","","No","","","$9,800,000,000","Yes","No","$10,002,410,000"
"912827ZL9","Note","2-Year","10/30/1990","10/31/1990","10/31/1992","","No","","","No","7.750%","","$12,000,000,000","No","No","$13,596,350,000"
"912794VT8","Bill","13-Week","10/29/1990","11/01/1990","01/31/1991","","No","","","No","","","$9,800,000,000","Yes","No","$9,901,275,000"
"912794WG5","Bill","26-Week","10/29/1990","11/01/1990","05/02/1991","","No","","","No","","","$9,800,000,000","No","No","$9,972,610,000"
"912794WV2","Bill","52-Week","10/26/1990","10/26/1990","10/24/1991","","No","","","No","","","$10,000,000,000","No","No","$10,130,190,000"
"912794VS0","Bill","13-Week","10/25/1990","10/25/1990","01/24/1991","","No","","","No","","","$8,600,000,000","Yes","No","$8,631,945,000"
"912794WF7","Bill","26-Week","10/25/1990","10/25/1990","04/25/1991","","No","","","No","","","$8,600,000,000","No","No","$8,631,115,000"
"912794VN1","Bill","69-Day","10/19/1990","10/19/1990","12/27/1990","","Yes","","","No","","","$12,500,000,000","Yes","No","$12,546,000,000"
"912794VR2","Bill","13-Week","10/15/1990","10/18/1990","01/17/1991","","No","","","No","","","$9,400,000,000","Yes","No","$9,737,725,000"
"912794WE0","Bill","26-Week","10/15/1990","10/18/1990","04/18/1991","","No","","","No","","","$9,400,000,000","No","No","$9,960,845,000"
"912827ZK1","Note","7-Year","10/10/1990","10/15/1990","10/15/1997","","No","","","No","8.750%","","$8,500,000,000","No","No","$8,831,239,000"
"912794VQ4","Bill","13-Week","10/09/1990","10/11/1990","01/10/1991","","No","","","No","","","$9,400,000,000","Yes","No","$9,401,030,000"
"912794WD2","Bill","26-Week","10/09/1990","10/11/1990","04/11/1991","","No","","","No","","","$9,400,000,000","Yes","No","$9,403,675,000"
"912794VP6","Bill","13-Week","10/01/1990","10/04/1990","01/03/1991","","No","","","No","","","$9,200,000,000","Yes","No","$9,232,490,000"
"912794WC4","Bill","26-Week","10/01/1990","10/04/1990","04/04/1991","","No","","","No","","","$9,200,000,000","No","No","$9,362,740,000"
"912827ZJ4","Note","4-Year","09/26/1990","10/01/1990","09/30/1994","","No","","","No","8.500%","","$8,250,000,000","No","No","$9,375,152,000"
"912827ZH8","Note","2-Year","09/25/1990","10/01/1990","09/30/1992","","No","","","No","8.125%","","$11,500,000,000","No","No","$13,638,140,000"
"912794VN1","Bill","13-Week","09/24/1990","09/27/1990","12/27/1990","","No","","","No","","","$9,200,000,000","Yes","No","$9,239,630,000"
"912794WB6","Bill","26-Week","09/24/1990","09/27/1990","03/28/1991","","No","","","No","","","$9,200,000,000","No","No","$9,205,195,000"
"912794WU4","Bill","52-Week","09/20/1990","09/27/1990","09/26/1991","","No","","","No","","","$10,500,000,000","No","No","$10,610,235,000"
"912794UT9","Bill","13-Week","09/17/1990","09/20/1990","12/20/1990","","No","","","No","","","$9,200,000,000","Yes","No","$9,292,975,000"
"912794WA8","Bill","26-Week","09/17/1990","09/20/1990","03/21/1991","","No","","","No","","","$9,200,000,000","No","No","$9,232,805,000"
"912794VM3","Bill","13-Week","09/10/1990","09/13/1990","12/13/1990","","No","","","No","","","$9,200,000,000","Yes","No","$9,271,545,000"
"912794VZ4","Bill","26-Week","09/10/1990","09/13/1990","03/14/1991","","No","","","No","","","$9,200,000,000","Yes","No","$9,725,875,000"
"912794VL5","Bill","13-Week","09/04/1990","09/06/1990","12/06/1990","","No","","","No","","","$9,200,000,000","Yes","No","$9,234,340,000"
"912794VY7","Bill","26-Week","09/04/1990","09/06/1990","03/07/1991","","No","","","No","","","$9,200,000,000","No","No","$9,231,195,000"
"912827ZG0","Note","5-Year 2-Month","08/29/1990","09/04/1990","11/15/1995","","No","","","No","8.500%","","$8,500,000,000","No","No","$8,975,716,000"
"912827ZF2","Note","2-Year","08/28/1990","08/31/1990","08/31/1992","","No","","","No","8.125%","","$11,500,000,000","No","No","$13,353,490,000"
"912794VK7","Bill","13-Week","08/27/1990","08/30/1990","11/29/1990","","No","","","No","","","$9,200,000,000","Yes","No","$9,234,630,000"
"912794VX9","Bill","26-Week","08/27/1990","08/30/1990","02/28/1991","","No","","","No","","","$9,200,000,000","No","No","$9,235,815,000"
"912794WT7","Bill","52-Week","08/23/1990","08/30/1990","08/29/1991","","No","","","No","","","$10,500,000,000","No","No","$10,609,670,000"
"912794US1","Bill","13-Week","08/20/1990","08/23/1990","11/23/1990","","No","","","No","","","$9,200,000,000","Yes","No","$9,212,970,000"
"912794VW1","Bill","26-Week","08/20/1990","08/23/1990","02/21/1991","","No","","","No","","","$9,200,000,000","No","No","$9,242,470,000"
"912794VJ0","Bill","13-Week","08/13/1990","08/16/1990","11/15/1990","","No","","","No","","","$9,200,000,000","Yes","No","$9,257,850,000"
"912794VV3","Bill","26-Week","08/13/1990","08/16/1990","02/14/1991","","No","","","No","","","$9,200,000,000","Yes","No","$9,272,190,000"
"912794VC5","Bill","36-Day","08/09/1990","08/15/1990","09/20/1990","","Yes","","","No","","","$10,000,000,000","Yes","No","$10,087,620,000"
"912810EG9","Bond","30-Year","08/09/1990","08/15/1990","08/15/2020","","No","","","No","8.750%","","$10,250,000,000","No","No","$10,456,013,000"
"912827ZE5","Note","10-Year","08/08/1990","08/15/1990","08/15/2000","","No","","","No","8.750%","","$10,500,000,000","No","No","$11,067,824,000"
"912827ZD7","Note","3-Year","08/07/1990","08/15/1990","08/15/1993","","No","","","No","8.000%","","$11,500,000,000","No","No","$15,436,380,000"
"912794VH4","Bill","13-Week","08/06/1990","08/09/1990","11/08/1990","","No","","","No","","","$9,200,000,000","Yes","No","$9,211,630,000"
"912794VU5","Bill","26-Week","08/06/1990","08/09/1990","02/07/1991","","No","","","No","","","$9,200,000,000","No","No","$9,203,870,000"
"912794VC5","Bill","44-Day","08/02/1990","08/07/1990","09/20/1990","","Yes","","","No","","","$4,000,000,000","Yes","No","$4,029,600,000"
"912794VG6","Bill","13-Week","07/30/1990","08/02/1990","11/01/1990","","No","","","No","","","$9,200,000,000","Yes","No","$9,378,500,000"
"912794VT8","Bill","26-Week","07/30/1990","08/02/1990","01/31/1991","","No","","","No","","","$9,200,000,000","No","No","$9,563,915,000"
"912794WS9","Bill","52-Week","07/26/1990","08/02/1990","08/01/1991","","No","","","No","","","$10,500,000,000","No","No","$10,668,445,000"
"912827ZC9","Note","2-Year","07/25/1990","07/31/1990","07/31/1992","","No","","","No","8.000%","","$11,500,000,000","No","No","$13,888,025,000"
"912794UR3","Bill","13-Week","07/23/1990","07/26/1990","10/25/1990","","No","","","No","","","$9,000,000,000","Yes","No","$9,071,225,000"
"912794VS0","Bill","26-Week","07/23/1990","07/26/1990","01/24/1991","","No","","","No","","","$9,000,000,000","No","No","$9,160,800,000"
"912794VF8","Bill","13-Week","07/16/1990","07/19/1990","10/18/1990","","No","","","No","","","$9,000,000,000","Yes","No","$9,158,565,000"
"912794VR2","Bill","26-Week","07/16/1990","07/19/1990","01/17/1991","","No","","","No","","","$9,000,000,000","Yes","No","$9,533,530,000"
"912827ZB1","Note","7-Year","07/11/1990","07/16/1990","07/15/1997","","No","","","No","8.500%","","$8,000,000,000","No","No","$8,371,188,000"
"912794VE1","Bill","13-Week","07/09/1990","07/12/1990","10/11/1990","","No","","","No","","","$9,000,000,000","Yes","No","$9,094,940,000"
"912794VQ4","Bill","26-Week","07/09/1990","07/12/1990","01/10/1991","","No","","","No","","","$9,000,000,000","No","No","$9,240,690,000"
"912794VD3","Bill","13-Week","07/02/1990","07/05/1990","10/04/1990","","No","","","No","","","$8,800,000,000","Yes","No","$8,910,670,000"
"912794VP6","Bill","26-Week","07/02/1990","07/05/1990","01/03/1991","","No","","","No","","","$8,800,000,000","No","No","$9,183,515,000"
"912794WR1","Bill","52-Week","06/28/1990","07/05/1990","07/05/1991","","No","","","No","","","$10,250,000,000","No","No","$10,528,830,000"
"912827ZA3","Note","4-Year","06/27/1990","07/02/1990","06/30/1994","","No","","","No","8.500%","","$8,250,000,000","No","No","$9,155,399,000"
"912827YZ9","Note","2-Year","06/26/1990","07/02/1990","06/30/1992","","No","","","No","8.375%","","$11,250,000,000","No","No","$13,271,510,000"
"912794UQ5","Bill","13-Week","06/25/1990","06/28/1990","09/27/1990","","No","","","No","","","$8,600,000,000","Yes","No","$8,640,020,000"
"912794VN1","Bill","26-Week","06/25/1990","06/28/1990","12/27/1990","","No","","","No","","","$8,600,000,000","No","No","$8,698,975,000"
"912794VC5","Bill","13-Week","06/18/1990","06/21/1990","09/20/1990","","No","","","No","","","$8,600,000,000","Yes","No","$8,620,770,000"
"912794UT9","Bill","26-Week","06/18/1990","06/21/1990","12/20/1990","","No","","","No","","","$8,600,000,000","Yes","No","$8,628,100,000"
"912794VB7","Bill","13-Week","06/11/1990","06/14/1990","09/13/1990","","No","","","No","","","$8,600,000,000","Yes","No","$8,697,770,000"
"912794VM3","Bill","26-Week","06/11/1990","06/14/1990","12/13/1990","","No","","","No","","","$8,600,000,000","No","No","$8,910,270,000"
"912794VA9","Bill","13-Week","06/04/1990","06/07/1990","09/06/1990","","No","","","No","","","$8,600,000,000","Yes","No","$8,640,255,000"
"912794VL5","Bill","26-Week","06/04/1990","06/07/1990","12/06/1990","","No","","","No","","","$8,600,000,000","No","No","$8,606,385,000"
"912794WM2","Bill","52-Week","05/31/1990","06/07/1990","06/06/1991","","No","","","No","","","$10,000,000,000","No","No","$10,638,655,000"
"912794UK8","Bill","20-Day","05/30/1990","06/01/1990","06/21/1990","","Yes","","","No","","","$6,000,000,000","Yes","No","$6,024,360,000"
"912794VC5","Bill","111-Day","05/30/1990","06/01/1990","09/20/1990","","Yes","","","No","","","$6,000,000,000","Yes","No","$6,008,300,000"
"912794UP7","Bill","13-Week","05/29/1990","05/31/1990","08/30/1990","","No","","","No","","","$8,400,000,000","Yes","No","$8,416,530,000"
"912794VK7","Bill","26-Week","05/29/1990","05/31/1990","11/29/1990","","No","","","No","","","$8,400,000,000","No","No","$8,405,795,000"
"912827YY2","Note","5-Year 2-Month","05/24/1990","06/01/1990","08/15/1995","","No","","","No","8.500%","","$8,500,000,000","No","No","$8,842,104,000"
"912827YX4","Note","2-Year","05/23/1990","05/31/1990","05/31/1992","","No","","","No","8.500%","","$10,800,000,000","No","No","$12,311,045,000"
"912794UZ5","Bill","13-Week","05/21/1990","05/24/1990","08/23/1990","","No","","","No","","","$8,400,000,000","Yes","No","$8,401,670,000"
"912794US1","Bill","26-Week","05/21/1990","05/24/1990","11/23/1990","","No","","","No","","","$8,400,000,000","Yes","No","$8,425,335,000"
"912794UY8","Bill","13-Week","05/14/1990","05/17/1990","08/16/1990","","No","","","No","","","$8,400,000,000","Yes","No","$8,422,865,000"
"912794VJ0","Bill","26-Week","05/14/1990","05/17/1990","11/15/1990","","No","","","No","","","$8,400,000,000","No","No","$8,438,000,000"
"912810EF1","Bond","30-Year","05/10/1990","05/15/1990","05/15/2020","","No","","","No","8.750%","","$10,000,000,000","No","No","$10,157,574,000"
"912827YW6","Note","10-Year","05/09/1990","05/15/1990","05/15/2000","","No","","","No","8.875%","","$10,000,000,000","No","No","$10,475,742,000"
"912827YV8","Note","3-Year","05/08/1990","05/15/1990","05/15/1993","","No","","","No","8.625%","","$10,500,000,000","No","No","$13,046,140,000"
"912794UX0","Bill","13-Week","05/07/1990","05/10/1990","08/09/1990","","No","","","No","","","$8,400,000,000","Yes","No","$8,407,585,000"
"912794VH4","Bill","26-Week","05/07/1990","05/10/1990","11/08/1990","","No","","","No","","","$8,400,000,000","No","No","$8,405,090,000"
"912794WH3","Bill","52-Week","05/03/1990","05/10/1990","05/09/1991","","No","","","No","","","$10,000,000,000","No","No","$10,105,740,000"
"912794UN2","Bill","13-Week","04/30/1990","05/03/1990","08/02/1990","","No","","","No","","","$8,400,000,000","Yes","No","$8,442,425,000"
"912794VG6","Bill","26-Week","04/30/1990","05/03/1990","11/01/1990","","No","","","No","","","$8,400,000,000","No","No","$8,401,690,000"
"912827YU0","Note","2-Year","04/25/1990","04/30/1990","04/30/1992","","No","","","No","8.875%","","$10,500,000,000","No","No","$12,693,595,000"
"912794UW2","Bill","13-Week","04/23/1990","04/26/1990","07/26/1990","","No","","","No","","","$8,200,000,000","Yes","No","$8,230,650,000"
"912794UR3","Bill","26-Week","04/23/1990","04/26/1990","10/25/1990","","No","","","No","","","$8,200,000,000","Yes","No","$8,216,450,000"
"912794UV4","Bill","13-Week","04/16/1990","04/19/1990","07/19/1990","","No","","","No","","","$8,200,000,000","Yes","No","$8,218,150,000"
"912794VF8","Bill","26-Week","04/16/1990","04/19/1990","10/18/1990","","No","","","No","","","$8,200,000,000","No","No","$8,214,975,000"
"912827YT3","Note","7-Year","04/11/1990","04/16/1990","04/15/1997","","No","","","No","8.500%","","$7,500,000,000","No","No","$7,842,506,000"
"912794UU6","Bill","13-Week","04/09/1990","04/12/1990","07/12/1990","","No","","","No","","","$8,200,000,000","Yes","No","$8,238,870,000"
"912794VE1","Bill","26-Week","04/09/1990","04/12/1990","10/11/1990","","No","","","No","","","$8,200,000,000","No","No","$8,370,235,000"
"912794WD2","Bill","52-Week","04/05/1990","04/12/1990","04/11/1991","","No","","","No","","","$9,750,000,000","No","No","$9,766,470,000"
"912794UM4","Bill","13-Week","04/02/1990","04/05/1990","07/05/1990","","No","","","No","","","$8,000,000,000","Yes","No","$8,033,950,000"
"912794VD3","Bill","26-Week","04/02/1990","04/05/1990","10/04/1990","","No","","","No","","","$8,000,000,000","No","No","$8,013,000,000"
"912794UA0","Bill","16-Day","03/29/1990","04/03/1990","04/19/1990","","Yes","","","No","","","$13,000,000,000","Yes","No","$13,004,100,000"
"912827YS5","Note","4-Year","03/28/1990","04/02/1990","03/31/1994","","No","","","No","8.500%","","$8,000,000,000","No","No","$9,163,532,000"
"912827YR7","Note","2-Year","03/27/1990","04/02/1990","03/31/1992","","No","","","No","8.500%","","$10,000,000,000","No","No","$12,441,650,000"
"912794UL6","Bill","13-Week","03/26/1990","03/29/1990","06/28/1990","","No","","","No","","","$8,000,000,000","Yes","No","$8,014,175,000"
"912794UQ5","Bill","26-Week","03/26/1990","03/29/1990","09/27/1990","","No","","","No","","","$8,000,000,000","Yes","No","$8,016,505,000"
"912794UK8","Bill","13-Week","03/19/1990","03/22/1990","06/21/1990","","No","","","No","","","$8,000,000,000","Yes","No","$8,053,850,000"
"912794VC5","Bill","26-Week","03/19/1990","03/22/1990","09/20/1990","","No","","","No","","","$8,000,000,000","No","No","$8,035,945,000"
"912794UJ1","Bill","13-Week","03/12/1990","03/15/1990","06/14/1990","","No","","","No","","","$8,000,000,000","Yes","No","$8,003,630,000"
"912794VB7","Bill","26-Week","03/12/1990","03/15/1990","09/13/1990","","No","","","No","","","$8,000,000,000","No","No","$8,077,000,000"
"912794VZ4","Bill","52-Week","03/08/1990","03/15/1990","03/14/1991","","No","","","No","","","$9,750,000,000","No","No","$9,874,320,000"
"912794UH5","Bill","13-Week","03/05/1990","03/08/1990","06/07/1990","","No","","","No","","","$8,000,000,000","Yes","No","$8,005,435,000"
"912794VA9","Bill","26-Week","03/05/1990","03/08/1990","09/06/1990","","No","","","No","","","$8,000,000,000","No","No","$8,026,500,000"
"912794UB8","Bill","52-Day","03/01/1990","03/05/1990","04/26/1990","","Yes","","","No","","","$10,000,000,000","Yes","No","$10,177,380,000"
"912794UG7","Bill","13-Week","02/26/1990","03/01/1990","05/31/1990","","No","","","No","","","$8,000,000,000","Yes","No","$8,011,215,000"
"912794UP7","Bill","26-Week","02/26/1990","03/01/1990","08/30/1990","","No","","","No","","","$8,000,000,000","Yes","No","$8,017,280,000"
"912827YQ9","Note","5-Year 2-Month","02/22/1990","03/01/1990","05/15/1995","","No","","","No","8.500%","","$8,000,000,000","No","No","$8,264,920,000"
"912827YP1","Note","2-Year","02/21/1990","02/28/1990","02/29/1992","","No","","","No","8.500%","","$10,000,000,000","No","No","$11,754,640,000"
"912794UF9","Bill","13-Week","02/20/1990","02/22/1990","05/24/1990","","No","","","No","","","$7,600,000,000","Yes","No","$7,617,400,000"
"912794UZ5","Bill","26-Week","02/20/1990","02/22/1990","08/23/1990","","No","","","No","","","$7,600,000,000","No","No","$7,687,605,000"
"912794VV3","Bill","52-Week","02/13/1990","02/15/1990","02/14/1991","","No","","","No","","","$9,500,000,000","No","No","$9,568,185,000"
"912794UE2","Bill","13-Week","02/12/1990","02/15/1990","05/17/1990","","No","","","No","","","$7,600,000,000","Yes","No","$7,636,535,000"
"912794UY8","Bill","26-Week","02/12/1990","02/15/1990","08/16/1990","","No","","","No","","","$7,600,000,000","No","No","$7,680,410,000"
"912810EE4","Bond","30-Year","02/08/1990","02/15/1990","02/15/2020","","No","","","No","8.500%","","$10,000,000,000","No","No","$10,227,227,000"
"912827YN6","Note","10-Year","02/07/1990","02/15/1990","02/15/2000","","No","","","No","8.500%","","$10,000,000,000","No","No","$10,662,684,000"
"912827YM8","Note","3-Year","02/06/1990","02/15/1990","02/15/1993","","No","","","No","8.375%","","$10,000,000,000","No","No","$14,655,700,000"
"912794UD4","Bill","13-Week","02/05/1990","02/08/1990","05/10/1990","","No","","","No","","","$7,600,000,000","Yes","No","$7,654,770,000"
"912794UX0","Bill","26-Week","02/05/1990","02/08/1990","08/09/1990","","No","","","No","","","$7,600,000,000","No","No","$7,601,900,000"
"912794UC6","Bill","13-Week","01/29/1990","02/01/1990","05/03/1990","","No","","","No","","","$7,600,000,000","Yes","No","$7,669,930,000"
"912794UN2","Bill","26-Week","01/29/1990","02/01/1990","08/02/1990","","No","","","No","","","$7,600,000,000","Yes","No","$7,609,775,000"
"912827YL0","Note","2-Year","01/24/1990","01/31/1990","01/31/1992","","No","","","No","8.125%","","$10,000,000,000","No","No","$11,242,760,000"
"912794UB8","Bill","13-Week","01/22/1990","01/25/1990","04/26/1990","","No","","","No","","","$7,600,000,000","Yes","No","$7,612,895,000"
"912794UW2","Bill","26-Week","01/22/1990","01/25/1990","07/26/1990","","No","","","No","","","$7,600,000,000","No","No","$7,619,585,000"
"912794UA0","Bill","13-Week","01/16/1990","01/18/1990","04/19/1990","","No","","","No","","","$7,600,000,000","Yes","No","$7,610,215,000"
"912794UV4","Bill","26-Week","01/16/1990","01/18/1990","07/19/1990","","No","","","No","","","$7,600,000,000","No","No","$7,610,110,000"
"912794VR2","Bill","52-Week","01/11/1990","01/18/1990","01/17/1991","","No","","","No","","","$9,500,000,000","No","No","$9,514,675,000"
"912827YK2","Note","7-Year","01/10/1990","01/16/1990","01/15/1997","","No","","","No","8.000%","","$7,500,000,000","No","No","$7,843,649,000"
"912794TZ7","Bill","13-Week","01/08/1990","01/11/1990","04/12/1990","","No","","","No","","","$7,800,000,000","Yes","No","$7,807,345,000"
"912794UU6","Bill","26-Week","01/08/1990","01/11/1990","07/12/1990","","No","","","No","","","$7,800,000,000","No","No","$7,806,565,000"
"912794TY0","Bill","13-Week","01/02/1990","01/04/1990","04/05/1990","","No","","","No","","","$7,800,000,000","Yes","No","$7,840,660,000"
"912794UM4","Bill","26-Week","01/02/1990","01/04/1990","07/05/1990","","No","","","No","","","$7,800,000,000","Yes","No","$7,801,710,000"
"912794TX2","Bill","13-Week","12/26/1989","12/28/1989","03/29/1990","","No","","","No","","","$7,800,000,000","Yes","No","$7,800,985,000"
"912794UL6","Bill","26-Week","12/26/1989","12/28/1989","06/28/1990","","No","","","No","","","$7,800,000,000","No","No","$7,820,240,000"
"912827YJ5","Note","4-Year","12/20/1989","01/02/1990","12/31/1993","","No","","","No","7.625%","","$8,000,000,000","No","No","$8,956,506,000"
"912827YH9","Note","2-Year","12/19/1989","01/02/1990","12/31/1991","","No","","","No","7.625%","","$10,000,000,000","No","No","$11,949,075,000"
"912794TW4","Bill","13-Week","12/18/1989","12/21/1989","03/22/1990","","No","","","No","","","$8,000,000,000","Yes","No","$8,016,490,000"
"912794UK8","Bill","26-Week","12/18/1989","12/21/1989","06/21/1990","","No","","","No","","","$8,000,000,000","No","No","$8,010,920,000"
"912794UT9","Bill","52-Week","12/14/1989","12/21/1989","12/20/1990","","No","","","No","","","$9,750,000,000","No","No","$9,798,345,000"
"912794TV6","Bill","13-Week","12/11/1989","12/14/1989","03/15/1990","","No","","","No","","","$8,000,000,000","Yes","No","$8,008,955,000"
"912794UJ1","Bill","26-Week","12/11/1989","12/14/1989","06/14/1990","","No","","","No","","","$8,000,000,000","No","No","$8,004,055,000"
"912794TU8","Bill","13-Week","12/04/1989","12/07/1989","03/08/1990","","No","","","No","","","$8,000,000,000","Yes","No","$8,005,405,000"
"912794UH5","Bill","26-Week","12/04/1989","12/07/1989","06/07/1990","","No","","","No","","","$8,000,000,000","Yes","No","$8,003,300,000"
"912794TH7","Bill","10-Day","11/30/1989","12/04/1989","12/14/1989","","Yes","","","No","","","$7,000,000,000","Yes","No","$7,008,000,000"
"912827YG1","Note","5-Year 2-Month","11/29/1989","12/01/1989","02/15/1995","","No","","","No","7.750%","","$8,000,000,000","No","No","$8,334,594,000"
"912827YF3","Note","2-Year","11/28/1989","11/30/1989","11/30/1991","","No","","","No","7.750%","","$10,000,000,000","No","No","$12,546,950,000"
"912794TT1","Bill","13-Week","11/27/1989","11/30/1989","03/01/1990","","No","","","No","","","$8,000,000,000","Yes","No","$8,000,715,000"
"912794UG7","Bill","26-Week","11/27/1989","11/30/1989","05/31/1990","","No","","","No","","","$8,000,000,000","No","No","$8,004,270,000"
"912794TS3","Bill","13-Week","11/20/1989","11/24/1989","02/22/1990","","No","","","No","","","$8,000,000,000","Yes","No","$8,004,100,000"
"912794UF9","Bill","26-Week","11/20/1989","11/24/1989","05/24/1990","","No","","","No","","","$8,000,000,000","No","No","$8,003,295,000"
"912794US1","Bill","52-Week","11/16/1989","11/24/1989","11/23/1990","","No","","","No","","","$9,750,000,000","No","No","$9,764,790,000"
"912810ED6","Bond","29-Year 9-Month","11/14/1989","11/15/1989","08/15/2019","","No","","","No","8.125%","","$10,000,000,000","Yes","No","$10,260,940,000"
"912794TR5","Bill","13-Week","11/13/1989","11/16/1989","02/15/1990","","No","","","No","","","$8,000,000,000","Yes","No","$8,010,115,000"
"912794UE2","Bill","26-Week","11/13/1989","11/16/1989","05/17/1990","","No","","","No","","","$8,000,000,000","No","No","$8,009,220,000"
"912827YE6","Note","10-Year","11/13/1989","11/15/1989","11/15/1999","","No","","","No","7.875%","","$10,000,000,000","No","No","$10,770,849,000"
"912794SP0","Bill","36-Day","11/10/1989","11/15/1989","12/21/1989","","Yes","","","No","","","$10,000,000,000","Yes","No","$10,049,400,000"
"912827YD8","Note","3-Year","11/09/1989","11/15/1989","11/15/1992","","No","","","No","7.750%","","$10,000,000,000","No","No","$14,297,865,000"
"912794TQ7","Bill","13-Week","11/08/1989","11/09/1989","02/08/1990","","No","","","No","","","$8,000,000,000","Yes","No","$8,027,720,000"
"912794UD4","Bill","26-Week","11/08/1989","11/09/1989","05/10/1990","","No","","","No","","","$8,000,000,000","Yes","No","$8,002,210,000"
"912794SP0","Bill","51-Day","10/30/1989","10/31/1989","12/21/1989","","Yes","","","No","","","$2,000,000,000","Yes","No","$2,005,400,000"
"912794TP9","Bill","13-Week","10/30/1989","10/31/1989","02/01/1990","","No","","","No","","","$7,800,000,000","Yes","No","$7,801,545,000"
"912794UC6","Bill","26-Week","10/30/1989","10/31/1989","05/03/1990","","No","","","No","","","$7,800,000,000","No","No","$7,822,100,000"
"912827YC0","Note","2-Year","10/24/1989","10/31/1989","10/31/1991","","No","","","No","7.625%","","$10,000,000,000","No","No","$12,344,880,000"
"912794TN4","Bill","13-Week","10/23/1989","10/26/1989","01/25/1990","","No","","","No","","","$7,800,000,000","Yes","No","$7,806,005,000"
"912794UB8","Bill","26-Week","10/23/1989","10/26/1989","04/26/1990","","No","","","No","","","$7,800,000,000","No","No","$7,813,445,000"
"912794UR3","Bill","52-Week","10/19/1989","10/26/1989","10/25/1990","","No","","","No","","","$9,750,000,000","No","No","$9,751,255,000"
"912794TM6","Bill","13-Week","10/16/1989","10/19/1989","01/18/1990","","No","","","No","","","$7,600,000,000","Yes","No","$7,600,145,000"
"912794UA0","Bill","26-Week","10/16/1989","10/19/1989","04/19/1990","","No","","","No","","","$7,600,000,000","Yes","No","$7,623,255,000"
"912827YB2","Note","7-Year","10/11/1989","10/16/1989","10/15/1996","","No","","","No","8.000%","","$7,500,000,000","No","No","$7,816,802,000"
"912794TL8","Bill","13-Week","10/10/1989","10/12/1989","01/11/1990","","No","","","No","","","$7,400,000,000","Yes","No","$7,415,220,000"
"912794TZ7","Bill","26-Week","10/10/1989","10/12/1989","04/12/1990","","No","","","No","","","$7,400,000,000","Yes","No","$7,402,315,000"
"912794TK0","Bill","13-Week","10/02/1989","10/05/1989","01/04/1990","","No","","","No","","","$7,400,000,000","Yes","No","$7,407,500,000"
"912794TY0","Bill","26-Week","10/02/1989","10/05/1989","04/05/1990","","No","","","No","","","$7,400,000,000","No","No","$7,400,890,000"
"912827YA4","Note","4-Year","09/27/1989","10/02/1989","09/30/1993","","No","","","No","8.250%","","$7,750,000,000","No","No","$8,722,997,000"
"912827XZ0","Note","2-Year","09/26/1989","10/02/1989","09/30/1991","","No","","","No","8.375%","","$9,750,000,000","No","No","$11,383,665,000"
"912794TJ3","Bill","13-Week","09/25/1989","09/28/1989","12/28/1989","","No","","","No","","","$7,400,000,000","Yes","No","$7,409,365,000"
"912794TX2","Bill","26-Week","09/25/1989","09/28/1989","03/29/1990","","No","","","No","","","$7,400,000,000","No","No","$7,405,230,000"
"912794UQ5","Bill","52-Week","09/21/1989","09/28/1989","09/27/1990","","No","","","No","","","$9,500,000,000","No","No","$9,506,395,000"
"912794SP0","Bill","13-Week","09/18/1989","09/21/1989","12/21/1989","","No","","","No","","","$7,200,000,000","Yes","No","$7,200,380,000"
"912794TW4","Bill","26-Week","09/18/1989","09/21/1989","03/22/1990","","No","","","No","","","$7,200,000,000","No","No","$7,200,660,000"
"912794TH7","Bill","13-Week","09/11/1989","09/14/1989","12/14/1989","","No","","","No","","","$7,200,000,000","Yes","No","$7,220,110,000"
"912794TV6","Bill","26-Week","09/11/1989","09/14/1989","03/15/1990","","No","","","No","","","$7,200,000,000","Yes","No","$7,213,860,000"
"912794TG9","Bill","13-Week","09/05/1989","09/07/1989","12/07/1989","","No","","","No","","","$7,200,000,000","Yes","No","$7,212,505,000"
"912794TU8","Bill","26-Week","09/05/1989","09/07/1989","03/08/1990","","No","","","No","","","$7,200,000,000","No","No","$7,211,600,000"
"912794SX3","Bill","8-Day","08/31/1989","09/06/1989","09/14/1989","","Yes","","","No","","","$4,000,000,000","Yes","No","$4,010,600,000"
"912794TF1","Bill","13-Week","08/28/1989","08/31/1989","11/30/1989","","No","","","No","","","$7,200,000,000","Yes","No","$7,232,805,000"
"912794TT1","Bill","26-Week","08/28/1989","08/31/1989","03/01/1990","","No","","","No","","","$7,200,000,000","No","No","$7,201,410,000"
"912794UP7","Bill","52-Week","08/24/1989","08/31/1989","08/30/1990","","No","","","No","","","$9,250,000,000","No","No","$9,273,830,000"
"912827XY3","Note","5-Year 2-Month","08/23/1989","09/01/1989","11/15/1994","","No","","","No","8.250%","","$7,750,000,000","No","No","$8,249,767,000"
"912827XX5","Note","2-Year","08/22/1989","08/31/1989","08/31/1991","","No","","","No","8.250%","","$9,500,000,000","No","No","$11,043,235,000"
"912794SN5","Bill","13-Week","08/21/1989","08/24/1989","11/24/1989","","No","","","No","","","$7,200,000,000","Yes","No","$7,202,095,000"
"912794TS3","Bill","26-Week","08/21/1989","08/24/1989","02/22/1990","","No","","","No","","","$7,200,000,000","No","No","$7,208,935,000"
"912794TE4","Bill","13-Week","08/14/1989","08/17/1989","11/16/1989","","No","","","No","","","$7,200,000,000","Yes","No","$7,236,770,000"
"912794TR5","Bill","26-Week","08/14/1989","08/17/1989","02/15/1990","","No","","","No","","","$7,200,000,000","Yes","No","$7,207,000,000"
"912794UA0","Bill","247-Day","08/10/1989","08/15/1989","04/19/1990","","Yes","","","No","","","$15,000,000,000","No","No","$15,020,305,000"
"912810ED6","Bond","30-Year","08/10/1989","08/15/1989","08/15/2019","","No","","","No","8.125%","","$9,750,000,000","No","No","$9,952,236,000"
"912827XW7","Note","10-Year","08/09/1989","08/15/1989","08/15/1999","","No","","","No","8.000%","","$9,750,000,000","No","No","$10,163,352,000"
"912827XV9","Note","3-Year","08/08/1989","08/15/1989","08/15/1992","","No","","","No","7.875%","","$10,000,000,000","No","No","$13,487,330,000"
"912794TD6","Bill","13-Week","08/07/1989","08/10/1989","11/09/1989","","No","","","No","","","$6,600,000,000","Yes","No","$6,605,425,000"
"912794TQ7","Bill","26-Week","08/07/1989","08/10/1989","02/08/1990","","No","","","No","","","$6,600,000,000","No","No","$6,601,075,000"
"912794SY1","Bill","45-Day","08/03/1989","08/07/1989","09/21/1989","","Yes","","","No","","","$5,000,000,000","Yes","No","$5,002,060,000"
"912794TC8","Bill","13-Week","07/31/1989","08/03/1989","11/02/1989","","No","","","No","","","$6,400,000,000","Yes","No","$6,403,295,000"
"912794TP9","Bill","26-Week","07/31/1989","08/03/1989","02/01/1990","","No","","","No","","","$6,400,000,000","No","No","$6,403,205,000"
"912794UN2","Bill","52-Week","07/27/1989","08/03/1989","08/02/1990","","No","","","No","","","$9,000,000,000","No","No","$9,036,600,000"
"912827XU1","Note","2-Year","07/26/1989","07/31/1989","07/31/1991","","No","","","No","7.750%","","$9,000,000,000","No","No","$9,793,620,000"
"912794SM7","Bill","13-Week","07/24/1989","07/27/1989","10/26/1989","","No","","","No","","","$6,600,000,000","Yes","No","$6,615,260,000"
"912794TN4","Bill","26-Week","07/24/1989","07/27/1989","01/25/1990","","No","","","No","","","$6,600,000,000","No","No","$6,613,530,000"
"912794TB0","Bill","13-Week","07/17/1989","07/20/1989","10/19/1989","","No","","","No","","","$6,600,000,000","Yes","No","$6,648,465,000"
"912794TM6","Bill","26-Week","07/17/1989","07/20/1989","01/18/1990","","No","","","No","","","$6,600,000,000","Yes","No","$7,004,145,000"
"912827XT4","Note","7-Year","07/12/1989","07/17/1989","07/15/1996","","No","","","No","7.875%","","$7,250,000,000","No","No","$7,724,723,000"
"912794TA2","Bill","13-Week","07/10/1989","07/13/1989","10/12/1989","","No","","","No","","","$6,600,000,000","Yes","No","$6,645,600,000"
"912794TL8","Bill","26-Week","07/10/1989","07/13/1989","01/11/1990","","No","","","No","","","$6,600,000,000","No","No","$6,962,700,000"
"912794SZ8","Bill","13-Week","07/03/1989","07/06/1989","10/05/1989","","No","","","No","","","$6,600,000,000","Yes","No","$6,632,615,000"
"912794TK0","Bill","26-Week","07/03/1989","07/06/1989","01/04/1990","","No","","","No","","","$6,600,000,000","No","No","$6,658,315,000"
"912794UM4","Bill","52-Week","06/29/1989","07/06/1989","07/05/1990","","No","","","No","","","$9,000,000,000","No","No","$9,002,825,000"
"912827XS6","Note","4-Year","06/28/1989","06/30/1989","06/30/1993","","No","","","No","8.125%","","$7,500,000,000","No","No","$8,347,092,000"
"912827XR8","Note","2-Year","06/27/1989","06/30/1989","06/30/1991","","No","","","No","8.250%","","$8,750,000,000","No","No","$10,648,325,000"
"912794SL9","Bill","13-Week","06/26/1989","06/29/1989","09/28/1989","","No","","","No","","","$6,400,000,000","Yes","No","$6,420,020,000"
"912794TJ3","Bill","26-Week","06/26/1989","06/29/1989","12/28/1989","","No","","","No","","","$6,400,000,000","No","No","$6,541,475,000"
"912794SY1","Bill","13-Week","06/19/1989","06/22/1989","09/21/1989","","No","","","No","","","$6,400,000,000","Yes","No","$6,454,425,000"
"912794SP0","Bill","26-Week","06/19/1989","06/22/1989","12/21/1989","","No","","","No","","","$6,400,000,000","Yes","No","$6,673,065,000"
"912794SX3","Bill","13-Week","06/12/1989","06/15/1989","09/14/1989","","No","","","No","","","$6,400,000,000","Yes","No","$6,436,330,000"
"912794TH7","Bill","26-Week","06/12/1989","06/15/1989","12/14/1989","","No","","","No","","","$6,400,000,000","No","No","$6,637,200,000"
"912794SW5","Bill","13-Week","06/05/1989","06/08/1989","09/07/1989","","No","","","No","","","$6,400,000,000","Yes","No","$6,416,310,000"
"912794TG9","Bill","26-Week","06/05/1989","06/08/1989","12/07/1989","","No","","","No","","","$6,400,000,000","No","No","$6,537,560,000"
"912794UH5","Bill","52-Week","06/01/1989","06/08/1989","06/07/1990","","No","","","No","","","$8,500,000,000","No","No","$8,558,980,000"
"912794SK1","Bill","13-Week","05/30/1989","06/01/1989","08/31/1989","","No","","","No","","","$6,400,000,000","Yes","No","$6,407,180,000"
"912794TF1","Bill","26-Week","05/30/1989","06/01/1989","11/30/1989","","No","","","No","","","$6,400,000,000","No","No","$6,403,495,000"
"912827XQ0","Note","5-Year 2-Month","05/25/1989","06/02/1989","08/15/1994","","No","","","No","8.625%","","$7,500,000,000","No","No","$7,806,503,000"
"912827XP2","Note","2-Year","05/24/1989","05/31/1989","05/31/1991","","No","","","No","8.750%","","$8,750,000,000","No","No","$11,123,445,000"
"912794SV7","Bill","13-Week","05/22/1989","05/25/1989","08/24/1989","","No","","","No","","","$6,600,000,000","Yes","No","$6,607,010,000"
"912794SN5","Bill","26-Week","05/22/1989","05/25/1989","11/24/1989","","No","","","No","","","$6,600,000,000","Yes","No","$6,610,220,000"
"912794SU9","Bill","13-Week","05/15/1989","05/18/1989","08/17/1989","","No","","","No","","","$6,600,000,000","Yes","No","$6,798,140,000"
"912794TE4","Bill","26-Week","05/15/1989","05/18/1989","11/16/1989","","No","","","No","","","$6,600,000,000","No","No","$6,903,990,000"
"912810EC8","Bond","29-Year 9-Month","05/11/1989","05/15/1989","02/15/2019","","No","","","No","8.875%","","$9,500,000,000","Yes","No","$9,635,253,000"
"912827XN7","Note","10-Year","05/10/1989","05/15/1989","05/15/1999","","No","","","No","9.125%","","$9,500,000,000","No","No","$10,029,856,000"
"912827XM9","Note","3-Year","05/09/1989","05/15/1989","05/15/1992","","No","","","No","9.000%","","$9,750,000,000","No","No","$12,560,420,000"
"912794ST2","Bill","13-Week","05/08/1989","05/11/1989","08/10/1989","","No","","","No","","","$6,800,000,000","Yes","No","$6,807,595,000"
"912794TD6","Bill","26-Week","05/08/1989","05/11/1989","11/09/1989","","No","","","No","","","$6,800,000,000","No","No","$7,067,975,000"
"912794UD4","Bill","52-Week","05/04/1989","05/11/1989","05/10/1990","","No","","","No","","","$9,000,000,000","No","No","$9,013,275,000"
"912794SJ4","Bill","13-Week","05/01/1989","05/04/1989","08/03/1989","","No","","","No","","","$7,000,000,000","Yes","No","$7,014,355,000"
"912794TC8","Bill","26-Week","05/01/1989","05/04/1989","11/02/1989","","No","","","No","","","$7,000,000,000","No","No","$7,364,080,000"
"912827XL1","Note","2-Year","04/26/1989","05/01/1989","04/30/1991","","No","","","No","9.250%","","$9,250,000,000","No","No","$11,217,335,000"
"912794SS4","Bill","13-Week","04/24/1989","04/27/1989","07/27/1989","","No","","","No","","","$7,200,000,000","Yes","No","$7,240,820,000"
"912794SM7","Bill","26-Week","04/24/1989","04/27/1989","10/26/1989","","No","","","No","","","$7,200,000,000","Yes","No","$7,366,310,000"
"912794SR6","Bill","13-Week","04/17/1989","04/20/1989","07/20/1989","","No","","","No","","","$7,200,000,000","Yes","No","$7,203,175,000"
"912794TB0","Bill","26-Week","04/17/1989","04/20/1989","10/19/1989","","No","","","No","","","$7,200,000,000","No","No","$7,200,615,000"
"912827XK3","Note","7-Year","04/12/1989","04/17/1989","04/15/1996","","No","","","No","9.375%","","$7,000,000,000","No","No","$7,729,773,000"
"912794SQ8","Bill","13-Week","04/10/1989","04/13/1989","07/13/1989","","No","","","No","","","$7,200,000,000","Yes","No","$7,293,180,000"
"912794TA2","Bill","26-Week","04/10/1989","04/13/1989","10/12/1989","","No","","","No","","","$7,200,000,000","No","No","$7,840,475,000"
"912794TZ7","Bill","52-Week","04/06/1989","04/13/1989","04/12/1990","","No","","","No","","","$9,000,000,000","No","No","$9,011,325,000"
"912794SH8","Bill","13-Week","04/03/1989","04/06/1989","07/06/1989","","No","","","No","","","$7,200,000,000","Yes","No","$7,208,645,000"
"912794SZ8","Bill","26-Week","04/03/1989","04/06/1989","10/05/1989","","No","","","No","","","$7,200,000,000","No","No","$7,739,240,000"
"912794RU0","Bill","17-Day","03/30/1989","04/03/1989","04/20/1989","","Yes","","","No","","","$15,000,000,000","Yes","No","$15,506,200,000"
"912827XJ6","Note","4-Year","03/29/1989","03/31/1989","03/31/1993","","No","","","No","9.625%","","$7,500,000,000","No","No","$9,041,765,000"
"912827XH0","Note","2-Year","03/28/1989","03/31/1989","03/31/1991","","No","","","No","9.750%","","$9,250,000,000","No","No","$11,998,755,000"
"912794SG0","Bill","13-Week","03/27/1989","03/30/1989","06/29/1989","","No","","","No","","","$7,200,000,000","Yes","No","$7,220,940,000"
"912794SL9","Bill","26-Week","03/27/1989","03/30/1989","09/28/1989","","No","","","No","","","$7,200,000,000","Yes","No","$7,203,790,000"
"912794SF2","Bill","13-Week","03/20/1989","03/23/1989","06/22/1989","","No","","","No","","","$7,200,000,000","Yes","No","$7,229,925,000"
"912794SY1","Bill","26-Week","03/20/1989","03/23/1989","09/21/1989","","No","","","No","","","$7,200,000,000","No","No","$7,515,100,000"
"912794SE5","Bill","13-Week","03/13/1989","03/16/1989","06/15/1989","","No","","","No","","","$7,200,000,000","Yes","No","$7,288,065,000"
"912794SX3","Bill","26-Week","03/13/1989","03/16/1989","09/14/1989","","No","","","No","","","$7,200,000,000","No","No","$7,677,020,000"
"912794TV6","Bill","52-Week","03/09/1989","03/16/1989","03/15/1990","","No","","","No","","","$9,000,000,000","No","No","$9,007,265,000"
"912794SC9","Bill","13-Week","03/06/1989","03/09/1989","06/08/1989","","No","","","No","","","$7,200,000,000","Yes","No","$7,220,890,000"
"912794SW5","Bill","26-Week","03/06/1989","03/09/1989","09/07/1989","","No","","","No","","","$7,200,000,000","No","No","$7,558,240,000"
"912794SB1","Bill","13-Week","02/27/1989","03/02/1989","06/01/1989","","No","","","No","","","$7,200,000,000","Yes","No","$7,295,080,000"
"912794SK1","Bill","26-Week","02/27/1989","03/02/1989","08/31/1989","","No","","","No","","","$7,200,000,000","Yes","No","$7,453,445,000"
"912827XG2","Note","5-Year 2-Month","02/23/1989","03/03/1989","05/15/1994","","No","","","No","9.500%","","$7,750,000,000","No","No","$8,461,834,000"
"912827XF4","Note","2-Year","02/22/1989","02/28/1989","02/28/1991","","No","","","No","9.375%","","$9,250,000,000","No","No","$10,919,650,000"
"912794SA3","Bill","13-Week","02/21/1989","02/23/1989","05/25/1989","","No","","","No","","","$7,200,000,000","Yes","No","$7,212,650,000"
"912794SV7","Bill","26-Week","02/21/1989","02/23/1989","08/24/1989","","No","","","No","","","$7,200,000,000","No","No","$7,209,050,000"
"912794TR5","Bill","52-Week","02/14/1989","02/16/1989","02/15/1990","","No","","","No","","","$9,000,000,000","No","No","$9,031,770,000"
"912794RZ9","Bill","13-Week","02/13/1989","02/16/1989","05/18/1989","","No","","","No","","","$7,200,000,000","Yes","No","$7,220,405,000"
"912794SU9","Bill","26-Week","02/13/1989","02/16/1989","08/17/1989","","No","","","No","","","$7,200,000,000","No","No","$8,001,295,000"
"912810EC8","Bond","30-Year","02/09/1989","02/15/1989","02/15/2019","","No","","","No","8.875%","","$9,500,000,000","No","No","$9,607,894,000"
"912827XE7","Note","10-Year","02/08/1989","02/15/1989","02/15/1999","","No","","","No","8.875%","","$9,500,000,000","No","No","$9,702,032,000"
"912827XD9","Note","3-Year","02/07/1989","02/15/1989","02/15/1992","","No","","","No","9.125%","","$9,750,000,000","No","No","$11,336,690,000"
"912794RX4","Bill","13-Week","02/06/1989","02/09/1989","05/11/1989","","No","","","No","","","$7,200,000,000","Yes","No","$7,238,545,000"
"912794ST2","Bill","26-Week","02/06/1989","02/09/1989","08/10/1989","","No","","","No","","","$7,200,000,000","No","No","$7,552,090,000"
"912794RW6","Bill","13-Week","01/30/1989","02/02/1989","05/04/1989","","No","","","No","","","$7,200,000,000","Yes","No","$7,213,835,000"
"912794SJ4","Bill","26-Week","01/30/1989","02/02/1989","08/03/1989","","No","","","No","","","$7,200,000,000","Yes","No","$7,286,385,000"
"912827XC1","Note","2-Year","01/25/1989","01/31/1989","01/31/1991","","No","","","No","9.000%","","$9,250,000,000","No","No","$10,937,745,000"
"912794RV8","Bill","13-Week","01/23/1989","01/26/1989","04/27/1989","","No","","","No","","","$7,200,000,000","Yes","No","$7,237,360,000"
"912794SS4","Bill","26-Week","01/23/1989","01/26/1989","07/27/1989","","No","","","No","","","$7,200,000,000","No","No","$7,366,115,000"
"912794RU0","Bill","13-Week","01/17/1989","01/19/1989","04/20/1989","","No","","","No","","","$7,200,000,000","Yes","No","$7,231,930,000"
"912794SR6","Bill","26-Week","01/17/1989","01/19/1989","07/20/1989","","No","","","No","","","$7,200,000,000","No","No","$7,556,400,000"
"912794TM6","Bill","52-Week","01/12/1989","01/19/1989","01/18/1990","","No","","","No","","","$9,000,000,000","No","No","$9,042,130,000"
"912827XB3","Note","7-Year","01/11/1989","01/17/1989","01/15/1996","","No","","","No","9.250%","","$7,000,000,000","No","No","$7,383,292,000"
"912794RS5","Bill","13-Week","01/09/1989","01/12/1989","04/13/1989","","No","","","No","","","$7,200,000,000","Yes","No","$7,251,030,000"
"912794SQ8","Bill","26-Week","01/09/1989","01/12/1989","07/13/1989","","No","","","No","","","$7,200,000,000","No","No","$7,613,990,000"
"912794RR7","Bill","13-Week","01/03/1989","01/05/1989","04/06/1989","","No","","","No","","","$7,200,000,000","Yes","No","$7,232,900,000"
"912794SH8","Bill","26-Week","01/03/1989","01/05/1989","07/06/1989","","No","","","No","","","$7,200,000,000","Yes","No","$7,477,540,000"
"912827XA5","Note","4-Year","12/29/1988","01/03/1989","12/31/1992","","No","","","No","9.125%","","$7,250,000,000","No","No","$8,225,529,000"
"912827WZ1","Note","2-Year","12/28/1988","01/03/1989","12/31/1990","","No","","","No","9.125%","","$9,000,000,000","No","No","$10,894,720,000"
"912794RQ9","Bill","13-Week","12/27/1988","12/29/1988","03/30/1989","","No","","","No","","","$7,200,000,000","Yes","No","$7,233,905,000"
"912794SG0","Bill","26-Week","12/27/1988","12/29/1988","06/29/1989","","No","","","No","","","$7,200,000,000","No","No","$7,321,450,000"
"912794RP1","Bill","13-Week","12/19/1988","12/22/1988","03/23/1989","","No","","","No","","","$7,200,000,000","Yes","No","$7,212,015,000"
"912794SF2","Bill","26-Week","12/19/1988","12/22/1988","06/22/1989","","No","","","No","","","$7,200,000,000","No","No","$7,209,170,000"
"912794SP0","Bill","52-Week","12/15/1988","12/22/1988","12/21/1989","","No","","","No","","","$9,000,000,000","No","No","$9,076,740,000"
"912794RM8","Bill","13-Week","12/12/1988","12/15/1988","03/16/1989","","No","","","No","","","$7,200,000,000","Yes","No","$7,303,685,000"
"912794SE5","Bill","26-Week","12/12/1988","12/15/1988","06/15/1989","","No","","","No","","","$7,200,000,000","No","No","$7,768,325,000"
"912794RL0","Bill","13-Week","12/05/1988","12/08/1988","03/09/1989","","No","","","No","","","$7,200,000,000","Yes","No","$7,336,725,000"
"912794SC9","Bill","26-Week","12/05/1988","12/08/1988","06/08/1989","","No","","","No","","","$7,200,000,000","Yes","No","$7,863,145,000"
"912794RK2","Bill","13-Week","11/28/1988","12/01/1988","03/02/1989","","No","","","No","","","$7,200,000,000","Yes","No","$7,269,310,000"
"912794SB1","Bill","26-Week","11/28/1988","12/01/1988","06/01/1989","","No","","","No","","","$7,200,000,000","No","No","$7,442,595,000"
"912827WY4","Note","5-Year 2-Month","11/23/1988","12/01/1988","02/15/1994","","No","","","No","8.875%","","$7,500,000,000","No","No","$7,764,291,000"
"912827WX6","Note","2-Year","11/22/1988","11/30/1988","11/30/1990","","No","","","No","8.875%","","$9,000,000,000","No","No","$10,492,285,000"
"912794RJ5","Bill","13-Week","11/21/1988","11/25/1988","02/23/1989","","No","","","No","","","$7,200,000,000","Yes","No","$7,292,375,000"
"912794SA3","Bill","26-Week","11/21/1988","11/25/1988","05/25/1989","","No","","","No","","","$7,200,000,000","No","No","$7,614,020,000"
"912794SN5","Bill","52-Week","11/17/1988","11/25/1988","11/24/1989","","No","","","No","","","$9,000,000,000","No","No","$9,103,740,000"
"912810EB0","Bond","30-Year","11/17/1988","11/22/1988","11/15/2018","","No","","","No","9.000%","","$9,000,000,000","No","No","$9,026,148,000"
"912794RG1","Bill","13-Week","11/14/1988","11/17/1988","02/16/1989","","No","","","No","","","$7,200,000,000","Yes","No","$7,244,745,000"
"912794RZ9","Bill","26-Week","11/14/1988","11/17/1988","05/18/1989","","No","","","No","","","$7,200,000,000","No","No","$7,776,600,000"
"912794QD9","Bill","37-Day","11/10/1988","11/15/1988","12/22/1988","","Yes","","","No","","","$11,000,000,000","Yes","No","$11,025,100,000"
"912827WW8","Note","10-Year","11/09/1988","11/15/1988","11/15/1998","","No","","","No","8.875%","","$9,500,000,000","No","No","$9,892,791,000"
"912827WV0","Note","3-Year","11/08/1988","11/15/1988","11/15/1991","","No","","","No","8.500%","","$9,500,000,000","No","No","$11,449,130,000"
"912794RF3","Bill","13-Week","11/07/1988","11/10/1988","02/09/1989","","No","","","No","","","$7,200,000,000","Yes","No","$7,299,360,000"
"912794RX4","Bill","26-Week","11/07/1988","11/10/1988","05/11/1989","","No","","","No","","","$7,200,000,000","Yes","No","$7,512,805,000"
"912794RE6","Bill","13-Week","10/31/1988","11/03/1988","02/02/1989","","No","","","No","","","$7,200,000,000","Yes","No","$7,248,775,000"
"912794RW6","Bill","26-Week","10/31/1988","11/03/1988","05/04/1989","","No","","","No","","","$7,200,000,000","No","No","$7,549,065,000"
"912827WU2","Note","2-Year","10/26/1988","10/31/1988","10/31/1990","","No","","","No","8.250%","","$9,000,000,000","No","No","$10,632,590,000"
"912794RD8","Bill","13-Week","10/24/1988","10/27/1988","01/26/1989","","No","","","No","","","$7,000,000,000","Yes","No","$7,038,630,000"
"912794RV8","Bill","26-Week","10/24/1988","10/27/1988","04/27/1989","","No","","","No","","","$7,000,000,000","No","No","$7,270,090,000"
"912794SM7","Bill","52-Week","10/20/1988","10/27/1988","10/26/1989","","No","","","No","","","$9,000,000,000","No","No","$9,555,315,000"
"912794RB2","Bill","13-Week","10/17/1988","10/20/1988","01/19/1989","","No","","","No","","","$7,000,000,000","Yes","No","$7,120,640,000"
"912794RU0","Bill","26-Week","10/17/1988","10/20/1988","04/20/1989","","No","","","No","","","$7,000,000,000","Yes","No","$7,378,700,000"
"912827WT5","Note","7-Year","10/12/1988","10/17/1988","10/15/1995","","No","","","No","8.625%","","$6,750,000,000","No","No","$7,179,842,000"
"912794RA4","Bill","13-Week","10/11/1988","10/13/1988","01/12/1989","","No","","","No","","","$7,000,000,000","Yes","No","$7,034,885,000"
"912794RS5","Bill","26-Week","10/11/1988","10/13/1988","04/13/1989","","No","","","No","","","$7,000,000,000","Yes","No","$7,405,595,000"
"912794QZ0","Bill","13-Week","10/03/1988","10/06/1988","01/05/1989","","No","","","No","","","$7,000,000,000","Yes","No","$7,082,590,000"
"912794RR7","Bill","26-Week","10/03/1988","10/06/1988","04/06/1989","","No","","","No","","","$7,000,000,000","No","No","$7,783,645,000"
"912827WS7","Note","4-Year","09/28/1988","09/30/1988","09/30/1992","","No","","","No","8.750%","","$7,000,000,000","No","No","$7,945,265,000"
"912827WR9","Note","2-Year","09/27/1988","09/30/1988","09/30/1990","","No","","","No","8.500%","","$8,750,000,000","No","No","$10,668,335,000"
"912794QY3","Bill","13-Week","09/26/1988","09/29/1988","12/29/1988","","No","","","No","","","$7,000,000,000","Yes","No","$7,019,185,000"
"912794RQ9","Bill","26-Week","09/26/1988","09/29/1988","03/30/1989","","No","","","No","","","$7,000,000,000","No","No","$7,004,100,000"
"912794SL9","Bill","52-Week","09/22/1988","09/29/1988","09/28/1989","","No","","","No","","","$9,000,000,000","No","No","$9,401,105,000"
"912794QD9","Bill","13-Week","09/19/1988","09/22/1988","12/22/1988","","No","","","No","","","$7,000,000,000","Yes","No","$7,046,520,000"
"912794RP1","Bill","26-Week","09/19/1988","09/22/1988","03/23/1989","","No","","","No","","","$7,000,000,000","No","No","$7,007,345,000"
"912794QX5","Bill","13-Week","09/12/1988","09/15/1988","12/15/1988","","No","","","No","","","$7,000,000,000","Yes","No","$7,080,710,000"
"912794RM8","Bill","26-Week","09/12/1988","09/15/1988","03/16/1989","","No","","","No","","","$7,000,000,000","Yes","No","$7,527,785,000"
"912794QW7","Bill","13-Week","09/06/1988","09/08/1988","12/08/1988","","No","","","No","","","$7,000,000,000","Yes","No","$7,094,840,000"
"912794RL0","Bill","26-Week","09/06/1988","09/08/1988","03/09/1989","","No","","","No","","","$7,000,000,000","No","No","$7,578,645,000"
"912794QN7","Bill","20-Day","08/30/1988","09/02/1988","09/22/1988","","Yes","","","No","","","$10,000,000,000","Yes","No","$10,052,090,000"
"912794QV9","Bill","13-Week","08/29/1988","09/01/1988","12/01/1988","","No","","","No","","","$7,000,000,000","Yes","No","$7,033,790,000"
"912794RK2","Bill","26-Week","08/29/1988","09/01/1988","03/02/1989","","No","","","No","","","$7,000,000,000","No","No","$7,315,095,000"
"912794SK1","Bill","52-Week","08/25/1988","09/01/1988","08/31/1989","","No","","","No","","","$9,000,000,000","No","No","$9,183,550,000"
"912827WQ1","Note","5-Year 2-Month","08/24/1988","09/01/1988","11/15/1993","","No","","","No","9.000%","","$7,250,000,000","No","No","$7,448,146,000"
"912827WP3","Note","2-Year","08/23/1988","08/31/1988","08/31/1990","","No","","","No","8.625%","","$8,750,000,000","No","No","$10,462,120,000"
"912794QC1","Bill","13-Week","08/22/1988","08/25/1988","11/25/1988","","No","","","No","","","$7,000,000,000","Yes","No","$7,012,705,000"
"912794RJ5","Bill","26-Week","08/22/1988","08/25/1988","02/23/1989","","No","","","No","","","$7,000,000,000","No","No","$7,358,860,000"
"912794QU1","Bill","13-Week","08/15/1988","08/18/1988","11/17/1988","","No","","","No","","","$6,800,000,000","Yes","No","$6,847,870,000"
"912794RG1","Bill","26-Week","08/15/1988","08/18/1988","02/16/1989","","No","","","No","","","$6,800,000,000","Yes","No","$7,336,755,000"
"912794RU0","Bill","248-Day","08/11/1988","08/15/1988","04/20/1989","","Yes","","","No","","","$7,000,000,000","No","No","$7,021,130,000"
"912827WN8","Note","10-Year","08/10/1988","08/15/1988","08/15/1998","","No","","","No","9.250%","","$11,000,000,000","No","No","$11,325,653,000"
"912827WM0","Note","3-Year","08/09/1988","08/15/1988","08/15/1991","","No","","","No","8.750%","","$11,000,000,000","No","No","$13,362,095,000"
"912794QT4","Bill","13-Week","08/08/1988","08/11/1988","11/10/1988","","No","","","No","","","$6,800,000,000","Yes","No","$6,842,130,000"
"912794RF3","Bill","26-Week","08/08/1988","08/11/1988","02/09/1989","","No","","","No","","","$6,800,000,000","No","No","$7,266,045,000"
"912794QS6","Bill","13-Week","08/01/1988","08/04/1988","11/03/1988","","No","","","No","","","$6,800,000,000","Yes","No","$6,860,370,000"
"912794RE6","Bill","26-Week","08/01/1988","08/04/1988","02/02/1989","","No","","","No","","","$6,800,000,000","No","No","$7,334,310,000"
"912794SJ4","Bill","52-Week","07/28/1988","08/04/1988","08/03/1989","","No","","","No","","","$9,000,000,000","No","No","$9,265,550,000"
"912827WL2","Note","2-Year","07/27/1988","08/01/1988","07/31/1990","","No","","","No","8.375%","","$8,750,000,000","No","No","$10,864,700,000"
"912794QB3","Bill","13-Week","07/25/1988","07/28/1988","10/27/1988","","No","","","No","","","$6,600,000,000","Yes","No","$6,668,415,000"
"912794RD8","Bill","26-Week","07/25/1988","07/28/1988","01/26/1989","","No","","","No","","","$6,600,000,000","No","No","$7,253,870,000"
"912794QR8","Bill","13-Week","07/18/1988","07/21/1988","10/20/1988","","No","","","No","","","$6,600,000,000","Yes","No","$6,671,440,000"
"912794RB2","Bill","26-Week","07/18/1988","07/21/1988","01/19/1989","","No","","","No","","","$6,600,000,000","Yes","No","$6,626,935,000"
"912827WK4","Note","7-Year","07/12/1988","07/15/1988","07/15/1995","","No","","","No","8.875%","","$6,500,000,000","No","No","$6,791,608,000"
"912794QQ0","Bill","13-Week","07/11/1988","07/14/1988","10/13/1988","","No","","","No","","","$6,600,000,000","Yes","No","$6,628,835,000"
"912794RA4","Bill","26-Week","07/11/1988","07/14/1988","01/12/1989","","No","","","No","","","$6,600,000,000","No","No","$6,977,970,000"
"912794QP2","Bill","13-Week","07/05/1988","07/07/1988","10/06/1988","","No","","","No","","","$6,600,000,000","Yes","No","$6,736,425,000"
"912794QZ0","Bill","26-Week","07/05/1988","07/07/1988","01/05/1989","","No","","","No","","","$6,600,000,000","No","No","$7,404,775,000"
"912794SH8","Bill","52-Week","06/30/1988","07/07/1988","07/06/1989","","No","","","No","","","$9,000,000,000","No","No","$9,212,995,000"
"912794QA5","Bill","13-Week","06/27/1988","06/30/1988","09/29/1988","","No","","","No","","","$6,400,000,000","Yes","No","$6,441,215,000"
"912794QY3","Bill","26-Week","06/27/1988","06/30/1988","12/29/1988","","No","","","No","","","$6,400,000,000","No","No","$6,739,695,000"
"912827WJ7","Note","4-Year","06/23/1988","06/30/1988","06/30/1992","","No","","","No","8.250%","","$6,750,000,000","No","No","$7,658,026,000"
"912827WH1","Note","2-Year","06/22/1988","06/30/1988","06/30/1990","","No","","","No","8.000%","","$8,500,000,000","No","No","$10,980,110,000"
"912794QN7","Bill","13-Week","06/20/1988","06/23/1988","09/22/1988","","No","","","No","","","$6,400,000,000","Yes","No","$6,447,100,000"
"912794QD9","Bill","26-Week","06/20/1988","06/23/1988","12/22/1988","","No","","","No","","","$6,400,000,000","Yes","No","$6,679,715,000"
"912794QM9","Bill","13-Week","06/13/1988","06/16/1988","09/15/1988","","No","","","No","","","$6,400,000,000","Yes","No","$6,459,220,000"
"912794QX5","Bill","26-Week","06/13/1988","06/16/1988","12/15/1988","","No","","","No","","","$6,400,000,000","No","No","$6,603,290,000"
"912794QL1","Bill","13-Week","06/06/1988","06/09/1988","09/08/1988","","No","","","No","","","$6,400,000,000","Yes","No","$6,436,365,000"
"912794QW7","Bill","26-Week","06/06/1988","06/09/1988","12/08/1988","","No","","","No","","","$6,400,000,000","No","No","$6,411,425,000"
"912794SC9","Bill","52-Week","06/02/1988","06/09/1988","06/08/1989","","No","","","No","","","$8,750,000,000","No","No","$8,776,265,000"
"912794PU2","Bill","9-Day","06/01/1988","06/07/1988","06/16/1988","","Yes","","","No","","","$4,000,000,000","Yes","No","$4,004,600,000"
"912794PZ1","Bill","13-Week","05/31/1988","06/02/1988","09/01/1988","","No","","","No","","","$6,400,000,000","Yes","No","$6,507,885,000"
"912794QV9","Bill","26-Week","05/31/1988","06/02/1988","12/01/1988","","No","","","No","","","$6,400,000,000","No","No","$7,240,140,000"
"912827WG3","Note","5-Year 2-Month","05/26/1988","06/01/1988","08/15/1993","","No","","","No","8.750%","","$7,000,000,000","No","No","$7,335,609,000"
"912827WF5","Note","2-Year","05/25/1988","05/31/1988","05/31/1990","","No","","","No","8.125%","","$8,250,000,000","No","No","$9,574,305,000"
"912794QK3","Bill","13-Week","05/23/1988","05/26/1988","08/25/1988","","No","","","No","","","$6,400,000,000","Yes","No","$6,419,845,000"
"912794QC1","Bill","26-Week","05/23/1988","05/26/1988","11/25/1988","","No","","","No","","","$6,400,000,000","Yes","No","$6,425,245,000"
"912794QJ6","Bill","13-Week","05/16/1988","05/19/1988","08/18/1988","","No","","","No","","","$6,400,000,000","Yes","No","$6,444,610,000"
"912794QU1","Bill","26-Week","05/16/1988","05/19/1988","11/17/1988","","No","","","No","","","$6,400,000,000","No","No","$6,873,445,000"
"912810EA2","Bond","30-Year","05/12/1988","05/16/1988","05/15/2018","","No","","","No","9.125%","","$8,500,000,000","No","No","$8,704,899,000"
"912827WE8","Note","10-Year","05/11/1988","05/16/1988","05/15/1998","","No","","","No","9.000%","","$8,750,000,000","No","No","$9,151,314,000"
"912827TJ1","Note","3-Year","05/10/1988","05/16/1988","05/15/1991","","No","","","No","8.125%","","$8,750,000,000","Yes","No","$12,688,310,000"
"912794QH0","Bill","13-Week","05/09/1988","05/12/1988","08/11/1988","","No","","","No","","","$6,400,000,000","Yes","No","$6,408,110,000"
"912794QT4","Bill","26-Week","05/09/1988","05/12/1988","11/10/1988","","No","","","No","","","$6,400,000,000","No","No","$6,402,085,000"
"912794RX4","Bill","52-Week","05/05/1988","05/12/1988","05/11/1989","","No","","","No","","","$8,750,000,000","No","No","$8,765,785,000"
"912794PY4","Bill","13-Week","05/02/1988","05/05/1988","08/04/1988","","No","","","No","","","$6,400,000,000","Yes","No","$6,449,640,000"
"912794QS6","Bill","26-Week","05/02/1988","05/05/1988","11/03/1988","","No","","","No","","","$6,400,000,000","No","No","$6,896,855,000"
"912827WC2","Note","2-Year","04/27/1988","05/02/1988","04/30/1990","","No","","","No","7.625%","","$8,500,000,000","No","No","$11,195,170,000"
"912794QG2","Bill","13-Week","04/25/1988","04/28/1988","07/28/1988","","No","","","No","","","$6,400,000,000","Yes","No","$6,406,360,000"
"912794QB3","Bill","26-Week","04/25/1988","04/28/1988","10/27/1988","","No","","","No","","","$6,400,000,000","Yes","No","$6,411,680,000"
"912794QF4","Bill","13-Week","04/18/1988","04/21/1988","07/21/1988","","No","","","No","","","$6,400,000,000","Yes","No","$6,401,940,000"
"912794QR8","Bill","26-Week","04/18/1988","04/21/1988","10/20/1988","","No","","","No","","","$6,400,000,000","No","No","$6,409,045,000"
"912827WB4","Note","7-Year","04/12/1988","04/15/1988","04/15/1995","","No","","","No","8.375%","","$6,250,000,000","No","No","$7,010,891,000"
"912794QE7","Bill","13-Week","04/11/1988","04/14/1988","07/14/1988","","No","","","No","","","$6,400,000,000","Yes","No","$6,425,790,000"
"912794QQ0","Bill","26-Week","04/11/1988","04/14/1988","10/13/1988","","No","","","No","","","$6,400,000,000","No","No","$6,564,020,000"
"912794RS5","Bill","52-Week","04/07/1988","04/14/1988","04/13/1989","","No","","","No","","","$8,750,000,000","No","No","$9,045,050,000"
"912794PX6","Bill","13-Week","04/04/1988","04/07/1988","07/07/1988","","No","","","No","","","$6,400,000,000","Yes","No","$6,447,035,000"
"912794QP2","Bill","26-Week","04/04/1988","04/07/1988","10/06/1988","","No","","","No","","","$6,400,000,000","No","No","$7,073,120,000"
"912794PL2","Bill","17-Day","03/30/1988","04/04/1988","04/21/1988","","Yes","","","No","","","$9,000,000,000","Yes","No","$9,022,430,000"
"912794PW8","Bill","13-Week","03/28/1988","03/31/1988","06/30/1988","","No","","","No","","","$6,400,000,000","Yes","No","$6,402,315,000"
"912794QA5","Bill","26-Week","03/28/1988","03/31/1988","09/29/1988","","No","","","No","","","$6,400,000,000","Yes","No","$6,411,860,000"
"912794PL2","Bill","22-Day","03/25/1988","03/30/1988","04/21/1988","","Yes","","","No","","","$4,000,000,000","Yes","No","$4,055,000,000"
"912827WA6","Note","4-Year","03/24/1988","03/31/1988","03/31/1992","","No","","","No","7.875%","","$6,500,000,000","No","No","$8,110,461,000"
"912827VZ2","Note","2-Year","03/23/1988","03/31/1988","03/31/1990","","No","","","No","7.375%","","$8,500,000,000","No","No","$11,269,840,000"
"912794PV0","Bill","13-Week","03/21/1988","03/24/1988","06/23/1988","","No","","","No","","","$6,400,000,000","Yes","No","$6,416,575,000"
"912794QN7","Bill","26-Week","03/21/1988","03/24/1988","09/22/1988","","No","","","No","","","$6,400,000,000","No","No","$6,402,840,000"
"912794PU2","Bill","13-Week","03/14/1988","03/17/1988","06/16/1988","","No","","","No","","","$6,400,000,000","Yes","No","$6,552,255,000"
"912794QM9","Bill","26-Week","03/14/1988","03/17/1988","09/15/1988","","No","","","No","","","$6,400,000,000","No","No","$6,868,590,000"
"912794RM8","Bill","52-Week","03/10/1988","03/17/1988","03/16/1989","","No","","","No","","","$9,000,000,000","No","No","$9,181,660,000"
"912794PT5","Bill","13-Week","03/07/1988","03/10/1988","06/09/1988","","No","","","No","","","$6,400,000,000","Yes","No","$6,535,690,000"
"912794QL1","Bill","26-Week","03/07/1988","03/10/1988","09/08/1988","","No","","","No","","","$6,400,000,000","No","No","$7,235,740,000"
"912794PS7","Bill","13-Week","02/29/1988","03/03/1988","06/02/1988","","No","","","No","","","$6,400,000,000","Yes","No","$6,446,220,000"
"912794PZ1","Bill","26-Week","02/29/1988","03/03/1988","09/01/1988","","No","","","No","","","$6,400,000,000","Yes","No","$7,105,185,000"
"912827VY5","Note","5-Year 2-Month","02/25/1988","03/03/1988","05/15/1993","","No","","","No","7.625%","","$7,250,000,000","No","No","$8,081,940,000"
"912827VX7","Note","2-Year","02/24/1988","02/29/1988","02/28/1990","","No","","","No","7.125%","","$8,750,000,000","No","No","$10,701,665,000"
"912794PR9","Bill","13-Week","02/22/1988","02/25/1988","05/26/1988","","No","","","No","","","$6,400,000,000","Yes","No","$6,413,540,000"
"912794QK3","Bill","26-Week","02/22/1988","02/25/1988","08/25/1988","","No","","","No","","","$6,400,000,000","No","No","$6,405,070,000"
"912794PQ1","Bill","13-Week","02/16/1988","02/18/1988","05/19/1988","","No","","","No","","","$6,400,000,000","Yes","No","$6,611,595,000"
"912794QJ6","Bill","26-Week","02/16/1988","02/18/1988","08/18/1988","","No","","","No","","","$6,400,000,000","No","No","$7,113,620,000"
"912794RG1","Bill","52-Week","02/11/1988","02/18/1988","02/16/1989","","No","","","No","","","$9,250,000,000","No","No","$9,868,070,000"
"912794PP3","Bill","13-Week","02/08/1988","02/11/1988","05/12/1988","","No","","","No","","","$6,400,000,000","Yes","No","$6,637,730,000"
"912794QH0","Bill","26-Week","02/08/1988","02/11/1988","08/11/1988","","No","","","No","","","$6,400,000,000","No","No","$7,067,760,000"
"912810DY1","Bond","29-Year 3-Month","02/04/1988","02/16/1988","05/15/2017","","No","","","No","8.750%","","$8,750,000,000","Yes","No","$8,839,037,000"
"912827VW9","Note","10-Year","02/03/1988","02/16/1988","02/15/1998","","No","","","No","8.125%","","$9,000,000,000","No","No","$9,151,520,000"
"912827VV1","Note","3-Year","02/02/1988","02/16/1988","02/15/1991","","No","","","No","7.375%","","$9,250,000,000","No","No","$11,533,255,000"
"912794PN8","Bill","13-Week","02/01/1988","02/04/1988","05/05/1988","","No","","","No","","","$6,400,000,000","Yes","No","$6,445,450,000"
"912794PY4","Bill","26-Week","02/01/1988","02/04/1988","08/04/1988","","No","","","No","","","$6,400,000,000","Yes","No","$6,669,990,000"
"912827VU3","Note","2-Year","01/27/1988","02/01/1988","01/31/1990","","No","","","No","7.375%","","$8,750,000,000","No","No","$10,666,625,000"
"912794PM0","Bill","13-Week","01/25/1988","01/28/1988","04/28/1988","","No","","","No","","","$6,400,000,000","Yes","No","$6,498,150,000"
"912794QG2","Bill","26-Week","01/25/1988","01/28/1988","07/28/1988","","No","","","No","","","$6,400,000,000","No","No","$6,516,065,000"
"912794PL2","Bill","13-Week","01/19/1988","01/21/1988","04/21/1988","","No","","","No","","","$6,400,000,000","Yes","No","$7,361,720,000"
"912794QF4","Bill","26-Week","01/19/1988","01/21/1988","07/21/1988","","No","","","No","","","$6,400,000,000","No","No","$8,021,230,000"
"912794RB2","Bill","52-Week","01/14/1988","01/21/1988","01/19/1989","","No","","","No","","","$9,250,000,000","No","No","$9,404,530,000"
"912794PK4","Bill","13-Week","01/11/1988","01/14/1988","04/14/1988","","No","","","No","","","$6,400,000,000","Yes","No","$6,506,200,000"
"912794QE7","Bill","26-Week","01/11/1988","01/14/1988","07/14/1988","","No","","","No","","","$6,400,000,000","No","No","$7,072,250,000"
"912827VT6","Note","7-Year","01/06/1988","01/15/1988","01/15/1995","","No","","","No","8.625%","","$6,500,000,000","No","No","$7,317,597,000"
"912794PJ7","Bill","13-Week","01/04/1988","01/07/1988","04/07/1988","","No","","","No","","","$6,400,000,000","Yes","No","$6,409,430,000"
"912794PX6","Bill","26-Week","01/04/1988","01/07/1988","07/07/1988","","No","","","No","","","$6,400,000,000","Yes","No","$6,678,045,000"
"912794PH1","Bill","13-Week","12/28/1987","12/31/1987","03/31/1988","","No","","","No","","","$6,400,000,000","Yes","No","$6,403,270,000"
"912794PW8","Bill","26-Week","12/28/1987","12/31/1987","06/30/1988","","No","","","No","","","$6,400,000,000","No","No","$6,401,310,000"
"912827VS8","Note","4-Year","12/23/1987","12/31/1987","12/31/1991","","No","","","No","8.250%","","$7,000,000,000","No","No","$8,051,750,000"
"912827VR0","Note","2-Year","12/22/1987","12/31/1987","12/31/1989","","No","","","No","7.875%","","$9,250,000,000","No","No","$10,551,315,000"
"912794PG3","Bill","13-Week","12/21/1987","12/24/1987","03/24/1988","","No","","","No","","","$6,400,000,000","Yes","No","$6,420,305,000"
"912794PV0","Bill","26-Week","12/21/1987","12/24/1987","06/23/1988","","No","","","No","","","$6,400,000,000","No","No","$6,547,160,000"
"912794QD9","Bill","52-Week","12/17/1987","12/24/1987","12/22/1988","","No","","","No","","","$9,250,000,000","No","No","$9,252,210,000"
"912794PF5","Bill","13-Week","12/14/1987","12/17/1987","03/17/1988","","No","","","No","","","$6,400,000,000","Yes","No","$6,415,485,000"
"912794PU2","Bill","26-Week","12/14/1987","12/17/1987","06/16/1988","","No","","","No","","","$6,400,000,000","No","No","$6,816,555,000"
"912794PE8","Bill","13-Week","12/07/1987","12/10/1987","03/10/1988","","No","","","No","","","$6,400,000,000","Yes","No","$6,492,955,000"
"912794PT5","Bill","26-Week","12/07/1987","12/10/1987","06/09/1988","","No","","","No","","","$6,400,000,000","Yes","No","$6,773,335,000"
"912794PD0","Bill","13-Week","11/30/1987","12/03/1987","03/03/1988","","No","","","No","","","$6,400,000,000","Yes","No","$6,523,090,000"
"912794PS7","Bill","26-Week","11/30/1987","12/03/1987","06/02/1988","","No","","","No","","","$6,400,000,000","No","No","$7,089,735,000"
"912827VQ2","Note","5-Year 2-Month","11/24/1987","12/01/1987","02/15/1993","","No","","","No","8.250%","","$7,500,000,000","No","No","$8,235,335,000"
"912794PC2","Bill","13-Week","11/23/1987","11/27/1987","02/25/1988","","No","","","No","","","$6,400,000,000","Yes","No","$6,451,495,000"
"912794PR9","Bill","26-Week","11/23/1987","11/27/1987","05/26/1988","","No","","","No","","","$6,400,000,000","No","No","$6,590,735,000"
"912794QC1","Bill","52-Week","11/19/1987","11/27/1987","11/25/1988","","No","","","No","","","$9,250,000,000","No","No","$9,360,025,000"
"912827VP4","Note","2-Year","11/18/1987","11/30/1987","11/30/1989","","No","","","No","7.750%","","$9,250,000,000","No","No","$10,587,055,000"
"912794PB4","Bill","13-Week","11/16/1987","11/19/1987","02/18/1988","","No","","","No","","","$6,400,000,000","Yes","No","$6,528,305,000"
"912794PQ1","Bill","26-Week","11/16/1987","11/19/1987","05/19/1988","","No","","","No","","","$6,400,000,000","No","No","$7,162,345,000"
"912794PA6","Bill","13-Week","11/09/1987","11/12/1987","02/11/1988","","No","","","No","","","$6,400,000,000","Yes","No","$6,656,570,000"
"912794PP3","Bill","26-Week","11/09/1987","11/12/1987","05/12/1988","","No","","","No","","","$6,400,000,000","Yes","No","$7,305,090,000"
"912810DZ8","Bond","29-Year 9-Month","11/05/1987","11/16/1987","08/15/2017","","No","","","No","8.875%","","$4,750,000,000","Yes","No","$4,927,902,000"
"912827VN9","Note","10-Year","11/04/1987","11/16/1987","11/15/1997","","No","","","No","8.875%","","$9,250,000,000","No","No","$9,800,330,000"
"912827VM1","Note","3-Year","11/03/1987","11/16/1987","11/15/1990","","No","","","No","8.000%","","$9,750,000,000","No","No","$13,344,885,000"
"912794NZ3","Bill","13-Week","11/02/1987","11/05/1987","02/04/1988","","No","","","No","","","$6,400,000,000","Yes","No","$6,435,295,000"
"912794PN8","Bill","26-Week","11/02/1987","11/05/1987","05/05/1988","","No","","","No","","","$6,400,000,000","No","No","$6,711,000,000"
"912794NY6","Bill","13-Week","10/26/1987","10/29/1987","01/28/1988","","No","","","No","","","$6,400,000,000","Yes","No","$6,406,720,000"
"912794PM0","Bill","26-Week","10/26/1987","10/29/1987","04/28/1988","","No","","","No","","","$6,400,000,000","No","No","$6,405,440,000"
"912794QB3","Bill","52-Week","10/22/1987","10/29/1987","10/27/1988","","No","","","No","","","$9,250,000,000","No","No","$9,257,955,000"
"912827VL3","Note","2-Year","10/21/1987","11/02/1987","10/31/1989","","No","","","No","7.875%","","$9,250,000,000","No","No","$10,763,330,000"
"912794NX8","Bill","13-Week","10/19/1987","10/22/1987","01/21/1988","","No","","","No","","","$6,400,000,000","Yes","No","$6,427,165,000"
"912794PL2","Bill","26-Week","10/19/1987","10/22/1987","04/21/1988","","No","","","No","","","$6,400,000,000","No","No","$6,452,440,000"
"912794NW0","Bill","13-Week","10/13/1987","10/15/1987","01/14/1988","","No","","","No","","","$6,400,000,000","Yes","No","$6,469,280,000"
"912794PK4","Bill","26-Week","10/13/1987","10/15/1987","04/14/1988","","No","","","No","","","$6,400,000,000","Yes","No","$7,402,245,000"
"912827VK5","Note","7-Year","10/07/1987","10/15/1987","10/15/1994","","No","","","No","9.500%","","$6,750,000,000","No","No","$7,109,744,000"
"912827VJ8","Note","4-Year","10/06/1987","10/15/1987","09/30/1991","","No","","","No","9.125%","","$7,250,000,000","No","No","$7,863,076,000"
"912794NV2","Bill","13-Week","10/05/1987","10/08/1987","01/07/1988","","No","","","No","","","$6,400,000,000","Yes","No","$6,483,205,000"
"912794PJ7","Bill","26-Week","10/05/1987","10/08/1987","04/07/1988","","No","","","No","","","$6,400,000,000","No","No","$6,757,690,000"
"912794NT7","Bill","13-Week","10/01/1987","10/05/1987","12/24/1987","","No","","","No","","","$6,400,000,000","Yes","No","$6,406,640,000"
"912794PG3","Bill","26-Week","10/01/1987","10/05/1987","03/24/1988","","No","","","No","","","$6,400,000,000","No","No","$7,719,940,000"
"912794QA5","Bill","52-Week","09/30/1987","10/01/1987","09/29/1988","","No","","","No","","","$9,250,000,000","No","No","$9,262,745,000"
"912827VH2","Note","2-Year","09/29/1987","09/30/1987","09/30/1989","","No","","","No","8.500%","","$9,250,000,000","No","No","$10,619,305,000"
"912794NU4","Bill","13-Week","09/28/1987","10/01/1987","12/31/1987","","No","","","No","","","$6,400,000,000","Yes","No","$6,541,755,000"
"912794PH1","Bill","26-Week","09/28/1987","10/01/1987","03/31/1988","","No","","","No","","","$6,400,000,000","No","No","$6,849,480,000"
"912794NS9","Bill","13-Week","09/14/1987","09/17/1987","12/17/1987","","No","","","No","","","$6,400,000,000","Yes","No","$6,541,250,000"
"912794PF5","Bill","26-Week","09/14/1987","09/17/1987","03/17/1988","","No","","","No","","","$6,400,000,000","Yes","No","$6,884,960,000"
"912794NR1","Bill","13-Week","09/08/1987","09/10/1987","12/10/1987","","No","","","No","","","$6,600,000,000","Yes","No","$6,638,430,000"
"912794PE8","Bill","26-Week","09/08/1987","09/10/1987","03/10/1988","","No","","","No","","","$6,600,000,000","No","No","$6,887,880,000"
"912794PZ1","Bill","52-Week","09/01/1987","09/03/1987","09/01/1988","","No","","","No","","","$9,500,000,000","No","No","$9,503,650,000"
"912794NQ3","Bill","13-Week","08/31/1987","09/03/1987","12/03/1987","","No","","","No","","","$6,600,000,000","Yes","No","$6,619,785,000"
"912794PD0","Bill","26-Week","08/31/1987","09/03/1987","03/03/1988","","No","","","No","","","$6,600,000,000","No","No","$6,612,175,000"
"912827VG4","Note","5-Year 2-Month","08/27/1987","09/03/1987","11/15/1992","","No","","","No","8.375%","","$7,750,000,000","No","No","$8,532,454,000"
"912827VF6","Note","2-Year","08/26/1987","08/31/1987","08/31/1989","","No","","","No","7.750%","","$9,750,000,000","No","No","$11,339,105,000"
"912794NP5","Bill","13-Week","08/24/1987","08/27/1987","11/27/1987","","No","","","No","","","$6,600,000,000","Yes","No","$6,650,615,000"
"912794PC2","Bill","26-Week","08/24/1987","08/27/1987","02/25/1988","","No","","","No","","","$6,600,000,000","No","No","$6,679,780,000"
"912794NN0","Bill","13-Week","08/17/1987","08/20/1987","11/19/1987","","No","","","No","","","$6,600,000,000","Yes","No","$6,689,320,000"
"912794PB4","Bill","26-Week","08/17/1987","08/20/1987","02/18/1988","","No","","","No","","","$6,600,000,000","Yes","No","$6,931,660,000"
"912810DZ8","Bond","30-Year","08/13/1987","08/17/1987","08/15/2017","","No","","","No","8.875%","","$9,000,000,000","No","No","$9,084,729,000"
"912827VE9","Note","10-Year","08/12/1987","08/17/1987","08/15/1997","","No","","","No","8.625%","","$9,250,000,000","No","No","$9,357,644,000"
"912827VD1","Note","3-Year","08/11/1987","08/17/1987","08/15/1990","","No","","","No","7.875%","","$9,750,000,000","No","No","$11,052,205,000"
"912794NM2","Bill","13-Week","08/10/1987","08/13/1987","11/12/1987","","No","","","No","","","$6,600,000,000","Yes","No","$6,633,560,000"
"912794PA6","Bill","26-Week","08/10/1987","08/13/1987","02/11/1988","","No","","","No","","","$6,600,000,000","No","No","$6,824,500,000"
"912794PY4","Bill","52-Week","08/04/1987","08/06/1987","08/04/1988","","No","","","No","","","$9,500,000,000","No","No","$9,548,250,000"
"912794NL4","Bill","13-Week","08/03/1987","08/06/1987","11/05/1987","","No","","","No","","","$6,600,000,000","Yes","No","$6,609,910,000"
"912794NZ3","Bill","26-Week","08/03/1987","08/06/1987","02/04/1988","","No","","","No","","","$6,600,000,000","No","No","$6,776,675,000"
"912794NJ9","Bill","13-Week","07/31/1987","08/03/1987","10/22/1987","","No","","","No","","","$6,600,000,000","Yes","No","$6,625,575,000"
"912794NX8","Bill","26-Week","07/31/1987","08/03/1987","01/21/1988","","No","","","No","","","$6,600,000,000","Yes","No","$8,081,165,000"
"912827VC3","Note","2-Year","07/30/1987","07/31/1987","07/31/1989","","No","","","No","7.625%","","$9,750,000,000","No","No","$11,324,375,000"
"912794NK6","Bill","13-Week","07/30/1987","07/30/1987","10/29/1987","","No","","","No","","","$6,600,000,000","Yes","No","$6,614,890,000"
"912794NY6","Bill","26-Week","07/30/1987","07/30/1987","01/28/1988","","No","","","No","","","$6,600,000,000","No","No","$6,611,135,000"
"912794NH3","Bill","13-Week","07/13/1987","07/16/1987","10/15/1987","","No","","","No","","","$6,600,000,000","Yes","No","$6,629,915,000"
"912794NW0","Bill","26-Week","07/13/1987","07/16/1987","01/14/1988","","No","","","No","","","$6,600,000,000","No","No","$6,864,970,000"
"912794NG5","Bill","13-Week","07/06/1987","07/09/1987","10/08/1987","","No","","","No","","","$6,600,000,000","Yes","No","$6,611,225,000"
"912794NV2","Bill","26-Week","07/06/1987","07/09/1987","01/07/1988","","No","","","No","","","$6,600,000,000","No","No","$6,600,880,000"
"912794PX6","Bill","52-Week","07/02/1987","07/09/1987","07/07/1988","","No","","","No","","","$9,750,000,000","No","No","$9,778,685,000"
"912794NF7","Bill","13-Week","06/29/1987","07/02/1987","10/01/1987","","No","","","No","","","$6,600,000,000","Yes","No","$6,796,865,000"
"912794NU4","Bill","26-Week","06/29/1987","07/02/1987","12/31/1987","","No","","","No","","","$6,600,000,000","No","No","$7,207,760,000"
"912827VB5","Note","7-Year","06/25/1987","07/06/1987","07/15/1994","","No","","","No","8.000%","","$7,000,000,000","No","No","$7,209,380,000"
"912827VA7","Note","4-Year","06/24/1987","06/30/1987","06/30/1991","","No","","","No","7.875%","","$7,500,000,000","No","No","$8,338,861,000"
"912827UZ3","Note","2-Year","06/23/1987","06/30/1987","06/30/1989","","No","","","No","7.375%","","$9,750,000,000","No","No","$11,202,405,000"
"912794NE0","Bill","13-Week","06/22/1987","06/25/1987","09/24/1987","","No","","","No","","","$6,600,000,000","Yes","No","$6,611,975,000"
"912794NT7","Bill","26-Week","06/22/1987","06/25/1987","12/24/1987","","No","","","No","","","$6,600,000,000","Yes","No","$6,621,660,000"
"912794ND2","Bill","13-Week","06/15/1987","06/18/1987","09/17/1987","","No","","","No","","","$6,600,000,000","Yes","No","$6,651,125,000"
"912794NS9","Bill","26-Week","06/15/1987","06/18/1987","12/17/1987","","No","","","No","","","$6,600,000,000","No","No","$6,853,895,000"
"912794NC4","Bill","13-Week","06/08/1987","06/11/1987","09/10/1987","","No","","","No","","","$6,600,000,000","Yes","No","$6,603,350,000"
"912794NR1","Bill","26-Week","06/08/1987","06/11/1987","12/10/1987","","No","","","No","","","$6,600,000,000","No","No","$6,615,290,000"
"912794PT5","Bill","52-Week","06/04/1987","06/11/1987","06/09/1988","","No","","","No","","","$9,750,000,000","No","No","$9,780,350,000"
"912794NB6","Bill","13-Week","06/01/1987","06/04/1987","09/03/1987","","No","","","No","","","$6,600,000,000","Yes","No","$6,618,650,000"
"912794NQ3","Bill","26-Week","06/01/1987","06/04/1987","12/03/1987","","No","","","No","","","$6,600,000,000","No","No","$6,723,245,000"
"912827UY6","Note","5-Year 2-Month","05/27/1987","06/03/1987","08/15/1992","","No","","","No","8.250%","","$8,000,000,000","No","No","$8,474,987,000"
"912794NA8","Bill","13-Week","05/26/1987","05/28/1987","08/27/1987","","No","","","No","","","$6,400,000,000","Yes","No","$6,410,815,000"
"912794NP5","Bill","26-Week","05/26/1987","05/28/1987","11/27/1987","","No","","","No","","","$6,400,000,000","Yes","No","$6,404,615,000"
"912827UX8","Note","2-Year","05/20/1987","06/01/1987","05/31/1989","","No","","","No","8.000%","","$9,750,000,000","No","No","$11,239,250,000"
"912794MZ4","Bill","13-Week","05/18/1987","05/21/1987","08/20/1987","","No","","","No","","","$6,400,000,000","Yes","No","$6,405,785,000"
"912794NN0","Bill","26-Week","05/18/1987","05/21/1987","11/19/1987","","No","","","No","","","$6,400,000,000","No","No","$6,444,330,000"
"912794PP3","Bill","52-Week","05/12/1987","05/14/1987","05/12/1988","","No","","","No","","","$9,750,000,000","No","No","$10,014,295,000"
"912794MY7","Bill","13-Week","05/11/1987","05/14/1987","08/13/1987","","No","","","No","","","$6,400,000,000","Yes","No","$6,641,360,000"
"912794NM2","Bill","26-Week","05/11/1987","05/14/1987","11/12/1987","","No","","","No","","","$6,400,000,000","No","No","$6,917,065,000"
"912810DY1","Bond","30-Year","05/07/1987","05/15/1987","05/15/2017","","No","","","No","8.750%","","$9,250,000,000","No","No","$9,350,314,000"
"912827UW0","Note","10-Year","05/06/1987","05/15/1987","05/15/1997","","No","","","No","8.500%","","$9,750,000,000","No","No","$9,916,472,000"
"912827UV2","Note","3-Year","05/05/1987","05/15/1987","05/15/1990","","No","","","No","7.875%","","$10,000,000,000","No","No","$11,892,785,000"
"912794MX9","Bill","13-Week","05/04/1987","05/07/1987","08/06/1987","","No","","","No","","","$6,600,000,000","Yes","No","$6,601,930,000"
"912794NL4","Bill","26-Week","05/04/1987","05/07/1987","11/05/1987","","No","","","No","","","$6,600,000,000","No","No","$6,621,640,000"
"912794MW1","Bill","13-Week","04/27/1987","04/30/1987","07/30/1987","","No","","","No","","","$6,600,000,000","Yes","No","$6,605,030,000"
"912794NK6","Bill","26-Week","04/27/1987","04/30/1987","10/29/1987","","No","","","No","","","$6,600,000,000","Yes","No","$6,607,505,000"
"912827UU4","Note","2-Year","04/22/1987","04/30/1987","04/30/1989","","No","","","No","7.125%","","$10,000,000,000","No","No","$11,565,765,000"
"912794MV3","Bill","13-Week","04/20/1987","04/23/1987","07/23/1987","","No","","","No","","","$6,600,000,000","Yes","No","$6,622,280,000"
"912794NJ9","Bill","26-Week","04/20/1987","04/23/1987","10/22/1987","","No","","","No","","","$6,600,000,000","No","No","$6,605,330,000"
"912794MU5","Bill","13-Week","04/13/1987","04/16/1987","07/16/1987","","No","","","No","","","$6,600,000,000","Yes","No","$6,625,835,000"
"912794NH3","Bill","26-Week","04/13/1987","04/16/1987","10/15/1987","","No","","","No","","","$6,600,000,000","No","No","$6,782,985,000"
"912794PK4","Bill","52-Week","04/09/1987","04/16/1987","04/14/1988","","No","","","No","","","$9,750,000,000","No","No","$9,761,880,000"
"912794MT8","Bill","13-Week","04/06/1987","04/09/1987","07/09/1987","","No","","","No","","","$6,600,000,000","Yes","No","$6,613,915,000"
"912794NG5","Bill","26-Week","04/06/1987","04/09/1987","10/08/1987","","No","","","No","","","$6,600,000,000","No","No","$7,077,345,000"
"912794MF8","Bill","9-Day","04/02/1987","04/07/1987","04/16/1987","","Yes","","","No","","","$11,000,000,000","Yes","No","$11,006,300,000"
"912794MG6","Bill","20-Day","04/02/1987","04/03/1987","04/23/1987","","Yes","","","No","","","$6,000,000,000","Yes","No","$6,009,000,000"
"912794MS0","Bill","13-Week","03/30/1987","04/02/1987","07/02/1987","","No","","","No","","","$6,400,000,000","Yes","No","$6,484,505,000"
"912794NF7","Bill","26-Week","03/30/1987","04/02/1987","10/01/1987","","No","","","No","","","$6,400,000,000","Yes","No","$6,961,975,000"
"912827UT7","Note","7-Year","03/26/1987","04/01/1987","04/15/1994","","No","","","No","7.000%","","$7,250,000,000","No","No","$7,325,769,000"
"912827US9","Note","4-Year","03/25/1987","03/31/1987","03/31/1991","","No","","","No","6.750%","","$7,750,000,000","No","No","$8,537,188,000"
"912827UR1","Note","2-Year","03/24/1987","03/31/1987","03/31/1989","","No","","","No","6.375%","","$10,000,000,000","No","No","$11,764,890,000"
"912794MR2","Bill","13-Week","03/23/1987","03/26/1987","06/25/1987","","No","","","No","","","$6,400,000,000","Yes","No","$6,403,600,000"
"912794NE0","Bill","26-Week","03/23/1987","03/26/1987","09/24/1987","","No","","","No","","","$6,400,000,000","No","No","$6,421,080,000"
"912794MQ4","Bill","13-Week","03/16/1987","03/19/1987","06/18/1987","","No","","","No","","","$6,400,000,000","Yes","No","$6,428,790,000"
"912794ND2","Bill","26-Week","03/16/1987","03/19/1987","09/17/1987","","No","","","No","","","$6,400,000,000","No","No","$6,410,255,000"
"912794PF5","Bill","52-Week","03/12/1987","03/19/1987","03/17/1988","","No","","","No","","","$9,500,000,000","No","No","$9,515,560,000"
"912794MP6","Bill","13-Week","03/09/1987","03/12/1987","06/11/1987","","No","","","No","","","$6,600,000,000","Yes","No","$6,645,405,000"
"912794NC4","Bill","26-Week","03/09/1987","03/12/1987","09/10/1987","","No","","","No","","","$6,600,000,000","No","No","$6,619,385,000"
"912794MN1","Bill","13-Week","03/02/1987","03/05/1987","06/04/1987","","No","","","No","","","$6,600,000,000","Yes","No","$6,609,005,000"
"912794NB6","Bill","26-Week","03/02/1987","03/05/1987","09/03/1987","","No","","","No","","","$6,600,000,000","Yes","No","$6,633,355,000"
"912827UQ3","Note","5-Year 2-Month","02/25/1987","03/03/1987","05/15/1992","","No","","","No","6.625%","","$8,250,000,000","No","No","$8,400,901,000"
"912827UP5","Note","2-Year","02/24/1987","03/02/1987","02/28/1989","","No","","","No","6.250%","","$10,000,000,000","No","No","$11,441,230,000"
"912794MM3","Bill","13-Week","02/23/1987","02/26/1987","05/28/1987","","No","","","No","","","$6,600,000,000","Yes","No","$6,616,655,000"
"912794NA8","Bill","26-Week","02/23/1987","02/26/1987","08/27/1987","","No","","","No","","","$6,600,000,000","No","No","$6,607,630,000"
"912794ML5","Bill","13-Week","02/17/1987","02/19/1987","05/21/1987","","No","","","No","","","$6,600,000,000","Yes","No","$6,600,080,000"
"912794MZ4","Bill","26-Week","02/17/1987","02/19/1987","08/20/1987","","No","","","No","","","$6,600,000,000","No","No","$6,632,850,000"
"912794PB4","Bill","52-Week","02/12/1987","02/19/1987","02/18/1988","","No","","","No","","","$9,500,000,000","No","No","$9,676,525,000"
"912794MK7","Bill","13-Week","02/09/1987","02/12/1987","05/14/1987","","No","","","No","","","$6,800,000,000","Yes","No","$6,715,000,000"
"912794MY7","Bill","26-Week","02/09/1987","02/12/1987","08/13/1987","","No","","","No","","","$6,800,000,000","No","No","$6,803,095,000"
"912810DX3","Bond","29-Year 9-Month","02/05/1987","02/17/1987","11/15/2016","","No","","","No","7.500%","","$9,250,000,000","Yes","No","$9,497,809,000"
"912827UF7","Note","9-Year 9-Month","02/04/1987","02/17/1987","11/15/1996","","No","","","No","7.250%","","$9,750,000,000","Yes","No","$10,154,117,000"
"912827UN0","Note","3-Year","02/03/1987","02/17/1987","02/15/1990","","No","","","No","6.500%","","$10,000,000,000","No","No","$14,202,810,000"
"912794MJ0","Bill","13-Week","02/02/1987","02/05/1987","05/07/1987","","No","","","No","","","$6,800,000,000","Yes","No","$6,810,545,000"
"912794MX9","Bill","26-Week","02/02/1987","02/05/1987","08/06/1987","","No","","","No","","","$6,800,000,000","Yes","No","$6,804,900,000"
"912794MH4","Bill","13-Week","01/26/1987","01/29/1987","04/30/1987","","No","","","No","","","$7,000,000,000","Yes","No","$7,003,990,000"
"912794MW1","Bill","26-Week","01/26/1987","01/29/1987","07/30/1987","","No","","","No","","","$7,000,000,000","No","No","$7,026,405,000"
"912827UM2","Note","2-Year","01/21/1987","02/02/1987","01/31/1989","","No","","","No","6.125%","","$10,250,000,000","No","No","$11,671,330,000"
"912794MG6","Bill","13-Week","01/20/1987","01/22/1987","04/23/1987","","No","","","No","","","$7,000,000,000","Yes","No","$7,020,745,000"
"912794MV3","Bill","26-Week","01/20/1987","01/22/1987","07/23/1987","","No","","","No","","","$7,000,000,000","No","No","$7,016,910,000"
"912794NX8","Bill","52-Week","01/15/1987","01/22/1987","01/21/1988","","No","","","No","","","$9,750,000,000","No","No","$9,835,215,000"
"912794MF8","Bill","13-Week","01/12/1987","01/15/1987","04/16/1987","","No","","","No","","","$7,400,000,000","Yes","No","$7,483,155,000"
"912794MU5","Bill","26-Week","01/12/1987","01/15/1987","07/16/1987","","No","","","No","","","$7,400,000,000","No","No","$7,401,015,000"
"912794ME1","Bill","13-Week","01/05/1987","01/08/1987","04/09/1987","","No","","","No","","","$7,600,000,000","Yes","No","$7,612,850,000"
"912794MT8","Bill","26-Week","01/05/1987","01/08/1987","07/09/1987","","No","","","No","","","$7,600,000,000","Yes","No","$7,646,935,000"
"912827UL4","Note","7-Year","12/30/1986","01/05/1987","01/15/1994","","No","","","No","7.000%","","$7,250,000,000","No","No","$7,288,387,000"
"912794MD3","Bill","13-Week","12/29/1986","01/02/1987","04/02/1987","","No","","","No","","","$7,600,000,000","Yes","No","$7,637,575,000"
"912794MS0","Bill","26-Week","12/29/1986","01/02/1987","07/02/1987","","No","","","No","","","$7,600,000,000","No","No","$7,668,730,000"
"912794NT7","Bill","52-Week","12/23/1986","12/26/1986","12/24/1987","","No","","","No","","","$9,750,000,000","No","No","$9,754,910,000"
"912794MC5","Bill","13-Week","12/22/1986","12/26/1986","03/26/1987","","No","","","No","","","$7,800,000,000","Yes","No","$7,834,300,000"
"912794MR2","Bill","26-Week","12/22/1986","12/26/1986","06/25/1987","","No","","","No","","","$7,800,000,000","No","No","$8,005,030,000"
"912827UK6","Note","4-Year","12/18/1986","12/31/1986","12/31/1990","","No","","","No","6.625%","","$7,750,000,000","No","No","$8,375,910,000"
"912827UJ9","Note","2-Year","12/17/1986","12/31/1986","12/31/1988","","No","","","No","6.250%","","$10,250,000,000","No","No","$11,560,700,000"
"912794MB7","Bill","13-Week","12/15/1986","12/18/1986","03/19/1987","","No","","","No","","","$7,800,000,000","Yes","No","$7,809,625,000"
"912794MQ4","Bill","26-Week","12/15/1986","12/18/1986","06/18/1987","","No","","","No","","","$7,800,000,000","No","No","$7,819,370,000"
"912794MA9","Bill","13-Week","12/08/1986","12/11/1986","03/12/1987","","No","","","No","","","$7,800,000,000","Yes","No","$7,808,520,000"
"912794MP6","Bill","26-Week","12/08/1986","12/11/1986","06/11/1987","","No","","","No","","","$7,800,000,000","Yes","No","$7,810,955,000"
"912794LZ5","Bill","13-Week","12/01/1986","12/04/1986","03/05/1987","","No","","","No","","","$8,000,000,000","Yes","No","$8,020,960,000"
"912794MN1","Bill","26-Week","12/01/1986","12/04/1986","06/04/1987","","No","","","No","","","$8,000,000,000","No","No","$8,009,775,000"
"912827UH3","Note","5-Year 2-Month","11/25/1986","12/03/1986","02/15/1992","","No","","","No","6.625%","","$8,250,000,000","No","No","$8,526,239,000"
"912794LY8","Bill","13-Week","11/24/1986","11/28/1986","02/26/1987","","No","","","No","","","$8,000,000,000","Yes","No","$8,003,950,000"
"912794MM3","Bill","26-Week","11/24/1986","11/28/1986","05/28/1987","","No","","","No","","","$8,000,000,000","No","No","$8,012,735,000"
"912794NP5","Bill","52-Week","11/20/1986","11/28/1986","11/27/1987","","No","","","No","","","$9,750,000,000","No","No","$9,879,835,000"
"912827UG5","Note","2-Year","11/19/1986","12/01/1986","11/30/1988","","No","","","No","6.250%","","$10,250,000,000","No","No","$11,560,725,000"
"912794LX0","Bill","13-Week","11/17/1986","11/20/1986","02/19/1987","","No","","","No","","","$8,000,000,000","Yes","No","$8,018,285,000"
"912794ML5","Bill","26-Week","11/17/1986","11/20/1986","05/21/1987","","No","","","No","","","$8,000,000,000","No","No","$8,008,820,000"
"912794LW2","Bill","13-Week","11/10/1986","11/13/1986","02/12/1987","","No","","","No","","","$8,000,000,000","Yes","No","$8,012,040,000"
"912794MK7","Bill","26-Week","11/10/1986","11/13/1986","05/14/1987","","No","","","No","","","$8,000,000,000","Yes","No","$8,054,935,000"
"912810DX3","Bond","30-Year","11/06/1986","11/17/1986","11/15/2016","","No","","","No","7.500%","","$9,250,000,000","No","No","$9,364,698,000"
"912827UF7","Note","10-Year","11/05/1986","11/17/1986","11/15/1996","","No","","","No","7.250%","","$9,750,000,000","No","No","$10,088,241,000"
"912827UE0","Note","3-Year","11/04/1986","11/17/1986","11/15/1989","","No","","","No","6.375%","","$10,000,000,000","No","No","$11,868,715,000"
"912794LV4","Bill","13-Week","11/03/1986","11/06/1986","02/05/1987","","No","","","No","","","$8,000,000,000","Yes","No","$8,034,470,000"
"912794MJ0","Bill","26-Week","11/03/1986","11/06/1986","05/07/1987","","No","","","No","","","$8,000,000,000","No","No","$8,013,035,000"
"912794LT9","Bill","79-Day","10/30/1986","11/04/1986","01/22/1987","","Yes","","","No","","","$4,000,000,000","Yes","No","$4,010,500,000"
"912827UD2","Note","6-Year 11-Month","10/28/1986","11/03/1986","10/15/1993","","No","","","No","7.125%","","$7,000,000,000","No","No","$7,004,184,000"
"912794LU6","Bill","13-Week","10/27/1986","10/30/1986","01/29/1987","","No","","","No","","","$7,800,000,000","Yes","No","$7,814,195,000"
"912794MH4","Bill","26-Week","10/27/1986","10/30/1986","04/30/1987","","No","","","No","","","$7,800,000,000","No","No","$7,801,695,000"
"912794NK6","Bill","52-Week","10/23/1986","10/30/1986","10/29/1987","","No","","","No","","","$9,750,000,000","No","No","$10,000,095,000"
"912827UC4","Note","2-Year","10/22/1986","10/31/1986","10/31/1988","","No","","","No","6.375%","","$10,250,000,000","No","No","$11,489,655,000"
"912794LT9","Bill","13-Week","10/20/1986","10/23/1986","01/22/1987","","No","","","No","","","$7,500,000,000","Yes","No","$7,541,945,000"
"912794MG6","Bill","26-Week","10/20/1986","10/23/1986","04/23/1987","","No","","","No","","","$7,500,000,000","No","No","$7,528,825,000"
"912794LS1","Bill","13-Week","10/14/1986","10/16/1986","01/15/1987","","No","","","No","","","$7,000,000,000","Yes","No","$7,001,775,000"
"912794MF8","Bill","26-Week","10/14/1986","10/16/1986","04/16/1987","","No","","","No","","","$7,000,000,000","Yes","No","$7,008,515,000"
"912794LR3","Bill","13-Week","10/06/1986","10/09/1986","01/08/1987","","No","","","No","","","$7,200,000,000","Yes","No","$7,228,745,000"
"912794ME1","Bill","26-Week","10/06/1986","10/09/1986","04/09/1987","","No","","","No","","","$7,200,000,000","No","No","$7,202,545,000"
"912794LQ5","Bill","13-Week","09/29/1986","10/02/1986","01/02/1987","","No","","","No","","","$6,300,000,000","Yes","No","$6,310,395,000"
"912794MD3","Bill","26-Week","09/29/1986","10/02/1986","04/02/1987","","No","","","No","","","$6,300,000,000","No","No","$6,307,525,000"
"912794NF7","Bill","52-Week","09/25/1986","10/02/1986","10/01/1987","","No","","","No","","","$9,750,000,000","No","No","$9,823,435,000"
"912827UB6","Note","4-Year","09/24/1986","09/30/1986","09/30/1990","","No","","","No","6.750%","","$7,500,000,000","No","No","$8,181,506,000"
"912827UA8","Note","2-Year","09/23/1986","09/30/1986","09/30/1988","","No","","","No","6.375%","","$10,000,000,000","No","No","$11,484,545,000"
"912794KU7","Bill","13-Week","09/22/1986","09/25/1986","12/26/1986","","No","","","No","","","$7,800,000,000","Yes","No","$7,824,630,000"
"912794MC5","Bill","26-Week","09/22/1986","09/25/1986","03/26/1987","","No","","","No","","","$7,800,000,000","No","No","$7,802,695,000"
"912794LP7","Bill","13-Week","09/15/1986","09/18/1986","12/18/1986","","No","","","No","","","$7,800,000,000","Yes","No","$7,904,000,000"
"912794MB7","Bill","26-Week","09/15/1986","09/18/1986","03/19/1987","","No","","","No","","","$7,800,000,000","Yes","No","$8,195,760,000"
"912794LN2","Bill","13-Week","09/08/1986","09/11/1986","12/11/1986","","No","","","No","","","$7,800,000,000","Yes","No","$7,820,335,000"
"912794MA9","Bill","26-Week","09/08/1986","09/11/1986","03/12/1987","","No","","","No","","","$7,800,000,000","No","No","$7,805,590,000"
"912794LM4","Bill","13-Week","09/02/1986","09/04/1986","12/04/1986","","No","","","No","","","$7,800,000,000","Yes","No","$7,824,425,000"
"912794LZ5","Bill","26-Week","09/02/1986","09/04/1986","03/05/1987","","No","","","No","","","$7,800,000,000","No","No","$7,819,185,000"
"912794NB6","Bill","52-Week","08/28/1986","09/04/1986","09/03/1987","","No","","","No","","","$9,500,000,000","No","No","$9,502,750,000"
"912827TZ5","Note","5-Year 2-Month","08/27/1986","09/03/1986","11/15/1991","","No","","","No","6.500%","","$8,000,000,000","No","No","$8,341,538,000"
"912794KT0","Bill","13-Week","08/25/1986","08/28/1986","11/28/1986","","No","","","No","","","$7,800,000,000","Yes","No","$7,816,225,000"
"912794LY8","Bill","26-Week","08/25/1986","08/28/1986","02/26/1987","","No","","","No","","","$7,800,000,000","No","No","$7,804,940,000"
"912827TY8","Note","2-Year","08/20/1986","09/02/1986","08/31/1988","","No","","","No","6.125%","","$10,000,000,000","No","No","$11,377,790,000"
"912794LL6","Bill","13-Week","08/18/1986","08/21/1986","11/20/1986","","No","","","No","","","$7,800,000,000","Yes","No","$7,844,320,000"
"912794LX0","Bill","26-Week","08/18/1986","08/21/1986","02/19/1987","","No","","","No","","","$7,800,000,000","Yes","No","$7,810,155,000"
"912794LK8","Bill","13-Week","08/11/1986","08/14/1986","11/13/1986","","No","","","No","","","$6,500,000,000","Yes","No","$5,504,980,000"
"912794LW2","Bill","26-Week","08/11/1986","08/14/1986","02/12/1987","","No","","","No","","","$6,500,000,000","No","No","$5,501,220,000"
"912810DW5","Bond","29-Year 9-Month","08/07/1986","08/15/1986","05/15/2016","","No","","","No","7.250%","","$9,000,000,000","Yes","No","$9,505,197,000"
"912827TQ5","Note","9-Year 9-Month","08/06/1986","08/15/1986","05/15/1996","","No","","","No","7.375%","","$9,500,000,000","Yes","No","$10,527,657,000"
"912827TX0","Note","3-Year","08/05/1986","08/15/1986","08/15/1989","","No","","","No","6.625%","","$9,500,000,000","No","No","$12,697,250,000"
"912794LJ1","Bill","13-Week","08/04/1986","08/07/1986","11/06/1986","","No","","","No","","","$7,600,000,000","Yes","No","$7,666,635,000"
"912794LV4","Bill","26-Week","08/04/1986","08/07/1986","02/05/1987","","No","","","No","","","$7,600,000,000","No","No","$7,613,895,000"
"912794MX9","Bill","52-Week","07/31/1986","08/07/1986","08/06/1987","","No","","","No","","","$9,500,000,000","No","No","$10,151,875,000"
"912794KS2","Bill","13-Week","07/28/1986","07/31/1986","10/30/1986","","No","","","No","","","$7,600,000,000","Yes","No","$7,770,370,000"
"912794LU6","Bill","26-Week","07/28/1986","07/31/1986","01/29/1987","","No","","","No","","","$7,600,000,000","No","No","$7,291,560,000"
"912827TW2","Note","2-Year","07/23/1986","07/31/1986","07/31/1988","","No","","","No","6.625%","","$10,000,000,000","No","No","$11,739,795,000"
"912794LH5","Bill","13-Week","07/21/1986","07/24/1986","10/23/1986","","No","","","No","","","$7,600,000,000","Yes","No","$7,616,285,000"
"912794LT9","Bill","26-Week","07/21/1986","07/24/1986","01/22/1987","","No","","","No","","","$7,600,000,000","Yes","No","$7,635,950,000"
"912794LG7","Bill","13-Week","07/14/1986","07/17/1986","10/16/1986","","No","","","No","","","$7,400,000,000","Yes","No","$7,417,105,000"
"912794LS1","Bill","26-Week","07/14/1986","07/17/1986","01/15/1987","","No","","","No","","","$7,400,000,000","No","No","$7,454,595,000"
"912794MT8","Bill","52-Week","07/08/1986","07/10/1986","07/09/1987","","No","","","No","","","$9,500,000,000","No","No","$9,670,410,000"
"912794LF9","Bill","13-Week","07/07/1986","07/10/1986","10/09/1986","","No","","","No","","","$7,400,000,000","Yes","No","$7,442,180,000"
"912794LR3","Bill","26-Week","07/07/1986","07/10/1986","01/08/1987","","No","","","No","","","$7,400,000,000","No","No","$7,419,695,000"
"912794KR4","Bill","13-Week","06/30/1986","07/03/1986","10/02/1986","","No","","","No","","","$7,400,000,000","Yes","No","$7,460,075,000"
"912794LQ5","Bill","26-Week","06/30/1986","07/03/1986","01/02/1987","","No","","","No","","","$7,400,000,000","No","No","$7,812,840,000"
"912827TV4","Note","7-Year","06/25/1986","07/07/1986","07/15/1993","","No","","","No","7.250%","","$6,750,000,000","No","No","$6,757,833,000"
"912827TU6","Note","4-Year","06/24/1986","06/30/1986","06/30/1990","","No","","","No","7.250%","","$7,250,000,000","No","No","$8,026,756,000"
"912794LE2","Bill","13-Week","06/23/1986","06/26/1986","09/25/1986","","No","","","No","","","$7,400,000,000","Yes","No","$7,433,045,000"
"912794KU7","Bill","26-Week","06/23/1986","06/26/1986","12/26/1986","","No","","","No","","","$7,400,000,000","Yes","No","$7,529,770,000"
"912827TT9","Note","2-Year","06/18/1986","06/30/1986","06/30/1988","","No","","","No","7.000%","","$9,750,000,000","No","No","$11,315,820,000"
"912794LD4","Bill","13-Week","06/16/1986","06/19/1986","09/18/1986","","No","","","No","","","$7,400,000,000","Yes","No","$7,400,285,000"
"912794LP7","Bill","26-Week","06/16/1986","06/19/1986","12/18/1986","","No","","","No","","","$7,400,000,000","No","No","$7,405,690,000"
"912794LC6","Bill","13-Week","06/09/1986","06/12/1986","09/11/1986","","No","","","No","","","$7,200,000,000","Yes","No","$7,200,595,000"
"912794LN2","Bill","26-Week","06/09/1986","06/12/1986","12/11/1986","","No","","","No","","","$7,200,000,000","No","No","$7,207,625,000"
"912794MP6","Bill","52-Week","06/05/1986","06/12/1986","06/11/1987","","No","","","No","","","$9,250,000,000","No","No","$9,403,650,000"
"912794KL7","Bill","15-Day","06/03/1986","06/04/1986","06/19/1986","","Yes","","","No","","","$5,000,000,000","Yes","No","$5,000,000,000"
"912794KQ6","Bill","13-Week","06/02/1986","06/05/1986","09/04/1986","","No","","","No","","","$7,200,000,000","Yes","No","$7,212,375,000"
"912794LM4","Bill","26-Week","06/02/1986","06/05/1986","12/04/1986","","No","","","No","","","$7,200,000,000","No","No","$7,213,730,000"
"912827TS1","Note","5-Year 2-Month","05/28/1986","06/03/1986","08/15/1991","","No","","","No","7.500%","","$7,750,000,000","No","No","$7,771,067,000"
"912794LB8","Bill","13-Week","05/27/1986","05/29/1986","08/28/1986","","No","","","No","","","$7,200,000,000","Yes","No","$7,200,025,000"
"912794KT0","Bill","26-Week","05/27/1986","05/29/1986","11/28/1986","","No","","","No","","","$7,200,000,000","Yes","No","$7,219,875,000"
"912827TR3","Note","2-Year","05/21/1986","06/02/1986","05/31/1988","","No","","","No","7.125%","","$9,750,000,000","No","No","$10,833,170,000"
"912794LA0","Bill","13-Week","05/19/1986","05/22/1986","08/21/1986","","No","","","No","","","$7,000,000,000","Yes","No","$7,037,525,000"
"912794LL6","Bill","26-Week","05/19/1986","05/22/1986","11/20/1986","","No","","","No","","","$7,000,000,000","No","No","$7,088,985,000"
"912794MK7","Bill","52-Week","05/13/1986","05/15/1986","05/14/1987","","No","","","No","","","$9,250,000,000","No","No","$9,252,235,000"
"912794KZ6","Bill","13-Week","05/12/1986","05/15/1986","08/14/1986","","No","","","No","","","$7,000,000,000","Yes","No","$7,057,360,000"
"912794LK8","Bill","26-Week","05/12/1986","05/15/1986","11/13/1986","","No","","","No","","","$7,000,000,000","No","No","$7,038,315,000"
"912810DW5","Bond","30-Year","05/08/1986","05/15/1986","05/15/2016","","No","","","No","7.250%","","$9,000,000,000","No","No","$9,314,779,000"
"912827TQ5","Note","10-Year","05/07/1986","05/15/1986","05/15/1996","","No","","","No","7.375%","","$9,000,000,000","No","No","$9,522,207,000"
"912827TP7","Note","3-Year","05/06/1986","05/15/1986","05/15/1989","","No","","","No","6.875%","","$9,000,000,000","No","No","$10,420,330,000"
"912794KP8","Bill","13-Week","05/05/1986","05/08/1986","08/07/1986","","No","","","No","","","$7,000,000,000","Yes","No","$7,123,985,000"
"912794LJ1","Bill","26-Week","05/05/1986","05/08/1986","11/06/1986","","No","","","No","","","$7,000,000,000","No","No","$7,179,910,000"
"912794KY9","Bill","13-Week","04/28/1986","05/01/1986","07/31/1986","","No","","","No","","","$7,000,000,000","Yes","No","$7,084,185,000"
"912794KS2","Bill","26-Week","04/28/1986","05/01/1986","10/30/1986","","No","","","No","","","$7,000,000,000","Yes","No","$7,308,120,000"
"912827TN2","Note","2-Year","04/23/1986","04/30/1986","04/30/1988","","No","","","No","6.625%","","$9,750,000,000","No","No","$11,266,200,000"
"912794KX1","Bill","13-Week","04/21/1986","04/24/1986","07/24/1986","","No","","","No","","","$7,000,000,000","Yes","No","$7,121,150,000"
"912794LH5","Bill","26-Week","04/21/1986","04/24/1986","10/23/1986","","No","","","No","","","$7,000,000,000","No","No","$7,386,115,000"
"912794KW3","Bill","13-Week","04/14/1986","04/17/1986","07/17/1986","","No","","","No","","","$7,000,000,000","Yes","No","$7,015,880,000"
"912794LG7","Bill","26-Week","04/14/1986","04/17/1986","10/16/1986","","No","","","No","","","$7,000,000,000","No","No","$7,032,855,000"
"912794MF8","Bill","52-Week","04/10/1986","04/17/1986","04/16/1987","","No","","","No","","","$9,250,000,000","No","No","$9,707,780,000"
"912794KN3","Bill","13-Week","04/07/1986","04/10/1986","07/10/1986","","No","","","No","","","$7,000,000,000","Yes","No","$7,014,920,000"
"912794LF9","Bill","26-Week","04/07/1986","04/10/1986","10/09/1986","","No","","","No","","","$7,000,000,000","No","No","$7,016,005,000"
"912794KB9","Bill","14-Day","04/01/1986","04/03/1986","04/17/1986","","Yes","","","No","","","$15,000,000,000","Yes","No","$15,030,320,000"
"912794KV5","Bill","13-Week","03/31/1986","04/03/1986","07/03/1986","","No","","","No","","","$7,000,000,000","Yes","No","$7,025,055,000"
"912794KR4","Bill","26-Week","03/31/1986","04/03/1986","10/02/1986","","No","","","No","","","$7,000,000,000","Yes","No","$7,002,235,000"
"912827TM4","Note","7-Year","03/26/1986","04/03/1986","04/15/1993","","No","","","No","7.375%","","$6,500,000,000","No","No","$6,505,382,000"
"912827TL6","Note","4-Year","03/25/1986","03/31/1986","03/31/1990","","No","","","No","7.250%","","$7,000,000,000","No","No","$7,962,996,000"
"912794KM5","Bill","13-Week","03/24/1986","03/27/1986","06/26/1986","","No","","","No","","","$6,800,000,000","Yes","No","$6,801,830,000"
"912794LE2","Bill","26-Week","03/24/1986","03/27/1986","09/25/1986","","No","","","No","","","$6,800,000,000","No","No","$6,818,550,000"
"912827TK8","Note","2-Year","03/19/1986","03/31/1986","03/31/1988","","No","","","No","7.125%","","$9,500,000,000","No","No","$10,807,220,000"
"912794KL7","Bill","13-Week","03/17/1986","03/20/1986","06/19/1986","","No","","","No","","","$6,800,000,000","Yes","No","$6,814,280,000"
"912794LD4","Bill","26-Week","03/17/1986","03/20/1986","09/18/1986","","No","","","No","","","$6,800,000,000","No","No","$6,806,585,000"
"912794MB7","Bill","52-Week","03/13/1986","03/20/1986","03/19/1987","","No","","","No","","","$9,000,000,000","No","No","$9,213,940,000"