"CUSIP","Security Type","Security Term","Auction Date","Issue Date","Maturity Date","Price per $100","Cash Management Bill (CMB)","Currently Outstanding","Estimated Amount of Publicly Held Maturing Securities by Type","Floating Rate","Interest Rate","Maturing Date","Offering Amount","Reopening","TIPS","Total Accepted"
"912794KK9","Bill","13-Week","03/10/1986","03/13/1986","06/12/1986","","No","","","No","","","$6,800,000,000","Yes","No","$6,808,970,000"
"912794LC6","Bill","26-Week","03/10/1986","03/13/1986","09/11/1986","","No","","","No","","","$6,800,000,000","No","No","$6,840,065,000"
"912794KJ2","Bill","13-Week","03/03/1986","03/06/1986","06/05/1986","","No","","","No","","","$6,800,000,000","Yes","No","$6,857,365,000"
"912794KQ6","Bill","26-Week","03/03/1986","03/06/1986","09/04/1986","","No","","","No","","","$6,800,000,000","Yes","No","$6,811,600,000"
"912827TJ1","Note","5-Year 2-Month","02/26/1986","03/05/1986","05/15/1991","","No","","","No","8.125%","","$7,500,000,000","No","No","$7,837,903,000"
"912794KH6","Bill","13-Week","02/24/1986","02/27/1986","05/29/1986","","No","","","No","","","$6,800,000,000","Yes","No","$6,808,585,000"
"912794LB8","Bill","26-Week","02/24/1986","02/27/1986","08/28/1986","","No","","","No","","","$6,800,000,000","No","No","$6,803,325,000"
"912827TH5","Note","2-Year","02/19/1986","02/28/1986","02/29/1988","","No","","","No","8.000%","","$9,500,000,000","No","No","$10,566,925,000"
"912794KG8","Bill","13-Week","02/18/1986","02/20/1986","05/22/1986","","No","","","No","","","$6,800,000,000","Yes","No","$6,809,335,000"
"912794LA0","Bill","26-Week","02/18/1986","02/20/1986","08/21/1986","","No","","","No","","","$6,800,000,000","No","No","$6,815,910,000"
"912794LX0","Bill","52-Week","02/13/1986","02/20/1986","02/19/1987","","No","","","No","","","$9,000,000,000","No","No","$9,133,115,000"
"912794KF0","Bill","13-Week","02/10/1986","02/13/1986","05/15/1986","","No","","","No","","","$7,000,000,000","Yes","No","$7,028,365,000"
"912794KZ6","Bill","26-Week","02/10/1986","02/13/1986","08/14/1986","","No","","","No","","","$7,000,000,000","No","No","$7,017,145,000"
"912810DV7","Bond","30-Year","02/06/1986","02/18/1986","02/15/2016","","No","","","No","9.250%","","$7,000,000,000","No","No","$7,254,264,000"
"912827TF9","Note","10-Year","02/05/1986","02/18/1986","02/15/1996","","No","","","No","8.875%","","$7,000,000,000","No","No","$7,563,484,000"
"912827TG7","Note","10-Year","02/05/1986","02/18/1986","02/15/1996","","No","","","No","8.875%","","$1,000,000,000","No","No","$1,001,000,000"
"912827TE2","Note","3-Year","02/04/1986","02/18/1986","02/15/1989","","No","","","No","8.000%","","$9,000,000,000","No","No","$10,213,010,000"
"912794KE3","Bill","13-Week","02/03/1986","02/06/1986","05/08/1986","","No","","","No","","","$7,000,000,000","Yes","No","$7,034,690,000"
"912794KP8","Bill","26-Week","02/03/1986","02/06/1986","08/07/1986","","No","","","No","","","$7,000,000,000","Yes","No","$7,010,385,000"
"912794KD5","Bill","13-Week","01/27/1986","01/30/1986","05/01/1986","","No","","","No","","","$7,200,000,000","Yes","No","$7,212,105,000"
"912794KY9","Bill","26-Week","01/27/1986","01/30/1986","07/31/1986","","No","","","No","","","$7,200,000,000","No","No","$7,205,185,000"
"912827TD4","Note","2-Year","01/22/1986","01/31/1986","01/31/1988","","No","","","No","8.125%","","$9,500,000,000","No","No","$10,418,470,000"
"912794KC7","Bill","13-Week","01/21/1986","01/23/1986","04/24/1986","","No","","","No","","","$7,200,000,000","Yes","No","$7,200,270,000"
"912794KX1","Bill","26-Week","01/21/1986","01/23/1986","07/24/1986","","No","","","No","","","$7,200,000,000","No","No","$7,206,130,000"
"912794LT9","Bill","52-Week","01/16/1986","01/23/1986","01/22/1987","","No","","","No","","","$9,000,000,000","No","No","$9,162,810,000"
"912794KB9","Bill","13-Week","01/13/1986","01/16/1986","04/17/1986","","No","","","No","","","$7,400,000,000","Yes","No","$7,482,570,000"
"912794KW3","Bill","26-Week","01/13/1986","01/16/1986","07/17/1986","","No","","","No","","","$7,400,000,000","No","No","$7,636,775,000"
"912810DU9","Bond","20-Year 1-Month","01/08/1986","01/15/1986","02/15/2006","","No","","","No","9.375%","","$4,750,000,000","No","No","$4,750,318,000"
"912827TC6","Note","7-Year","01/07/1986","01/15/1986","01/15/1993","","No","","","No","8.750%","","$6,500,000,000","No","No","$6,504,650,000"
"912794KA1","Bill","13-Week","01/06/1986","01/09/1986","04/10/1986","","No","","","No","","","$7,400,000,000","Yes","No","$7,402,930,000"
"912794KN3","Bill","26-Week","01/06/1986","01/09/1986","07/10/1986","","No","","","No","","","$7,400,000,000","Yes","No","$7,427,235,000"
"912794JZ8","Bill","13-Week","12/30/1985","01/02/1986","04/03/1986","","No","","","No","","","$7,600,000,000","Yes","No","$7,601,800,000"
"912794KV5","Bill","26-Week","12/30/1985","01/02/1986","07/03/1986","","No","","","No","","","$7,600,000,000","No","No","$7,613,105,000"
"912794JY1","Bill","13-Week","12/23/1985","12/26/1985","03/27/1986","","No","","","No","","","$7,600,000,000","Yes","No","$7,602,390,000"
"912794KM5","Bill","26-Week","12/23/1985","12/26/1985","06/26/1986","","No","","","No","","","$7,600,000,000","No","No","$7,606,795,000"
"912794KU7","Bill","52-Week","12/19/1985","12/26/1985","12/26/1986","","No","","","No","","","$9,000,000,000","No","No","$9,265,630,000"
"912827TB8","Note","4-Year","12/18/1985","12/31/1985","12/31/1989","","No","","","No","8.375%","","$7,000,000,000","No","No","$7,455,338,000"
"912827TA0","Note","2-Year","12/17/1985","12/31/1985","12/31/1987","","No","","","No","7.875%","","$9,500,000,000","No","No","$10,436,490,000"
"912794JX3","Bill","13-Week","12/16/1985","12/19/1985","03/20/1986","","No","","","No","","","$7,600,000,000","Yes","No","$7,606,995,000"
"912794KL7","Bill","26-Week","12/16/1985","12/19/1985","06/19/1986","","No","","","No","","","$7,600,000,000","No","No","$7,605,750,000"
"912794JW5","Bill","13-Week","12/12/1985","12/12/1985","03/13/1986","","No","","","No","","","$7,600,000,000","Yes","No","$7,605,765,000"
"912794KK9","Bill","26-Week","12/12/1985","12/12/1985","06/12/1986","","No","","","No","","","$7,600,000,000","Yes","No","$7,608,570,000"
"912794JV7","Bill","13-Week","12/02/1985","12/05/1985","03/06/1986","","No","","","No","","","$7,600,000,000","Yes","No","$7,611,510,000"
"912794KJ2","Bill","26-Week","12/02/1985","12/05/1985","06/05/1986","","No","","","No","","","$7,600,000,000","No","No","$7,605,730,000"
"912827SZ6","Note","5-Year 2-Month","11/27/1985","12/03/1985","02/15/1991","","No","","","No","9.125%","","$7,500,000,000","No","No","$7,649,471,000"
"912794KT0","Bill","52-Week","11/26/1985","11/29/1985","11/28/1986","","No","","","No","","","$9,000,000,000","No","No","$9,045,290,000"
"912794JU9","Bill","13-Week","11/25/1985","11/29/1985","02/27/1986","","No","","","No","","","$7,400,000,000","Yes","No","$7,404,020,000"
"912794KH6","Bill","26-Week","11/25/1985","11/29/1985","05/29/1986","","No","","","No","","","$7,400,000,000","No","No","$7,412,535,000"
"912810DT2","Bond","30-Year","11/22/1985","11/29/1985","11/15/2015","","No","","","No","9.875%","","$6,750,000,000","No","No","$6,891,626,000"
"912827SY9","Note","10-Year","11/21/1985","11/29/1985","11/15/1995","","No","","","No","9.500%","","$7,000,000,000","No","No","$7,293,560,000"
"912827SW3","Note","2-Year","11/20/1985","12/02/1985","11/30/1987","","No","","","No","8.500%","","$9,500,000,000","No","No","$10,584,820,000"
"912827SX1","Note","3-Year","11/19/1985","11/26/1985","11/15/1988","","No","","","No","8.625%","","$8,750,000,000","No","No","$9,109,400,000"
"912794JT2","Bill","13-Week","11/18/1985","11/21/1985","02/20/1986","","No","","","No","","","$7,400,000,000","Yes","No","$7,408,815,000"
"912794KG8","Bill","26-Week","11/18/1985","11/21/1985","05/22/1986","","No","","","No","","","$7,400,000,000","No","No","$7,442,770,000"
"912794HP2","Bill","14-Day","11/15/1985","11/15/1985","11/29/1985","","Yes","","","No","","","$18,000,000,000","Yes","No","$18,006,000,000"
"912794JP0","Bill","69-Day","11/15/1985","11/15/1985","01/23/1986","","Yes","","","No","","","$4,000,000,000","Yes","No","$4,009,000,000"
"912794JS4","Bill","13-Week","11/12/1985","11/14/1985","02/13/1986","","No","","","No","","","$6,700,000,000","Yes","No","$6,703,655,000"
"912794KF0","Bill","26-Week","11/12/1985","11/14/1985","05/15/1986","","No","","","No","","","$6,700,000,000","Yes","No","$6,719,040,000"
"912794JY1","Bill","142-Day","11/05/1985","11/05/1985","03/27/1986","","Yes","","","No","","","$3,000,000,000","Yes","No","$3,004,000,000"
"912794JR6","Bill","13-Week","11/04/1985","11/07/1985","02/06/1986","","No","","","No","","","$7,200,000,000","Yes","No","$7,209,155,000"
"912794KE3","Bill","26-Week","11/04/1985","11/07/1985","05/08/1986","","No","","","No","","","$7,200,000,000","No","No","$7,208,435,000"
"912810DR6","Bond","19-Year 9-Month","10/31/1985","11/04/1985","08/15/2005","","No","","","No","10.750%","","$4,750,000,000","Yes","No","$4,755,359,000"
"912827SV5","Note","6-Year 11-Month","10/30/1985","11/01/1985","10/15/1992","","No","","","No","9.750%","","$6,250,000,000","No","No","$6,274,030,000"
"912827SU7","Note","3-Year 11-Month","10/29/1985","11/01/1985","09/30/1989","","No","","","No","9.375%","","$6,750,000,000","No","No","$7,272,167,000"
"912794JQ8","Bill","13-Week","10/28/1985","10/31/1985","01/30/1986","","No","","","No","","","$7,100,000,000","Yes","No","$7,130,495,000"
"912794KD5","Bill","26-Week","10/28/1985","10/31/1985","05/01/1986","","No","","","No","","","$7,100,000,000","No","No","$7,105,920,000"
"912794KS2","Bill","52-Week","10/24/1985","10/31/1985","10/30/1986","","No","","","No","","","$8,300,000,000","No","No","$8,304,745,000"
"912827ST0","Note","2-Year","10/23/1985","10/31/1985","10/31/1987","","No","","","No","8.875%","","$9,250,000,000","No","No","$10,198,965,000"
"912794JP0","Bill","13-Week","10/21/1985","10/24/1985","01/23/1986","","No","","","No","","","$6,900,000,000","Yes","No","$6,903,060,000"
"912794KC7","Bill","26-Week","10/21/1985","10/24/1985","04/24/1986","","No","","","No","","","$6,900,000,000","No","No","$6,916,775,000"
"912794JN5","Bill","13-Week","10/15/1985","10/17/1985","01/16/1986","","No","","","No","","","$7,000,000,000","Yes","No","$7,007,775,000"
"912794KB9","Bill","26-Week","10/15/1985","10/17/1985","04/17/1986","","No","","","No","","","$7,000,000,000","Yes","No","$7,014,855,000"
"912794HQ0","Bill","78-Day","10/09/1985","10/09/1985","12/26/1985","","Yes","","","No","","","$5,000,000,000","Yes","No","$5,010,000,000"
"912794JM7","Bill","13-Week","10/07/1985","10/10/1985","01/09/1986","","No","","","No","","","$7,000,000,000","Yes","No","$7,012,015,000"
"912794KA1","Bill","26-Week","10/07/1985","10/10/1985","04/10/1986","","No","","","No","","","$7,000,000,000","No","No","$7,004,290,000"
"912794JL9","Bill","13-Week","09/30/1985","10/03/1985","01/02/1986","","No","","","No","","","$6,800,000,000","Yes","No","$6,804,775,000"
"912794JZ8","Bill","26-Week","09/30/1985","10/03/1985","04/03/1986","","No","","","No","","","$6,800,000,000","No","No","$6,834,360,000"
"912794KR4","Bill","52-Week","09/26/1985","10/03/1985","10/02/1986","","No","","","No","","","$8,300,000,000","No","No","$8,404,770,000"
"912794HQ0","Bill","13-Week","09/23/1985","09/26/1985","12/26/1985","","No","","","No","","","$4,500,000,000","Yes","No","$4,514,390,000"
"912794JY1","Bill","26-Week","09/23/1985","09/26/1985","03/27/1986","","No","","","No","","","$4,500,000,000","No","No","$4,502,635,000"
"912827SS2","Note","2-Year","09/18/1985","09/30/1985","09/30/1987","","No","","","No","9.000%","","$9,250,000,000","No","No","$9,995,175,000"
"912794JK1","Bill","13-Week","09/16/1985","09/19/1985","12/19/1985","","No","","","No","","","$7,200,000,000","Yes","No","$7,219,650,000"
"912794JX3","Bill","26-Week","09/16/1985","09/19/1985","03/20/1986","","No","","","No","","","$7,200,000,000","Yes","No","$7,202,255,000"
"912794JJ4","Bill","13-Week","09/09/1985","09/12/1985","12/12/1985","","No","","","No","","","$7,200,000,000","Yes","No","$7,201,090,000"
"912794JW5","Bill","26-Week","09/09/1985","09/12/1985","03/13/1986","","No","","","No","","","$7,200,000,000","No","No","$7,204,595,000"
"912794JH8","Bill","13-Week","09/03/1985","09/05/1985","12/05/1985","","No","","","No","","","$7,200,000,000","Yes","No","$7,207,845,000"
"912794JV7","Bill","26-Week","09/03/1985","09/05/1985","03/06/1986","","No","","","No","","","$7,200,000,000","No","No","$7,216,925,000"
"912794KQ6","Bill","52-Week","08/29/1985","09/05/1985","09/04/1986","","No","","","No","","","$8,750,000,000","No","No","$8,784,205,000"
"912794HZ0","Bill","16-Day","08/29/1985","09/03/1985","09/19/1985","","Yes","","","No","","","$3,000,000,000","Yes","No","$3,004,000,000"
"912827SR4","Note","5-Year 2-Month","08/28/1985","09/03/1985","11/15/1990","","No","","","No","9.625%","","$7,250,000,000","No","No","$7,813,605,000"
"912794HP2","Bill","13-Week","08/26/1985","08/29/1985","11/29/1985","","No","","","No","","","$7,200,000,000","Yes","No","$7,220,280,000"
"912794JU9","Bill","26-Week","08/26/1985","08/29/1985","02/27/1986","","No","","","No","","","$7,200,000,000","No","No","$7,223,065,000"
"912827SQ6","Note","2-Year","08/21/1985","09/03/1985","08/31/1987","","No","","","No","8.875%","","$9,250,000,000","No","No","$10,318,020,000"
"912794JG0","Bill","13-Week","08/19/1985","08/22/1985","11/21/1985","","No","","","No","","","$7,200,000,000","Yes","No","$7,209,005,000"
"912794JT2","Bill","26-Week","08/19/1985","08/22/1985","02/20/1986","","No","","","No","","","$7,200,000,000","Yes","No","$7,207,615,000"
"912794JF2","Bill","13-Week","08/12/1985","08/15/1985","11/14/1985","","No","","","No","","","$7,200,000,000","Yes","No","$7,266,325,000"
"912794JS4","Bill","26-Week","08/12/1985","08/15/1985","02/13/1986","","No","","","No","","","$7,200,000,000","No","No","$7,392,580,000"
"912810DS4","Bond","30-Year","08/08/1985","08/15/1985","08/15/2015","","No","","","No","10.625%","","$6,500,000,000","No","No","$7,150,901,000"
"912827SP8","Note","10-Year","08/07/1985","08/15/1985","08/15/1995","","No","","","No","10.500%","","$6,750,000,000","No","No","$7,938,099,000"
"912827SN3","Note","3-Year","08/06/1985","08/15/1985","08/15/1988","","No","","","No","9.500%","","$8,500,000,000","No","No","$10,808,985,000"
"912794JE5","Bill","13-Week","08/05/1985","08/08/1985","11/07/1985","","No","","","No","","","$7,200,000,000","Yes","No","$7,235,895,000"
"912794JR6","Bill","26-Week","08/05/1985","08/08/1985","02/06/1986","","No","","","No","","","$7,200,000,000","No","No","$7,228,195,000"
"912794KP8","Bill","52-Week","08/01/1985","08/08/1985","08/07/1986","","No","","","No","","","$8,750,000,000","No","No","$8,757,930,000"
"912794HN7","Bill","13-Week","07/29/1985","08/01/1985","10/31/1985","","No","","","No","","","$7,200,000,000","Yes","No","$7,203,760,000"
"912794JQ8","Bill","26-Week","07/29/1985","08/01/1985","01/30/1986","","No","","","No","","","$7,200,000,000","No","No","$7,201,325,000"
"912827SM5","Note","2-Year","07/24/1985","07/31/1985","07/31/1987","","No","","","No","8.875%","","$9,250,000,000","No","No","$10,072,765,000"
"912794JD7","Bill","13-Week","07/22/1985","07/25/1985","10/24/1985","","No","","","No","","","$7,200,000,000","Yes","No","$7,235,485,000"
"912794JP0","Bill","26-Week","07/22/1985","07/25/1985","01/23/1986","","No","","","No","","","$7,200,000,000","Yes","No","$7,288,860,000"
"912794JC9","Bill","13-Week","07/15/1985","07/18/1985","10/17/1985","","No","","","No","","","$7,200,000,000","Yes","No","$7,202,875,000"
"912794JN5","Bill","26-Week","07/15/1985","07/18/1985","01/16/1986","","No","","","No","","","$7,200,000,000","No","No","$7,223,910,000"
"912794KN3","Bill","52-Week","07/09/1985","07/11/1985","07/10/1986","","No","","","No","","","$8,500,000,000","No","No","$8,506,190,000"
"912794JB1","Bill","13-Week","07/08/1985","07/11/1985","10/10/1985","","No","","","No","","","$7,200,000,000","Yes","No","$7,209,375,000"
"912794JM7","Bill","26-Week","07/08/1985","07/11/1985","01/09/1986","","No","","","No","","","$7,200,000,000","No","No","$7,204,175,000"
"912794HM9","Bill","13-Week","07/01/1985","07/05/1985","10/03/1985","","No","","","No","","","$7,000,000,000","Yes","No","$7,011,055,000"
"912794JL9","Bill","26-Week","07/01/1985","07/05/1985","01/02/1986","","No","","","No","","","$7,000,000,000","No","No","$7,023,465,000"
"912810DR6","Bond","20-Year 1-Month","06/27/1985","07/02/1985","08/15/2005","","No","","","No","10.750%","","$4,500,000,000","No","No","$4,510,004,000"
"912827SL7","Note","7-Year","06/26/1985","07/02/1985","07/15/1992","","No","","","No","10.375%","","$6,000,000,000","No","No","$6,289,736,000"
"912827SK9","Note","4-Year","06/25/1985","07/01/1985","06/30/1989","","No","","","No","9.625%","","$6,500,000,000","No","No","$7,451,895,000"
"912794JA3","Bill","13-Week","06/24/1985","06/27/1985","09/26/1985","","No","","","No","","","$7,000,000,000","Yes","No","$7,021,535,000"
"912794HQ0","Bill","26-Week","06/24/1985","06/27/1985","12/26/1985","","No","","","No","","","$7,000,000,000","Yes","No","$7,019,945,000"
"912827SJ2","Note","2-Year","06/19/1985","07/01/1985","06/30/1987","","No","","","No","8.500%","","$9,250,000,000","No","No","$10,585,555,000"
"912794HZ0","Bill","13-Week","06/17/1985","06/20/1985","09/19/1985","","No","","","No","","","$7,000,000,000","Yes","No","$7,001,765,000"
"912794JK1","Bill","26-Week","06/17/1985","06/20/1985","12/19/1985","","No","","","No","","","$7,000,000,000","No","No","$7,006,970,000"
"912794HY3","Bill","13-Week","06/10/1985","06/13/1985","09/12/1985","","No","","","No","","","$7,000,000,000","Yes","No","$7,009,980,000"
"912794JJ4","Bill","26-Week","06/10/1985","06/13/1985","12/12/1985","","No","","","No","","","$7,000,000,000","No","No","$7,011,295,000"
"912794KK9","Bill","52-Week","06/06/1985","06/13/1985","06/12/1986","","No","","","No","","","$8,500,000,000","No","No","$8,511,340,000"
"912794HL1","Bill","13-Week","06/03/1985","06/06/1985","09/05/1985","","No","","","No","","","$7,000,000,000","Yes","No","$7,000,645,000"
"912794JH8","Bill","26-Week","06/03/1985","06/06/1985","12/05/1985","","No","","","No","","","$7,000,000,000","No","No","$7,001,870,000"
"912794HG2","Bill","17-Day","05/30/1985","06/03/1985","06/20/1985","","Yes","","","No","","","$7,000,000,000","Yes","No","$7,051,700,000"
"912827SG8","Note","5-Year 2-Month","05/29/1985","06/04/1985","08/15/1990","","No","","","No","9.875%","","$7,000,000,000","No","No","$7,167,148,000"
"912827SH6","Note","5-Year 2-Month","05/29/1985","06/04/1985","08/15/1990","","No","","","No","9.875%","","$1,000,000,000","No","No","$1,000,400,000"
"912794HX5","Bill","13-Week","05/28/1985","05/30/1985","08/29/1985","","No","","","No","","","$7,000,000,000","Yes","No","$7,012,675,000"
"912794HP2","Bill","26-Week","05/28/1985","05/30/1985","11/29/1985","","No","","","No","","","$7,000,000,000","Yes","No","$7,006,815,000"
"912827SF0","Note","2-Year","05/22/1985","05/31/1985","05/31/1987","","No","","","No","9.125%","","$9,000,000,000","No","No","$10,285,395,000"
"912794HW7","Bill","13-Week","05/20/1985","05/23/1985","08/22/1985","","No","","","No","","","$7,000,000,000","Yes","No","$7,000,575,000"
"912794JG0","Bill","26-Week","05/20/1985","05/23/1985","11/21/1985","","No","","","No","","","$7,000,000,000","No","No","$7,000,955,000"
"912794KF0","Bill","52-Week","05/14/1985","05/16/1985","05/15/1986","","No","","","No","","","$8,500,000,000","No","No","$8,524,400,000"
"912794HV9","Bill","13-Week","05/13/1985","05/16/1985","08/15/1985","","No","","","No","","","$7,000,000,000","Yes","No","$7,001,070,000"
"912794JF2","Bill","26-Week","05/13/1985","05/16/1985","11/14/1985","","No","","","No","","","$7,000,000,000","No","No","$7,002,620,000"
"912810DP0","Bond","29-Year 9-Month","05/09/1985","05/15/1985","02/15/2015","","No","","","No","11.250%","","$6,000,000,000","Yes","No","$6,424,666,000"
"912827SE3","Note","10-Year","05/08/1985","05/15/1985","05/15/1995","","No","","","No","11.250%","","$6,500,000,000","No","No","$7,105,625,000"
"912827SD5","Note","3-Year","05/07/1985","05/15/1985","05/15/1988","","No","","","No","10.000%","","$8,000,000,000","No","No","$9,875,195,000"
"912794HK3","Bill","13-Week","05/06/1985","05/09/1985","08/08/1985","","No","","","No","","","$7,000,000,000","Yes","No","$7,002,125,000"
"912794JE5","Bill","26-Week","05/06/1985","05/09/1985","11/07/1985","","No","","","No","","","$7,000,000,000","No","No","$7,016,760,000"
"912794HU1","Bill","13-Week","04/29/1985","05/02/1985","08/01/1985","","No","","","No","","","$6,850,000,000","Yes","No","$6,906,935,000"
"912794HN7","Bill","26-Week","04/29/1985","05/02/1985","10/31/1985","","No","","","No","","","$6,850,000,000","Yes","No","$7,032,170,000"
"912827SC7","Note","2-Year","04/24/1985","04/30/1985","04/30/1987","","No","","","No","9.750%","","$9,000,000,000","No","No","$9,895,665,000"
"912794HT4","Bill","13-Week","04/22/1985","04/25/1985","07/25/1985","","No","","","No","","","$6,500,000,000","Yes","No","$6,509,820,000"
"912794JD7","Bill","26-Week","04/22/1985","04/25/1985","10/24/1985","","No","","","No","","","$6,500,000,000","No","No","$6,507,995,000"
"912794HS6","Bill","13-Week","04/15/1985","04/18/1985","07/18/1985","","No","","","No","","","$6,850,000,000","Yes","No","$6,862,855,000"
"912794JC9","Bill","26-Week","04/15/1985","04/18/1985","10/17/1985","","No","","","No","","","$6,850,000,000","No","No","$6,850,795,000"
"912794GK4","Bill","3-Day","04/12/1985","04/15/1985","04/18/1985","","Yes","","","No","","","$4,000,000,000","Yes","No","$4,001,000,000"
"912794KB9","Bill","52-Week","04/11/1985","04/18/1985","04/17/1986","","No","","","No","","","$8,300,000,000","No","No","$8,336,820,000"
"912794HJ6","Bill","13-Week","04/08/1985","04/11/1985","07/11/1985","","No","","","No","","","$6,650,000,000","Yes","No","$6,681,050,000"
"912794JB1","Bill","26-Week","04/08/1985","04/11/1985","10/10/1985","","No","","","No","","","$6,650,000,000","No","No","$6,713,150,000"
"912794HR8","Bill","13-Week","04/01/1985","04/04/1985","07/05/1985","","No","","","No","","","$6,550,000,000","Yes","No","$6,563,600,000"
"912794HM9","Bill","26-Week","04/01/1985","04/04/1985","10/03/1985","","No","","","No","","","$6,550,000,000","Yes","No","$6,557,025,000"
"912810DQ8","Bond","20-Year 1-Month","03/28/1985","04/02/1985","05/15/2005","","No","","","No","12.000%","","$4,250,000,000","No","No","$4,260,691,000"
"912827SB9","Note","7-Year","03/27/1985","04/02/1985","04/15/1992","","No","","","No","11.750%","","$5,750,000,000","No","No","$5,851,990,000"
"912827SA1","Note","4-Year","03/26/1985","04/01/1985","03/31/1989","","No","","","No","11.250%","","$6,250,000,000","No","No","$6,920,103,000"
"912794HH0","Bill","13-Week","03/25/1985","03/28/1985","06/27/1985","","No","","","No","","","$7,000,000,000","Yes","No","$7,079,395,000"
"912794JA3","Bill","26-Week","03/25/1985","03/28/1985","09/26/1985","","No","","","No","","","$7,000,000,000","No","No","$7,014,135,000"
"912827RZ7","Note","2-Year","03/20/1985","04/01/1985","03/31/1987","","No","","","No","10.750%","","$9,000,000,000","No","No","$10,205,330,000"
"912794HG2","Bill","13-Week","03/18/1985","03/21/1985","06/20/1985","","No","","","No","","","$7,000,000,000","Yes","No","$7,000,235,000"
"912794HZ0","Bill","26-Week","03/18/1985","03/21/1985","09/19/1985","","No","","","No","","","$7,000,000,000","No","No","$7,000,310,000"
"912794JX3","Bill","52-Week","03/14/1985","03/21/1985","03/20/1986","","No","","","No","","","$8,500,000,000","No","No","$8,505,565,000"
"912794GM0","Bill","13-Week","03/11/1985","03/14/1985","06/13/1985","","No","","","No","","","$7,000,000,000","Yes","No","$7,037,955,000"
"912794HY3","Bill","26-Week","03/11/1985","03/14/1985","09/12/1985","","No","","","No","","","$7,000,000,000","No","No","$7,036,210,000"
"912794HF4","Bill","13-Week","03/04/1985","03/07/1985","06/06/1985","","No","","","No","","","$7,000,000,000","Yes","No","$7,004,845,000"
"912794HL1","Bill","26-Week","03/04/1985","03/07/1985","09/05/1985","","No","","","No","","","$7,000,000,000","Yes","No","$7,015,285,000"
"912827RY0","Note","5-Year 2-Month","02/26/1985","03/01/1985","05/15/1990","","No","","","No","11.375%","","$7,000,000,000","No","No","$7,005,188,000"
"912794HE7","Bill","13-Week","02/25/1985","02/28/1985","05/30/1985","","No","","","No","","","$7,000,000,000","Yes","No","$7,001,735,000"
"912794HX5","Bill","26-Week","02/25/1985","02/28/1985","08/29/1985","","No","","","No","","","$7,000,000,000","No","No","$7,006,515,000"
"912827RX2","Note","2-Year","02/20/1985","02/28/1985","02/28/1987","","No","","","No","10.000%","","$9,000,000,000","No","No","$9,978,135,000"
"912794HD9","Bill","13-Week","02/19/1985","02/21/1985","05/23/1985","","No","","","No","","","$7,000,000,000","Yes","No","$7,002,065,000"
"912794HW7","Bill","26-Week","02/19/1985","02/21/1985","08/22/1985","","No","","","No","","","$7,000,000,000","No","No","$7,004,495,000"
"912794JT2","Bill","52-Week","02/14/1985","02/21/1985","02/20/1986","","No","","","No","","","$8,500,000,000","No","No","$8,503,680,000"
"912794GL2","Bill","13-Week","02/11/1985","02/14/1985","05/16/1985","","No","","","No","","","$7,000,000,000","Yes","No","$7,000,890,000"
"912794HV9","Bill","26-Week","02/11/1985","02/14/1985","08/15/1985","","No","","","No","","","$7,000,000,000","No","No","$7,004,820,000"
"912810DP0","Bond","30-Year","02/07/1985","02/15/1985","02/15/2015","","No","","","No","11.250%","","$5,750,000,000","No","No","$6,243,782,000"
"912827RW4","Note","10-Year","02/06/1985","02/15/1985","02/15/1995","","No","","","No","11.250%","","$6,000,000,000","No","No","$6,921,882,000"
"912827RV6","Note","3-Year","02/05/1985","02/15/1985","02/15/1988","","No","","","No","10.375%","","$7,250,000,000","No","No","$8,375,555,000"
"912794HC1","Bill","13-Week","02/04/1985","02/07/1985","05/09/1985","","No","","","No","","","$7,000,000,000","Yes","No","$7,015,670,000"
"912794HK3","Bill","26-Week","02/04/1985","02/07/1985","08/08/1985","","No","","","No","","","$7,000,000,000","Yes","No","$7,020,430,000"
"912794HB3","Bill","13-Week","01/28/1985","01/31/1985","05/02/1985","","No","","","No","","","$7,000,000,000","Yes","No","$7,001,430,000"
"912794HU1","Bill","26-Week","01/28/1985","01/31/1985","08/01/1985","","No","","","No","","","$7,000,000,000","No","No","$7,006,300,000"
"912827RU8","Note","2-Year","01/23/1985","01/31/1985","01/31/1987","","No","","","No","9.750%","","$9,000,000,000","No","No","$10,125,270,000"
"912794HA5","Bill","13-Week","01/22/1985","01/24/1985","04/25/1985","","No","","","No","","","$7,000,000,000","Yes","No","$6,431,305,000"
"912794HT4","Bill","26-Week","01/22/1985","01/24/1985","07/25/1985","","No","","","No","","","$7,000,000,000","No","No","$7,054,265,000"
"912794JP0","Bill","52-Week","01/17/1985","01/24/1985","01/23/1986","","No","","","No","","","$8,500,000,000","No","No","$8,528,755,000"
"912794GK4","Bill","13-Week","01/14/1985","01/17/1985","04/18/1985","","No","","","No","","","$7,000,000,000","Yes","No","$7,018,220,000"
"912794HS6","Bill","26-Week","01/14/1985","01/17/1985","07/18/1985","","No","","","No","","","$7,000,000,000","No","No","$7,004,620,000"
"912794GZ1","Bill","13-Week","01/07/1985","01/10/1985","04/11/1985","","No","","","No","","","$7,000,000,000","Yes","No","$7,064,620,000"
"912794HJ6","Bill","26-Week","01/07/1985","01/10/1985","07/11/1985","","No","","","No","","","$7,000,000,000","Yes","No","$7,215,140,000"
"912810DM7","Bond","19-Year 10-Month","01/03/1985","01/08/1985","11/15/2004","","No","","","No","11.625%","","$4,250,000,000","Yes","No","$4,282,735,000"
"912827RT1","Note","7-Year","01/02/1985","01/04/1985","01/15/1992","","No","","","No","11.625%","","$5,750,000,000","No","No","$5,751,868,000"
"912794GY4","Bill","13-Week","12/28/1984","01/03/1985","04/04/1985","","No","","","No","","","$7,000,000,000","Yes","No","$7,036,065,000"
"912794HR8","Bill","26-Week","12/28/1984","01/03/1985","07/05/1985","","No","","","No","","","$7,000,000,000","No","No","$7,033,845,000"
"912827RS3","Note","4-Year","12/26/1984","12/31/1984","12/31/1988","","No","","","No","10.625%","","$6,200,000,000","No","No","$6,792,383,000"
"912794GX6","Bill","13-Week","12/21/1984","12/27/1984","03/28/1985","","No","","","No","","","$6,800,000,000","Yes","No","$6,809,450,000"
"912794HH0","Bill","26-Week","12/21/1984","12/27/1984","06/27/1985","","No","","","No","","","$6,800,000,000","No","No","$6,802,260,000"
"912794HQ0","Bill","52-Week","12/20/1984","12/27/1984","12/26/1985","","No","","","No","","","$8,500,000,000","No","No","$8,575,520,000"
"912827RR5","Note","2-Year","12/19/1984","12/31/1984","12/31/1986","","No","","","No","9.875%","","$9,000,000,000","No","No","$10,004,505,000"
"912794GJ7","Bill","13-Week","12/17/1984","12/20/1984","03/21/1985","","No","","","No","","","$6,800,000,000","Yes","No","$6,888,515,000"
"912794HG2","Bill","26-Week","12/17/1984","12/20/1984","06/20/1985","","No","","","No","","","$6,800,000,000","No","No","$6,938,550,000"
"912794GW8","Bill","13-Week","12/10/1984","12/13/1984","03/14/1985","","No","","","No","","","$6,800,000,000","Yes","No","$6,874,570,000"
"912794GM0","Bill","26-Week","12/10/1984","12/13/1984","06/13/1985","","No","","","No","","","$6,800,000,000","Yes","No","$6,902,375,000"
"912794GV0","Bill","13-Week","12/03/1984","12/06/1984","03/07/1985","","No","","","No","","","$6,800,000,000","Yes","No","$6,804,230,000"
"912794HF4","Bill","26-Week","12/03/1984","12/06/1984","06/06/1985","","No","","","No","","","$6,800,000,000","No","No","$6,803,940,000"
"912794GF5","Bill","17-Day","11/29/1984","12/03/1984","12/20/1984","","Yes","","","No","","","$5,000,000,000","Yes","No","$5,013,000,000"
"912794GQ1","Bill","45-Day","11/29/1984","12/03/1984","01/17/1985","","Yes","","","No","","","$5,000,000,000","Yes","No","$5,007,000,000"
"912827RP9","Note","5-Year 2-Month","11/28/1984","12/03/1984","02/15/1990","","No","","","No","11.000%","","$6,750,000,000","No","No","$6,926,522,000"
"912827RQ7","Note","5-Year 2-Month","11/28/1984","12/03/1984","02/15/1990","","No","","","No","11.000%","","$1,000,000,000","No","No","$1,000,400,000"
"912794HP2","Bill","52-Week","11/27/1984","11/29/1984","11/29/1985","","No","","","No","","","$8,500,000,000","No","No","$8,524,785,000"
"912794GU2","Bill","13-Week","11/26/1984","11/29/1984","02/28/1985","","No","","","No","","","$6,800,000,000","Yes","No","$6,804,785,000"
"912794HE7","Bill","26-Week","11/26/1984","11/29/1984","05/30/1985","","No","","","No","","","$6,800,000,000","No","No","$6,802,455,000"
"912827RN4","Note","2-Year","11/21/1984","11/30/1984","11/30/1986","","No","","","No","10.375%","","$9,000,000,000","No","No","$9,940,625,000"
"912794GH1","Bill","13-Week","11/19/1984","11/23/1984","02/21/1985","","No","","","No","","","$6,800,000,000","Yes","No","$6,805,045,000"
"912794HD9","Bill","26-Week","11/19/1984","11/23/1984","05/23/1985","","No","","","No","","","$6,800,000,000","No","No","$6,803,910,000"
"912794GT5","Bill","13-Week","11/13/1984","11/15/1984","02/14/1985","","No","","","No","","","$6,800,000,000","Yes","No","$6,831,830,000"
"912794GL2","Bill","26-Week","11/13/1984","11/15/1984","05/16/1985","","No","","","No","","","$6,800,000,000","Yes","No","$6,908,850,000"
"912810DN5","Bond","30-Year","11/08/1984","11/15/1984","11/15/2014","","No","","","No","11.750%","","$5,250,000,000","No","No","$6,003,093,000"
"912827RM6","Note","10-Year","11/07/1984","11/15/1984","11/15/1994","","No","","","No","11.625%","","$5,750,000,000","No","No","$6,650,093,000"
"912827RL8","Note","3-Year","11/05/1984","11/15/1984","11/15/1987","","No","","","No","11.000%","","$6,500,000,000","No","No","$8,126,505,000"
"912794GS7","Bill","13-Week","11/05/1984","11/08/1984","02/07/1985","","No","","","No","","","$6,800,000,000","Yes","No","$6,867,575,000"
"912794HC1","Bill","26-Week","11/05/1984","11/08/1984","05/09/1985","","No","","","No","","","$6,800,000,000","No","No","$6,896,105,000"
"912794GR9","Bill","13-Week","10/29/1984","11/01/1984","01/31/1985","","No","","","No","","","$6,600,000,000","Yes","No","$6,618,330,000"
"912794HB3","Bill","26-Week","10/29/1984","11/01/1984","05/02/1985","","No","","","No","","","$6,600,000,000","No","No","$6,600,300,000"
"912794HN7","Bill","52-Week","10/25/1984","11/01/1984","10/31/1985","","No","","","No","","","$8,250,000,000","No","No","$8,256,050,000"
"912827RH7","Note","3-Year 11-Month","10/24/1984","10/31/1984","09/30/1988","","No","","","No","11.375%","","$6,000,000,000","No","No","$6,535,202,000"
"912827RJ3","Note","3-Year 11-Month","10/24/1984","10/31/1984","09/30/1988","","No","","","No","11.375%","","$1,000,000,000","No","No","$1,001,000,000"
"912810DM7","Bond","20-Year 1-Month","10/23/1984","10/30/1984","11/15/2004","","No","","","No","11.625%","","$4,000,000,000","No","No","$4,004,780,000"
"912794GG3","Bill","13-Week","10/22/1984","10/25/1984","01/24/1985","","No","","","No","","","$6,600,000,000","Yes","No","$6,603,085,000"
"912794HA5","Bill","26-Week","10/22/1984","10/25/1984","04/25/1985","","No","","","No","","","$6,600,000,000","No","No","$6,603,320,000"
"912827RK0","Note","2-Year","10/17/1984","10/31/1984","10/31/1986","","No","","","No","11.625%","","$8,800,000,000","No","No","$9,704,175,000"
"912827RG9","Note","7-Year","10/16/1984","10/23/1984","10/15/1991","","No","","","No","12.250%","","$5,500,000,000","No","No","$5,742,819,000"
"912794GQ1","Bill","13-Week","10/15/1984","10/18/1984","01/17/1985","","No","","","No","","","$6,600,000,000","Yes","No","$6,612,920,000"
"912794GK4","Bill","26-Week","10/15/1984","10/18/1984","04/18/1985","","No","","","No","","","$6,600,000,000","Yes","No","$6,612,260,000"
"912794GP3","Bill","13-Week","10/09/1984","10/11/1984","01/10/1985","","No","","","No","","","$6,200,000,000","Yes","No","$6,201,385,000"
"912794GZ1","Bill","26-Week","10/09/1984","10/11/1984","04/11/1985","","No","","","No","","","$6,200,000,000","No","No","$6,201,595,000"
"912794GN8","Bill","13-Week","10/01/1984","10/04/1984","01/03/1985","","No","","","No","","","$6,000,000,000","Yes","No","$6,003,185,000"
"912794GY4","Bill","26-Week","10/01/1984","10/04/1984","04/04/1985","","No","","","No","","","$6,000,000,000","No","No","$6,014,545,000"
"912794HM9","Bill","52-Week","09/27/1984","10/04/1984","10/03/1985","","No","","","No","","","$8,250,000,000","No","No","$8,284,970,000"
"912794FL3","Bill","13-Week","09/24/1984","09/27/1984","12/27/1984","","No","","","No","","","$6,600,000,000","Yes","No","$6,600,010,000"
"912794GX6","Bill","26-Week","09/24/1984","09/27/1984","03/28/1985","","No","","","No","","","$6,600,000,000","No","No","$6,604,915,000"
"912827RF1","Note","2-Year","09/19/1984","10/01/1984","09/30/1986","","No","","","No","11.875%","","$8,500,000,000","No","No","$9,478,195,000"
"912794GF5","Bill","13-Week","09/17/1984","09/20/1984","12/20/1984","","No","","","No","","","$6,600,000,000","Yes","No","$6,612,800,000"
"912794GJ7","Bill","26-Week","09/17/1984","09/20/1984","03/21/1985","","No","","","No","","","$6,600,000,000","Yes","No","$6,614,565,000"
"912794GE8","Bill","13-Week","09/10/1984","09/13/1984","12/13/1984","","No","","","No","","","$6,600,000,000","Yes","No","$6,601,845,000"
"912794GW8","Bill","26-Week","09/10/1984","09/13/1984","03/14/1985","","No","","","No","","","$6,600,000,000","No","No","$6,600,774,000"
"912794GD0","Bill","13-Week","09/04/1984","09/06/1984","12/06/1984","","No","","","No","","","$6,600,000,000","Yes","No","$6,609,885,000"
"912794GV0","Bill","26-Week","09/04/1984","09/06/1984","03/07/1985","","No","","","No","","","$6,600,000,000","No","No","$6,604,705,000"
"912794HL1","Bill","52-Week","08/30/1984","09/06/1984","09/05/1985","","No","","","No","","","$8,250,000,000","No","No","$8,427,365,000"
"912827RE4","Note","5-Year 2-Month","08/29/1984","09/04/1984","11/15/1989","","No","","","No","12.750%","","$6,500,000,000","No","No","$6,530,684,000"
"912794FV1","Bill","20-Day","08/28/1984","08/31/1984","09/20/1984","","Yes","","","No","","","$8,000,000,000","Yes","No","$8,004,000,000"
"912794FK5","Bill","13-Week","08/27/1984","08/30/1984","11/29/1984","","No","","","No","","","$6,600,000,000","Yes","No","$6,608,500,000"
"912794GU2","Bill","26-Week","08/27/1984","08/30/1984","02/28/1985","","No","","","No","","","$6,600,000,000","No","No","$6,603,175,000"
"912827RD6","Note","2-Year","08/22/1984","08/31/1984","08/31/1986","","No","","","No","12.375%","","$8,500,000,000","No","No","$9,730,585,000"
"912794GC2","Bill","13-Week","08/20/1984","08/23/1984","11/23/1984","","No","","","No","","","$6,600,000,000","Yes","No","$6,605,030,000"
"912794GH1","Bill","26-Week","08/20/1984","08/23/1984","02/21/1985","","No","","","No","","","$6,600,000,000","Yes","No","$6,605,565,000"
"912794GB4","Bill","13-Week","08/13/1984","08/16/1984","11/15/1984","","No","","","No","","","$6,600,000,000","Yes","No","$6,623,385,000"
"912794GT5","Bill","26-Week","08/13/1984","08/16/1984","02/14/1985","","No","","","No","","","$6,600,000,000","No","No","$6,627,025,000"
"912810DL9","Bond","30-Year","08/09/1984","08/15/1984","08/15/2014","","No","","","No","12.500%","","$4,750,000,000","No","No","$5,130,107,000"
"912827RC8","Note","10-Year","08/08/1984","08/15/1984","08/15/1994","","No","","","No","12.625%","","$5,500,000,000","No","No","$6,301,631,000"
"912827RB0","Note","3-Year","08/07/1984","08/15/1984","08/15/1987","","No","","","No","12.375%","","$6,500,000,000","No","No","$7,606,985,000"
"912794GA6","Bill","13-Week","08/06/1984","08/09/1984","11/08/1984","","No","","","No","","","$6,600,000,000","Yes","No","$6,603,905,000"
"912794GS7","Bill","26-Week","08/06/1984","08/09/1984","02/07/1985","","No","","","No","","","$6,600,000,000","No","No","$6,616,765,000"
"912794HK3","Bill","52-Week","08/02/1984","08/09/1984","08/08/1985","","No","","","No","","","$8,250,000,000","No","No","$8,464,510,000"
"912794FJ8","Bill","13-Week","07/30/1984","08/02/1984","11/01/1984","","No","","","No","","","$6,600,000,000","Yes","No","$6,600,755,000"
"912794GR9","Bill","26-Week","07/30/1984","08/02/1984","01/31/1985","","No","","","No","","","$6,600,000,000","No","No","$6,601,695,000"
"912827RA2","Note","2-Year","07/25/1984","07/31/1984","07/31/1986","","No","","","No","12.625%","","$8,500,000,000","No","No","$10,093,155,000"
"912794FZ2","Bill","13-Week","07/23/1984","07/26/1984","10/25/1984","","No","","","No","","","$6,600,000,000","Yes","No","$6,601,275,000"
"912794GG3","Bill","26-Week","07/23/1984","07/26/1984","01/24/1985","","No","","","No","","","$6,600,000,000","Yes","No","$6,603,205,000"
"912794FY5","Bill","13-Week","07/16/1984","07/19/1984","10/18/1984","","No","","","No","","","$6,600,000,000","Yes","No","$6,600,190,000"
"912794GQ1","Bill","26-Week","07/16/1984","07/19/1984","01/17/1985","","No","","","No","","","$6,600,000,000","No","No","$6,603,590,000"
"912794HJ6","Bill","52-Week","07/10/1984","07/12/1984","07/11/1985","","No","","","No","","","$8,250,000,000","No","No","$8,381,805,000"
"912794FX7","Bill","13-Week","07/09/1984","07/12/1984","10/11/1984","","No","","","No","","","$6,400,000,000","Yes","No","$6,401,505,000"
"912794GP3","Bill","26-Week","07/09/1984","07/12/1984","01/10/1985","","No","","","No","","","$6,400,000,000","No","No","$6,407,890,000"
"912810DK1","Bond","20-Year 1-Month","07/05/1984","07/10/1984","08/15/2004","","No","","","No","13.750%","","$4,000,000,000","No","No","$4,001,224,000"
"912827QZ8","Note","7-Year","07/03/1984","07/09/1984","07/15/1991","","No","","","No","13.750%","","$5,500,000,000","No","No","$5,512,453,000"
"912794FH2","Bill","13-Week","07/02/1984","07/05/1984","10/04/1984","","No","","","No","","","$6,400,000,000","Yes","No","$6,409,120,000"
"912794GN8","Bill","26-Week","07/02/1984","07/05/1984","01/03/1985","","No","","","No","","","$6,400,000,000","No","No","$6,422,410,000"
"912827QY1","Note","4-Year","06/26/1984","07/02/1984","06/30/1988","","No","","","No","13.625%","","$6,000,000,000","No","No","$6,683,118,000"
"912794FW9","Bill","13-Week","06/25/1984","06/28/1984","09/27/1984","","No","","","No","","","$5,200,000,000","Yes","No","$5,261,345,000"
"912794FL3","Bill","26-Week","06/25/1984","06/28/1984","12/27/1984","","No","","","No","","","$5,200,000,000","Yes","No","$5,284,295,000"
"912827QX3","Note","2-Year","06/20/1984","07/02/1984","06/30/1986","","No","","","No","13.000%","","$8,500,000,000","No","No","$9,799,305,000"
"912794FV1","Bill","13-Week","06/18/1984","06/21/1984","09/20/1984","","No","","","No","","","$6,400,000,000","Yes","No","$6,423,845,000"
"912794GF5","Bill","26-Week","06/18/1984","06/21/1984","12/20/1984","","No","","","No","","","$6,400,000,000","No","No","$6,402,660,000"
"912794FU3","Bill","13-Week","06/11/1984","06/14/1984","09/13/1984","","No","","","No","","","$6,400,000,000","Yes","No","$6,410,930,000"
"912794GE8","Bill","26-Week","06/11/1984","06/14/1984","12/13/1984","","No","","","No","","","$6,400,000,000","No","No","$6,405,390,000"
"912794GM0","Bill","52-Week","06/07/1984","06/14/1984","06/13/1985","","No","","","No","","","$8,250,000,000","No","No","$8,354,270,000"
"912794FG4","Bill","13-Week","06/04/1984","06/07/1984","09/06/1984","","No","","","No","","","$6,400,000,000","Yes","No","$6,405,425,000"
"912794GD0","Bill","26-Week","06/04/1984","06/07/1984","12/06/1984","","No","","","No","","","$6,400,000,000","No","No","$6,404,650,000"
"912794FC3","Bill","17-Day","05/31/1984","06/04/1984","06/21/1984","","Yes","","","No","","","$3,000,000,000","Yes","No","$3,009,250,000"
"912794FQ2","Bill","59-Day","05/31/1984","06/04/1984","08/02/1984","","Yes","","","No","","","$3,000,000,000","Yes","No","$3,002,700,000"
"912794FJ8","Bill","150-Day","05/31/1984","06/04/1984","11/01/1984","","Yes","","","No","","","$3,000,000,000","Yes","No","$3,005,070,000"
"912827QW5","Note","5-Year 2-Month","05/31/1984","06/01/1984","08/15/1989","","No","","","No","13.875%","","$6,250,000,000","No","No","$6,250,892,000"
"912794FT6","Bill","13-Week","05/29/1984","05/31/1984","08/30/1984","","No","","","No","","","$6,300,000,000","Yes","No","$6,301,795,000"
"912794FK5","Bill","26-Week","05/29/1984","05/31/1984","11/29/1984","","No","","","No","","","$6,300,000,000","Yes","No","$6,303,760,000"
"912794FC3","Bill","22-Day","05/29/1984","05/30/1984","06/21/1984","","Yes","","","No","","","$6,000,000,000","Yes","No","$6,000,800,000"
"912827QV7","Note","2-Year","05/23/1984","05/31/1984","05/31/1986","","No","","","No","12.625%","","$8,250,000,000","No","No","$9,067,845,000"
"912794FF6","Bill","77-Day","05/23/1984","05/24/1984","08/09/1984","","Yes","","","No","","","$2,000,000,000","Yes","No","$2,001,900,000"
"912794GA6","Bill","168-Day","05/23/1984","05/24/1984","11/08/1984","","Yes","","","No","","","$2,000,000,000","Yes","No","$2,004,300,000"
"912794FS8","Bill","13-Week","05/21/1984","05/24/1984","08/23/1984","","No","","","No","","","$6,350,000,000","Yes","No","$6,352,930,000"
"912794GC2","Bill","26-Week","05/21/1984","05/24/1984","11/23/1984","","No","","","No","","","$6,350,000,000","No","No","$6,368,570,000"
"912794GL2","Bill","52-Week","05/15/1984","05/17/1984","05/16/1985","","No","","","No","","","$8,000,000,000","No","No","$8,080,000,000"
"912794FR0","Bill","13-Week","05/14/1984","05/17/1984","08/16/1984","","No","","","No","","","$5,000,000,000","Yes","No","$5,003,975,000"
"912794GB4","Bill","26-Week","05/14/1984","05/17/1984","11/15/1984","","No","","","No","","","$5,000,000,000","No","No","$5,002,680,000"
"912810DJ4","Bond","30-Year","05/10/1984","05/15/1984","05/15/2014","","No","","","No","13.250%","","$4,750,000,000","No","No","$5,007,500,000"
"912827QU9","Note","10-Year","05/09/1984","05/15/1984","05/15/1994","","No","","","No","13.125%","","$5,250,000,000","No","No","$5,656,415,000"
"912827QT2","Note","3-Year","05/08/1984","05/15/1984","05/15/1987","","No","","","No","12.500%","","$6,500,000,000","No","No","$7,659,110,000"
"912794FF6","Bill","13-Week","05/07/1984","05/10/1984","08/09/1984","","No","","","No","","","$4,000,000,000","Yes","No","$4,005,185,000"
"912794GA6","Bill","26-Week","05/07/1984","05/10/1984","11/08/1984","","No","","","No","","","$4,000,000,000","No","No","$4,003,195,000"
"912794FQ2","Bill","13-Week","04/30/1984","05/03/1984","08/02/1984","","No","","","No","","","$3,000,000,000","Yes","No","$3,001,030,000"
"912794FJ8","Bill","26-Week","04/30/1984","05/03/1984","11/01/1984","","No","","","No","","","$3,000,000,000","Yes","No","$3,001,910,000"
"912827QS4","Note","2-Year","04/25/1984","04/30/1984","04/30/1986","","No","","","No","11.750%","","$8,250,000,000","No","No","$9,086,100,000"
"912794FP4","Bill","13-Week","04/23/1984","04/26/1984","07/26/1984","","No","","","No","","","$5,000,000,000","Yes","No","$5,000,285,000"
"912794FZ2","Bill","26-Week","04/23/1984","04/26/1984","10/25/1984","","No","","","No","","","$5,000,000,000","No","No","$5,000,780,000"
"912794FN9","Bill","13-Week","04/16/1984","04/19/1984","07/19/1984","","No","","","No","","","$6,000,000,000","Yes","No","$6,000,655,000"
"912794FY5","Bill","26-Week","04/16/1984","04/19/1984","10/18/1984","","No","","","No","","","$6,000,000,000","No","No","$6,014,955,000"
"912794GK4","Bill","52-Week","04/12/1984","04/19/1984","04/18/1985","","No","","","No","","","$8,000,000,000","No","No","$8,225,335,000"
"912794FE9","Bill","13-Week","04/09/1984","04/12/1984","07/12/1984","","No","","","No","","","$6,000,000,000","Yes","No","$6,045,125,000"
"912794FX7","Bill","26-Week","04/09/1984","04/12/1984","10/11/1984","","No","","","No","","","$6,000,000,000","No","No","$6,002,830,000"
"912794FM1","Bill","13-Week","04/02/1984","04/05/1984","07/05/1984","","No","","","No","","","$6,000,000,000","Yes","No","$6,015,670,000"
"912794FH2","Bill","26-Week","04/02/1984","04/05/1984","10/04/1984","","No","","","No","","","$6,000,000,000","Yes","No","$6,005,070,000"
"912810DH8","Bond","20-Year 1-Month","03/29/1984","04/05/1984","05/15/2004","","No","","","No","12.375%","","$3,750,000,000","No","No","$3,751,581,000"
"912827QR6","Note","7-Year","03/28/1984","04/04/1984","04/15/1991","","No","","","No","12.375%","","$5,250,000,000","No","No","$5,362,467,000"
"912827QQ8","Note","4-Year","03/27/1984","04/02/1984","03/31/1988","","No","","","No","12.000%","","$6,000,000,000","No","No","$6,780,671,000"
"912794FD1","Bill","13-Week","03/26/1984","03/29/1984","06/28/1984","","No","","","No","","","$6,200,000,000","Yes","No","$6,203,890,000"
"912794FW9","Bill","26-Week","03/26/1984","03/29/1984","09/27/1984","","No","","","No","","","$6,200,000,000","No","No","$6,216,885,000"
"912827QP0","Note","2-Year","03/21/1984","04/02/1984","03/31/1986","","No","","","No","11.500%","","$8,250,000,000","No","No","$9,196,680,000"
"912794FC3","Bill","13-Week","03/19/1984","03/22/1984","06/21/1984","","No","","","No","","","$6,200,000,000","Yes","No","$6,203,045,000"
"912794FV1","Bill","26-Week","03/19/1984","03/22/1984","09/20/1984","","No","","","No","","","$6,200,000,000","No","No","$6,207,280,000"
"912794GJ7","Bill","52-Week","03/15/1984","03/22/1984","03/21/1985","","No","","","No","","","$8,250,000,000","No","No","$8,268,355,000"
"912794EH3","Bill","13-Week","03/12/1984","03/15/1984","06/14/1984","","No","","","No","","","$6,200,000,000","Yes","No","$6,231,550,000"
"912794FU3","Bill","26-Week","03/12/1984","03/15/1984","09/13/1984","","No","","","No","","","$6,200,000,000","No","No","$6,216,795,000"
"912794FB5","Bill","13-Week","03/05/1984","03/08/1984","06/07/1984","","No","","","No","","","$6,200,000,000","Yes","No","$6,204,855,000"
"912794FG4","Bill","26-Week","03/05/1984","03/08/1984","09/06/1984","","No","","","No","","","$6,200,000,000","Yes","No","$6,201,600,000"
"912827QN5","Note","5-Year 2-Month","02/28/1984","03/05/1984","05/15/1989","","No","","","No","11.750%","","$6,000,000,000","No","No","$6,043,867,000"
"912794FA7","Bill","13-Week","02/27/1984","03/01/1984","05/31/1984","","No","","","No","","","$6,400,000,000","Yes","No","$6,405,955,000"
"912794FT6","Bill","26-Week","02/27/1984","03/01/1984","08/30/1984","","No","","","No","","","$6,400,000,000","No","No","$6,428,895,000"
"912827QM7","Note","2-Year","02/22/1984","02/29/1984","02/28/1986","","No","","","No","10.875%","","$8,250,000,000","No","No","$9,033,025,000"
"912794EZ3","Bill","13-Week","02/21/1984","02/23/1984","05/24/1984","","No","","","No","","","$6,400,000,000","Yes","No","$6,411,655,000"
"912794FS8","Bill","26-Week","02/21/1984","02/23/1984","08/23/1984","","No","","","No","","","$6,400,000,000","No","No","$6,423,185,000"
"912794GH1","Bill","52-Week","02/16/1984","02/23/1984","02/21/1985","","No","","","No","","","$8,250,000,000","No","No","$8,405,560,000"
"912794EG5","Bill","13-Week","02/14/1984","02/16/1984","05/17/1984","","No","","","No","","","$6,400,000,000","Yes","No","$6,411,305,000"
"912794FR0","Bill","26-Week","02/14/1984","02/16/1984","08/16/1984","","No","","","No","","","$6,400,000,000","No","No","$6,414,115,000"
"912810DF2","Bond","29-Year 6-Month","02/09/1984","02/15/1984","08/15/2013","","No","","","No","12.000%","","$4,500,000,000","Yes","No","$5,248,363,000"
"912827QD7","Note","9-Year 9-Month","02/08/1984","02/15/1984","11/15/1993","","No","","","No","11.750%","","$5,250,000,000","Yes","No","$6,461,009,000"
"912827QL9","Note","3-Year","02/07/1984","02/15/1984","02/15/1987","","No","","","No","10.875%","","$6,500,000,000","No","No","$9,050,945,000"
"912794EY6","Bill","13-Week","02/06/1984","02/09/1984","05/10/1984","","No","","","No","","","$6,400,000,000","Yes","No","$6,437,860,000"
"912794FF6","Bill","26-Week","02/06/1984","02/09/1984","08/09/1984","","No","","","No","","","$6,400,000,000","Yes","No","$6,438,955,000"
"912794EX8","Bill","13-Week","01/30/1984","02/02/1984","05/03/1984","","No","","","No","","","$6,400,000,000","Yes","No","$6,406,855,000"
"912794FQ2","Bill","26-Week","01/30/1984","02/02/1984","08/02/1984","","No","","","No","","","$6,400,000,000","No","No","$6,402,720,000"
"912827QK1","Note","2-Year","01/25/1984","01/31/1984","01/31/1986","","No","","","No","10.625%","","$8,250,000,000","No","No","$9,160,030,000"
"912794EW0","Bill","13-Week","01/23/1984","01/26/1984","04/26/1984","","No","","","No","","","$6,400,000,000","Yes","No","$6,401,550,000"
"912794FP4","Bill","26-Week","01/23/1984","01/26/1984","07/26/1984","","No","","","No","","","$6,400,000,000","No","No","$6,211,285,000"
"912794GG3","Bill","52-Week","01/19/1984","01/26/1984","01/24/1985","","No","","","No","","","$8,250,000,000","No","No","$8,352,395,000"
"912794EF7","Bill","13-Week","01/16/1984","01/19/1984","04/19/1984","","No","","","No","","","$6,400,000,000","Yes","No","$6,400,590,000"
"912794FN9","Bill","26-Week","01/16/1984","01/19/1984","07/19/1984","","No","","","No","","","$6,400,000,000","No","No","$6,400,450,000"
"912794EV2","Bill","13-Week","01/09/1984","01/12/1984","04/12/1984","","No","","","No","","","$6,400,000,000","Yes","No","$6,420,700,000"
"912794FE9","Bill","26-Week","01/09/1984","01/12/1984","07/12/1984","","No","","","No","","","$6,400,000,000","Yes","No","$6,420,410,000"
"912794EU4","Bill","13-Week","01/03/1984","01/05/1984","04/05/1984","","No","","","No","","","$6,400,000,000","Yes","No","$6,407,530,000"
"912794FM1","Bill","26-Week","01/03/1984","01/05/1984","07/05/1984","","No","","","No","","","$6,400,000,000","No","No","$6,426,970,000"
"912810DG0","Bond","19-Year 10-Month","12/29/1983","01/04/1984","11/15/2003","","No","","","No","11.875%","","$3,750,000,000","Yes","No","$3,753,620,000"
"912827QJ4","Note","7-Year","12/28/1983","01/04/1984","01/15/1991","","No","","","No","11.750%","","$5,250,000,000","No","No","$5,507,853,000"
"912827QH8","Note","4-Year","12/27/1983","01/03/1984","12/31/1987","","No","","","No","11.250%","","$6,000,000,000","No","No","$6,563,924,000"
"912794ET7","Bill","13-Week","12/27/1983","12/29/1983","03/29/1984","","No","","","No","","","$6,400,000,000","Yes","No","$6,401,665,000"
"912794FD1","Bill","26-Week","12/27/1983","12/29/1983","06/28/1984","","No","","","No","","","$6,400,000,000","No","No","$6,409,800,000"
"912794FL3","Bill","52-Week","12/22/1983","12/29/1983","12/27/1984","","No","","","No","","","$8,250,000,000","No","No","$8,252,350,000"
"912827QG0","Note","2-Year","12/21/1983","01/03/1984","12/31/1985","","No","","","No","10.875%","","$8,250,000,000","No","No","$8,970,815,000"
"912794EE0","Bill","13-Week","12/19/1983","12/22/1983","03/22/1984","","No","","","No","","","$6,400,000,000","Yes","No","$6,404,575,000"
"912794FC3","Bill","26-Week","12/19/1983","12/22/1983","06/21/1984","","No","","","No","","","$6,400,000,000","No","No","$6,403,175,000"
"912794ES9","Bill","13-Week","12/12/1983","12/15/1983","03/15/1984","","No","","","No","","","$6,200,000,000","Yes","No","$6,217,425,000"
"912794EH3","Bill","26-Week","12/12/1983","12/15/1983","06/14/1984","","No","","","No","","","$6,200,000,000","Yes","No","$6,372,350,000"
"912794ER1","Bill","13-Week","12/05/1983","12/08/1983","03/08/1984","","No","","","No","","","$6,200,000,000","Yes","No","$6,239,830,000"
"912794FB5","Bill","26-Week","12/05/1983","12/08/1983","06/07/1984","","No","","","No","","","$6,200,000,000","No","No","$6,313,885,000"
"912794EB6","Bill","17-Day","12/01/1983","12/05/1983","12/22/1983","","Yes","","","No","","","$5,000,000,000","Yes","No","$5,006,340,000"
"912794EM2","Bill","62-Day","11/30/1983","12/02/1983","02/02/1984","","Yes","","","No","","","$2,500,000,000","Yes","No","$2,501,640,000"
"912794EX8","Bill","153-Day","11/30/1983","12/02/1983","05/03/1984","","Yes","","","No","","","$2,500,000,000","Yes","No","$2,503,400,000"
"912827QF2","Note","5-Year 2-Month","11/29/1983","12/01/1983","02/15/1989","","No","","","No","11.375%","","$6,000,000,000","No","No","$6,224,313,000"
"912794EQ3","Bill","13-Week","11/28/1983","12/01/1983","03/01/1984","","No","","","No","","","$6,200,000,000","Yes","No","$6,206,510,000"
"912794FA7","Bill","26-Week","11/28/1983","12/01/1983","05/31/1984","","No","","","No","","","$6,200,000,000","No","No","$6,202,625,000"
"912794FK5","Bill","52-Week","11/23/1983","12/01/1983","11/29/1984","","No","","","No","","","$8,000,000,000","No","No","$8,011,965,000"
"912827QE5","Note","2-Year","11/22/1983","11/30/1983","11/30/1985","","No","","","No","10.500%","","$8,000,000,000","No","No","$8,988,825,000"
"912794ED2","Bill","13-Week","11/21/1983","11/25/1983","02/23/1984","","No","","","No","","","$6,200,000,000","Yes","No","$6,208,700,000"
"912794EZ3","Bill","26-Week","11/21/1983","11/25/1983","05/24/1984","","No","","","No","","","$6,200,000,000","No","No","$6,249,780,000"
"912794EP5","Bill","13-Week","11/14/1983","11/17/1983","02/16/1984","","No","","","No","","","$6,200,000,000","Yes","No","$6,205,135,000"
"912794EG5","Bill","26-Week","11/14/1983","11/17/1983","05/17/1984","","No","","","No","","","$6,200,000,000","Yes","No","$6,203,465,000"
"912810DF2","Bond","29-Year 9-Month","11/10/1983","11/15/1983","08/15/2013","","No","","","No","12.000%","","$4,250,000,000","Yes","No","$4,687,651,000"
"912827QD7","Note","10-Year","11/09/1983","11/15/1983","11/15/1993","","No","","","No","11.750%","","$5,250,000,000","No","No","$6,001,922,000"
"912827QC9","Note","3-Year","11/07/1983","11/15/1983","11/15/1986","","No","","","No","11.000%","","$6,500,000,000","No","No","$7,632,615,000"
"912794EN0","Bill","13-Week","11/07/1983","11/10/1983","02/09/1984","","No","","","No","","","$6,200,000,000","Yes","No","$6,202,460,000"
"912794EY6","Bill","26-Week","11/07/1983","11/10/1983","05/10/1984","","No","","","No","","","$6,200,000,000","No","No","$6,208,545,000"
"912794FJ8","Bill","52-Week","11/01/1983","11/03/1983","11/01/1984","","No","","","No","","","$7,750,000,000","No","No","$7,775,470,000"
"912794EM2","Bill","13-Week","10/31/1983","11/03/1983","02/02/1984","","No","","","No","","","$6,000,000,000","Yes","No","$3,502,565,000"
"912794EX8","Bill","26-Week","10/31/1983","11/03/1983","05/03/1984","","No","","","No","","","$6,000,000,000","No","No","$3,503,440,000"
"912794EC4","Bill","13-Week","10/24/1983","10/27/1983","01/26/1984","","No","","","No","","","$6,000,000,000","Yes","No","$6,010,210,000"
"912794EW0","Bill","26-Week","10/24/1983","10/27/1983","04/26/1984","","No","","","No","","","$6,000,000,000","No","No","$6,005,860,000"
"912827QB1","Note","2-Year","10/19/1983","10/31/1983","10/31/1985","","No","","","No","10.500%","","$8,000,000,000","No","No","$8,941,505,000"
"912794EL4","Bill","13-Week","10/17/1983","10/20/1983","01/19/1984","","No","","","No","","","$6,000,000,000","Yes","No","$6,009,285,000"
"912794EF7","Bill","26-Week","10/17/1983","10/20/1983","04/19/1984","","No","","","No","","","$6,000,000,000","Yes","No","$6,028,360,000"
"912794EK6","Bill","13-Week","10/11/1983","10/13/1983","01/12/1984","","No","","","No","","","$6,000,000,000","Yes","No","$6,039,445,000"
"912794EV2","Bill","26-Week","10/11/1983","10/13/1983","04/12/1984","","No","","","No","","","$6,000,000,000","No","No","$6,099,685,000"
"912794EJ9","Bill","13-Week","10/03/1983","10/06/1983","01/05/1984","","No","","","No","","","$6,000,000,000","Yes","No","$6,013,290,000"
"912794EU4","Bill","26-Week","10/03/1983","10/06/1983","04/05/1984","","No","","","No","","","$6,000,000,000","No","No","$6,032,150,000"
"912794FH2","Bill","52-Week","09/29/1983","10/06/1983","10/04/1984","","No","","","No","","","$7,750,000,000","No","No","$7,755,170,000"
"912794DG6","Bill","13-Week","09/26/1983","09/29/1983","12/29/1983","","No","","","No","","","$6,000,000,000","Yes","No","$6,012,560,000"
"912794ET7","Bill","26-Week","09/26/1983","09/29/1983","03/29/1984","","No","","","No","","","$6,000,000,000","No","No","$6,003,395,000"
"912810DG0","Bond","20-Year 1-Month","09/22/1983","10/05/1983","11/15/2003","","No","","","No","11.875%","","$3,500,000,000","No","No","$3,507,730,000"
"912827QA3","Note","7-Year","09/21/1983","10/05/1983","10/15/1990","","No","","","No","11.500%","","$5,000,000,000","No","No","$5,034,788,000"
"912827PZ9","Note","4-Year","09/20/1983","09/30/1983","09/30/1987","","No","","","No","11.125%","","$5,750,000,000","No","No","$6,497,577,000"
"912794EB6","Bill","13-Week","09/19/1983","09/22/1983","12/22/1983","","No","","","No","","","$6,200,000,000","Yes","No","$6,219,735,000"
"912794EE0","Bill","26-Week","09/19/1983","09/22/1983","03/22/1984","","No","","","No","","","$6,200,000,000","Yes","No","$6,213,185,000"
"912827PY2","Note","2-Year","09/14/1983","09/30/1983","09/30/1985","","No","","","No","10.875%","","$8,000,000,000","No","No","$8,751,940,000"
"912794EA8","Bill","13-Week","09/12/1983","09/15/1983","12/15/1983","","No","","","No","","","$6,200,000,000","Yes","No","$6,203,985,000"
"912794ES9","Bill","26-Week","09/12/1983","09/15/1983","03/15/1984","","No","","","No","","","$6,200,000,000","No","No","$6,202,545,000"
"912794DZ4","Bill","13-Week","09/06/1983","09/08/1983","12/08/1983","","No","","","No","","","$6,200,000,000","Yes","No","$6,211,190,000"
"912794ER1","Bill","26-Week","09/06/1983","09/08/1983","03/08/1984","","No","","","No","","","$6,200,000,000","No","No","$6,200,360,000"
"912794FG4","Bill","52-Week","09/01/1983","09/08/1983","09/06/1984","","No","","","No","","","$7,750,000,000","No","No","$7,758,430,000"
"912827PX4","Note","5-Year 2-Month","08/31/1983","09/06/1983","11/15/1988","","No","","","No","11.750%","","$6,000,000,000","No","No","$6,007,825,000"
"912794DF8","Bill","13-Week","08/29/1983","09/01/1983","12/01/1983","","No","","","No","","","$6,200,000,000","Yes","No","$6,205,600,000"
"912794EQ3","Bill","26-Week","08/29/1983","09/01/1983","03/01/1984","","No","","","No","","","$6,200,000,000","No","No","$6,213,295,000"
"912827PW6","Note","2-Year","08/24/1983","08/31/1983","08/31/1985","","No","","","No","10.625%","","$8,000,000,000","No","No","$8,954,660,000"
"912794DY7","Bill","13-Week","08/22/1983","08/25/1983","11/25/1983","","No","","","No","","","$6,200,000,000","Yes","No","$6,206,005,000"
"912794ED2","Bill","26-Week","08/22/1983","08/25/1983","02/23/1984","","No","","","No","","","$6,200,000,000","Yes","No","$6,209,445,000"
"912794DX9","Bill","13-Week","08/15/1983","08/18/1983","11/17/1983","","No","","","No","","","$6,200,000,000","Yes","No","$6,213,640,000"
"912794EP5","Bill","26-Week","08/15/1983","08/18/1983","02/16/1984","","No","","","No","","","$6,200,000,000","No","No","$6,215,405,000"
"912794FF6","Bill","52-Week","08/09/1983","08/11/1983","08/09/1984","","No","","","No","","","$7,750,000,000","No","No","$7,752,545,000"
"912794DW1","Bill","13-Week","08/08/1983","08/11/1983","11/10/1983","","No","","","No","","","$6,200,000,000","Yes","No","$6,202,680,000"
"912794EN0","Bill","26-Week","08/08/1983","08/11/1983","02/09/1984","","No","","","No","","","$6,200,000,000","No","No","$6,211,450,000"
"912810DF2","Bond","30-Year","08/04/1983","08/15/1983","08/15/2013","","No","","","No","12.000%","","$4,000,000,000","No","No","$4,920,032,000"
"912827PV8","Note","10-Year","08/03/1983","08/15/1983","08/15/1993","","No","","","No","11.875%","","$5,250,000,000","No","No","$6,586,310,000"
"912827PU0","Note","3-Year","08/02/1983","08/15/1983","08/15/1986","","No","","","No","11.375%","","$6,500,000,000","No","No","$8,750,105,000"
"912794DE1","Bill","13-Week","08/01/1983","08/04/1983","11/03/1983","","No","","","No","","","$6,200,000,000","Yes","No","$6,225,555,000"
"912794EM2","Bill","26-Week","08/01/1983","08/04/1983","02/02/1984","","No","","","No","","","$6,200,000,000","No","No","$6,256,910,000"
"912794DV3","Bill","13-Week","07/25/1983","07/28/1983","10/27/1983","","No","","","No","","","$6,200,000,000","Yes","No","$6,213,345,000"
"912794EC4","Bill","26-Week","07/25/1983","07/28/1983","01/26/1984","","No","","","No","","","$6,200,000,000","Yes","No","$6,218,610,000"
"912827PT3","Note","2-Year","07/20/1983","08/01/1983","07/31/1985","","No","","","No","10.625%","","$8,000,000,000","No","No","$8,738,095,000"
"912794DU5","Bill","13-Week","07/18/1983","07/21/1983","10/20/1983","","No","","","No","","","$6,200,000,000","Yes","No","$6,204,060,000"
"912794EL4","Bill","26-Week","07/18/1983","07/21/1983","01/19/1984","","No","","","No","","","$6,200,000,000","No","No","$6,225,560,000"
"912794DT8","Bill","13-Week","07/11/1983","07/14/1983","10/13/1983","","No","","","No","","","$6,200,000,000","Yes","No","$6,209,475,000"
"912794EK6","Bill","26-Week","07/11/1983","07/14/1983","01/12/1984","","No","","","No","","","$6,200,000,000","No","No","$6,208,490,000"
"912794FE9","Bill","52-Week","07/07/1983","07/14/1983","07/12/1984","","No","","","No","","","$7,750,000,000","No","No","$7,814,445,000"
"912794DD3","Bill","13-Week","07/05/1983","07/07/1983","10/06/1983","","No","","","No","","","$6,200,000,000","Yes","No","$6,203,960,000"
"912794EJ9","Bill","26-Week","07/05/1983","07/07/1983","01/05/1984","","No","","","No","","","$6,200,000,000","No","No","$6,212,885,000"
"912794DS0","Bill","13-Week","06/27/1983","06/30/1983","09/29/1983","","No","","","No","","","$6,200,000,000","Yes","No","$6,207,165,000"
"912794DG6","Bill","26-Week","06/27/1983","06/30/1983","12/29/1983","","No","","","No","","","$6,200,000,000","Yes","No","$6,205,265,000"
"912810DE5","Bond","20-Year 1-Month","06/23/1983","07/05/1983","08/15/2003","","No","","","No","11.125%","","$3,500,000,000","No","No","$3,503,455,000"
"912827PS5","Note","7-Year","06/22/1983","07/05/1983","07/15/1990","","No","","","No","10.750%","","$5,000,000,000","No","No","$5,005,860,000"
"912827PR7","Note","4-Year","06/21/1983","06/30/1983","06/30/1987","","No","","","No","10.500%","","$5,750,000,000","No","No","$6,408,216,000"
"912794DR2","Bill","13-Week","06/20/1983","06/23/1983","09/22/1983","","No","","","No","","","$6,200,000,000","Yes","No","$6,202,000,000"
"912794EB6","Bill","26-Week","06/20/1983","06/23/1983","12/22/1983","","No","","","No","","","$6,200,000,000","No","No","$6,206,735,000"
"912827PQ9","Note","2-Year","06/15/1983","06/30/1983","06/30/1985","","No","","","No","10.000%","","$8,000,000,000","No","No","$8,903,470,000"
"912794DQ4","Bill","13-Week","06/13/1983","06/16/1983","09/15/1983","","No","","","No","","","$6,200,000,000","Yes","No","$6,214,920,000"
"912794EA8","Bill","26-Week","06/13/1983","06/16/1983","12/15/1983","","No","","","No","","","$6,200,000,000","No","No","$6,218,760,000"
"912794EH3","Bill","52-Week","06/09/1983","06/16/1983","06/14/1984","","No","","","No","","","$7,750,000,000","No","No","$7,759,695,000"
"912794DC5","Bill","13-Week","06/06/1983","06/09/1983","09/08/1983","","No","","","No","","","$6,200,000,000","Yes","No","$6,202,710,000"
"912794DZ4","Bill","26-Week","06/06/1983","06/09/1983","12/08/1983","","No","","","No","","","$6,200,000,000","No","No","$6,202,510,000"
"912794DM3","Bill","73-Day","06/02/1983","06/06/1983","08/18/1983","","Yes","","","No","","","$2,500,000,000","Yes","No","$2,501,950,000"
"912794DX9","Bill","164-Day","06/02/1983","06/06/1983","11/17/1983","","Yes","","","No","","","$2,500,000,000","Yes","No","$2,507,400,000"
"912827PP1","Note","5-Year 2-Month","06/01/1983","06/03/1983","08/15/1988","","No","","","No","10.500%","","$5,750,000,000","No","No","$5,763,450,000"
"912794DP6","Bill","13-Week","05/31/1983","06/02/1983","09/01/1983","","No","","","No","","","$6,200,000,000","Yes","No","$6,205,050,000"
"912794DF8","Bill","26-Week","05/31/1983","06/02/1983","12/01/1983","","No","","","No","","","$6,200,000,000","Yes","No","$6,206,905,000"
"912794CD4","Bill","15-Day","05/27/1983","06/01/1983","06/16/1983","","Yes","","","No","","","$6,000,000,000","Yes","No","$6,002,880,000"
"912827PN6","Note","2-Year","05/26/1983","05/31/1983","05/31/1985","","No","","","No","9.875%","","$7,750,000,000","No","No","$8,671,755,000"
"912794DN1","Bill","13-Week","05/23/1983","05/26/1983","08/25/1983","","No","","","No","","","$6,200,000,000","Yes","No","$6,208,405,000"
"912794DY7","Bill","26-Week","05/23/1983","05/26/1983","11/25/1983","","No","","","No","","","$6,200,000,000","No","No","$6,208,150,000"
"912794DM3","Bill","13-Week","05/16/1983","05/19/1983","08/18/1983","","No","","","No","","","$3,700,000,000","Yes","No","$3,006,000,000"
"912794DX9","Bill","26-Week","05/16/1983","05/19/1983","11/17/1983","","No","","","No","","","$3,700,000,000","No","No","$3,708,365,000"
"912794EG5","Bill","52-Week","05/12/1983","05/19/1983","05/17/1984","","No","","","No","","","$7,750,000,000","No","No","$7,780,290,000"
"912794DB7","Bill","13-Week","05/09/1983","05/12/1983","08/11/1983","","No","","","No","","","$6,200,000,000","Yes","No","$6,206,470,000"
"912794DW1","Bill","26-Week","05/09/1983","05/12/1983","11/10/1983","","No","","","No","","","$6,200,000,000","No","No","$6,205,165,000"
"912810DB1","Bond","29-Year 6-Month","05/05/1983","05/16/1983","11/15/2012","","No","","","No","10.375%","","$3,750,000,000","Yes","No","$3,926,780,000"
"912827PM8","Note","10-Year","05/04/1983","05/16/1983","05/15/1993","","No","","","No","10.125%","","$4,750,000,000","No","No","$5,088,448,000"
"912827PL0","Note","3-Year","05/03/1983","05/16/1983","05/15/1986","","No","","","No","9.375%","","$6,500,000,000","No","No","$7,252,130,000"
"912794DL5","Bill","13-Week","05/02/1983","05/05/1983","08/04/1983","","No","","","No","","","$6,200,000,000","Yes","No","$6,207,030,000"
"912794DE1","Bill","26-Week","05/02/1983","05/05/1983","11/03/1983","","No","","","No","","","$6,200,000,000","Yes","No","$6,209,880,000"
"912794DK7","Bill","13-Week","04/25/1983","04/28/1983","07/28/1983","","No","","","No","","","$6,200,000,000","Yes","No","$6,202,670,000"
"912794DV3","Bill","26-Week","04/25/1983","04/28/1983","10/27/1983","","No","","","No","","","$6,200,000,000","No","No","$6,213,170,000"
"912827PK2","Note","2-Year","04/20/1983","05/02/1983","04/30/1985","","No","","","No","9.500%","","$7,750,000,000","No","No","$8,462,855,000"
"912794DJ0","Bill","13-Week","04/18/1983","04/21/1983","07/21/1983","","No","","","No","","","$6,200,000,000","Yes","No","$6,215,725,000"
"912794DU5","Bill","26-Week","04/18/1983","04/21/1983","10/20/1983","","No","","","No","","","$6,200,000,000","No","No","$6,229,040,000"
"912794EF7","Bill","52-Week","04/14/1983","04/21/1983","04/19/1984","","No","","","No","","","$7,750,000,000","No","No","$7,751,150,000"
"912794DA9","Bill","13-Week","04/11/1983","04/14/1983","07/14/1983","","No","","","No","","","$6,200,000,000","Yes","No","$6,205,440,000"
"912794DT8","Bill","26-Week","04/11/1983","04/14/1983","10/13/1983","","No","","","No","","","$6,200,000,000","No","No","$6,202,350,000"
"912794CB8","Bill","10-Day","04/06/1983","04/11/1983","04/21/1983","","Yes","","","No","","","$3,000,000,000","Yes","No","$3,018,320,000"
"912794DH4","Bill","13-Week","04/04/1983","04/07/1983","07/07/1983","","No","","","No","","","$6,200,000,000","Yes","No","$6,205,890,000"
"912794DD3","Bill","26-Week","04/04/1983","04/07/1983","10/06/1983","","No","","","No","","","$6,200,000,000","Yes","No","$6,204,565,000"
"912794CZ5","Bill","13-Week","03/28/1983","03/31/1983","06/30/1983","","No","","","No","","","$6,200,000,000","Yes","No","$6,201,995,000"
"912794DS0","Bill","26-Week","03/28/1983","03/31/1983","09/29/1983","","No","","","No","","","$6,200,000,000","No","No","$6,200,910,000"
"912810DD7","Bond","20-Year 1-Month","03/24/1983","04/04/1983","05/15/2003","","No","","","No","10.750%","","$3,250,000,000","No","No","$3,250,517,000"
"912827PJ5","Note","7-Year","03/23/1983","04/04/1983","04/15/1990","","No","","","No","10.500%","","$4,750,000,000","No","No","$5,025,844,000"
"912827PH9","Note","4-Year","03/22/1983","03/31/1983","03/31/1987","","No","","","No","10.250%","","$5,500,000,000","No","No","$6,477,452,000"
"912794CY8","Bill","13-Week","03/21/1983","03/24/1983","06/23/1983","","No","","","No","","","$6,200,000,000","Yes","No","$6,200,130,000"
"912794DR2","Bill","26-Week","03/21/1983","03/24/1983","09/22/1983","","No","","","No","","","$6,200,000,000","No","No","$6,204,970,000"
"912794EE0","Bill","52-Week","03/17/1983","03/24/1983","03/22/1984","","No","","","No","","","$7,750,000,000","No","No","$7,750,535,000"
"912827PG1","Note","2-Year","03/16/1983","03/31/1983","03/31/1985","","No","","","No","9.625%","","$7,750,000,000","No","No","$9,068,455,000"
"912794CD4","Bill","13-Week","03/14/1983","03/17/1983","06/16/1983","","No","","","No","","","$6,200,000,000","Yes","No","$6,200,790,000"
"912794DQ4","Bill","26-Week","03/14/1983","03/17/1983","09/15/1983","","No","","","No","","","$6,200,000,000","No","No","$6,200,245,000"
"912794CX0","Bill","13-Week","03/07/1983","03/10/1983","06/09/1983","","No","","","No","","","$6,200,000,000","Yes","No","$6,203,055,000"
"912794DC5","Bill","26-Week","03/07/1983","03/10/1983","09/08/1983","","No","","","No","","","$6,200,000,000","Yes","No","$6,204,035,000"
"912794CB8","Bill","45-Day","03/02/1983","03/07/1983","04/21/1983","","Yes","","","No","","","$9,000,000,000","Yes","No","$9,004,200,000"
"912794CW2","Bill","13-Week","02/28/1983","03/03/1983","06/02/1983","","No","","","No","","","$6,200,000,000","Yes","No","$6,206,660,000"
"912794DP6","Bill","26-Week","02/28/1983","03/03/1983","09/01/1983","","No","","","No","","","$6,200,000,000","No","No","$6,200,450,000"
"912827PF3","Note","5-Year 2-Month","02/23/1983","03/01/1983","05/15/1988","","No","","","No","9.875%","","$5,500,000,000","No","No","$5,935,466,000"
"912794CV4","Bill","13-Week","02/22/1983","02/24/1983","05/26/1983","","No","","","No","","","$6,200,000,000","Yes","No","$6,201,340,000"
"912794DN1","Bill","26-Week","02/22/1983","02/24/1983","08/25/1983","","No","","","No","","","$6,200,000,000","No","No","$6,200,900,000"
"912794ED2","Bill","52-Week","02/17/1983","02/24/1983","02/23/1984","","No","","","No","","","$7,750,000,000","No","No","$7,750,255,000"
"912827PE6","Note","2-Year","02/16/1983","02/28/1983","02/28/1985","","No","","","No","9.625%","","$7,500,000,000","No","No","$8,339,750,000"
"912794CC6","Bill","13-Week","02/14/1983","02/17/1983","05/19/1983","","No","","","No","","","$6,200,000,000","Yes","No","$6,200,005,000"
"912794DM3","Bill","26-Week","02/14/1983","02/17/1983","08/18/1983","","No","","","No","","","$6,200,000,000","No","No","$6,202,765,000"
"912794CU6","Bill","13-Week","02/07/1983","02/10/1983","05/12/1983","","No","","","No","","","$6,000,000,000","Yes","No","$6,002,845,000"
"912794DB7","Bill","26-Week","02/07/1983","02/10/1983","08/11/1983","","No","","","No","","","$6,000,000,000","Yes","No","$6,003,140,000"
"912810DB1","Bond","29-Year 9-Month","02/03/1983","02/15/1983","11/15/2012","","No","","","No","10.375%","","$3,500,000,000","Yes","No","$3,941,263,000"
"912827PD8","Note","10-Year","02/02/1983","02/15/1983","02/15/1993","","No","","","No","10.875%","","$4,500,000,000","No","No","$5,171,361,000"
"912827PC0","Note","3-Year","02/01/1983","02/15/1983","02/15/1986","","No","","","No","9.875%","","$6,500,000,000","No","No","$8,020,560,000"
"912794CT9","Bill","13-Week","01/31/1983","02/03/1983","05/05/1983","","No","","","No","","","$6,000,000,000","Yes","No","$6,001,135,000"
"912794DL5","Bill","26-Week","01/31/1983","02/03/1983","08/04/1983","","No","","","No","","","$6,000,000,000","No","No","$6,003,390,000"
"912794CS1","Bill","13-Week","01/24/1983","01/27/1983","04/28/1983","","No","","","No","","","$6,000,000,000","Yes","No","$6,003,785,000"
"912794DK7","Bill","26-Week","01/24/1983","01/27/1983","07/28/1983","","No","","","No","","","$6,000,000,000","No","No","$6,013,640,000"
"912794EC4","Bill","52-Week","01/20/1983","01/27/1983","01/26/1984","","No","","","No","","","$7,500,000,000","No","No","$7,501,465,000"
"912827PB2","Note","2-Year","01/19/1983","01/31/1983","01/31/1985","","No","","","No","9.250%","","$7,250,000,000","No","No","$8,214,595,000"
"912794CB8","Bill","13-Week","01/17/1983","01/20/1983","04/21/1983","","No","","","No","","","$6,000,000,000","Yes","No","$6,000,485,000"
"912794DJ0","Bill","26-Week","01/17/1983","01/20/1983","07/21/1983","","No","","","No","","","$6,000,000,000","No","No","$6,000,345,000"
"912794CR3","Bill","13-Week","01/10/1983","01/13/1983","04/14/1983","","No","","","No","","","$5,800,000,000","Yes","No","$5,800,895,000"
"912794DA9","Bill","26-Week","01/10/1983","01/13/1983","07/14/1983","","No","","","No","","","$5,800,000,000","Yes","No","$5,801,325,000"
"912794CQ5","Bill","13-Week","01/03/1983","01/06/1983","04/07/1983","","No","","","No","","","$5,800,000,000","Yes","No","$5,802,850,000"
"912794DH4","Bill","26-Week","01/03/1983","01/06/1983","07/07/1983","","No","","","No","","","$5,800,000,000","No","No","$5,800,800,000"
"912794CP7","Bill","13-Week","12/27/1982","12/30/1982","03/31/1983","","No","","","No","","","$5,800,000,000","Yes","No","$5,800,485,000"
"912794CZ5","Bill","26-Week","12/27/1982","12/30/1982","06/30/1983","","No","","","No","","","$5,800,000,000","No","No","$5,801,340,000"
"912794DG6","Bill","52-Week","12/23/1982","12/30/1982","12/29/1983","","No","","","No","","","$7,000,000,000","No","No","$7,096,380,000"
"912810DC9","Bond","20-Year 1-Month","12/22/1982","01/04/1983","02/15/2003","","No","","","No","10.750%","","$3,000,000,000","No","No","$3,005,620,000"
"912827PA4","Note","7-Year","12/21/1982","01/04/1983","01/15/1990","","No","","","No","10.500%","","$4,500,000,000","No","No","$4,832,269,000"
"912794CA0","Bill","13-Week","12/20/1982","12/23/1982","03/24/1983","","No","","","No","","","$5,800,000,000","Yes","No","$5,800,315,000"
"912794CY8","Bill","26-Week","12/20/1982","12/23/1982","06/23/1983","","No","","","No","","","$5,800,000,000","No","No","$5,802,490,000"
"912827NZ1","Note","4-Year","12/16/1982","12/31/1982","12/31/1986","","No","","","No","10.000%","","$5,000,000,000","No","No","$5,860,340,000"
"912827NY4","Note","2-Year","12/15/1982","12/31/1982","12/31/1984","","No","","","No","9.375%","","$7,000,000,000","No","No","$7,883,875,000"
"912794CN2","Bill","13-Week","12/13/1982","12/16/1982","03/17/1983","","No","","","No","","","$5,800,000,000","Yes","No","$5,800,970,000"
"912794CD4","Bill","26-Week","12/13/1982","12/16/1982","06/16/1983","","No","","","No","","","$5,800,000,000","Yes","No","$5,807,480,000"
"912794CM4","Bill","13-Week","12/06/1982","12/09/1982","03/10/1983","","No","","","No","","","$5,800,000,000","Yes","No","$5,801,920,000"
"912794CX0","Bill","26-Week","12/06/1982","12/09/1982","06/09/1983","","No","","","No","","","$5,800,000,000","No","No","$5,803,110,000"
"912794CS1","Bill","143-Day","11/30/1982","12/06/1982","04/28/1983","","Yes","","","No","","","$3,000,000,000","Yes","No","$3,002,000,000"
"912794CG7","Bill","50-Day","11/30/1982","12/01/1982","01/20/1983","","Yes","","","No","","","$5,000,000,000","Yes","No","$5,008,000,000"
"912794CL6","Bill","13-Week","11/29/1982","12/02/1982","03/03/1983","","No","","","No","","","$5,800,000,000","Yes","No","$5,800,260,000"
"912794CW2","Bill","26-Week","11/29/1982","12/02/1982","06/02/1983","","No","","","No","","","$5,800,000,000","No","No","$5,801,180,000"
"912794DF8","Bill","52-Week","11/24/1982","12/02/1982","12/01/1983","","No","","","No","","","$7,000,000,000","No","No","$7,001,155,000"
"912827NX6","Note","5-Year 2-Month","11/23/1982","12/02/1982","02/15/1988","","No","","","No","10.125%","","$5,000,000,000","No","No","$5,023,936,000"
"912794BZ6","Bill","13-Week","11/22/1982","11/26/1982","02/24/1983","","No","","","No","","","$5,600,000,000","Yes","No","$5,605,665,000"
"912794CV4","Bill","26-Week","11/22/1982","11/26/1982","05/26/1983","","No","","","No","","","$5,600,000,000","No","No","$5,600,965,000"
"912827NW8","Note","2-Year","11/17/1982","11/30/1982","11/30/1984","","No","","","No","9.875%","","$6,750,000,000","No","No","$7,470,310,000"
"912794CK8","Bill","13-Week","11/15/1982","11/18/1982","02/17/1983","","No","","","No","","","$5,600,000,000","Yes","No","$5,600,275,000"
"912794CC6","Bill","26-Week","11/15/1982","11/18/1982","05/19/1983","","No","","","No","","","$5,600,000,000","Yes","No","$5,600,815,000"
"912794BY9","Bill","73-Day","11/12/1982","11/15/1982","01/27/1983","","Yes","","","No","","","$4,000,000,000","Yes","No","$4,002,000,000"
"912810DB1","Bond","30-Year","11/09/1982","11/15/1982","11/15/2012","","No","","","No","10.375%","","$3,000,000,000","No","No","$3,160,606,000"
"912794CJ1","Bill","13-Week","11/08/1982","11/12/1982","02/10/1983","","No","","","No","","","$5,600,000,000","Yes","No","$5,608,040,000"
"912794CU6","Bill","26-Week","11/08/1982","11/12/1982","05/12/1983","","No","","","No","","","$5,600,000,000","No","No","$5,602,860,000"
"912827NV0","Note","10-Year","11/04/1982","11/15/1982","11/15/1992","","No","","","No","10.500%","","$4,000,000,000","No","No","$4,320,468,000"
"912827NU2","Note","3-Year","11/03/1982","11/15/1982","11/15/1985","","No","","","No","9.750%","","$6,000,000,000","No","No","$6,930,860,000"
"912794CH5","Bill","13-Week","11/01/1982","11/04/1982","02/03/1983","","No","","","No","","","$5,600,000,000","Yes","No","$5,617,790,000"
"912794CT9","Bill","26-Week","11/01/1982","11/04/1982","05/05/1983","","No","","","No","","","$5,600,000,000","No","No","$5,601,505,000"
"912794DE1","Bill","52-Week","10/28/1982","11/04/1982","11/03/1983","","No","","","No","","","$7,000,000,000","No","No","$7,000,325,000"
"912794BY9","Bill","13-Week","10/25/1982","10/28/1982","01/27/1983","","No","","","No","","","$5,600,000,000","Yes","No","$5,603,830,000"
"912794CS1","Bill","26-Week","10/25/1982","10/28/1982","04/28/1983","","No","","","No","","","$5,600,000,000","No","No","$5,610,080,000"
"912827NT5","Note","2-Year","10/20/1982","11/01/1982","10/31/1984","","No","","","No","9.750%","","$6,750,000,000","No","No","$7,804,020,000"
"912794CG7","Bill","13-Week","10/18/1982","10/21/1982","01/20/1983","","No","","","No","","","$5,600,000,000","Yes","No","$5,604,595,000"
"912794CB8","Bill","26-Week","10/18/1982","10/21/1982","04/21/1983","","No","","","No","","","$5,600,000,000","Yes","No","$5,605,225,000"
"912794CF9","Bill","13-Week","10/12/1982","10/14/1982","01/13/1983","","No","","","No","","","$5,600,000,000","Yes","No","$5,600,270,000"
"912794CR3","Bill","26-Week","10/12/1982","10/14/1982","04/14/1983","","No","","","No","","","$5,600,000,000","No","No","$5,601,665,000"
"912794CE2","Bill","13-Week","10/04/1982","10/07/1982","01/06/1983","","No","","","No","","","$5,600,000,000","Yes","No","$5,600,050,000"
"912794CQ5","Bill","26-Week","10/04/1982","10/07/1982","04/07/1983","","No","","","No","","","$5,600,000,000","No","No","$5,602,890,000"
"912794DD3","Bill","52-Week","09/30/1982","10/07/1982","10/06/1983","","No","","","No","","","$7,000,000,000","No","No","$7,001,365,000"
"912794BC7","Bill","13-Week","09/27/1982","09/30/1982","12/30/1982","","No","","","No","","","$5,100,000,000","Yes","No","$5,103,020,000"
"912794CP7","Bill","26-Week","09/27/1982","09/30/1982","03/31/1983","","No","","","No","","","$5,100,000,000","No","No","$5,100,265,000"
"912810DA3","Bond","20-Year 1-Month","09/23/1982","09/29/1982","11/15/2002","","No","","","No","11.625%","","$2,750,000,000","No","No","$2,750,304,000"
"912827NS7","Note","7-Year","09/22/1982","09/29/1982","10/15/1989","","No","","","No","11.875%","","$4,000,000,000","No","No","$4,221,550,000"
"912827NR9","Note","4-Year","09/21/1982","09/30/1982","09/30/1986","","No","","","No","12.250%","","$5,000,000,000","No","No","$5,752,187,000"
"912794BX1","Bill","13-Week","09/20/1982","09/23/1982","12/23/1982","","No","","","No","","","$5,600,000,000","Yes","No","$5,633,605,000"
"912794CA0","Bill","26-Week","09/20/1982","09/23/1982","03/24/1983","","No","","","No","","","$5,600,000,000","Yes","No","$5,662,330,000"
"912827LC4","Note","2-Year","09/15/1982","09/30/1982","09/30/1984","","No","","","No","12.125%","","$6,500,000,000","Yes","No","$7,553,675,000"
"912794BW3","Bill","13-Week","09/13/1982","09/16/1982","12/16/1982","","No","","","No","","","$5,600,000,000","Yes","No","$5,615,940,000"
"912794CN2","Bill","26-Week","09/13/1982","09/16/1982","03/17/1983","","No","","","No","","","$5,600,000,000","No","No","$5,601,730,000"
"912794BV5","Bill","13-Week","09/07/1982","09/09/1982","12/09/1982","","No","","","No","","","$5,600,000,000","Yes","No","$5,600,785,000"
"912794CM4","Bill","26-Week","09/07/1982","09/09/1982","03/10/1983","","No","","","No","","","$5,600,000,000","No","No","$5,600,445,000"
"912794DC5","Bill","52-Week","09/02/1982","09/09/1982","09/08/1983","","No","","","No","","","$7,000,000,000","No","No","$7,112,715,000"
"912794BL7","Bill","13-Day","09/01/1982","09/03/1982","09/16/1982","","Yes","","","No","","","$4,500,000,000","Yes","No","$4,509,100,000"
"912827NP3","Note","5-Year 2-Month","08/31/1982","09/07/1982","11/15/1987","","No","","","No","12.625%","","$4,750,000,000","No","No","$5,361,887,000"
"912794BB9","Bill","13-Week","08/30/1982","09/02/1982","12/02/1982","","No","","","No","","","$5,500,000,000","Yes","No","$5,500,475,000"
"912794CL6","Bill","26-Week","08/30/1982","09/02/1982","03/03/1983","","No","","","No","","","$5,500,000,000","No","No","$5,500,995,000"
"912827NN8","Note","2-Year","08/25/1982","08/31/1982","08/31/1984","","No","","","No","11.625%","","$6,500,000,000","No","No","$7,420,790,000"
"912794BU7","Bill","13-Week","08/23/1982","08/26/1982","11/26/1982","","No","","","No","","","$5,500,000,000","Yes","No","$5,500,985,000"
"912794BZ6","Bill","26-Week","08/23/1982","08/26/1982","02/24/1983","","No","","","No","","","$5,500,000,000","Yes","No","$5,501,270,000"
"912794BT0","Bill","13-Week","08/16/1982","08/19/1982","11/18/1982","","No","","","No","","","$5,500,000,000","Yes","No","$5,500,170,000"
"912794CK8","Bill","26-Week","08/16/1982","08/19/1982","02/17/1983","","No","","","No","","","$5,500,000,000","No","No","$5,502,620,000"
"912794BS2","Bill","13-Week","08/09/1982","08/12/1982","11/12/1982","","No","","","No","","","$5,500,000,000","Yes","No","$5,500,725,000"
"912794CJ1","Bill","26-Week","08/09/1982","08/12/1982","02/10/1983","","No","","","No","","","$5,500,000,000","No","No","$5,500,435,000"
"912794DB7","Bill","52-Week","08/05/1982","08/12/1982","08/11/1983","","No","","","No","","","$6,250,000,000","No","No","$6,252,010,000"
"912827NE8","Note","9-Year 9-Month","08/04/1982","08/16/1982","05/15/1992","","No","","","No","13.750%","","$5,000,000,000","Yes","No","$5,837,044,000"
"912827NM0","Note","3-Year","08/03/1982","08/16/1982","08/15/1985","","No","","","No","13.125%","","$6,000,000,000","No","No","$7,404,110,000"
"912794BA1","Bill","13-Week","08/02/1982","08/05/1982","11/04/1982","","No","","","No","","","$5,500,000,000","Yes","No","$5,502,390,000"
"912794CH5","Bill","26-Week","08/02/1982","08/05/1982","02/03/1983","","No","","","No","","","$5,500,000,000","No","No","$5,501,740,000"
"912794BL7","Bill","43-Day","07/29/1982","08/04/1982","09/16/1982","","Yes","","","No","","","$4,500,000,000","Yes","No","$4,500,600,000"
"912794BR4","Bill","13-Week","07/26/1982","07/29/1982","10/28/1982","","No","","","No","","","$5,500,000,000","Yes","No","$5,503,370,000"
"912794BY9","Bill","26-Week","07/26/1982","07/29/1982","01/27/1983","","No","","","No","","","$5,500,000,000","Yes","No","$5,500,015,000"
"912827NL2","Note","2-Year","07/21/1982","08/02/1982","07/31/1984","","No","","","No","13.125%","","$6,000,000,000","No","No","$7,108,040,000"
"912794BQ6","Bill","13-Week","07/19/1982","07/22/1982","10/21/1982","","No","","","No","","","$5,500,000,000","Yes","No","$5,500,630,000"
"912794CG7","Bill","26-Week","07/19/1982","07/22/1982","01/20/1983","","No","","","No","","","$5,500,000,000","No","No","$5,502,550,000"
"912794BP8","Bill","13-Week","07/12/1982","07/15/1982","10/14/1982","","No","","","No","","","$5,300,000,000","Yes","No","$5,301,150,000"
"912794CF9","Bill","26-Week","07/12/1982","07/15/1982","01/13/1983","","No","","","No","","","$5,300,000,000","No","No","$5,300,480,000"
"912794DA9","Bill","52-Week","07/08/1982","07/15/1982","07/14/1983","","No","","","No","","","$6,000,000,000","No","No","$6,002,160,000"
"912794AZ7","Bill","13-Week","07/06/1982","07/08/1982","10/07/1982","","No","","","No","","","$5,300,000,000","Yes","No","$5,300,545,000"
"912794CE2","Bill","26-Week","07/06/1982","07/08/1982","01/06/1983","","No","","","No","","","$5,300,000,000","No","No","$5,300,175,000"
"912827NK4","Note","7-Year","07/01/1982","07/08/1982","07/15/1989","","No","","","No","14.500%","","$4,000,000,000","No","No","$4,710,374,000"
"912827NJ7","Note","4-Year","06/29/1982","07/06/1982","06/30/1986","","No","","","No","14.875%","","$4,000,000,000","No","No","$4,677,850,000"
"912794BN3","Bill","13-Week","06/28/1982","07/01/1982","09/30/1982","","No","","","No","","","$4,500,000,000","Yes","No","$4,500,085,000"
"912794BC7","Bill","26-Week","06/28/1982","07/01/1982","12/30/1982","","No","","","No","","","$4,500,000,000","Yes","No","$4,502,480,000"
"912794BM5","Bill","13-Week","06/21/1982","06/24/1982","09/23/1982","","No","","","No","","","$4,500,000,000","Yes","No","$4,500,975,000"
"912794BX1","Bill","26-Week","06/21/1982","06/24/1982","12/23/1982","","No","","","No","","","$4,500,000,000","No","No","$4,500,225,000"
"912827NH1","Note","2-Year","06/16/1982","06/30/1982","06/30/1984","","No","","","No","14.375%","","$5,500,000,000","No","No","$6,139,485,000"
"912794BL7","Bill","13-Week","06/14/1982","06/17/1982","09/16/1982","","No","","","No","","","$5,000,000,000","Yes","No","$5,004,885,000"
"912794BW3","Bill","26-Week","06/14/1982","06/17/1982","12/16/1982","","No","","","No","","","$5,000,000,000","No","No","$5,000,775,000"
"912794CD4","Bill","52-Week","06/10/1982","06/17/1982","06/16/1983","","No","","","No","","","$5,500,000,000","No","No","$5,765,670,000"
"912794AY0","Bill","13-Week","06/07/1982","06/10/1982","09/09/1982","","No","","","No","","","$5,000,000,000","Yes","No","$5,000,600,000"
"912794BV5","Bill","26-Week","06/07/1982","06/10/1982","12/09/1982","","No","","","No","","","$5,000,000,000","No","No","$5,000,030,000"
"9127937J9","Bill","14-Day","06/01/1982","06/03/1982","06/17/1982","","Yes","","","No","","","$6,000,000,000","Yes","No","$6,000,550,000"
"912794BK9","Bill","13-Week","05/28/1982","06/03/1982","09/02/1982","","No","","","No","","","$4,900,000,000","Yes","No","$4,900,950,000"
"912794BB9","Bill","26-Week","05/28/1982","06/03/1982","12/02/1982","","No","","","No","","","$4,900,000,000","Yes","No","$4,901,000,000"
"912827NG3","Note","5-Year 2-Month","05/25/1982","06/02/1982","08/15/1987","","No","","","No","13.750%","","$3,750,000,000","No","No","$4,037,850,000"
"912794BJ2","Bill","13-Week","05/24/1982","05/27/1982","08/26/1982","","No","","","No","","","$4,900,000,000","Yes","No","$4,900,840,000"
"912794BU7","Bill","26-Week","05/24/1982","05/27/1982","11/26/1982","","No","","","No","","","$4,900,000,000","No","No","$4,900,545,000"
"912827NF5","Note","2-Year","05/19/1982","06/01/1982","05/31/1984","","No","","","No","13.750%","","$5,500,000,000","No","No","$5,938,890,000"
"912794BH6","Bill","13-Week","05/17/1982","05/20/1982","08/19/1982","","No","","","No","","","$4,900,000,000","Yes","No","$4,901,100,000"
"912794BT0","Bill","26-Week","05/17/1982","05/20/1982","11/18/1982","","No","","","No","","","$4,900,000,000","No","No","$4,901,625,000"
"912794CC6","Bill","52-Week","05/13/1982","05/20/1982","05/19/1983","","No","","","No","","","$5,250,000,000","No","No","$5,564,870,000"
"912794AX2","Bill","13-Week","05/10/1982","05/13/1982","08/12/1982","","No","","","No","","","$4,700,000,000","Yes","No","$4,701,115,000"
"912794BS2","Bill","26-Week","05/10/1982","05/13/1982","11/12/1982","","No","","","No","","","$4,700,000,000","No","No","$4,700,770,000"
"912827NE8","Note","10-Year","05/05/1982","05/17/1982","05/15/1992","","No","","","No","13.750%","","$4,000,000,000","No","No","$4,942,336,000"
"912827ND0","Note","3-Year","05/04/1982","05/17/1982","05/15/1985","","No","","","No","14.125%","","$5,250,000,000","No","No","$6,854,180,000"
"912794BG8","Bill","13-Week","05/03/1982","05/06/1982","08/05/1982","","No","","","No","","","$4,700,000,000","Yes","No","$4,702,805,000"
"912794BA1","Bill","26-Week","05/03/1982","05/06/1982","11/04/1982","","No","","","No","","","$4,700,000,000","Yes","No","$4,700,685,000"
"912794BF0","Bill","13-Week","04/26/1982","04/29/1982","07/29/1982","","No","","","No","","","$4,700,000,000","Yes","No","$4,700,050,000"
"912794BR4","Bill","26-Week","04/26/1982","04/29/1982","10/28/1982","","No","","","No","","","$4,700,000,000","No","No","$4,700,845,000"
"912827NC2","Note","2-Year","04/21/1982","04/30/1982","04/30/1984","","No","","","No","13.875%","","$5,250,000,000","No","No","$5,777,180,000"
"912794BE3","Bill","13-Week","04/19/1982","04/22/1982","07/22/1982","","No","","","No","","","$4,700,000,000","Yes","No","$4,701,155,000"
"912794BQ6","Bill","26-Week","04/19/1982","04/22/1982","10/21/1982","","No","","","No","","","$4,700,000,000","No","No","$4,701,715,000"
"912794CB8","Bill","52-Week","04/15/1982","04/22/1982","04/21/1983","","No","","","No","","","$5,250,000,000","No","No","$5,250,070,000"
"912794AW4","Bill","13-Week","04/12/1982","04/15/1982","07/15/1982","","No","","","No","","","$4,700,000,000","Yes","No","$4,712,930,000"
"912794BP8","Bill","26-Week","04/12/1982","04/15/1982","10/14/1982","","No","","","No","","","$4,700,000,000","No","No","$4,702,085,000"
"912794BD5","Bill","13-Week","04/05/1982","04/08/1982","07/08/1982","","No","","","No","","","$4,700,000,000","Yes","No","$4,700,850,000"
"912794AZ7","Bill","26-Week","04/05/1982","04/08/1982","10/07/1982","","No","","","No","","","$4,700,000,000","Yes","No","$4,703,195,000"
"912827NB4","Note","7-Year","03/31/1982","04/07/1982","04/15/1989","","No","","","No","14.375%","","$3,250,000,000","No","No","$3,328,203,000"
"9127937G5","Bill","20-Day","03/30/1982","04/02/1982","04/22/1982","","Yes","","","No","","","$8,000,000,000","Yes","No","$8,015,640,000"
"912794AV6","Bill","13-Week","03/29/1982","04/01/1982","07/01/1982","","No","","","No","","","$4,700,000,000","Yes","No","$4,701,275,000"
"912794BN3","Bill","26-Week","03/29/1982","04/01/1982","09/30/1982","","No","","","No","","","$4,700,000,000","No","No","$4,702,735,000"
"912827NA6","Note","4-Year","03/24/1982","03/31/1982","03/31/1986","","No","","","No","14.000%","","$3,750,000,000","No","No","$4,185,287,000"
"912794AU8","Bill","13-Week","03/22/1982","03/25/1982","06/24/1982","","No","","","No","","","$4,800,000,000","Yes","No","$4,804,445,000"
"912794BM5","Bill","26-Week","03/22/1982","03/25/1982","09/23/1982","","No","","","No","","","$4,800,000,000","No","No","$4,800,115,000"
"912794CA0","Bill","52-Week","03/18/1982","03/25/1982","03/24/1983","","No","","","No","","","$5,250,000,000","No","No","$5,253,875,000"
"912827MZ2","Note","2-Year","03/17/1982","03/31/1982","03/31/1984","","No","","","No","14.125%","","$5,250,000,000","No","No","$6,078,520,000"
"9127937J9","Bill","13-Week","03/15/1982","03/18/1982","06/17/1982","","No","","","No","","","$4,800,000,000","Yes","No","$4,801,615,000"
"912794BL7","Bill","26-Week","03/15/1982","03/18/1982","09/16/1982","","No","","","No","","","$4,800,000,000","No","No","$4,801,925,000"
"912794AT1","Bill","13-Week","03/08/1982","03/11/1982","06/10/1982","","No","","","No","","","$4,800,000,000","Yes","No","$4,801,585,000"
"912794AY0","Bill","26-Week","03/08/1982","03/11/1982","09/09/1982","","No","","","No","","","$4,800,000,000","Yes","No","$4,802,240,000"
"912794AS3","Bill","13-Week","03/01/1982","03/04/1982","06/03/1982","","No","","","No","","","$4,800,000,000","Yes","No","$4,806,530,000"
"912794BK9","Bill","26-Week","03/01/1982","03/04/1982","09/02/1982","","No","","","No","","","$4,800,000,000","No","No","$4,801,445,000"
"912827MY5","Note","5-Year 2-Month","02/24/1982","03/03/1982","05/15/1987","","No","","","No","14.000%","","$3,250,000,000","No","No","$3,506,183,000"
"912794AR5","Bill","13-Week","02/22/1982","02/25/1982","05/27/1982","","No","","","No","","","$4,900,000,000","Yes","No","$4,911,680,000"
"912794BJ2","Bill","26-Week","02/22/1982","02/25/1982","08/26/1982","","No","","","No","","","$4,900,000,000","No","No","$4,901,510,000"
"912794BZ6","Bill","52-Week","02/18/1982","02/25/1982","02/24/1983","","No","","","No","","","$5,250,000,000","No","No","$5,250,170,000"
"912827MX7","Note","2-Year","02/17/1982","03/01/1982","02/29/1984","","No","","","No","15.125%","","$5,250,000,000","No","No","$5,843,025,000"
"9127937H3","Bill","13-Week","02/16/1982","02/18/1982","05/20/1982","","No","","","No","","","$5,000,000,000","Yes","No","$5,003,005,000"
"912794BH6","Bill","26-Week","02/16/1982","02/18/1982","08/19/1982","","No","","","No","","","$5,000,000,000","No","No","$5,003,925,000"
"912794AQ7","Bill","13-Week","02/08/1982","02/11/1982","05/13/1982","","No","","","No","","","$5,000,000,000","Yes","No","$5,000,045,000"
"912794AX2","Bill","26-Week","02/08/1982","02/11/1982","08/12/1982","","No","","","No","","","$5,000,000,000","Yes","No","$5,000,345,000"
"912810CY2","Bond","29-Year 9-Month","02/04/1982","02/16/1982","11/15/2011","","No","","","No","14.000%","","$2,500,000,000","Yes","No","$2,575,310,000"
"912827MW9","Note","10-Year","02/03/1982","02/16/1982","02/15/1992","","No","","","No","14.625%","","$2,500,000,000","No","No","$2,800,289,000"
"912827MV1","Note","3-Year","02/02/1982","02/16/1982","02/15/1985","","No","","","No","14.625%","","$5,000,000,000","No","No","$5,806,925,000"
"912794AP9","Bill","13-Week","02/01/1982","02/04/1982","05/06/1982","","No","","","No","","","$5,000,000,000","Yes","No","$5,000,035,000"
"912794BG8","Bill","26-Week","02/01/1982","02/04/1982","08/05/1982","","No","","","No","","","$5,000,000,000","No","No","$5,001,565,000"
"912794AN4","Bill","13-Week","01/25/1982","01/28/1982","04/29/1982","","No","","","No","","","$5,000,000,000","Yes","No","$5,001,685,000"
"912794BF0","Bill","26-Week","01/25/1982","01/28/1982","07/29/1982","","No","","","No","","","$5,000,000,000","No","No","$5,001,535,000"
"912794BY9","Bill","52-Week","01/21/1982","01/28/1982","01/27/1983","","No","","","No","","","$5,250,000,000","No","No","$5,250,605,000"
"912827MU3","Note","2-Year","01/20/1982","02/01/1982","01/31/1984","","No","","","No","15.000%","","$5,250,000,000","No","No","$6,043,555,000"
"9127937G5","Bill","13-Week","01/18/1982","01/21/1982","04/22/1982","","No","","","No","","","$4,900,000,000","Yes","No","$4,902,005,000"
"912794BE3","Bill","26-Week","01/18/1982","01/21/1982","07/22/1982","","No","","","No","","","$4,900,000,000","No","No","$4,900,255,000"
"912794AM6","Bill","13-Week","01/11/1982","01/14/1982","04/15/1982","","No","","","No","","","$4,900,000,000","Yes","No","$4,900,310,000"
"912794AW4","Bill","26-Week","01/11/1982","01/14/1982","07/15/1982","","No","","","No","","","$4,900,000,000","Yes","No","$4,900,780,000"
"912827MT6","Note","7-Year","01/06/1982","01/13/1982","01/15/1989","","No","","","No","14.625%","","$3,250,000,000","No","No","$3,500,405,000"
"912794AL8","Bill","13-Week","01/04/1982","01/07/1982","04/08/1982","","No","","","No","","","$4,900,000,000","Yes","No","$4,900,275,000"
"912794BD5","Bill","26-Week","01/04/1982","01/07/1982","07/08/1982","","No","","","No","","","$4,900,000,000","No","No","$4,900,915,000"
"912810CZ9","Bond","20-Year 1-Month","12/30/1981","01/06/1982","02/15/2002","","No","","","No","14.250%","","$1,750,000,000","No","No","$1,750,105,000"
"9127937J9","Bill","163-Day","12/29/1981","01/05/1982","06/17/1982","","Yes","","","No","","","$3,000,000,000","Yes","No","$3,002,600,000"
"912794AK0","Bill","13-Week","12/28/1981","12/31/1981","04/01/1982","","No","","","No","","","$4,900,000,000","Yes","No","$4,905,755,000"
"912794AV6","Bill","26-Week","12/28/1981","12/31/1981","07/01/1982","","No","","","No","","","$4,900,000,000","No","No","$4,900,460,000"
"912794BC7","Bill","52-Week","12/23/1981","12/31/1981","12/30/1982","","No","","","No","","","$5,250,000,000","No","No","$5,250,920,000"
"912827MS8","Note","4-Year","12/22/1981","12/31/1981","12/31/1985","","No","","","No","14.125%","","$3,250,000,000","No","No","$3,405,200,000"
"9127938H2","Bill","13-Week","12/21/1981","12/24/1981","03/25/1982","","No","","","No","","","$4,700,000,000","Yes","No","$4,700,220,000"
"912794AU8","Bill","26-Week","12/21/1981","12/24/1981","06/24/1982","","No","","","No","","","$4,700,000,000","No","No","$4,700,855,000"
"912827MR0","Note","2-Year","12/16/1981","12/31/1981","12/31/1983","","No","","","No","13.000%","","$4,750,000,000","No","No","$5,352,110,000"
"912794AJ3","Bill","13-Week","12/14/1981","12/17/1981","03/18/1982","","No","","","No","","","$4,700,000,000","Yes","No","$4,700,880,000"
"9127937J9","Bill","26-Week","12/14/1981","12/17/1981","06/17/1982","","No","","","No","","","$4,700,000,000","Yes","No","$4,701,615,000"
"912794AH7","Bill","13-Week","12/07/1981","12/10/1981","03/11/1982","","No","","","No","","","$4,700,000,000","Yes","No","$4,701,085,000"
"912794AT1","Bill","26-Week","12/07/1981","12/10/1981","06/10/1982","","No","","","No","","","$4,700,000,000","No","No","$4,700,075,000"
"912794AC8","Bill","45-Day","12/01/1981","12/07/1981","01/21/1982","","Yes","","","No","","","$3,000,000,000","Yes","No","$3,000,000,000"
"9127937G5","Bill","136-Day","12/01/1981","12/07/1981","04/22/1982","","Yes","","","No","","","$2,000,000,000","Yes","No","$2,000,570,000"
"912794AG9","Bill","13-Week","11/30/1981","12/03/1981","03/04/1982","","No","","","No","","","$4,700,000,000","Yes","No","$4,702,155,000"
"912794AS3","Bill","26-Week","11/30/1981","12/03/1981","06/03/1982","","No","","","No","","","$4,700,000,000","No","No","$4,701,850,000"
"912794BB9","Bill","52-Week","11/25/1981","12/03/1981","12/02/1982","","No","","","No","","","$5,000,000,000","No","No","$5,186,190,000"
"912827MQ2","Note","5-Year 2-Month","11/24/1981","12/02/1981","02/15/1987","","No","","","No","12.750%","","$3,250,000,000","No","No","$3,423,631,000"
"9127938G4","Bill","13-Week","11/23/1981","11/27/1981","02/25/1982","","No","","","No","","","$4,700,000,000","Yes","No","$4,704,940,000"
"912794AR5","Bill","26-Week","11/23/1981","11/27/1981","05/27/1982","","No","","","No","","","$4,700,000,000","No","No","$4,700,445,000"
"912827MP4","Note","2-Year","11/18/1981","11/30/1981","11/30/1983","","No","","","No","12.125%","","$4,750,000,000","No","No","$5,419,790,000"
"912794AF1","Bill","13-Week","11/16/1981","11/19/1981","02/18/1982","","No","","","No","","","$4,700,000,000","Yes","No","$4,701,765,000"
"9127937H3","Bill","26-Week","11/16/1981","11/19/1981","05/20/1982","","No","","","No","","","$4,700,000,000","Yes","No","$4,700,005,000"
"912794AE4","Bill","13-Week","11/09/1981","11/12/1981","02/11/1982","","No","","","No","","","$4,700,000,000","Yes","No","$4,700,730,000"
"912794AQ7","Bill","26-Week","11/09/1981","11/12/1981","05/13/1982","","No","","","No","","","$4,700,000,000","No","No","$4,700,480,000"
"912810CY2","Bond","30-Year","11/05/1981","11/16/1981","11/15/2011","","No","","","No","14.000%","","$2,000,000,000","No","No","$2,322,552,000"
"912827MN9","Note","10-Year","11/04/1981","11/16/1981","11/15/1991","","No","","","No","14.250%","","$2,250,000,000","No","No","$2,875,272,000"
"912827MM1","Note","3-Year","11/02/1981","11/16/1981","11/15/1984","","No","","","No","14.375%","","$4,500,000,000","No","No","$6,168,565,000"
"912794AD6","Bill","13-Week","11/02/1981","11/05/1981","02/04/1982","","No","","","No","","","$4,700,000,000","Yes","No","$4,700,915,000"
"912794AP9","Bill","26-Week","11/02/1981","11/05/1981","05/06/1982","","No","","","No","","","$4,700,000,000","No","No","$4,706,425,000"
"912794BA1","Bill","52-Week","10/29/1981","11/05/1981","11/04/1982","","No","","","No","","","$5,000,000,000","No","No","$5,000,650,000"
"9127937F7","Bill","13-Week","10/26/1981","10/29/1981","01/28/1982","","No","","","No","","","$4,700,000,000","Yes","No","$4,700,515,000"
"912794AN4","Bill","26-Week","10/26/1981","10/29/1981","04/29/1982","","No","","","No","","","$4,700,000,000","No","No","$4,700,630,000"
"912827ML3","Note","2-Year","10/21/1981","11/02/1981","10/31/1983","","No","","","No","15.500%","","$4,750,000,000","No","No","$5,496,380,000"
"912794AC8","Bill","13-Week","10/19/1981","10/22/1981","01/21/1982","","No","","","No","","","$4,500,000,000","Yes","No","$4,500,785,000"
"9127937G5","Bill","26-Week","10/19/1981","10/22/1981","04/22/1982","","No","","","No","","","$4,500,000,000","Yes","No","$4,501,110,000"
"912794AB0","Bill","13-Week","10/09/1981","10/15/1981","01/14/1982","","No","","","No","","","$4,500,000,000","Yes","No","$4,500,445,000"
"912794AM6","Bill","26-Week","10/09/1981","10/15/1981","04/15/1982","","No","","","No","","","$4,500,000,000","No","No","$4,500,025,000"
"912827MK5","Note","7-Year","10/07/1981","10/14/1981","10/15/1988","","No","","","No","15.375%","","$3,000,000,000","No","No","$3,467,956,000"
"912794AA2","Bill","13-Week","10/05/1981","10/08/1981","01/07/1982","","No","","","No","","","$4,500,000,000","Yes","No","$4,503,115,000"
"912794AL8","Bill","26-Week","10/05/1981","10/08/1981","04/08/1982","","No","","","No","","","$4,500,000,000","No","No","$4,500,580,000"
"912794AZ7","Bill","52-Week","10/01/1981","10/08/1981","10/07/1982","","No","","","No","","","$5,000,000,000","No","No","$5,236,065,000"
"912810CX4","Bond","20-Year 1-Month","09/30/1981","10/07/1981","11/15/2001","","No","","","No","15.750%","","$1,750,000,000","No","No","$1,751,063,000"
"9127938F6","Bill","13-Week","09/30/1981","10/01/1981","12/31/1981","","No","","","No","","","$4,500,000,000","Yes","No","$4,500,660,000"
"912794AK0","Bill","26-Week","09/30/1981","10/01/1981","04/01/1982","","No","","","No","","","$4,500,000,000","No","No","$4,500,265,000"
"912827MJ8","Note","4-Year","09/23/1981","09/30/1981","09/30/1985","","No","","","No","15.875%","","$3,250,000,000","No","No","$3,929,037,000"
"9127938E9","Bill","13-Week","09/21/1981","09/24/1981","12/24/1981","","No","","","No","","","$4,500,000,000","Yes","No","$4,503,460,000"
"9127938H2","Bill","26-Week","09/21/1981","09/24/1981","03/25/1982","","No","","","No","","","$4,500,000,000","Yes","No","$4,501,575,000"
"912827MH2","Note","2-Year","09/16/1981","09/30/1981","09/30/1983","","No","","","No","16.000%","","$4,750,000,000","No","No","$5,150,705,000"
"9127938D1","Bill","13-Week","09/14/1981","09/17/1981","12/17/1981","","No","","","No","","","$4,500,000,000","Yes","No","$4,500,175,000"
"912794AJ3","Bill","26-Week","09/14/1981","09/17/1981","03/18/1982","","No","","","No","","","$4,500,000,000","No","No","$4,500,230,000"
"9127938C3","Bill","13-Week","09/04/1981","09/10/1981","12/10/1981","","No","","","No","","","$4,500,000,000","Yes","No","$4,501,060,000"
"912794AH7","Bill","26-Week","09/04/1981","09/10/1981","03/11/1982","","No","","","No","","","$4,500,000,000","No","No","$4,506,035,000"
"912794AY0","Bill","52-Week","09/03/1981","09/10/1981","09/09/1982","","No","","","No","","","$4,750,000,000","No","No","$4,752,330,000"
"9127937T7","Bill","9-Day","09/02/1981","09/08/1981","09/17/1981","","Yes","","","No","","","$2,000,000,000","Yes","No","$2,003,400,000"
"9127937B6","Bill","13-Week","08/31/1981","09/03/1981","12/03/1981","","No","","","No","","","$4,500,000,000","Yes","No","$4,500,465,000"
"912794AG9","Bill","26-Week","08/31/1981","09/03/1981","03/04/1982","","No","","","No","","","$4,500,000,000","No","No","$4,503,960,000"
"9127937T7","Bill","16-Day","08/28/1981","09/01/1981","09/17/1981","","Yes","","","No","","","$4,500,000,000","Yes","No","$4,503,000,000"
"912827MG4","Note","5-Year 2-Month","08/27/1981","09/08/1981","11/15/1986","","No","","","No","16.125%","","$3,250,000,000","No","No","$3,455,568,000"
"9127938B5","Bill","13-Week","08/24/1981","08/27/1981","11/27/1981","","No","","","No","","","$4,500,000,000","Yes","No","$4,500,085,000"
"9127938G4","Bill","26-Week","08/24/1981","08/27/1981","02/25/1982","","No","","","No","","","$4,500,000,000","Yes","No","$4,501,930,000"
"912827MF6","Note","2-Year","08/20/1981","08/31/1981","08/31/1983","","No","","","No","16.250%","","$4,750,000,000","No","No","$5,326,645,000"
"9127938A7","Bill","13-Week","08/17/1981","08/20/1981","11/19/1981","","No","","","No","","","$4,500,000,000","Yes","No","$4,500,725,000"
"912794AF1","Bill","26-Week","08/17/1981","08/20/1981","02/18/1982","","No","","","No","","","$4,500,000,000","No","No","$4,500,375,000"
"9127937Z3","Bill","13-Week","08/10/1981","08/13/1981","11/12/1981","","No","","","No","","","$4,300,000,000","Yes","No","$4,301,155,000"
"912794AE4","Bill","26-Week","08/10/1981","08/13/1981","02/11/1982","","No","","","No","","","$4,300,000,000","No","No","$4,301,270,000"
"912794AX2","Bill","52-Week","08/07/1981","08/13/1981","08/12/1982","","No","","","No","","","$4,500,000,000","No","No","$4,500,850,000"
"912810CV8","Bond","29-Year 9-Month","08/06/1981","08/17/1981","05/15/2011","","No","","","No","13.875%","","$2,000,000,000","Yes","No","$2,305,431,000"
"912827ME9","Note","10-Year","08/05/1981","08/17/1981","08/15/1991","","No","","","No","14.875%","","$2,250,000,000","No","No","$2,800,111,000"
"912827MD1","Note","3-Year 3-Month","08/04/1981","08/17/1981","11/15/1984","","No","","","No","16.000%","","$4,250,000,000","No","No","$5,674,635,000"
"9127937A8","Bill","13-Week","08/03/1981","08/06/1981","11/05/1981","","No","","","No","","","$4,300,000,000","Yes","No","$4,300,265,000"
"912794AD6","Bill","26-Week","08/03/1981","08/06/1981","02/04/1982","","No","","","No","","","$4,300,000,000","No","No","$4,300,730,000"
"9127937R1","Bill","23-Day","07/31/1981","08/04/1981","08/27/1981","","Yes","","","No","","","$3,000,000,000","Yes","No","$3,000,480,000"
"9127937Y6","Bill","13-Week","07/27/1981","07/30/1981","10/29/1981","","No","","","No","","","$4,300,000,000","Yes","No","$4,303,210,000"
"9127937F7","Bill","26-Week","07/27/1981","07/30/1981","01/28/1982","","No","","","No","","","$4,300,000,000","Yes","No","$4,301,540,000"
"912827MC3","Note","2-Year","07/22/1981","07/31/1981","07/31/1983","","No","","","No","15.875%","","$4,500,000,000","No","No","$4,852,650,000"
"9127937X8","Bill","13-Week","07/20/1981","07/23/1981","10/22/1981","","No","","","No","","","$4,000,000,000","Yes","No","$4,000,030,000"
"912794AC8","Bill","26-Week","07/20/1981","07/23/1981","01/21/1982","","No","","","No","","","$4,000,000,000","No","No","$4,003,595,000"
"9127937W0","Bill","13-Week","07/13/1981","07/16/1981","10/15/1981","","No","","","No","","","$4,000,000,000","Yes","No","$4,000,370,000"
"912794AB0","Bill","26-Week","07/13/1981","07/16/1981","01/14/1982","","No","","","No","","","$4,000,000,000","No","No","$4,000,270,000"
"912794AW4","Bill","52-Week","07/09/1981","07/16/1981","07/15/1982","","No","","","No","","","$4,000,000,000","No","No","$4,003,655,000"
"9127936Z4","Bill","13-Week","07/06/1981","07/09/1981","10/08/1981","","No","","","No","","","$4,000,000,000","Yes","No","$4,002,195,000"
"912794AA2","Bill","26-Week","07/06/1981","07/09/1981","01/07/1982","","No","","","No","","","$4,000,000,000","No","No","$4,001,720,000"
"912827MB5","Note","7-Year","06/30/1981","07/07/1981","07/15/1988","","No","","","No","14.000%","","$3,000,000,000","No","No","$3,450,992,000"
"9127937V2","Bill","13-Week","06/29/1981","07/02/1981","10/01/1981","","No","","","No","","","$4,000,000,000","Yes","No","$4,000,060,000"
"9127938F6","Bill","26-Week","06/29/1981","07/02/1981","12/31/1981","","No","","","No","","","$4,000,000,000","Yes","No","$4,003,545,000"
"912810CW6","Bond","20-Year 1-Month","06/25/1981","07/02/1981","08/15/2001","","No","","","No","13.375%","","$1,750,000,000","No","No","$1,751,115,000"
"912827MA7","Note","4-Year","06/23/1981","06/30/1981","06/30/1985","","No","","","No","14.000%","","$3,250,000,000","No","No","$3,365,562,000"
"9127937U4","Bill","13-Week","06/22/1981","06/25/1981","09/24/1981","","No","","","No","","","$4,000,000,000","Yes","No","$4,000,350,000"
"9127938E9","Bill","26-Week","06/22/1981","06/25/1981","12/24/1981","","No","","","No","","","$4,000,000,000","No","No","$4,005,950,000"
"912827LZ3","Note","2-Year","06/18/1981","06/30/1981","06/30/1983","","No","","","No","14.625%","","$4,250,000,000","No","No","$4,551,645,000"
"9127937T7","Bill","13-Week","06/15/1981","06/18/1981","09/17/1981","","No","","","No","","","$4,000,000,000","Yes","No","$4,000,115,000"
"9127938D1","Bill","26-Week","06/15/1981","06/18/1981","12/17/1981","","No","","","No","","","$4,000,000,000","No","No","$4,000,070,000"
"9127937J9","Bill","52-Week","06/11/1981","06/18/1981","06/17/1982","","No","","","No","","","$4,000,000,000","No","No","$4,001,665,000"
"9127936Y7","Bill","13-Week","06/08/1981","06/11/1981","09/10/1981","","No","","","No","","","$4,000,000,000","Yes","No","$4,002,465,000"
"9127938C3","Bill","26-Week","06/08/1981","06/11/1981","12/10/1981","","No","","","No","","","$4,000,000,000","No","No","$4,000,015,000"
"9127936C5","Bill","15-Day","06/03/1981","06/03/1981","06/18/1981","","Yes","","","No","","","$3,000,000,000","Yes","No","$3,002,500,000"
"9127936V3","Bill","20-Day","06/02/1981","06/05/1981","06/25/1981","","Yes","","","No","","","$6,000,000,000","Yes","No","$6,003,400,000"
"9127937S9","Bill","13-Week","06/01/1981","06/04/1981","09/03/1981","","No","","","No","","","$4,000,000,000","Yes","No","$4,000,645,000"
"9127937B6","Bill","26-Week","06/01/1981","06/04/1981","12/03/1981","","No","","","No","","","$4,000,000,000","Yes","No","$4,000,240,000"
"912827LY6","Note","5-Year 5-Month","05/28/1981","06/03/1981","11/15/1986","","No","","","No","13.875%","","$3,000,000,000","No","No","$3,195,255,000"
"9127937R1","Bill","13-Week","05/22/1981","05/28/1981","08/27/1981","","No","","","No","","","$4,000,000,000","Yes","No","$4,000,560,000"
"9127938B5","Bill","26-Week","05/22/1981","05/28/1981","11/27/1981","","No","","","No","","","$4,000,000,000","No","No","$4,000,110,000"
"912827LX8","Note","2-Year","05/20/1981","06/01/1981","05/31/1983","","No","","","No","15.625%","","$4,250,000,000","No","No","$4,661,985,000"
"9127937Q3","Bill","13-Week","05/18/1981","05/21/1981","08/20/1981","","No","","","No","","","$4,000,000,000","Yes","No","$4,000,070,000"
"9127938A7","Bill","26-Week","05/18/1981","05/21/1981","11/19/1981","","No","","","No","","","$4,000,000,000","No","No","$4,000,415,000"
"9127937H3","Bill","52-Week","05/14/1981","05/21/1981","05/20/1982","","No","","","No","","","$4,000,000,000","No","No","$4,000,025,000"
"9127936X9","Bill","13-Week","05/11/1981","05/14/1981","08/13/1981","","No","","","No","","","$4,000,000,000","Yes","No","$4,000,195,000"
"9127937Z3","Bill","26-Week","05/11/1981","05/14/1981","11/12/1981","","No","","","No","","","$4,000,000,000","No","No","$4,000,960,000"
"912810CV8","Bond","30-Year","05/07/1981","05/15/1981","05/15/2011","","No","","","No","13.875%","","$2,000,000,000","No","No","$2,301,258,000"
"912827LW0","Note","10-Year","05/06/1981","05/15/1981","05/15/1991","","No","","","No","14.500%","","$1,750,000,000","No","No","$2,050,225,000"
"912827LV2","Note","3-Year","05/05/1981","05/15/1981","05/15/1984","","No","","","No","15.750%","","$3,000,000,000","No","No","$3,681,135,000"
"9127937P5","Bill","13-Week","05/04/1981","05/07/1981","08/06/1981","","No","","","No","","","$4,000,000,000","Yes","No","$4,019,740,000"
"9127937A8","Bill","26-Week","05/04/1981","05/07/1981","11/05/1981","","No","","","No","","","$4,000,000,000","Yes","No","$4,034,400,000"
"9127937N0","Bill","13-Week","04/27/1981","04/30/1981","07/30/1981","","No","","","No","","","$4,000,000,000","Yes","No","$4,000,415,000"
"9127937Y6","Bill","26-Week","04/27/1981","04/30/1981","10/29/1981","","No","","","No","","","$4,000,000,000","No","No","$4,000,605,000"
"912827LU4","Note","2-Year","04/22/1981","04/30/1981","04/30/1983","","No","","","No","14.500%","","$4,250,000,000","No","No","$4,512,920,000"
"9127937M2","Bill","13-Week","04/20/1981","04/23/1981","07/23/1981","","No","","","No","","","$4,000,000,000","Yes","No","$4,000,685,000"
"9127937X8","Bill","26-Week","04/20/1981","04/23/1981","10/22/1981","","No","","","No","","","$4,000,000,000","No","No","$4,000,000,000"
"9127937G5","Bill","52-Week","04/16/1981","04/23/1981","04/22/1982","","No","","","No","","","$4,000,000,000","No","No","$4,249,255,000"
"9127936W1","Bill","13-Week","04/13/1981","04/16/1981","07/16/1981","","No","","","No","","","$4,000,000,000","Yes","No","$4,000,685,000"
"9127937W0","Bill","26-Week","04/13/1981","04/16/1981","10/15/1981","","No","","","No","","","$4,000,000,000","No","No","$4,000,005,000"
"9127937L4","Bill","13-Week","04/06/1981","04/09/1981","07/09/1981","","No","","","No","","","$4,300,000,000","Yes","No","$4,300,840,000"
"9127936Z4","Bill","26-Week","04/06/1981","04/09/1981","10/08/1981","","No","","","No","","","$4,300,000,000","Yes","No","$4,300,895,000"
"912827LT7","Note","7-Year","03/31/1981","04/06/1981","04/15/1988","","No","","","No","13.250%","","$2,750,000,000","No","No","$2,967,027,000"
"9127937K6","Bill","13-Week","03/30/1981","04/02/1981","07/02/1981","","No","","","No","","","$4,300,000,000","Yes","No","$4,301,720,000"
"9127937V2","Bill","26-Week","03/30/1981","04/02/1981","10/01/1981","","No","","","No","","","$4,300,000,000","No","No","$4,300,485,000"
"912810CU0","Bond","20-Year 1-Month","03/26/1981","04/02/1981","05/15/2001","","No","","","No","13.125%","","$1,750,000,000","No","No","$1,750,102,000"
"9127936A9","Bill","22-Day","03/25/1981","04/01/1981","04/23/1981","","Yes","","","No","","","$6,000,000,000","Yes","No","$6,003,650,000"
"912827LS9","Note","4-Year","03/24/1981","03/31/1981","03/31/1985","","No","","","No","13.375%","","$3,500,000,000","No","No","$3,764,327,000"
"9127936V3","Bill","13-Week","03/23/1981","03/26/1981","06/25/1981","","No","","","No","","","$4,300,000,000","Yes","No","$4,300,930,000"
"9127937U4","Bill","26-Week","03/23/1981","03/26/1981","09/24/1981","","No","","","No","","","$4,300,000,000","No","No","$4,300,495,000"
"9127938H2","Bill","52-Week","03/19/1981","03/26/1981","03/25/1982","","No","","","No","","","$4,500,000,000","No","No","$4,673,425,000"
"912827LR1","Note","2-Year","03/18/1981","03/31/1981","03/31/1983","","No","","","No","12.625%","","$4,750,000,000","No","No","$5,523,505,000"
"9127936C5","Bill","13-Week","03/16/1981","03/19/1981","06/18/1981","","No","","","No","","","$4,300,000,000","Yes","No","$4,330,345,000"
"9127937T7","Bill","26-Week","03/16/1981","03/19/1981","09/17/1981","","No","","","No","","","$4,300,000,000","No","No","$4,405,370,000"
"9127936U5","Bill","13-Week","03/09/1981","03/12/1981","06/11/1981","","No","","","No","","","$4,300,000,000","Yes","No","$4,323,175,000"
"9127936Y7","Bill","26-Week","03/09/1981","03/12/1981","09/10/1981","","No","","","No","","","$4,300,000,000","Yes","No","$4,355,880,000"
"9127936N1","Bill","38-Day","03/04/1981","03/09/1981","04/16/1981","","Yes","","","No","","","$3,000,000,000","Yes","No","$3,000,000,000"
"9127936T8","Bill","13-Week","03/02/1981","03/05/1981","06/04/1981","","No","","","No","","","$4,300,000,000","Yes","No","$4,300,190,000"
"9127937S9","Bill","26-Week","03/02/1981","03/05/1981","09/03/1981","","No","","","No","","","$4,300,000,000","No","No","$4,304,030,000"
"912827LQ3","Note","5-Year 2-Month","02/26/1981","03/04/1981","05/15/1986","","No","","","No","13.750%","","$3,250,000,000","No","No","$3,449,105,000"
"912827LP5","Note","2-Year","02/24/1981","03/02/1981","02/28/1983","","No","","","No","13.875%","","$4,750,000,000","No","No","$5,365,620,000"
"9127936S0","Bill","13-Week","02/23/1981","02/26/1981","05/28/1981","","No","","","No","","","$4,300,000,000","Yes","No","$4,300,100,000"
"9127937R1","Bill","26-Week","02/23/1981","02/26/1981","08/27/1981","","No","","","No","","","$4,300,000,000","No","No","$4,303,520,000"
"9127938G4","Bill","52-Week","02/19/1981","02/26/1981","02/25/1982","","No","","","No","","","$4,500,000,000","No","No","$5,236,745,000"
"9127936C5","Bill","114-Day","02/18/1981","02/24/1981","06/18/1981","","Yes","","","No","","","$4,000,000,000","Yes","No","$4,001,620,000"
"9127936B7","Bill","13-Week","02/13/1981","02/19/1981","05/21/1981","","No","","","No","","","$4,300,000,000","Yes","No","$4,301,470,000"
"9127937Q3","Bill","26-Week","02/13/1981","02/19/1981","08/20/1981","","No","","","No","","","$4,300,000,000","No","No","$4,301,025,000"
"9127936R2","Bill","13-Week","02/09/1981","02/12/1981","05/14/1981","","No","","","No","","","$4,300,000,000","Yes","No","$4,425,505,000"
"9127936X9","Bill","26-Week","02/09/1981","02/12/1981","08/13/1981","","No","","","No","","","$4,300,000,000","Yes","No","$4,476,350,000"
"912810CS5","Bond","29-Year 9-Month","02/05/1981","02/17/1981","11/15/2010","","No","","","No","12.750%","","$2,250,000,000","Yes","No","$2,575,417,000"
"912827LF7","Note","9-Year 9-Month","02/04/1981","02/17/1981","11/15/1990","","No","","","No","13.000%","","$2,500,000,000","Yes","No","$3,030,259,000"
"912827LN0","Note","3-Year 6-Month","02/03/1981","02/17/1981","08/15/1984","","No","","","No","13.250%","","$3,750,000,000","No","No","$4,602,280,000"
"9127936Q4","Bill","13-Week","02/02/1981","02/05/1981","05/07/1981","","No","","","No","","","$4,300,000,000","Yes","No","$4,300,345,000"
"9127937P5","Bill","26-Week","02/02/1981","02/05/1981","08/06/1981","","No","","","No","","","$4,300,000,000","No","No","$4,300,225,000"
"9127936P6","Bill","13-Week","01/26/1981","01/29/1981","04/30/1981","","No","","","No","","","$4,300,000,000","Yes","No","$4,300,090,000"
"9127937N0","Bill","26-Week","01/26/1981","01/29/1981","07/30/1981","","No","","","No","","","$4,300,000,000","No","No","$4,300,210,000"
"9127937F7","Bill","52-Week","01/22/1981","01/29/1981","01/28/1982","","No","","","No","","","$4,500,000,000","No","No","$4,662,445,000"
"912827LM2","Note","2-Year","01/21/1981","02/02/1981","01/31/1983","","No","","","No","13.625%","","$4,500,000,000","No","No","$5,088,730,000"
"9127936A9","Bill","13-Week","01/19/1981","01/22/1981","04/23/1981","","No","","","No","","","$4,300,000,000","Yes","No","$4,300,250,000"
"9127937M2","Bill","26-Week","01/19/1981","01/22/1981","07/23/1981","","No","","","No","","","$4,300,000,000","No","No","$4,300,010,000"
"9127936N1","Bill","13-Week","01/12/1981","01/15/1981","04/16/1981","","No","","","No","","","$4,300,000,000","Yes","No","$4,300,025,000"
"9127936W1","Bill","26-Week","01/12/1981","01/15/1981","07/16/1981","","No","","","No","","","$4,300,000,000","Yes","No","$4,301,145,000"
"912810CT3","Bond","20-Year 1-Month","01/06/1981","01/12/1981","02/15/2001","","No","","","No","11.750%","","$1,500,000,000","No","No","$1,500,900,000"
"9127936M3","Bill","13-Week","01/05/1981","01/08/1981","04/09/1981","","No","","","No","","","$4,200,000,000","Yes","No","$4,202,120,000"
"9127937L4","Bill","26-Week","01/05/1981","01/08/1981","07/09/1981","","No","","","No","","","$4,200,000,000","No","No","$4,200,215,000"
"9127936D3","Bill","16-Day","12/30/1980","01/06/1981","01/22/1981","","Yes","","","No","","","$2,500,000,000","Yes","No","$2,500,000,000"
"912827LL4","Note","7-Year","12/30/1980","01/05/1981","01/15/1988","","No","","","No","12.375%","","$2,500,000,000","No","No","$2,701,994,000"
"9127936L5","Bill","13-Week","12/29/1980","01/02/1981","04/02/1981","","No","","","No","","","$4,200,000,000","Yes","No","$4,256,385,000"
"9127937K6","Bill","26-Week","12/29/1980","01/02/1981","07/02/1981","","No","","","No","","","$4,200,000,000","No","No","$4,255,100,000"
"9127938F6","Bill","52-Week","12/23/1980","01/02/1981","12/31/1981","","No","","","No","","","$4,500,000,000","No","No","$4,500,005,000"
"9127936P6","Bill","120-Day","12/23/1980","12/31/1980","04/30/1981","","Yes","","","No","","","$4,000,000,000","Yes","No","$4,000,000,000"
"9127935Z5","Bill","13-Week","12/22/1980","12/26/1980","03/26/1981","","No","","","No","","","$4,000,000,000","Yes","No","$4,000,520,000"
"9127936V3","Bill","26-Week","12/22/1980","12/26/1980","06/25/1981","","No","","","No","","","$4,000,000,000","No","No","$4,000,370,000"
"912827LK6","Note","4-Year","12/18/1980","12/31/1980","12/31/1984","","No","","","No","14.000%","","$3,250,000,000","No","No","$3,567,950,000"
"912827LJ9","Note","2-Year","12/16/1980","12/31/1980","12/31/1982","","No","","","No","15.125%","","$4,500,000,000","No","No","$4,857,170,000"
"9127936K7","Bill","13-Week","12/15/1980","12/18/1980","03/19/1981","","No","","","No","","","$4,000,000,000","Yes","No","$4,171,220,000"
"9127936C5","Bill","26-Week","12/15/1980","12/18/1980","06/18/1981","","No","","","No","","","$4,000,000,000","Yes","No","$4,080,795,000"
"9127936J0","Bill","13-Week","12/08/1980","12/11/1980","03/12/1981","","No","","","No","","","$4,000,000,000","Yes","No","$4,000,225,000"
"9127936U5","Bill","26-Week","12/08/1980","12/11/1980","06/11/1981","","No","","","No","","","$4,000,000,000","No","No","$4,001,085,000"
"912827LH3","Note","5-Year 2-Month","12/03/1980","12/08/1980","02/15/1986","","No","","","No","13.500%","","$3,000,000,000","No","No","$3,174,350,000"
"9127936A9","Bill","141-Day","12/02/1980","12/03/1980","04/23/1981","","Yes","","","No","","","$3,000,000,000","Yes","No","$3,000,450,000"
"9127936H4","Bill","13-Week","12/01/1980","12/04/1980","03/05/1981","","No","","","No","","","$4,000,000,000","Yes","No","$4,512,915,000"
"9127936T8","Bill","26-Week","12/01/1980","12/04/1980","06/04/1981","","No","","","No","","","$4,000,000,000","No","No","$4,314,675,000"
"9127937B6","Bill","52-Week","11/26/1980","12/04/1980","12/03/1981","","No","","","No","","","$4,500,000,000","No","No","$4,501,155,000"
"912827LG5","Note","2-Year","11/25/1980","12/01/1980","11/30/1982","","No","","","No","13.875%","","$4,500,000,000","No","No","$4,866,710,000"
"9127935Y8","Bill","13-Week","11/24/1980","11/28/1980","02/26/1981","","No","","","No","","","$4,000,000,000","Yes","No","$4,000,165,000"
"9127936S0","Bill","26-Week","11/24/1980","11/28/1980","05/28/1981","","No","","","No","","","$4,000,000,000","No","No","$4,202,000,000"
"9127936G6","Bill","13-Week","11/17/1980","11/20/1980","02/19/1981","","No","","","No","","","$4,000,000,000","Yes","No","$4,009,220,000"
"9127936B7","Bill","26-Week","11/17/1980","11/20/1980","05/21/1981","","No","","","No","","","$4,000,000,000","Yes","No","$4,008,720,000"
"9127937E0","Bill","44-Day","11/12/1980","11/17/1980","12/31/1980","","Yes","","","No","","","$4,000,000,000","No","No","$4,001,600,000"
"9127936F8","Bill","13-Week","11/10/1980","11/13/1980","02/12/1981","","No","","","No","","","$4,000,000,000","Yes","No","$4,000,050,000"
"9127936R2","Bill","26-Week","11/10/1980","11/13/1980","05/14/1981","","No","","","No","","","$4,000,000,000","No","No","$4,000,120,000"
"912810CS5","Bond","30-Year","11/07/1980","11/17/1980","11/15/2010","","No","","","No","12.750%","","$2,000,000,000","No","No","$2,159,425,000"
"912827LF7","Note","10-Year","11/06/1980","11/17/1980","11/15/1990","","No","","","No","13.000%","","$2,250,000,000","No","No","$2,660,744,000"
"912827LE0","Note","3-Year 6-Month","11/05/1980","11/17/1980","05/15/1984","","No","","","No","13.250%","","$3,750,000,000","No","No","$4,252,000,000"
"9127936E1","Bill","13-Week","11/03/1980","11/06/1980","02/05/1981","","No","","","No","","","$3,900,000,000","Yes","No","$3,994,740,000"
"9127936Q4","Bill","26-Week","11/03/1980","11/06/1980","05/07/1981","","No","","","No","","","$3,900,000,000","No","No","$3,992,885,000"
"9127937A8","Bill","52-Week","10/30/1980","11/06/1980","11/05/1981","","No","","","No","","","$4,000,000,000","No","No","$4,000,645,000"
"9127935X0","Bill","13-Week","10/27/1980","10/30/1980","01/29/1981","","No","","","No","","","$3,900,000,000","Yes","No","$3,901,215,000"
"9127936P6","Bill","26-Week","10/27/1980","10/30/1980","04/30/1981","","No","","","No","","","$3,900,000,000","No","No","$3,900,770,000"
"912827LD2","Note","2-Year","10/22/1980","10/31/1980","10/31/1982","","No","","","No","12.125%","","$4,500,000,000","No","No","$4,735,000,000"
"9127936D3","Bill","13-Week","10/20/1980","10/23/1980","01/22/1981","","No","","","No","","","$3,900,000,000","Yes","No","$3,900,885,000"
"9127936A9","Bill","26-Week","10/20/1980","10/23/1980","04/23/1981","","No","","","No","","","$3,900,000,000","Yes","No","$3,903,095,000"
"9127935V4","Bill","13-Week","10/10/1980","10/16/1980","01/15/1981","","No","","","No","","","$3,900,000,000","Yes","No","$3,913,595,000"
"9127936N1","Bill","26-Week","10/10/1980","10/16/1980","04/16/1981","","No","","","No","","","$3,900,000,000","No","No","$3,912,965,000"
"9127936Z4","Bill","52-Week","10/08/1980","10/14/1980","10/08/1981","","No","","","No","","","$4,000,000,000","No","No","$4,000,220,000"
"912810CR7","Bond","15-Year 1-Month","10/07/1980","10/14/1980","11/15/1995","","No","","","No","11.500%","","$1,500,000,000","No","No","$1,501,000,000"
"9127935U6","Bill","13-Week","10/06/1980","10/09/1980","01/08/1981","","No","","","No","","","$3,900,000,000","Yes","No","$3,900,155,000"
"9127936M3","Bill","26-Week","10/06/1980","10/09/1980","04/09/1981","","No","","","No","","","$3,900,000,000","No","No","$3,900,390,000"
"9127935W2","Bill","13-Week","09/29/1980","10/02/1980","01/02/1981","","No","","","No","","","$3,900,000,000","Yes","No","$4,076,605,000"
"9127936L5","Bill","26-Week","09/29/1980","10/02/1980","04/02/1981","","No","","","No","","","$3,900,000,000","No","No","$3,994,265,000"
"912827LC4","Note","4-Year","09/23/1980","09/30/1980","09/30/1984","","No","","","No","12.125%","","$3,000,000,000","No","No","$3,343,000,000"
"9127935T9","Bill","13-Week","09/22/1980","09/25/1980","12/26/1980","","No","","","No","","","$3,800,000,000","Yes","No","$3,800,435,000"
"9127935Z5","Bill","26-Week","09/22/1980","09/25/1980","03/26/1981","","No","","","No","","","$3,800,000,000","Yes","No","$3,801,115,000"
"912827LB6","Note","2-Year","09/18/1980","09/30/1980","09/30/1982","","No","","","No","11.875%","","$4,500,000,000","No","No","$5,051,000,000"
"9127935S1","Bill","13-Week","09/15/1980","09/18/1980","12/18/1980","","No","","","No","","","$3,800,000,000","Yes","No","$3,809,280,000"
"9127936K7","Bill","26-Week","09/15/1980","09/18/1980","03/19/1981","","No","","","No","","","$3,800,000,000","No","No","$3,811,210,000"
"9127936Y7","Bill","52-Week","09/10/1980","09/16/1980","09/10/1981","","No","","","No","","","$4,000,000,000","No","No","$4,000,970,000"
"9127935R3","Bill","13-Week","09/08/1980","09/11/1980","12/11/1980","","No","","","No","","","$3,800,000,000","Yes","No","$3,807,995,000"
"9127936J0","Bill","26-Week","09/08/1980","09/11/1980","03/12/1981","","No","","","No","","","$3,800,000,000","No","No","$3,824,030,000"
"9127934S2","Bill","13-Week","08/29/1980","09/04/1980","12/04/1980","","No","","","No","","","$3,800,000,000","Yes","No","$3,800,380,000"
"9127936H4","Bill","26-Week","08/29/1980","09/04/1980","03/05/1981","","No","","","No","","","$3,800,000,000","No","No","$3,800,095,000"
"912827LA8","Note","5-Year 2-Month","08/27/1980","09/03/1980","11/15/1985","","No","","","No","11.750%","","$3,000,000,000","No","No","$3,066,000,000"
"9127935Q5","Bill","13-Week","08/25/1980","08/28/1980","11/28/1980","","No","","","No","","","$3,800,000,000","Yes","No","$3,929,690,000"
"9127935Y8","Bill","26-Week","08/25/1980","08/28/1980","02/26/1981","","No","","","No","","","$3,800,000,000","Yes","No","$3,910,935,000"
"912827KZ4","Note","2-Year","08/20/1980","09/02/1980","08/31/1982","","No","","","No","11.125%","","$4,500,000,000","No","No","$5,072,000,000"
"9127935P7","Bill","13-Week","08/18/1980","08/21/1980","11/20/1980","","No","","","No","","","$3,800,000,000","Yes","No","$3,802,070,000"
"9127936G6","Bill","26-Week","08/18/1980","08/21/1980","02/19/1981","","No","","","No","","","$3,800,000,000","No","No","$3,800,885,000"
"9127936X9","Bill","52-Week","08/13/1980","08/19/1980","08/13/1981","","No","","","No","","","$4,000,000,000","No","No","$4,000,025,000"
"9127935N2","Bill","13-Week","08/11/1980","08/14/1980","11/13/1980","","No","","","No","","","$3,800,000,000","Yes","No","$4,004,935,000"
"9127936F8","Bill","26-Week","08/11/1980","08/14/1980","02/12/1981","","No","","","No","","","$3,800,000,000","No","No","$3,913,275,000"
"912810CK2","Bond","29-Year 3-Month","08/07/1980","08/15/1980","11/15/2009","","No","","","No","10.375%","","$1,500,000,000","Yes","No","$1,884,000,000"
"912827KY7","Note","10-Year","08/06/1980","08/15/1980","08/15/1990","","No","","","No","10.750%","","$2,750,000,000","No","No","$3,751,000,000"
"912827KX9","Note","3-Year 3-Month","08/05/1980","08/15/1980","11/15/1983","","No","","","No","9.875%","","$4,000,000,000","No","No","$5,753,000,000"
"9127934R4","Bill","13-Week","08/04/1980","08/07/1980","11/06/1980","","No","","","No","","","$4,000,000,000","Yes","No","$4,001,510,000"
"9127936E1","Bill","26-Week","08/04/1980","08/07/1980","02/05/1981","","No","","","No","","","$4,000,000,000","No","No","$4,001,530,000"
"9127934P8","Bill","43-Day","07/29/1980","08/04/1980","09/16/1980","","Yes","","","No","","","$3,000,000,000","No","No","$3,004,240,000"
"9127935M4","Bill","13-Week","07/28/1980","07/31/1980","10/30/1980","","No","","","No","","","$4,000,000,000","Yes","No","$4,000,160,000"
"9127935X0","Bill","26-Week","07/28/1980","07/31/1980","01/29/1981","","No","","","No","","","$4,000,000,000","Yes","No","$4,000,100,000"
"912827KW1","Note","2-Year","07/23/1980","07/31/1980","07/31/1982","","No","","","No","8.875%","","$4,500,000,000","No","No","$5,296,000,000"
"9127935L6","Bill","13-Week","07/21/1980","07/24/1980","10/23/1980","","No","","","No","","","$4,000,000,000","Yes","No","$4,000,435,000"
"9127936D3","Bill","26-Week","07/21/1980","07/24/1980","01/22/1981","","No","","","No","","","$4,000,000,000","No","No","$4,000,760,000"
"9127936W1","Bill","52-Week","07/16/1980","07/22/1980","07/16/1981","","No","","","No","","","$4,000,000,000","No","No","$4,000,145,000"
"9127935K8","Bill","13-Week","07/14/1980","07/17/1980","10/16/1980","","No","","","No","","","$4,000,000,000","Yes","No","$4,001,500,000"
"9127935V4","Bill","26-Week","07/14/1980","07/17/1980","01/15/1981","","No","","","No","","","$4,000,000,000","No","No","$4,000,790,000"
"9127935J1","Bill","13-Week","07/07/1980","07/10/1980","10/09/1980","","No","","","No","","","$4,000,000,000","Yes","No","$4,000,200,000"
"9127935U6","Bill","26-Week","07/07/1980","07/10/1980","01/08/1981","","No","","","No","","","$4,000,000,000","No","No","$4,001,700,000"
"912810CQ9","Bond","14-Year 10-Month","07/02/1980","07/09/1980","05/15/1995","","No","","","No","10.375%","","$1,500,000,000","No","No","$1,502,000,000"
"9127935H5","Bill","13-Week","06/30/1980","07/03/1980","10/02/1980","","No","","","No","","","$4,000,000,000","Yes","No","$4,000,115,000"
"9127935W2","Bill","26-Week","06/30/1980","07/03/1980","01/02/1981","","No","","","No","","","$4,000,000,000","Yes","No","$4,000,210,000"
"912827KV3","Note","4-Year","06/24/1980","06/30/1980","06/30/1984","","No","","","No","8.875%","","$3,250,000,000","No","No","$3,708,000,000"
"9127935G7","Bill","13-Week","06/23/1980","06/26/1980","09/25/1980","","No","","","No","","","$3,500,000,000","Yes","No","$3,500,210,000"
"9127935T9","Bill","26-Week","06/23/1980","06/26/1980","12/26/1980","","No","","","No","","","$3,500,000,000","No","No","$3,500,005,000"
"912827KU5","Note","2-Year","06/19/1980","06/30/1980","06/30/1982","","No","","","No","8.625%","","$4,250,000,000","No","No","$5,169,000,000"
"9127936C5","Bill","52-Week","06/18/1980","06/24/1980","06/18/1981","","No","","","No","","","$4,000,000,000","No","No","$4,063,145,000"
"9127935F9","Bill","13-Week","06/16/1980","06/19/1980","09/18/1980","","No","","","No","","","$3,900,000,000","Yes","No","$3,900,955,000"
"9127935S1","Bill","26-Week","06/16/1980","06/19/1980","12/18/1980","","No","","","No","","","$3,900,000,000","No","No","$3,901,840,000"
"9127935E2","Bill","13-Week","06/09/1980","06/12/1980","09/11/1980","","No","","","No","","","$2,800,000,000","Yes","No","$2,800,460,000"
"9127935R3","Bill","26-Week","06/09/1980","06/12/1980","12/11/1980","","No","","","No","","","$2,800,000,000","No","No","$2,800,475,000"
"912827KT8","Note","5-Year 2-Month","06/03/1980","06/05/1980","08/15/1985","","No","","","No","9.625%","","$3,000,000,000","No","No","$3,289,000,000"
"9127935D4","Bill","13-Week","06/02/1980","06/05/1980","09/04/1980","","No","","","No","","","$3,600,000,000","Yes","No","$3,858,530,000"
"9127934S2","Bill","26-Week","06/02/1980","06/05/1980","12/04/1980","","No","","","No","","","$3,600,000,000","Yes","No","$3,791,290,000"
"912827KS0","Note","2-Year","06/02/1980","06/04/1980","05/31/1982","","No","","","No","9.375%","","$4,000,000,000","No","No","$4,274,000,000"
"9127934H6","Bill","2-Day","06/02/1980","06/03/1980","06/05/1980","","Yes","","","No","","","$2,000,000,000","Yes","No","$2,002,000,000"
"9127934J2","Bill","13-Day","05/30/1980","05/30/1980","06/12/1980","","Yes","","","No","","","$2,000,000,000","Yes","No","$2,001,000,000"
"9127937C4","Bill","19-Day","05/27/1980","05/29/1980","06/17/1980","","Yes","","","No","","","$2,700,000,000","No","No","$2,702,200,000"
"9127935C6","Bill","13-Week","05/23/1980","05/29/1980","08/28/1980","","No","","","No","","","$3,500,000,000","Yes","No","$3,594,715,000"
"9127935Q5","Bill","26-Week","05/23/1980","05/29/1980","11/28/1980","","No","","","No","","","$3,500,000,000","No","No","$3,627,515,000"
"9127936B7","Bill","52-Week","05/21/1980","05/27/1980","05/21/1981","","No","","","No","","","$4,000,000,000","No","No","$4,000,910,000"
"9127935B8","Bill","13-Week","05/19/1980","05/22/1980","08/21/1980","","No","","","No","","","$3,500,000,000","Yes","No","$3,500,415,000"
"9127935P7","Bill","26-Week","05/19/1980","05/22/1980","11/20/1980","","No","","","No","","","$3,500,000,000","No","No","$3,500,035,000"
"9127935A0","Bill","13-Week","05/12/1980","05/15/1980","08/14/1980","","No","","","No","","","$3,500,000,000","Yes","No","$3,500,020,000"
"9127935N2","Bill","26-Week","05/12/1980","05/15/1980","11/13/1980","","No","","","No","","","$3,500,000,000","No","No","$3,500,070,000"
"912810CP1","Bond","30-Year","05/08/1980","05/15/1980","05/15/2010","","No","","","No","10.000%","","$2,000,000,000","No","No","$2,976,000,000"
"912827KC5","Note","9-Year 6-Month","05/07/1980","05/15/1980","11/15/1989","","No","","","No","10.750%","","$2,000,000,000","Yes","No","$3,355,000,000"
"912827KR2","Note","3-Year 3-Month","05/06/1980","05/15/1980","08/15/1983","","No","","","No","9.250%","","$3,500,000,000","No","No","$6,608,000,000"
"9127934Z6","Bill","13-Week","05/05/1980","05/08/1980","08/07/1980","","No","","","No","","","$3,500,000,000","Yes","No","$3,502,305,000"
"9127934R4","Bill","26-Week","05/05/1980","05/08/1980","11/06/1980","","No","","","No","","","$3,500,000,000","Yes","No","$3,500,965,000"
"9127934Y9","Bill","13-Week","04/28/1980","05/01/1980","07/31/1980","","No","","","No","","","$3,500,000,000","Yes","No","$3,500,475,000"
"9127935M4","Bill","26-Week","04/28/1980","05/01/1980","10/30/1980","","No","","","No","","","$3,500,000,000","No","No","$3,500,475,000"
"9127936A9","Bill","52-Week","04/23/1980","04/29/1980","04/23/1981","","No","","","No","","","$4,000,000,000","No","No","$4,000,435,000"
"912827KQ4","Note","2-Year","04/22/1980","04/30/1980","04/30/1982","","No","","","No","11.375%","","$4,000,000,000","No","No","$4,469,000,000"
"9127934X1","Bill","13-Week","04/21/1980","04/24/1980","07/24/1980","","No","","","No","","","$3,500,000,000","Yes","No","$3,505,610,000"
"9127935L6","Bill","26-Week","04/21/1980","04/24/1980","10/23/1980","","No","","","No","","","$3,500,000,000","No","No","$3,500,125,000"
"9127934W3","Bill","13-Week","04/14/1980","04/17/1980","07/17/1980","","No","","","No","","","$3,500,000,000","Yes","No","$3,500,330,000"
"9127935K8","Bill","26-Week","04/14/1980","04/17/1980","10/16/1980","","No","","","No","","","$3,500,000,000","No","No","$3,500,025,000"
"9127934V5","Bill","13-Week","04/07/1980","04/10/1980","07/10/1980","","No","","","No","","","$3,400,000,000","Yes","No","$3,400,990,000"
"9127935J1","Bill","26-Week","04/07/1980","04/10/1980","10/09/1980","","No","","","No","","","$3,400,000,000","No","No","$3,400,280,000"
"912810CN6","Bond","15-Year 1-Month","04/02/1980","04/08/1980","05/15/1995","","No","","","No","12.625%","","$1,500,000,000","No","No","$1,501,000,000"
"9127934L7","Bill","80-Day","04/01/1980","04/07/1980","06/26/1980","","Yes","","","No","","","$4,000,000,000","Yes","No","$4,025,810,000"
"9127934U7","Bill","13-Week","03/31/1980","04/03/1980","07/03/1980","","No","","","No","","","$3,400,000,000","Yes","No","$3,402,935,000"
"9127935H5","Bill","26-Week","03/31/1980","04/03/1980","10/02/1980","","No","","","No","","","$3,400,000,000","No","No","$3,400,000,000"
"9127934K9","Bill","77-Day","03/27/1980","04/03/1980","06/19/1980","","Yes","","","No","","","$5,000,000,000","Yes","No","$5,040,600,000"
"9127935Z5","Bill","52-Week","03/26/1980","04/01/1980","03/26/1981","","No","","","No","","","$4,000,000,000","No","No","$4,000,005,000"
"912827KP6","Note","4-Year","03/25/1980","03/31/1980","03/31/1984","","No","","","No","14.250%","","$2,500,000,000","No","No","$2,875,000,000"
"9127934L7","Bill","13-Week","03/24/1980","03/27/1980","06/26/1980","","No","","","No","","","$3,400,000,000","Yes","No","$3,401,130,000"
"9127935G7","Bill","26-Week","03/24/1980","03/27/1980","09/25/1980","","No","","","No","","","$3,400,000,000","No","No","$3,400,060,000"
"912827KN1","Note","2-Year","03/20/1980","03/31/1980","03/31/1982","","No","","","No","15.000%","","$3,500,000,000","No","No","$4,000,000,000"
"9127934C7","Bill","37-Day","03/20/1980","03/25/1980","05/01/1980","","Yes","","","No","","","$6,000,000,000","Yes","No","$6,904,000,000"
"9127934K9","Bill","13-Week","03/17/1980","03/20/1980","06/19/1980","","No","","","No","","","$3,300,000,000","Yes","No","$3,300,020,000"
"9127935F9","Bill","26-Week","03/17/1980","03/20/1980","09/18/1980","","No","","","No","","","$3,300,000,000","No","No","$3,302,280,000"
"9127934J2","Bill","13-Week","03/10/1980","03/13/1980","06/12/1980","","No","","","No","","","$3,300,000,000","Yes","No","$3,300,130,000"
"9127935E2","Bill","26-Week","03/10/1980","03/13/1980","09/11/1980","","No","","","No","","","$3,300,000,000","No","No","$3,300,215,000"
"9127934A1","Bill","43-Day","03/04/1980","03/05/1980","04/17/1980","","Yes","","","No","","","$4,000,000,000","Yes","No","$4,001,750,000"
"9127934H6","Bill","13-Week","03/03/1980","03/06/1980","06/05/1980","","No","","","No","","","$3,300,000,000","Yes","No","$3,300,200,000"
"9127935D4","Bill","26-Week","03/03/1980","03/06/1980","09/04/1980","","No","","","No","","","$3,300,000,000","No","No","$3,300,385,000"
"9127935Y8","Bill","52-Week","02/27/1980","03/04/1980","02/26/1981","","No","","","No","","","$4,000,000,000","No","No","$4,000,265,000"