"CUSIP","Security Type","Security Term","Auction Date","Issue Date","Maturity Date","Price per $100","Cash Management Bill (CMB)","Currently Outstanding","Estimated Amount of Publicly Held Maturing Securities by Type","Floating Rate","Interest Rate","Maturing Date","Offering Amount","Reopening","TIPS","Total Accepted"
"9127956S5","Bill","26-Week","05/07/2012","05/10/2012","11/08/2012","99.926694","No","","$90,004,000,000","No","","05/10/2012","$28,000,000,000","No","No","$28,000,688,500"
"9127953S8","Bill","4-Week","05/01/2012","05/03/2012","05/31/2012","99.993778","No","$84,003,000,000","$111,998,000,000","No","","05/03/2012","$30,000,000,000","Yes","No","$35,938,292,600"
"9127956L0","Bill","52-Week","05/01/2012","05/03/2012","05/02/2013","99.812944","No","","$111,998,000,000","No","","05/03/2012","$26,000,000,000","No","No","$26,000,292,500"
"9127955Y3","Bill","13-Week","04/30/2012","05/03/2012","08/02/2012","99.975986","No","$29,002,000,000","$111,998,000,000","No","","05/03/2012","$30,000,000,000","Yes","No","$30,000,095,400"
"9127956P1","Bill","26-Week","04/30/2012","05/03/2012","11/01/2012","99.926694","No","","$111,998,000,000","No","","05/03/2012","$28,000,000,000","No","No","$28,000,335,000"
"912828ST8","Note","7-Year","04/26/2012","04/30/2012","04/30/2019","99.354100","No","","$58,298,000,000","No","1.250%","04/30/2012","$29,000,000,000","No","No","$29,779,201,400"
"912828SS0","Note","5-Year","04/25/2012","04/30/2012","04/30/2017","99.941438","No","","$58,298,000,000","No","0.875%","04/30/2012","$35,000,000,000","No","No","$35,940,363,500"
"912828SR2","Note","2-Year","04/24/2012","04/30/2012","04/30/2014","99.960135","No","","$58,298,000,000","No","0.250%","04/30/2012","$35,000,000,000","No","No","$35,940,493,300"
"9127955P2","Bill","4-Week","04/24/2012","04/26/2012","05/24/2012","99.994167","No","$60,003,000,000","$91,002,000,000","No","","04/26/2012","$30,000,000,000","Yes","No","$32,418,495,500"
"9127954B4","Bill","13-Week","04/23/2012","04/26/2012","07/26/2012","99.979778","No","$47,002,000,000","$91,002,000,000","No","","04/26/2012","$30,000,000,000","Yes","No","$30,000,348,400"
"9127956N6","Bill","26-Week","04/23/2012","04/26/2012","10/25/2012","99.934278","No","","$91,002,000,000","No","","04/26/2012","$28,000,000,000","No","No","$28,000,863,300"
"912828SQ4","Note","5-Year","04/19/2012","04/30/2012","04/15/2017","106.389051","No","","$58,298,000,000","No","0.125%","04/30/2012","$16,000,000,000","No","Yes","$16,429,892,400"
"9127955N7","Bill","4-Week","04/17/2012","04/19/2012","05/17/2012","99.994944","No","$60,002,000,000","$136,011,000,000","No","","04/19/2012","$30,000,000,000","Yes","No","$36,286,152,000"
"9127955X5","Bill","13-Week","04/16/2012","04/19/2012","07/19/2012","99.979778","No","$27,000,000,000","$136,011,000,000","No","","04/19/2012","$30,000,000,000","Yes","No","$30,000,966,200"
"9127955G2","Bill","26-Week","04/16/2012","04/19/2012","10/18/2012","99.931750","No","$24,999,000,000","$136,011,000,000","No","","04/19/2012","$28,000,000,000","Yes","No","$28,000,060,800"
"912810QU5","Bond","29-Year 10-Month","04/12/2012","04/16/2012","02/15/2042","97.993453","No","$31,854,000,000","$42,891,000,000","No","3.125%","04/15/2012","$13,000,000,000","Yes","No","$15,365,467,900"
"912828SF8","Note","9-Year 10-Month","04/11/2012","04/16/2012","02/15/2022","99.616439","No","$49,379,000,000","$42,891,000,000","No","2.000%","04/15/2012","$21,000,000,000","Yes","No","$24,821,130,400"
"912828SP6","Note","3-Year","04/10/2012","04/16/2012","04/15/2015","99.845296","No","","$42,891,000,000","No","0.375%","04/15/2012","$32,000,000,000","No","No","$37,822,698,000"
"9127955M9","Bill","4-Week","04/10/2012","04/12/2012","05/10/2012","99.993778","No","$60,003,000,000","$95,995,000,000","No","","04/12/2012","$30,000,000,000","Yes","No","$33,782,212,500"
"9127955W7","Bill","13-Week","04/09/2012","04/12/2012","07/12/2012","99.978514","No","$26,996,000,000","$95,995,000,000","No","","04/12/2012","$31,000,000,000","Yes","No","$31,000,130,700"
"9127956M8","Bill","26-Week","04/09/2012","04/12/2012","10/11/2012","99.924167","No","","$95,995,000,000","No","","04/12/2012","$29,000,000,000","No","No","$29,000,644,900"
"9127953N9","Bill","4-Week","04/03/2012","04/05/2012","05/03/2012","99.995722","No","$81,995,000,000","$120,002,000,000","No","","04/05/2012","$30,000,000,000","Yes","No","$35,938,439,200"
"9127956F3","Bill","52-Week","04/03/2012","04/05/2012","04/04/2013","99.812944","No","","$120,002,000,000","No","","04/05/2012","$26,000,000,000","No","No","$26,000,106,100"
"9127955U1","Bill","13-Week","04/02/2012","04/05/2012","07/05/2012","99.981042","No","$27,000,000,000","$120,002,000,000","No","","04/05/2012","$31,000,000,000","Yes","No","$31,000,360,800"
"9127956K2","Bill","26-Week","04/02/2012","04/05/2012","10/04/2012","99.929222","No","","$120,002,000,000","No","","04/05/2012","$29,000,000,000","No","No","$29,000,578,100"
"912828SN1","Note","7-Year","03/29/2012","04/02/2012","03/31/2019","99.406396","No","","$59,492,000,000","No","1.500%","03/31/2012","$29,000,000,000","No","No","$29,688,495,400"
"912828SM3","Note","5-Year","03/28/2012","04/02/2012","03/31/2017","99.805782","No","","$59,492,000,000","No","1.000%","03/31/2012","$35,000,000,000","No","No","$35,830,981,800"
"912828SL5","Note","2-Year","03/27/2012","04/02/2012","03/31/2014","99.821248","No","","$59,492,000,000","No","0.250%","03/31/2012","$35,000,000,000","No","No","$35,831,088,100"
"9127955K3","Bill","4-Week","03/27/2012","03/29/2012","04/26/2012","99.994944","No","$56,001,000,000","$96,006,000,000","No","","03/29/2012","$35,000,000,000","Yes","No","$37,418,868,200"
"9127953W9","Bill","13-Week","03/26/2012","03/29/2012","06/28/2012","99.978514","No","$51,000,000,000","$96,006,000,000","No","","03/29/2012","$31,000,000,000","Yes","No","$31,000,431,700"
"9127956J5","Bill","26-Week","03/26/2012","03/29/2012","09/27/2012","99.924167","No","","$96,006,000,000","No","","03/29/2012","$29,000,000,000","No","No","$29,001,125,700"
"912828SA9","Note","9-Year 10-Month","03/22/2012","03/30/2012","01/15/2022","102.226025","No","$15,282,000,000","$0","No","0.125%","03/30/2012","$13,000,000,000","Yes","Yes","$13,000,001,900"
"9127955J6","Bill","4-Week","03/20/2012","03/22/2012","04/19/2012","99.992222","No","$96,010,000,000","$95,987,000,000","No","","03/22/2012","$40,000,000,000","Yes","No","$46,286,059,700"
"9127955T4","Bill","13-Week","03/19/2012","03/22/2012","06/21/2012","99.975986","No","$27,003,000,000","$95,987,000,000","No","","03/22/2012","$33,000,000,000","Yes","No","$33,000,154,000"
"9127955C1","Bill","26-Week","03/19/2012","03/22/2012","09/20/2012","99.924167","No","$25,000,000,000","$95,987,000,000","No","","03/22/2012","$31,000,000,000","Yes","No","$31,000,823,200"
"912810QU5","Bond","29-Year 11-Month","03/14/2012","03/15/2012","02/15/2042","95.165202","No","$17,951,000,000","$30,022,000,000","No","3.125%","03/15/2012","$13,000,000,000","Yes","No","$13,902,658,400"
"9127955H0","Bill","4-Week","03/13/2012","03/15/2012","04/12/2012","99.994556","No","$55,995,000,000","$95,999,000,000","No","","03/15/2012","$40,000,000,000","Yes","No","$43,781,618,600"
"912828SF8","Note","9-Year 11-Month","03/13/2012","03/15/2012","02/15/2022","99.320389","No","$26,921,000,000","$30,022,000,000","No","2.000%","03/15/2012","$21,000,000,000","Yes","No","$22,458,323,700"
"9127955S6","Bill","13-Week","03/12/2012","03/15/2012","06/14/2012","99.975986","No","$27,000,000,000","$95,999,000,000","No","","03/15/2012","$33,000,000,000","Yes","No","$33,000,065,100"
"9127956H9","Bill","26-Week","03/12/2012","03/15/2012","09/13/2012","99.926694","No","","$95,999,000,000","No","","03/15/2012","$31,000,000,000","No","No","$31,001,113,300"
"912828SK7","Note","3-Year","03/12/2012","03/15/2012","03/15/2015","99.758927","No","","$30,022,000,000","No","0.375%","03/15/2012","$32,000,000,000","No","No","$34,221,947,500"
"9127953H2","Bill","4-Week","03/06/2012","03/08/2012","04/05/2012","99.995333","No","$80,002,000,000","$116,005,000,000","No","","03/08/2012","$40,000,000,000","Yes","No","$45,938,184,000"
"9127956E6","Bill","52-Week","03/06/2012","03/08/2012","03/07/2013","99.828111","No","","$116,005,000,000","No","","03/08/2012","$26,000,000,000","No","No","$26,000,671,900"
"9127955R8","Bill","13-Week","03/05/2012","03/08/2012","06/07/2012","99.979778","No","$27,000,000,000","$116,005,000,000","No","","03/08/2012","$33,000,000,000","Yes","No","$33,000,419,900"
"9127956G1","Bill","26-Week","03/05/2012","03/08/2012","09/06/2012","99.934278","No","","$116,005,000,000","No","","03/08/2012","$31,000,000,000","No","No","$31,000,410,500"
"9127955F4","Bill","4-Week","02/28/2012","03/01/2012","03/29/2012","99.992222","No","$56,004,000,000","$89,003,000,000","No","","03/01/2012","$40,000,000,000","Yes","No","$42,418,729,200"
"9127955J6","Bill","49-Day","02/28/2012","03/01/2012","04/19/2012","99.985708","Yes","$76,010,000,000","","No","","03/01/2012","$20,000,000,000","Yes","No","$20,000,425,000"
"9127953S8","Bill","13-Week","02/27/2012","03/01/2012","05/31/2012","99.970931","No","$51,002,000,000","$89,003,000,000","No","","03/01/2012","$33,000,000,000","Yes","No","$33,001,109,300"
"9127956C0","Bill","26-Week","02/27/2012","03/01/2012","08/30/2012","99.926694","No","","$89,003,000,000","No","","03/01/2012","$31,000,000,000","No","No","$31,001,033,700"
"912828SH4","Note","7-Year","02/23/2012","02/29/2012","02/28/2019","99.714418","No","","$60,186,000,000","No","1.375%","02/29/2012","$29,000,000,000","No","No","$29,411,654,800"
"912828SJ0","Note","5-Year","02/22/2012","02/29/2012","02/28/2017","99.878039","No","","$60,186,000,000","No","0.875%","02/29/2012","$35,000,000,000","No","No","$35,497,018,200"
"9127955E7","Bill","4-Week","02/22/2012","02/23/2012","03/22/2012","99.995333","No","$55,988,000,000","$86,005,000,000","No","","02/23/2012","$40,000,000,000","Yes","No","$46,286,001,000"
"912828SG6","Note","2-Year","02/21/2012","02/29/2012","02/28/2014","99.880464","No","","$60,186,000,000","No","0.250%","02/29/2012","$35,000,000,000","No","No","$35,496,956,000"
"9127955P2","Bill","13-Week","02/21/2012","02/23/2012","05/24/2012","99.978514","No","$27,002,000,000","$86,005,000,000","No","","02/23/2012","$33,000,000,000","Yes","No","$33,000,115,700"
"912795Y96","Bill","26-Week","02/21/2012","02/23/2012","08/23/2012","99.936806","No","$25,000,000,000","$86,005,000,000","No","","02/23/2012","$31,000,000,000","Yes","No","$31,000,405,500"
"912810QV3","Bond","30-Year","02/16/2012","02/29/2012","02/15/2042","99.347316","No","","$60,186,000,000","No","0.750%","02/29/2012","$9,000,000,000","No","Yes","$9,127,756,000"
"9127955D9","Bill","4-Week","02/14/2012","02/16/2012","03/15/2012","99.991444","No","$56,000,000,000","$86,003,000,000","No","","02/16/2012","$40,000,000,000","Yes","No","$43,781,895,000"
"9127955J6","Bill","64-Day","02/14/2012","02/15/2012","04/19/2012","99.978667","Yes","$56,009,000,000","","No","","02/15/2012","$20,000,000,000","Yes","No","$20,000,500,000"
"9127955N7","Bill","13-Week","02/13/2012","02/16/2012","05/17/2012","99.975986","No","$27,001,000,000","$86,003,000,000","No","","02/16/2012","$33,000,000,000","Yes","No","$33,000,423,100"
"9127956B2","Bill","26-Week","02/13/2012","02/16/2012","08/16/2012","99.934278","No","","$86,003,000,000","No","","02/16/2012","$31,000,000,000","No","No","$31,000,177,400"
"912810QU5","Bond","30-Year","02/09/2012","02/15/2012","02/15/2042","97.803940","No","","$49,630,000,000","No","3.125%","02/15/2012","$16,000,000,000","No","No","$17,950,905,300"
"912828SF8","Note","10-Year","02/08/2012","02/15/2012","02/15/2022","99.819726","No","","$49,630,000,000","No","2.000%","02/15/2012","$24,000,000,000","No","No","$26,926,334,000"
"912828SE1","Note","3-Year","02/07/2012","02/15/2012","02/15/2015","99.710759","No","","$49,630,000,000","No","0.250%","02/15/2012","$32,000,000,000","No","No","$35,901,818,200"
"9127953G4","Bill","4-Week","02/07/2012","02/09/2012","03/08/2012","99.995333","No","$79,009,000,000","$107,996,000,000","No","","02/09/2012","$37,000,000,000","Yes","No","$42,939,565,100"
"9127955Z0","Bill","52-Week","02/07/2012","02/09/2012","02/07/2013","99.858444","No","","$107,996,000,000","No","","02/09/2012","$26,000,000,000","No","No","$26,001,246,800"
"9127955M9","Bill","13-Week","02/06/2012","02/09/2012","05/10/2012","99.979778","No","$27,003,000,000","$107,996,000,000","No","","02/09/2012","$33,000,000,000","Yes","No","$33,001,874,100"
"9127956A4","Bill","26-Week","02/06/2012","02/09/2012","08/09/2012","99.949444","No","","$107,996,000,000","No","","02/09/2012","$31,000,000,000","No","No","$31,000,235,400"
"912795Z46","Bill","4-Week","01/31/2012","02/02/2012","03/01/2012","99.996111","No","$56,002,000,000","$83,005,000,000","No","","02/02/2012","$33,000,000,000","Yes","No","$35,419,488,800"
"9127953N9","Bill","13-Week","01/30/2012","02/02/2012","05/03/2012","99.987361","No","$51,000,000,000","$83,005,000,000","No","","02/02/2012","$31,000,000,000","Yes","No","$31,000,815,100"
"9127955Y3","Bill","26-Week","01/30/2012","02/02/2012","08/02/2012","99.962083","No","","$83,005,000,000","No","","02/02/2012","$29,000,000,000","No","No","$29,000,641,500"
"912828SD3","Note","7-Year","01/26/2012","01/31/2012","01/31/2019","99.274515","No","","$57,501,000,000","No","1.250%","01/31/2012","$29,000,000,000","No","No","$29,545,749,100"
"912828SC5","Note","5-Year","01/25/2012","01/31/2012","01/31/2017","99.882914","No","","$57,501,000,000","No","0.875%","01/31/2012","$35,000,000,000","No","No","$35,658,673,300"
"912828SB7","Note","2-Year","01/24/2012","01/31/2012","01/31/2014","100.000000","No","","$57,501,000,000","No","0.250%","01/31/2012","$35,000,000,000","No","No","$35,658,817,000"
"912795Z38","Bill","4-Week","01/24/2012","01/26/2012","02/23/2012","99.998444","No","$56,003,000,000","$83,020,000,000","No","","01/26/2012","$30,000,000,000","Yes","No","$36,286,677,200"
"9127955K3","Bill","13-Week","01/23/2012","01/26/2012","04/26/2012","99.989889","No","$27,000,000,000","$83,020,000,000","No","","01/26/2012","$29,000,000,000","Yes","No","$29,001,168,000"
"9127954B4","Bill","26-Week","01/23/2012","01/26/2012","07/26/2012","99.964611","No","$20,000,000,000","$83,020,000,000","No","","01/26/2012","$27,000,000,000","Yes","No","$27,001,431,300"
"912828SA9","Note","10-Year","01/19/2012","01/31/2012","01/15/2022","101.661834","No","","$57,501,000,000","No","0.125%","01/31/2012","$15,000,000,000","No","Yes","$15,282,340,600"
"912795Z20","Bill","4-Week","01/18/2012","01/19/2012","02/16/2012","99.998833","No","$56,003,000,000","$83,011,000,000","No","","01/19/2012","$30,000,000,000","Yes","No","$33,782,084,800"
"9127955J6","Bill","13-Week","01/17/2012","01/19/2012","04/19/2012","99.993681","No","$27,007,000,000","$83,011,000,000","No","","01/19/2012","$29,000,000,000","Yes","No","$29,001,093,200"
"9127955X5","Bill","26-Week","01/17/2012","01/19/2012","07/19/2012","99.969667","No","","$83,011,000,000","No","","01/19/2012","$27,000,000,000","No","No","$27,000,752,900"
"912810QT8","Bond","29-Year 10-Month","01/12/2012","01/17/2012","11/15/2041","102.746849","No","$30,700,000,000","$35,453,000,000","No","3.125%","01/15/2012","$13,000,000,000","Yes","No","$13,922,655,800"
"912828RR3","Note","9-Year 10-Month","01/11/2012","01/17/2012","11/15/2021","100.890462","No","$47,602,000,000","$35,453,000,000","No","2.000%","01/15/2012","$21,000,000,000","Yes","No","$22,490,516,800"
"912828RZ5","Note","3-Year","01/10/2012","01/17/2012","01/15/2015","99.642968","No","","$35,453,000,000","No","0.250%","01/15/2012","$32,000,000,000","No","No","$34,271,402,200"
"9127953C3","Bill","4-Week","01/10/2012","01/12/2012","02/09/2012","100.000000","No","$78,000,000,000","$110,013,000,000","No","","01/12/2012","$30,000,000,000","Yes","No","$35,939,178,400"
"9127955V9","Bill","52-Week","01/10/2012","01/12/2012","01/10/2013","99.893833","No","","$110,013,000,000","No","","01/12/2012","$25,000,000,000","No","No","$25,000,098,500"
"9127955H0","Bill","13-Week","01/09/2012","01/12/2012","04/12/2012","99.997472","No","$26,999,000,000","$110,013,000,000","No","","01/12/2012","$29,000,000,000","Yes","No","$29,001,392,000"
"9127955W7","Bill","26-Week","01/09/2012","01/12/2012","07/12/2012","99.974722","No","","$110,013,000,000","No","","01/12/2012","$27,000,000,000","No","No","$27,000,489,300"
"912795Y88","Bill","4-Week","01/04/2012","01/05/2012","02/02/2012","100.000000","No","$52,999,000,000","$88,014,000,000","No","","01/05/2012","$30,000,000,000","Yes","No","$32,423,039,300"
"9127953H2","Bill","13-Week","01/03/2012","01/05/2012","04/05/2012","99.996208","No","$51,004,000,000","$88,014,000,000","No","","01/05/2012","$29,000,000,000","Yes","No","$29,001,094,000"
"9127955U1","Bill","26-Week","01/03/2012","01/05/2012","07/05/2012","99.972194","No","","$88,014,000,000","No","","01/05/2012","$27,000,000,000","No","No","$27,000,321,400"
"912795Y70","Bill","4-Week","12/28/2011","12/29/2011","01/26/2012","100.000000","No","$53,007,000,000","$88,013,000,000","No","","12/29/2011","$30,000,000,000","Yes","No","$36,297,501,700"
"9127955F4","Bill","13-Week","12/27/2011","12/29/2011","03/29/2012","99.993681","No","$27,008,000,000","$88,013,000,000","No","","12/29/2011","$29,000,000,000","Yes","No","$29,000,334,200"
"9127953W9","Bill","26-Week","12/27/2011","12/29/2011","06/28/2012","99.972194","No","$24,000,000,000","$88,013,000,000","No","","12/29/2011","$27,000,000,000","Yes","No","$27,000,518,300"
"912828RY8","Note","7-Year","12/21/2011","01/03/2012","12/31/2018","99.635210","No","","$58,234,000,000","No","1.375%","12/31/2011","$29,000,000,000","No","No","$29,939,158,900"
"912828RX0","Note","5-Year","12/20/2011","01/03/2012","12/31/2016","99.975602","No","","$58,234,000,000","No","0.875%","12/31/2011","$35,000,000,000","No","No","$36,133,437,400"
"912795Y62","Bill","4-Week","12/20/2011","12/22/2011","01/19/2012","100.000000","No","$52,998,000,000","$87,989,000,000","No","","12/22/2011","$30,000,000,000","Yes","No","$33,794,983,600"
"912828RW2","Note","2-Year","12/19/2011","01/03/2012","12/31/2013","99.771630","No","","$58,234,000,000","No","0.125%","12/31/2011","$35,000,000,000","No","No","$36,133,434,000"
"9127955E7","Bill","13-Week","12/19/2011","12/22/2011","03/22/2012","99.998736","No","$27,001,000,000","$87,989,000,000","No","","12/22/2011","$29,000,000,000","Yes","No","$29,000,026,800"
"9127955T4","Bill","26-Week","12/19/2011","12/22/2011","06/21/2012","99.979778","No","","$87,989,000,000","No","","12/22/2011","$27,000,000,000","No","No","$27,001,185,500"
"912828QD5","Note","4-Year 4-Month","12/15/2011","12/30/2011","04/15/2016","107.098375","No","$26,366,000,000","$0","No","0.125%","12/30/2011","$12,000,000,000","Yes","Yes","$12,000,004,300"
"912810QT8","Bond","29-Year 11-Month","12/14/2011","12/15/2011","11/15/2041","103.966337","No","$17,224,000,000","$26,426,000,000","No","3.125%","12/15/2011","$13,000,000,000","Yes","No","$13,475,784,100"
"9127952Y6","Bill","4-Week","12/13/2011","12/15/2011","01/12/2012","100.000000","No","$75,000,000,000","$109,998,000,000","No","","12/15/2011","$35,000,000,000","Yes","No","$40,952,802,300"
"9127955Q0","Bill","52-Week","12/13/2011","12/15/2011","12/13/2012","99.888778","No","","$109,998,000,000","No","","12/15/2011","$25,000,000,000","No","No","$25,000,541,900"
"912828RR3","Note","9-Year 11-Month","12/13/2011","12/15/2011","11/15/2021","99.819684","No","$25,833,000,000","$26,426,000,000","No","2.000%","12/15/2011","$21,000,000,000","Yes","No","$21,768,614,000"
"9127955D9","Bill","13-Week","12/12/2011","12/15/2011","03/15/2012","99.997472","No","$27,001,000,000","$109,998,000,000","No","","12/15/2011","$29,000,000,000","Yes","No","$29,000,683,900"
"9127955S6","Bill","26-Week","12/12/2011","12/15/2011","06/14/2012","99.977250","No","","$109,998,000,000","No","","12/15/2011","$27,000,000,000","No","No","$27,000,549,700"
"912828RV4","Note","3-Year","12/12/2011","12/15/2011","12/15/2014","99.695876","No","","$26,426,000,000","No","0.250%","12/15/2011","$32,000,000,000","No","No","$33,171,203,600"
"9127954A6","Bill","4-Week","12/06/2011","12/08/2011","01/05/2012","100.000000","No","$53,006,000,000","$88,002,000,000","No","","12/08/2011","$35,000,000,000","Yes","No","$37,423,777,300"
"9127953G4","Bill","13-Week","12/05/2011","12/08/2011","03/08/2012","99.998736","No","$50,004,000,000","$88,002,000,000","No","","12/08/2011","$29,000,000,000","Yes","No","$29,000,543,700"
"9127955R8","Bill","26-Week","12/05/2011","12/08/2011","06/07/2012","99.974722","No","","$88,002,000,000","No","","12/08/2011","$27,000,000,000","No","No","$27,000,123,400"
"9127953Z2","Bill","4-Week","11/29/2011","12/01/2011","12/29/2011","99.998444","No","$53,013,000,000","$88,003,000,000","No","","12/01/2011","$35,000,000,000","Yes","No","$41,285,683,400"
"912795Z46","Bill","13-Week","11/28/2011","12/01/2011","03/01/2012","99.992417","No","$27,002,000,000","$88,003,000,000","No","","12/01/2011","$29,000,000,000","Yes","No","$29,000,604,800"
"9127953S8","Bill","26-Week","11/28/2011","12/01/2011","05/31/2012","99.964611","No","$24,001,000,000","$88,003,000,000","No","","12/01/2011","$27,000,000,000","Yes","No","$27,000,612,100"
"912828RT9","Note","7-Year","11/23/2011","11/30/2011","11/30/2018","99.734313","No","","$57,374,000,000","No","1.375%","11/30/2011","$29,000,000,000","No","No","$30,314,142,800"
"912828RU6","Note","5-Year","11/22/2011","11/30/2011","11/30/2016","99.697840","No","","$57,374,000,000","No","0.875%","11/30/2011","$35,000,000,000","No","No","$36,585,896,100"
"9127953Y5","Bill","4-Week","11/22/2011","11/25/2011","12/22/2011","99.998500","No","$52,989,000,000","$83,014,000,000","No","","11/25/2011","$35,000,000,000","Yes","No","$38,781,878,100"
"912828RS1","Note","2-Year","11/21/2011","11/30/2011","11/30/2013","99.940209","No","","$57,374,000,000","No","0.250%","11/30/2011","$35,000,000,000","No","No","$36,586,067,300"
"912795Z38","Bill","13-Week","11/21/2011","11/25/2011","02/23/2012","99.996250","No","$27,005,000,000","$83,014,000,000","No","","11/25/2011","$29,000,000,000","Yes","No","$29,000,787,700"
"9127955P2","Bill","26-Week","11/21/2011","11/25/2011","05/24/2012","99.974861","No","","$83,014,000,000","No","","11/25/2011","$27,000,000,000","No","No","$27,000,356,600"
"912828QV5","Note","9-Year 8-Month","11/17/2011","11/30/2011","07/15/2021","105.733846","No","$24,342,000,000","$57,374,000,000","No","0.625%","11/30/2011","$11,000,000,000","Yes","Yes","$11,498,424,100"
"9127952T7","Bill","4-Week","11/15/2011","11/17/2011","12/15/2011","99.999611","No","$74,998,000,000","$105,999,000,000","No","","11/17/2011","$35,000,000,000","Yes","No","$40,938,141,500"
"9127955L1","Bill","52-Week","11/15/2011","11/17/2011","11/15/2012","99.898889","No","","$105,999,000,000","No","","11/17/2011","$25,000,000,000","No","No","$25,000,901,700"
"912795Z20","Bill","13-Week","11/14/2011","11/17/2011","02/16/2012","99.997472","No","$27,002,000,000","$105,999,000,000","No","","11/17/2011","$29,000,000,000","Yes","No","$29,000,351,400"
"9127955N7","Bill","26-Week","11/14/2011","11/17/2011","05/17/2012","99.979778","No","","$105,999,000,000","No","","11/17/2011","$27,000,000,000","No","No","$27,000,420,100"
"912810QT8","Bond","30-Year","11/10/2011","11/15/2011","11/15/2041","98.579514","No","","$23,934,000,000","No","3.125%","11/15/2011","$16,000,000,000","No","No","$17,224,269,400"
"912828RR3","Note","10-Year","11/09/2011","11/15/2011","11/15/2021","99.729725","No","","$23,934,000,000","No","2.000%","11/15/2011","$24,000,000,000","No","No","$25,836,407,100"
"912828RQ5","Note","3-Year","11/08/2011","11/15/2011","11/15/2014","99.988079","No","","$23,934,000,000","No","0.375%","11/15/2011","$32,000,000,000","No","No","$34,448,575,700"
"9127953X7","Bill","4-Week","11/08/2011","11/10/2011","12/08/2011","100.000000","No","$52,997,000,000","$86,013,000,000","No","","11/10/2011","$35,000,000,000","Yes","No","$37,423,208,700"
"9127953C3","Bill","13-Week","11/07/2011","11/10/2011","02/09/2012","99.998736","No","$48,997,000,000","$86,013,000,000","No","","11/10/2011","$29,000,000,000","Yes","No","$29,000,532,400"
"9127955M9","Bill","26-Week","11/07/2011","11/10/2011","05/10/2012","99.982306","No","","$86,013,000,000","No","","11/10/2011","$27,000,000,000","No","No","$27,000,758,400"
"9127953V1","Bill","4-Week","11/01/2011","11/03/2011","12/01/2011","99.999611","No","$53,002,000,000","$84,014,000,000","No","","11/03/2011","$35,000,000,000","Yes","No","$41,286,187,500"
"912795Y88","Bill","13-Week","10/31/2011","11/03/2011","02/02/2012","99.997472","No","$24,000,000,000","$84,014,000,000","No","","11/03/2011","$29,000,000,000","Yes","No","$29,000,416,300"
"9127953N9","Bill","26-Week","10/31/2011","11/03/2011","05/03/2012","99.972194","No","$23,999,000,000","$84,014,000,000","No","","11/03/2011","$27,000,000,000","Yes","No","$27,000,214,500"
"912828RP7","Note","7-Year","10/27/2011","10/31/2011","10/31/2018","99.731389","No","","$57,236,000,000","No","1.750%","10/31/2011","$29,000,000,000","No","No","$30,102,630,900"
"912828RM4","Note","5-Year","10/26/2011","10/31/2011","10/31/2016","99.732813","No","","$57,236,000,000","No","1.000%","10/31/2011","$35,000,000,000","No","No","$36,330,796,900"
"912828RN2","Note","2-Year","10/25/2011","10/31/2011","10/31/2013","99.938217","No","","$57,236,000,000","No","0.250%","10/31/2011","$35,000,000,000","No","No","$36,330,750,700"
"9127953U3","Bill","4-Week","10/25/2011","10/27/2011","11/25/2011","99.999597","No","$53,014,000,000","$83,998,000,000","No","","10/27/2011","$30,000,000,000","Yes","No","$33,782,555,000"
"912795Y70","Bill","13-Week","10/24/2011","10/27/2011","01/26/2012","99.994944","No","$24,006,000,000","$83,998,000,000","No","","10/27/2011","$29,000,000,000","Yes","No","$29,000,501,400"
"9127955K3","Bill","26-Week","10/24/2011","10/27/2011","04/26/2012","99.969667","No","","$83,998,000,000","No","","10/27/2011","$27,000,000,000","No","No","$27,000,442,300"
"912810QP6","Bond","29-Year 4-Month","10/20/2011","10/31/2011","02/15/2041","132.953297","No","$16,719,000,000","$57,236,000,000","No","2.125%","10/31/2011","$7,000,000,000","Yes","Yes","$7,266,179,200"
"9127952P5","Bill","4-Week","10/18/2011","10/20/2011","11/17/2011","99.998833","No","$75,999,000,000","$109,012,000,000","No","","10/20/2011","$30,000,000,000","Yes","No","$35,938,037,100"
"9127955G2","Bill","52-Week","10/18/2011","10/20/2011","10/18/2012","99.878667","No","","$109,012,000,000","No","","10/20/2011","$25,000,000,000","No","No","$25,000,930,500"
"912795Y62","Bill","13-Week","10/17/2011","10/20/2011","01/19/2012","99.992417","No","$23,999,000,000","$109,012,000,000","No","","10/20/2011","$29,000,000,000","Yes","No","$29,000,067,800"
"9127955J6","Bill","26-Week","10/17/2011","10/20/2011","04/19/2012","99.967139","No","","$109,012,000,000","No","","10/20/2011","$27,000,000,000","No","No","$27,001,464,900"
"912810QS0","Bond","29-Year 10-Month","10/13/2011","10/17/2011","08/15/2041","112.166894","No","$29,489,000,000","$0","No","3.750%","10/15/2011","$13,000,000,000","Yes","No","$13,000,007,200"
"912828RC6","Note","9-Year 10-Month","10/12/2011","10/17/2011","08/15/2021","98.717572","No","$45,735,000,000","$0","No","2.125%","10/15/2011","$21,000,000,000","Yes","No","$21,000,017,200"
"9127953T6","Bill","4-Week","10/12/2011","10/13/2011","11/10/2011","99.999222","No","$56,013,000,000","$84,004,000,000","No","","10/13/2011","$30,000,000,000","Yes","No","$32,418,969,400"
"912828RL6","Note","3-Year","10/11/2011","10/17/2011","10/15/2014","99.869476","No","","$0","No","0.500%","10/15/2011","$32,000,000,000","No","No","$32,000,010,200"
"9127952Y6","Bill","13-Week","10/11/2011","10/13/2011","01/12/2012","99.996208","No","$46,003,000,000","$84,004,000,000","No","","10/13/2011","$29,000,000,000","Yes","No","$29,000,146,900"
"9127955H0","Bill","26-Week","10/11/2011","10/13/2011","04/12/2012","99.977250","No","","$84,004,000,000","No","","10/13/2011","$27,000,000,000","No","No","$27,000,023,300"
"912796AP4","Bill","5-Day","10/06/2011","10/12/2011","10/17/2011","100.000000","Yes","","","No","","10/12/2011","$10,000,000,000","No","No","$10,000,445,000"
"9127953R0","Bill","4-Week","10/04/2011","10/06/2011","11/03/2011","100.000000","No","$54,010,000,000","$87,001,000,000","No","","10/06/2011","$30,000,000,000","Yes","No","$36,289,113,200"
"9127954A6","Bill","13-Week","10/03/2011","10/06/2011","01/05/2012","99.994944","No","$24,004,000,000","$87,001,000,000","No","","10/06/2011","$29,000,000,000","Yes","No","$29,001,036,000"
"9127953H2","Bill","26-Week","10/03/2011","10/06/2011","04/05/2012","99.969667","No","$24,000,000,000","$87,001,000,000","No","","10/06/2011","$27,000,000,000","Yes","No","$27,000,313,000"
"912828RH5","Note","7-Year","09/29/2011","09/30/2011","09/30/2018","99.198680","No","","$57,837,000,000","No","1.375%","09/30/2011","$29,000,000,000","No","No","$29,902,866,400"
"912828RJ1","Note","5-Year","09/28/2011","09/30/2011","09/30/2016","99.927052","No","","$57,837,000,000","No","1.000%","09/30/2011","$35,000,000,000","No","No","$36,089,743,500"
"912828RK8","Note","2-Year","09/27/2011","09/30/2011","09/30/2013","99.752770","No","","$57,837,000,000","No","0.125%","09/30/2011","$35,000,000,000","No","No","$36,089,771,300"
"9127953Q2","Bill","4-Week","09/27/2011","09/29/2011","10/27/2011","100.000000","No","$54,003,000,000","$87,016,000,000","No","","09/29/2011","$30,000,000,000","Yes","No","$33,781,797,100"
"9127953Z2","Bill","13-Week","09/26/2011","09/29/2011","12/29/2011","99.994944","No","$24,009,000,000","$87,016,000,000","No","","09/29/2011","$29,000,000,000","Yes","No","$29,000,938,800"
"9127955F4","Bill","26-Week","09/26/2011","09/29/2011","03/29/2012","99.982306","No","","$87,016,000,000","No","","09/29/2011","$27,000,000,000","No","No","$27,000,417,000"
"912828QV5","Note","9-Year 10-Month","09/22/2011","09/30/2011","07/15/2021","105.582684","No","$13,000,000,000","$57,837,000,000","No","0.625%","09/30/2011","$11,000,000,000","Yes","Yes","$11,342,466,800"
"9127952K6","Bill","4-Week","09/20/2011","09/22/2011","10/20/2011","100.000000","No","$79,001,000,000","$117,011,000,000","No","","09/22/2011","$30,000,000,000","Yes","No","$35,948,438,100"
"9127955C1","Bill","52-Week","09/20/2011","09/22/2011","09/20/2012","99.909000","No","","$117,011,000,000","No","","09/22/2011","$25,000,000,000","No","No","$25,000,324,200"
"9127953Y5","Bill","13-Week","09/19/2011","09/22/2011","12/22/2011","99.997472","No","$23,999,000,000","$117,011,000,000","No","","09/22/2011","$29,000,000,000","Yes","No","$29,000,993,100"
"9127955E7","Bill","26-Week","09/19/2011","09/22/2011","03/22/2012","99.984833","No","","$117,011,000,000","No","","09/22/2011","$27,000,000,000","No","No","$27,000,510,300"
"912810QS0","Bond","29-Year 11-Month","09/14/2011","09/15/2011","08/15/2041","108.310327","No","$16,490,000,000","$0","No","3.750%","09/15/2011","$13,000,000,000","Yes","No","$13,000,034,200"
"9127953P4","Bill","4-Week","09/13/2011","09/15/2011","10/13/2011","100.000000","No","$57,002,000,000","$137,000,000,000","No","","09/15/2011","$27,000,000,000","Yes","No","$29,420,415,900"
"912828RC6","Note","9-Year 11-Month","09/13/2011","09/15/2011","08/15/2021","101.117812","No","$24,735,000,000","$0","No","2.125%","09/15/2011","$21,000,000,000","Yes","No","$21,000,026,900"
"9127952T7","Bill","13-Week","09/12/2011","09/15/2011","12/15/2011","99.997472","No","$45,998,000,000","$137,000,000,000","No","","09/15/2011","$29,000,000,000","Yes","No","$29,000,485,900"
"9127955D9","Bill","26-Week","09/12/2011","09/15/2011","03/15/2012","99.974722","No","","$137,000,000,000","No","","09/15/2011","$27,000,000,000","No","No","$27,000,517,600"
"912828RG7","Note","3-Year","09/12/2011","09/15/2011","09/15/2014","99.749466","No","","$0","No","0.250%","09/15/2011","$32,000,000,000","No","No","$32,000,054,400"
"9127953M1","Bill","4-Week","09/07/2011","09/08/2011","10/06/2011","100.000000","No","$56,998,000,000","$92,001,000,000","No","","09/08/2011","$30,000,000,000","Yes","No","$36,287,746,000"
"9127953X7","Bill","13-Week","09/06/2011","09/08/2011","12/08/2011","99.992417","No","$23,998,000,000","$92,001,000,000","No","","09/08/2011","$29,000,000,000","Yes","No","$29,000,405,200"
"9127953G4","Bill","26-Week","09/06/2011","09/08/2011","03/08/2012","99.964611","No","$23,000,000,000","$92,001,000,000","No","","09/08/2011","$27,000,000,000","Yes","No","$27,000,819,200"
"9127953K5","Bill","8-Day","09/06/2011","09/07/2011","09/15/2011","99.999333","Yes","$124,418,000,000","","No","","09/07/2011","$15,000,000,000","Yes","No","$15,000,030,000"
"9127953K5","Bill","14-Day","08/30/2011","09/01/2011","09/15/2011","99.999806","Yes","$94,417,000,000","","No","","09/01/2011","$30,000,000,000","Yes","No","$30,001,025,000"
"9127953L3","Bill","4-Week","08/30/2011","09/01/2011","09/29/2011","99.999611","No","$57,014,000,000","$80,001,000,000","No","","09/01/2011","$30,000,000,000","Yes","No","$33,782,307,700"
"9127953V1","Bill","13-Week","08/29/2011","09/01/2011","12/01/2011","99.996208","No","$23,999,000,000","$80,001,000,000","No","","09/01/2011","$29,000,000,000","Yes","No","$29,000,699,100"
"912795Z46","Bill","26-Week","08/29/2011","09/01/2011","03/01/2012","99.977250","No","","$80,001,000,000","No","","09/01/2011","$27,000,000,000","No","No","$27,000,813,300"
"912828RE2","Note","7-Year","08/25/2011","08/31/2011","08/31/2018","99.471828","No","","$57,367,000,000","No","1.500%","08/31/2011","$29,000,000,000","No","No","$29,886,984,900"
"912828RF9","Note","5-Year","08/24/2011","08/31/2011","08/31/2016","99.859020","No","","$57,367,000,000","No","1.000%","08/31/2011","$35,000,000,000","No","No","$36,070,514,800"
"912828RD4","Note","2-Year","08/23/2011","08/31/2011","08/31/2013","99.806537","No","","$57,367,000,000","No","0.125%","08/31/2011","$35,000,000,000","No","No","$36,070,566,600"
"9127952F7","Bill","4-Week","08/23/2011","08/25/2011","09/22/2011","100.000000","No","$82,010,000,000","$100,004,000,000","No","","08/25/2011","$35,000,000,000","Yes","No","$40,940,414,200"
"912795Y96","Bill","52-Week","08/23/2011","08/25/2011","08/23/2012","99.898889","No","","$100,004,000,000","No","","08/25/2011","$25,000,000,000","No","No","$25,000,407,300"
"9127953U3","Bill","13-Week","08/22/2011","08/25/2011","11/25/2011","99.996167","No","$24,006,000,000","$100,004,000,000","No","","08/25/2011","$29,000,000,000","Yes","No","$29,000,164,600"
"912795Z38","Bill","26-Week","08/22/2011","08/25/2011","02/23/2012","99.977250","No","","$100,004,000,000","No","","08/25/2011","$27,000,000,000","No","No","$27,000,215,300"
"912828QD5","Note","4-Year 8-Month","08/18/2011","08/31/2011","04/15/2016","106.852530","No","$13,999,000,000","$57,367,000,000","No","0.125%","08/31/2011","$12,000,000,000","Yes","Yes","$12,367,034,500"
"912796AD1","Bill","12-Day","08/17/2011","08/19/2011","08/31/2011","99.999500","Yes","","","No","","08/19/2011","$20,000,000,000","No","No","$20,000,020,000"
"9127953K5","Bill","4-Week","08/16/2011","08/18/2011","09/15/2011","99.999222","No","$56,998,000,000","$85,001,000,000","No","","08/18/2011","$35,000,000,000","Yes","No","$37,418,506,100"
"9127952P5","Bill","13-Week","08/15/2011","08/18/2011","11/17/2011","99.991153","No","$46,997,000,000","$85,001,000,000","No","","08/18/2011","$29,000,000,000","Yes","No","$29,000,646,000"
"912795Z20","Bill","26-Week","08/15/2011","08/18/2011","02/16/2012","99.959556","No","","$85,001,000,000","No","","08/18/2011","$27,000,000,000","No","No","$27,000,842,700"
"912810QS0","Bond","30-Year","08/11/2011","08/15/2011","08/15/2041","100.000000","No","","$24,430,000,000","No","3.750%","08/15/2011","$16,000,000,000","No","No","$16,489,944,000"
"912828RC6","Note","10-Year","08/10/2011","08/15/2011","08/15/2021","99.865607","No","","$24,430,000,000","No","2.125%","08/15/2011","$24,000,000,000","No","No","$24,734,946,300"
"912828RB8","Note","3-Year","08/09/2011","08/15/2011","08/15/2014","100.000000","No","","$24,430,000,000","No","0.500%","08/15/2011","$32,000,000,000","No","No","$32,980,045,100"
"9127953J8","Bill","4-Week","08/09/2011","08/11/2011","09/08/2011","99.997278","No","$57,000,000,000","$87,000,000,000","No","","08/11/2011","$35,000,000,000","Yes","No","$41,285,602,800"
"9127953T6","Bill","13-Week","08/08/2011","08/11/2011","11/10/2011","99.988625","No","$27,005,000,000","$87,000,000,000","No","","08/11/2011","$29,000,000,000","Yes","No","$29,000,391,900"
"9127953C3","Bill","26-Week","08/08/2011","08/11/2011","02/09/2012","99.967139","No","$21,996,000,000","$87,000,000,000","No","","08/11/2011","$27,000,000,000","Yes","No","$27,000,129,100"
"912796AC3","Bill","10-Day","08/04/2011","08/05/2011","08/15/2011","100.000000","Yes","","","No","","08/05/2011","$20,000,000,000","No","No","$20,001,490,000"
"9127953F6","Bill","4-Week","08/02/2011","08/04/2011","09/01/2011","99.994556","No","$57,002,000,000","$87,012,000,000","No","","08/04/2011","$23,000,000,000","Yes","No","$26,781,593,900"
"9127953R0","Bill","13-Week","08/01/2011","08/04/2011","11/03/2011","99.970931","No","$27,006,000,000","$87,012,000,000","No","","08/04/2011","$27,000,000,000","Yes","No","$27,000,268,000"
"912795Y88","Bill","26-Week","08/01/2011","08/04/2011","02/02/2012","99.924167","No","","$87,012,000,000","No","","08/04/2011","$24,000,000,000","No","No","$24,000,482,600"
"912828QY9","Note","7-Year","07/28/2011","08/01/2011","07/31/2018","99.806914","No","","$56,934,000,000","No","2.250%","07/31/2011","$29,000,000,000","No","No","$29,863,551,800"
"912828QX1","Note","5-Year","07/27/2011","08/01/2011","07/31/2016","99.617012","No","","$56,934,000,000","No","1.500%","07/31/2011","$35,000,000,000","No","No","$36,042,216,100"
"912795Z79","Bill","5-Day","07/27/2011","07/28/2011","08/02/2011","100.000000","Yes","","","No","","07/28/2011","$12,000,000,000","No","No","$12,000,575,000"
"912828QW3","Note","2-Year","07/26/2011","08/01/2011","07/31/2013","99.916547","No","","$56,934,000,000","No","0.375%","07/31/2011","$35,000,000,000","No","No","$36,042,237,500"
"9127952A8","Bill","4-Week","07/26/2011","07/28/2011","08/25/2011","99.995722","No","$82,004,000,000","$115,002,000,000","No","","07/28/2011","$18,000,000,000","Yes","No","$23,938,065,400"
"9127954B4","Bill","52-Week","07/26/2011","07/28/2011","07/26/2012","99.797778","No","","$115,002,000,000","No","","07/28/2011","$20,000,000,000","No","No","$20,000,357,500"
"9127953Q2","Bill","13-Week","07/25/2011","07/28/2011","10/27/2011","99.984833","No","$26,997,000,000","$115,002,000,000","No","","07/28/2011","$27,000,000,000","Yes","No","$27,000,472,100"
"912795Y70","Bill","26-Week","07/25/2011","07/28/2011","01/26/2012","99.949444","No","","$115,002,000,000","No","","07/28/2011","$24,000,000,000","No","No","$24,000,071,000"
"912828QV5","Note","10-Year","07/21/2011","07/29/2011","07/15/2021","100.076731","No","","$0","No","0.625%","07/29/2011","$13,000,000,000","No","Yes","$13,000,004,500"
"9127953E9","Bill","4-Week","07/19/2011","07/21/2011","08/18/2011","99.999611","No","$57,001,000,000","$86,001,000,000","No","","07/21/2011","$28,000,000,000","Yes","No","$30,418,293,300"
"9127952K6","Bill","13-Week","07/18/2011","07/21/2011","10/20/2011","99.994944","No","$52,002,000,000","$86,001,000,000","No","","07/21/2011","$27,000,000,000","Yes","No","$27,000,328,100"
"912795Y62","Bill","26-Week","07/18/2011","07/21/2011","01/19/2012","99.969667","No","","$86,001,000,000","No","","07/21/2011","$24,000,000,000","No","No","$24,000,307,400"
"912810QQ4","Bond","29-Year 10-Month","07/14/2011","07/15/2011","05/15/2041","102.985551","No","$28,996,000,000","$0","No","4.375%","07/15/2011","$13,000,000,000","Yes","No","$13,000,003,700"
"912828QN3","Note","9-Year 10-Month","07/13/2011","07/15/2011","05/15/2021","101.753719","No","$44,999,000,000","$0","No","3.125%","07/15/2011","$21,000,000,000","Yes","No","$21,000,017,100"
"912795X63","Bill","14-Day","07/13/2011","07/14/2011","07/28/2011","100.000000","Yes","$115,940,000,000","","No","","07/14/2011","$5,000,000,000","Yes","No","$5,000,354,000"
"912828QU7","Note","3-Year","07/12/2011","07/15/2011","07/15/2014","99.866569","No","","$0","No","0.625%","07/15/2011","$32,000,000,000","No","No","$32,000,022,700"
"9127953D1","Bill","4-Week","07/12/2011","07/14/2011","08/11/2011","99.998444","No","$59,004,000,000","$93,004,000,000","No","","07/14/2011","$28,000,000,000","Yes","No","$34,286,406,100"
"9127953P4","Bill","13-Week","07/11/2011","07/14/2011","10/13/2011","99.992417","No","$30,002,000,000","$93,004,000,000","No","","07/14/2011","$27,000,000,000","Yes","No","$27,000,158,900"
"9127952Y6","Bill","26-Week","07/11/2011","07/14/2011","01/12/2012","99.967139","No","$22,000,000,000","$93,004,000,000","No","","07/14/2011","$24,000,000,000","Yes","No","$24,000,042,500"
"9127953B5","Bill","4-Week","07/06/2011","07/07/2011","08/04/2011","100.000000","No","$59,010,000,000","$88,001,000,000","No","","07/07/2011","$28,000,000,000","Yes","No","$31,784,200,100"
"9127953M1","Bill","13-Week","07/05/2011","07/07/2011","10/06/2011","99.993681","No","$30,003,000,000","$88,001,000,000","No","","07/07/2011","$27,000,000,000","Yes","No","$27,000,567,100"
"9127954A6","Bill","26-Week","07/05/2011","07/07/2011","01/05/2012","99.959556","No","","$88,001,000,000","No","","07/07/2011","$24,000,000,000","No","No","$24,000,319,300"
"912828QT0","Note","7-Year","06/29/2011","06/30/2011","06/30/2018","99.647922","No","","$55,249,000,000","No","2.375%","06/30/2011","$29,000,000,000","No","No","$29,933,710,700"
"912795X63","Bill","4-Week","06/28/2011","06/30/2011","07/28/2011","99.999611","No","$82,001,000,000","$113,007,000,000","No","","06/30/2011","$28,000,000,000","Yes","No","$33,938,735,700"
"9127953W9","Bill","52-Week","06/28/2011","06/30/2011","06/28/2012","99.797778","No","","$113,007,000,000","No","","06/30/2011","$24,000,000,000","No","No","$24,000,432,900"
"912828QR4","Note","5-Year","06/28/2011","06/30/2011","06/30/2016","99.449734","No","","$55,249,000,000","No","1.500%","06/30/2011","$35,000,000,000","No","No","$36,126,842,000"
"9127953L3","Bill","13-Week","06/27/2011","06/30/2011","09/29/2011","99.993681","No","$30,003,000,000","$113,007,000,000","No","","06/30/2011","$27,000,000,000","Yes","No","$27,000,141,700"
"9127953Z2","Bill","26-Week","06/27/2011","06/30/2011","12/29/2011","99.951972","No","","$113,007,000,000","No","","06/30/2011","$24,000,000,000","No","No","$24,000,756,300"
"912828RA0","Note","2-Year","06/27/2011","06/30/2011","06/30/2013","99.960197","No","","$55,249,000,000","No","0.375%","06/30/2011","$35,000,000,000","No","No","$36,126,970,000"
"912810QP6","Bond","29-Year 8-Month","06/23/2011","06/30/2011","02/15/2041","111.698711","No","$9,494,000,000","$55,249,000,000","No","2.125%","06/30/2011","$7,000,000,000","Yes","Yes","$7,225,388,200"
"9127953A7","Bill","4-Week","06/21/2011","06/23/2011","07/21/2011","99.999611","No","$58,000,000,000","$88,003,000,000","No","","06/23/2011","$28,000,000,000","Yes","No","$30,418,819,100"
"9127952F7","Bill","13-Week","06/20/2011","06/23/2011","09/22/2011","99.991153","No","$55,005,000,000","$88,003,000,000","No","","06/23/2011","$27,000,000,000","Yes","No","$27,000,481,300"
"9127953Y5","Bill","26-Week","06/20/2011","06/23/2011","12/22/2011","99.949444","No","","$88,003,000,000","No","","06/23/2011","$24,000,000,000","No","No","$24,000,206,900"
"9127952Z3","Bill","4-Week","06/14/2011","06/16/2011","07/14/2011","99.998833","No","$65,006,000,000","$88,019,000,000","No","","06/16/2011","$28,000,000,000","Yes","No","$34,285,307,700"
"9127953K5","Bill","13-Week","06/13/2011","06/16/2011","09/15/2011","99.987361","No","$30,001,000,000","$88,019,000,000","No","","06/16/2011","$27,000,000,000","Yes","No","$27,000,014,300"
"9127952T7","Bill","26-Week","06/13/2011","06/16/2011","12/15/2011","99.946917","No","$22,000,000,000","$88,019,000,000","No","","06/16/2011","$24,000,000,000","Yes","No","$24,000,119,900"
"912810QQ4","Bond","29-Year 11-Month","06/09/2011","06/15/2011","05/15/2041","102.304368","No","$16,000,000,000","$0","No","4.375%","06/15/2011","$13,000,000,000","Yes","No","$13,000,033,700"
"912828QN3","Note","9-Year 11-Month","06/08/2011","06/15/2011","05/15/2021","101.345530","No","$23,999,000,000","$0","No","3.125%","06/15/2011","$21,000,000,000","Yes","No","$21,000,006,500"
"9127957J4","Bill","6-Day","06/08/2011","06/09/2011","06/15/2011","99.999333","Yes","","","No","","06/09/2011","$15,000,000,000","No","No","$15,000,410,000"
"912828QS2","Note","3-Year","06/07/2011","06/15/2011","06/15/2014","99.955596","No","","$0","No","0.750%","06/15/2011","$32,000,000,000","No","No","$32,000,008,200"
"9127952X8","Bill","4-Week","06/07/2011","06/09/2011","07/07/2011","99.999611","No","$60,001,000,000","$88,001,000,000","No","","06/09/2011","$28,000,000,000","Yes","No","$31,781,675,000"
"9127953J8","Bill","13-Week","06/06/2011","06/09/2011","09/08/2011","99.988625","No","$29,998,000,000","$88,001,000,000","No","","06/09/2011","$27,000,000,000","Yes","No","$27,000,385,000"
"9127953X7","Bill","26-Week","06/06/2011","06/09/2011","12/08/2011","99.946917","No","","$88,001,000,000","No","","06/09/2011","$24,000,000,000","No","No","$24,000,996,200"
"912795X22","Bill","4-Week","06/01/2011","06/02/2011","06/30/2011","99.996889","No","$85,004,000,000","$113,003,000,000","No","","06/02/2011","$28,000,000,000","Yes","No","$33,938,092,800"
"9127953S8","Bill","52-Week","06/01/2011","06/02/2011","05/31/2012","99.818000","No","","$113,003,000,000","No","","06/02/2011","$24,000,000,000","No","No","$24,000,601,500"
"9127953F6","Bill","13-Week","05/31/2011","06/02/2011","09/01/2011","99.984833","No","$30,002,000,000","$113,003,000,000","No","","06/02/2011","$27,000,000,000","Yes","No","$27,000,061,500"
"9127953V1","Bill","26-Week","05/31/2011","06/02/2011","12/01/2011","99.941861","No","","$113,003,000,000","No","","06/02/2011","$24,000,000,000","No","No","$24,000,165,600"
"912828QQ6","Note","7-Year","05/26/2011","05/31/2011","05/31/2018","99.654311","No","","$49,172,000,000","No","2.375%","05/31/2011","$29,000,000,000","No","No","$31,440,908,600"
"912828QP8","Note","5-Year","05/25/2011","05/31/2011","05/31/2016","99.700152","No","","$49,172,000,000","No","1.750%","05/31/2011","$35,000,000,000","No","No","$37,945,943,100"
"912828QZ6","Note","2-Year","05/24/2011","05/31/2011","05/31/2013","99.880835","No","","$49,172,000,000","No","0.500%","05/31/2011","$35,000,000,000","No","No","$37,945,946,600"
"9127952W0","Bill","4-Week","05/24/2011","05/26/2011","06/23/2011","99.997278","No","$60,003,000,000","$89,997,000,000","No","","05/26/2011","$28,000,000,000","Yes","No","$30,418,092,500"
"9127952A8","Bill","13-Week","05/23/2011","05/26/2011","08/25/2011","99.986097","No","$55,002,000,000","$89,997,000,000","No","","05/26/2011","$27,000,000,000","Yes","No","$27,000,367,100"
"9127953U3","Bill","26-Week","05/23/2011","05/26/2011","11/25/2011","99.949167","No","","$89,997,000,000","No","","05/26/2011","$24,000,000,000","No","No","$24,000,950,500"
"912828PP9","Note","9-Year 8-Month","05/19/2011","05/31/2011","01/15/2021","104.359972","No","$24,752,000,000","$49,172,000,000","No","1.125%","05/31/2011","$11,000,000,000","Yes","Yes","$11,925,857,600"
"9127952Z3","Bill","56-Day","05/18/2011","05/19/2011","07/14/2011","99.996889","Yes","$60,005,000,000","","No","","05/19/2011","$5,000,000,000","Yes","No","$5,000,112,500"
"9127952V2","Bill","4-Week","05/17/2011","05/19/2011","06/16/2011","99.998056","No","$60,018,000,000","$99,004,000,000","No","","05/19/2011","$28,000,000,000","Yes","No","$34,286,040,400"
"9127953E9","Bill","13-Week","05/16/2011","05/19/2011","08/18/2011","99.992417","No","$30,003,000,000","$99,004,000,000","No","","05/19/2011","$27,000,000,000","Yes","No","$27,000,134,300"
"9127952P5","Bill","26-Week","05/16/2011","05/19/2011","11/17/2011","99.964611","No","$22,996,000,000","$99,004,000,000","No","","05/19/2011","$24,000,000,000","Yes","No","$24,000,314,000"
"912810QQ4","Bond","30-Year","05/12/2011","05/16/2011","05/15/2041","99.916711","No","","$0","No","4.375%","05/15/2011","$16,000,000,000","No","No","$16,000,003,500"
"912828QN3","Note","10-Year","05/11/2011","05/16/2011","05/15/2021","99.277862","No","","$0","No","3.125%","05/15/2011","$24,000,000,000","No","No","$24,000,044,200"
"912828QM5","Note","3-Year","05/10/2011","05/16/2011","05/15/2014","99.999987","No","","$0","No","1.000%","05/15/2011","$32,000,000,000","No","No","$32,000,041,500"
"9127952U4","Bill","4-Week","05/10/2011","05/12/2011","06/09/2011","99.998833","No","$60,004,000,000","$100,014,000,000","No","","05/12/2011","$28,000,000,000","Yes","No","$31,781,582,700"
"9127953D1","Bill","13-Week","05/09/2011","05/12/2011","08/11/2011","99.993681","No","$29,996,000,000","$100,014,000,000","No","","05/12/2011","$29,000,000,000","Yes","No","$29,000,442,000"
"9127953T6","Bill","26-Week","05/09/2011","05/12/2011","11/10/2011","99.967139","No","","$100,014,000,000","No","","05/12/2011","$27,000,000,000","No","No","$27,000,417,600"
"912795W64","Bill","4-Week","05/03/2011","05/05/2011","06/02/2011","99.999611","No","$85,003,000,000","$125,999,000,000","No","","05/05/2011","$28,000,000,000","Yes","No","$33,938,162,800"
"9127953N9","Bill","52-Week","05/03/2011","05/05/2011","05/03/2012","99.797778","No","","$125,999,000,000","No","","05/05/2011","$24,000,000,000","No","No","$24,000,352,400"
"9127953B5","Bill","13-Week","05/02/2011","05/05/2011","08/04/2011","99.987361","No","$30,003,000,000","$125,999,000,000","No","","05/05/2011","$29,000,000,000","Yes","No","$29,000,741,000"
"9127953R0","Bill","26-Week","05/02/2011","05/05/2011","11/03/2011","99.949444","No","","$125,999,000,000","No","","05/05/2011","$27,000,000,000","No","No","$27,000,555,000"
"912828QG8","Note","7-Year","04/28/2011","05/02/2011","04/30/2018","99.448900","No","","$52,642,000,000","No","2.625%","04/30/2011","$29,000,000,000","No","No","$30,829,673,800"
"912828QF0","Note","5-Year","04/27/2011","05/02/2011","04/30/2016","99.415214","No","","$52,642,000,000","No","2.000%","04/30/2011","$35,000,000,000","No","No","$37,208,260,500"
"912828QE3","Note","2-Year","04/26/2011","05/02/2011","04/30/2013","99.905047","No","","$52,642,000,000","No","0.625%","04/30/2011","$35,000,000,000","No","No","$37,208,284,800"
"9127952S9","Bill","4-Week","04/26/2011","04/28/2011","05/26/2011","99.997667","No","$60,000,000,000","$97,002,000,000","No","","04/28/2011","$30,000,000,000","Yes","No","$32,418,718,800"
"912795X63","Bill","13-Week","04/25/2011","04/28/2011","07/28/2011","99.983569","No","$53,002,000,000","$97,002,000,000","No","","04/28/2011","$29,000,000,000","Yes","No","$29,000,508,200"
"9127953Q2","Bill","26-Week","04/25/2011","04/28/2011","10/27/2011","99.941861","No","","$97,002,000,000","No","","04/28/2011","$27,000,000,000","No","No","$27,000,083,800"
"912828QD5","Note","5-Year","04/21/2011","04/29/2011","04/15/2016","101.754296","No","","$0","No","0.125%","04/29/2011","$14,000,000,000","No","Yes","$14,000,058,200"
"9127952R1","Bill","4-Week","04/19/2011","04/21/2011","05/19/2011","99.997667","No","$65,003,000,000","$122,002,000,000","No","","04/21/2011","$34,000,000,000","Yes","No","$40,285,504,400"
"9127953A7","Bill","13-Week","04/18/2011","04/21/2011","07/21/2011","99.984833","No","$28,001,000,000","$122,002,000,000","No","","04/21/2011","$30,000,000,000","Yes","No","$30,000,247,100"
"9127952K6","Bill","26-Week","04/18/2011","04/21/2011","10/20/2011","99.944389","No","$24,002,000,000","$122,002,000,000","No","","04/21/2011","$28,000,000,000","Yes","No","$28,000,322,100"
"912810QN1","Bond","29-Year 10-Month","04/14/2011","04/15/2011","02/15/2041","103.552179","No","$29,365,000,000","$19,190,000,000","No","4.750%","04/15/2011","$13,000,000,000","Yes","No","$13,639,971,000"
"912828PX2","Note","9-Year 10-Month","04/13/2011","04/15/2011","02/15/2021","101.075834","No","$45,551,000,000","$19,190,000,000","No","3.625%","04/15/2011","$21,000,000,000","Yes","No","$22,033,775,400"
"912828QC7","Note","3-Year","04/12/2011","04/15/2011","04/15/2014","99.911982","No","","$19,190,000,000","No","1.250%","04/15/2011","$32,000,000,000","No","No","$33,575,292,800"
"9127952Q3","Bill","4-Week","04/12/2011","04/14/2011","05/12/2011","99.998056","No","$60,012,000,000","$98,009,000,000","No","","04/14/2011","$40,000,000,000","Yes","No","$43,781,572,000"
"9127952Z3","Bill","13-Week","04/11/2011","04/14/2011","07/14/2011","99.987361","No","$28,001,000,000","$98,009,000,000","No","","04/14/2011","$32,000,000,000","Yes","No","$32,000,337,700"
"9127953P4","Bill","26-Week","04/11/2011","04/14/2011","10/13/2011","99.944389","No","","$98,009,000,000","No","","04/14/2011","$30,000,000,000","No","No","$30,000,650,300"
"912795VE8","Bill","4-Week","04/05/2011","04/07/2011","05/05/2011","99.996111","No","$85,998,000,000","$124,005,000,000","No","","04/07/2011","$40,000,000,000","Yes","No","$45,939,175,200"
"9127953H2","Bill","52-Week","04/05/2011","04/07/2011","04/05/2012","99.716889","No","","$124,005,000,000","No","","04/07/2011","$24,000,000,000","No","No","$24,000,594,200"
"9127952X8","Bill","13-Week","04/04/2011","04/07/2011","07/07/2011","99.987361","No","$28,002,000,000","$124,005,000,000","No","","04/07/2011","$32,000,000,000","Yes","No","$32,000,229,500"
"9127953M1","Bill","26-Week","04/04/2011","04/07/2011","10/06/2011","99.934278","No","","$124,005,000,000","No","","04/07/2011","$30,000,000,000","No","No","$30,000,163,500"
"912828QB9","Note","7-Year","03/30/2011","03/31/2011","03/31/2018","99.874094","No","","$54,462,000,000","No","2.875%","03/31/2011","$29,000,000,000","No","No","$30,300,515,500"
"9127952N0","Bill","4-Week","03/29/2011","03/31/2011","04/28/2011","99.996500","No","$57,001,000,000","$98,007,000,000","No","","03/31/2011","$40,000,000,000","Yes","No","$42,418,557,400"
"912828QA1","Note","5-Year","03/29/2011","03/31/2011","03/31/2016","99.952972","No","","$54,462,000,000","No","2.250%","03/31/2011","$35,000,000,000","No","No","$36,569,589,300"
"912795X22","Bill","13-Week","03/28/2011","03/31/2011","06/30/2011","99.974722","No","$53,001,000,000","$98,007,000,000","No","","03/31/2011","$32,000,000,000","Yes","No","$32,000,314,000"
"9127953L3","Bill","26-Week","03/28/2011","03/31/2011","09/29/2011","99.914056","No","","$98,007,000,000","No","","03/31/2011","$30,000,000,000","No","No","$30,000,646,200"
"912828QL7","Note","2-Year","03/28/2011","03/31/2011","03/31/2013","99.922763","No","","$54,462,000,000","No","0.750%","03/31/2011","$35,000,000,000","No","No","$36,569,643,000"
"912828PP9","Note","9-Year 10-Month","03/24/2011","03/31/2011","01/15/2021","102.584550","No","$13,259,000,000","$54,462,000,000","No","1.125%","03/31/2011","$11,000,000,000","Yes","Yes","$11,493,334,800"
"9127952R1","Bill","56-Day","03/23/2011","03/24/2011","05/19/2011","99.991444","Yes","$60,003,000,000","","No","","03/24/2011","$5,000,000,000","Yes","No","$5,000,110,000"
"9127952M2","Bill","4-Week","03/22/2011","03/24/2011","04/21/2011","99.994167","No","$82,002,000,000","$123,003,000,000","No","","03/24/2011","$40,000,000,000","Yes","No","$46,285,209,000"
"9127952W0","Bill","13-Week","03/21/2011","03/24/2011","06/23/2011","99.975986","No","$27,998,000,000","$123,003,000,000","No","","03/24/2011","$32,000,000,000","Yes","No","$32,000,161,500"
"9127952F7","Bill","26-Week","03/21/2011","03/24/2011","09/22/2011","99.924167","No","$25,000,000,000","$123,003,000,000","No","","03/24/2011","$30,000,000,000","Yes","No","$30,000,243,600"
"9127952L4","Bill","4-Week","03/15/2011","03/17/2011","04/14/2011","99.995333","No","$58,006,000,000","$118,040,000,000","No","","03/17/2011","$40,000,000,000","Yes","No","$43,782,722,500"
"9127952V2","Bill","13-Week","03/14/2011","03/17/2011","06/16/2011","99.977250","No","$28,015,000,000","$118,040,000,000","No","","03/17/2011","$32,000,000,000","Yes","No","$32,000,387,600"
"9127953K5","Bill","26-Week","03/14/2011","03/17/2011","09/15/2011","99.931750","No","","$118,040,000,000","No","","03/17/2011","$30,000,000,000","No","No","$30,000,679,700"
"912810QN1","Bond","29-Year 11-Month","03/10/2011","03/15/2011","02/15/2041","102.929408","No","$16,366,000,000","$0","No","4.750%","03/15/2011","$13,000,000,000","Yes","No","$13,000,018,600"
"912828PX2","Note","9-Year 11-Month","03/09/2011","03/15/2011","02/15/2021","101.044608","No","$24,551,000,000","$0","No","3.625%","03/15/2011","$21,000,000,000","Yes","No","$21,000,027,900"
"912828PZ7","Note","3-Year","03/08/2011","03/15/2011","03/15/2014","99.859215","No","","$0","No","1.250%","03/15/2011","$32,000,000,000","No","No","$32,000,009,100"
"912795VD0","Bill","4-Week","03/08/2011","03/10/2011","04/07/2011","99.994556","No","$84,005,000,000","$144,990,000,000","No","","03/10/2011","$40,000,000,000","Yes","No","$45,938,563,800"
"9127953G4","Bill","52-Week","03/08/2011","03/10/2011","03/08/2012","99.737111","No","","$144,990,000,000","No","","03/10/2011","$23,000,000,000","No","No","$23,000,272,000"
"9127952U4","Bill","13-Week","03/07/2011","03/10/2011","06/09/2011","99.972194","No","$28,002,000,000","$144,990,000,000","No","","03/10/2011","$32,000,000,000","Yes","No","$32,000,060,900"
"9127953J8","Bill","26-Week","03/07/2011","03/10/2011","09/08/2011","99.921639","No","","$144,990,000,000","No","","03/10/2011","$30,000,000,000","No","No","$30,000,709,200"
"9127952J9","Bill","4-Week","03/01/2011","03/03/2011","03/31/2011","99.989500","No","$58,005,000,000","$119,001,000,000","No","","03/03/2011","$40,000,000,000","Yes","No","$42,419,139,200"
"9127952M2","Bill","49-Day","03/01/2011","03/03/2011","04/21/2011","99.982986","Yes","$57,000,000,000","","No","","03/03/2011","$25,000,000,000","Yes","No","$25,001,030,000"
"912795W64","Bill","13-Week","02/28/2011","03/03/2011","06/02/2011","99.963347","No","$53,001,000,000","$119,001,000,000","No","","03/03/2011","$32,000,000,000","Yes","No","$32,000,551,300"
"9127953F6","Bill","26-Week","02/28/2011","03/03/2011","09/01/2011","99.914056","No","","$119,001,000,000","No","","03/03/2011","$30,000,000,000","No","No","$30,000,202,900"
"912828PY0","Note","7-Year","02/24/2011","02/28/2011","02/28/2018","99.344326","No","","$53,712,000,000","No","2.750%","02/28/2011","$29,000,000,000","No","No","$30,593,053,300"
"912828QJ2","Note","5-Year","02/23/2011","02/28/2011","02/29/2016","99.693745","No","","$53,712,000,000","No","2.125%","02/28/2011","$35,000,000,000","No","No","$36,922,649,000"
"9127956Q9","Bill","49-Day","02/23/2011","02/25/2011","04/15/2011","99.982986","Yes","","","No","","02/25/2011","$25,000,000,000","No","No","$25,000,490,000"
"9127952H3","Bill","4-Week","02/23/2011","02/24/2011","03/24/2011","99.990667","No","$83,005,000,000","$109,011,000,000","No","","02/24/2011","$40,000,000,000","Yes","No","$46,286,613,600"
"912828QK9","Note","2-Year","02/22/2011","02/28/2011","02/28/2013","99.762218","No","","$53,712,000,000","No","0.625%","02/28/2011","$35,000,000,000","No","No","$36,922,671,800"
"9127952S9","Bill","13-Week","02/22/2011","02/24/2011","05/26/2011","99.972194","No","$28,005,000,000","$109,011,000,000","No","","02/24/2011","$32,000,000,000","Yes","No","$32,000,237,700"
"9127952A8","Bill","26-Week","02/22/2011","02/24/2011","08/25/2011","99.921639","No","$24,999,000,000","$109,011,000,000","No","","02/24/2011","$30,000,000,000","Yes","No","$30,000,446,800"
"912810QP6","Bond","30-Year","02/17/2011","02/28/2011","02/15/2041","98.655406","No","","$53,712,000,000","No","2.125%","02/28/2011","$9,000,000,000","No","Yes","$9,494,448,900"
"9127952G5","Bill","4-Week","02/15/2011","02/17/2011","03/17/2011","99.992222","No","$83,040,000,000","$108,998,000,000","No","","02/17/2011","$35,000,000,000","Yes","No","$38,781,800,800"
"9127952R1","Bill","13-Week","02/14/2011","02/17/2011","05/19/2011","99.967139","No","$28,001,000,000","$108,998,000,000","No","","02/17/2011","$32,000,000,000","Yes","No","$32,000,968,800"
"9127953E9","Bill","26-Week","02/14/2011","02/17/2011","08/18/2011","99.916583","No","","$108,998,000,000","No","","02/17/2011","$30,000,000,000","No","No","$30,001,617,600"
"912810QN1","Bond","30-Year","02/10/2011","02/15/2011","02/15/2041","100.000000","No","","$21,784,000,000","No","4.750%","02/15/2011","$16,000,000,000","No","No","$16,367,142,000"
"912828PX2","Note","10-Year","02/09/2011","02/15/2011","02/15/2021","99.667623","No","","$21,784,000,000","No","3.625%","02/15/2011","$24,000,000,000","No","No","$24,550,680,100"
"912828QH6","Note","3-Year","02/08/2011","02/15/2011","02/15/2014","99.709887","No","","$21,784,000,000","No","1.250%","02/15/2011","$32,000,000,000","No","No","$32,734,227,300"
"912795V99","Bill","4-Week","02/08/2011","02/10/2011","03/10/2011","99.989500","No","$109,991,000,000","$135,009,000,000","No","","02/10/2011","$35,000,000,000","Yes","No","$40,938,034,700"
"9127953C3","Bill","52-Week","02/08/2011","02/10/2011","02/09/2012","99.691611","No","","$135,009,000,000","No","","02/10/2011","$22,000,000,000","No","No","$22,000,872,900"
"9127952Q3","Bill","13-Week","02/07/2011","02/10/2011","05/12/2011","99.962083","No","$28,006,000,000","$135,009,000,000","No","","02/10/2011","$32,000,000,000","Yes","No","$32,000,885,400"
"9127953D1","Bill","26-Week","02/07/2011","02/10/2011","08/11/2011","99.911528","No","","$135,009,000,000","No","","02/10/2011","$30,000,000,000","No","No","$30,000,956,400"
"9127952D2","Bill","4-Week","02/01/2011","02/03/2011","03/03/2011","99.987556","No","$84,004,000,000","$109,009,000,000","No","","02/03/2011","$35,000,000,000","Yes","No","$37,420,594,500"
"912795VE8","Bill","13-Week","01/31/2011","02/03/2011","05/05/2011","99.962083","No","$54,001,000,000","$109,009,000,000","No","","02/03/2011","$32,000,000,000","Yes","No","$32,001,859,800"
"9127953B5","Bill","26-Week","01/31/2011","02/03/2011","08/04/2011","99.914056","No","","$109,009,000,000","No","","02/03/2011","$30,000,000,000","No","No","$30,000,803,300"
"912828PT1","Note","7-Year","01/27/2011","01/31/2011","01/31/2018","99.246792","No","","$39,466,000,000","No","2.625%","01/31/2011","$29,000,000,000","No","No","$29,577,900,100"
"912828PS3","Note","5-Year","01/26/2011","01/31/2011","01/31/2016","99.806052","No","","$39,466,000,000","No","2.000%","01/31/2011","$35,000,000,000","No","No","$35,697,519,500"
"9127952H3","Bill","56-Day","01/26/2011","01/27/2011","03/24/2011","99.975111","Yes","$58,003,000,000","","No","","01/27/2011","$25,000,000,000","Yes","No","$25,002,228,000"
"912828PR5","Note","2-Year","01/25/2011","01/31/2011","01/31/2013","99.950404","No","","$39,466,000,000","No","0.625%","01/31/2011","$35,000,000,000","No","No","$35,697,586,000"
"9127952C4","Bill","4-Week","01/25/2011","01/27/2011","02/24/2011","99.988722","No","$84,011,000,000","$109,000,000,000","No","","01/27/2011","$25,000,000,000","Yes","No","$31,285,072,500"
"9127952N0","Bill","13-Week","01/24/2011","01/27/2011","04/28/2011","99.960819","No","$28,000,000,000","$109,000,000,000","No","","01/27/2011","$29,000,000,000","Yes","No","$29,000,137,600"
"912795X63","Bill","26-Week","01/24/2011","01/27/2011","07/28/2011","99.909000","No","$25,000,000,000","$109,000,000,000","No","","01/27/2011","$28,000,000,000","Yes","No","$28,000,598,500"
"912828PP9","Note","10-Year","01/20/2011","01/31/2011","01/15/2021","99.599898","No","","$39,466,000,000","No","1.125%","01/31/2011","$13,000,000,000","No","Yes","$13,259,048,000"
"9127952B6","Bill","4-Week","01/19/2011","01/20/2011","02/17/2011","99.987944","No","$83,998,000,000","$109,004,000,000","No","","01/20/2011","$25,000,000,000","Yes","No","$28,782,279,200"
"9127952G5","Bill","56-Day","01/19/2011","01/20/2011","03/17/2011","99.975111","Yes","$58,039,000,000","","No","","01/20/2011","$25,000,000,000","Yes","No","$25,000,912,500"
"9127952M2","Bill","13-Week","01/18/2011","01/20/2011","04/21/2011","99.960819","No","$27,999,000,000","$109,004,000,000","No","","01/20/2011","$29,000,000,000","Yes","No","$29,000,695,000"
"9127953A7","Bill","26-Week","01/18/2011","01/20/2011","07/21/2011","99.906472","No","","$109,004,000,000","No","","01/20/2011","$28,000,000,000","No","No","$28,000,020,500"
"912810QL5","Bond","29-Year 10-Month","01/13/2011","01/18/2011","11/15/2040","95.669689","No","$29,618,000,000","$25,382,000,000","No","4.250%","01/15/2011","$13,000,000,000","Yes","No","$13,284,906,000"
"912828PC8","Note","9-Year 10-Month","01/12/2011","01/18/2011","11/15/2020","93.664061","No","$45,950,000,000","$25,382,000,000","No","2.625%","01/15/2011","$21,000,000,000","Yes","No","$21,460,236,400"
"912795V99","Bill","56-Day","01/12/2011","01/13/2011","03/10/2011","99.975889","Yes","$84,991,000,000","","No","","01/13/2011","$25,000,000,000","Yes","No","$25,000,180,000"
"912828PQ7","Note","3-Year","01/11/2011","01/18/2011","01/15/2014","99.920611","No","","$25,382,000,000","No","1.000%","01/15/2011","$32,000,000,000","No","No","$32,701,309,000"
"912795V40","Bill","4-Week","01/11/2011","01/13/2011","02/10/2011","99.988722","No","$110,008,000,000","$135,003,000,000","No","","01/13/2011","$25,000,000,000","Yes","No","$30,939,141,500"
"9127952Y6","Bill","52-Week","01/11/2011","01/13/2011","01/12/2012","99.721944","No","","$135,003,000,000","No","","01/13/2011","$22,000,000,000","No","No","$22,000,225,900"
"9127952L4","Bill","13-Week","01/10/2011","01/13/2011","04/14/2011","99.962083","No","$29,001,000,000","$135,003,000,000","No","","01/13/2011","$29,000,000,000","Yes","No","$29,001,499,500"
"9127952Z3","Bill","26-Week","01/10/2011","01/13/2011","07/14/2011","99.909000","No","","$135,003,000,000","No","","01/13/2011","$28,000,000,000","No","No","$28,000,159,700"
"9127952D2","Bill","56-Day","01/05/2011","01/06/2011","03/03/2011","99.978222","Yes","$59,003,000,000","","No","","01/06/2011","$25,000,000,000","Yes","No","$25,000,937,500"
"912795Y21","Bill","4-Week","01/04/2011","01/06/2011","02/03/2011","99.990667","No","$84,008,000,000","$109,000,000,000","No","","01/06/2011","$25,000,000,000","Yes","No","$27,418,437,300"
"912795VD0","Bill","13-Week","01/03/2011","01/06/2011","04/07/2011","99.962083","No","$55,001,000,000","$109,000,000,000","No","","01/06/2011","$29,000,000,000","Yes","No","$29,000,140,300"
"9127952X8","Bill","26-Week","01/03/2011","01/06/2011","07/07/2011","99.903944","No","","$109,000,000,000","No","","01/06/2011","$28,000,000,000","No","No","$28,000,051,800"
"912828PN4","Note","7-Year","12/29/2010","12/31/2010","12/31/2017","99.495202","No","","$35,815,000,000","No","2.750%","12/31/2010","$29,000,000,000","No","No","$30,453,703,600"
"9127952C4","Bill","56-Day","12/29/2010","12/30/2010","02/24/2011","99.981333","Yes","$59,011,000,000","","No","","12/30/2010","$25,000,000,000","Yes","No","$25,000,055,000"
"912828PM6","Note","5-Year","12/28/2010","12/31/2010","12/31/2015","99.886797","No","","$35,815,000,000","No","2.125%","12/31/2010","$35,000,000,000","No","No","$36,754,364,500"
"912795X97","Bill","4-Week","12/28/2010","12/30/2010","01/27/2011","99.994944","No","$84,000,000,000","$107,022,000,000","No","","12/30/2010","$25,000,000,000","Yes","No","$31,285,116,900"
"912828PW4","Note","2-Year","12/27/2010","12/31/2010","12/31/2012","99.772112","No","","$35,815,000,000","No","0.625%","12/31/2010","$35,000,000,000","No","No","$36,754,518,900"
"9127952J9","Bill","13-Week","12/27/2010","12/30/2010","03/31/2011","99.954500","No","$29,002,000,000","$107,022,000,000","No","","12/30/2010","$29,000,000,000","Yes","No","$29,000,586,500"
"912795X22","Bill","26-Week","12/27/2010","12/30/2010","06/30/2011","99.886250","No","$25,000,000,000","$107,022,000,000","No","","12/30/2010","$28,000,000,000","Yes","No","$28,000,184,400"
"9127952B6","Bill","56-Day","12/22/2010","12/23/2010","02/17/2011","99.979778","Yes","$58,998,000,000","","No","","12/23/2010","$25,000,000,000","Yes","No","$25,000,885,000"
"912795X89","Bill","4-Week","12/21/2010","12/23/2010","01/20/2011","99.994556","No","$84,005,000,000","$106,000,000,000","No","","12/23/2010","$25,000,000,000","Yes","No","$28,782,495,700"
"9127952H3","Bill","13-Week","12/20/2010","12/23/2010","03/24/2011","99.967139","No","$29,001,000,000","$106,000,000,000","No","","12/23/2010","$29,000,000,000","Yes","No","$29,000,822,000"
"9127952W0","Bill","26-Week","12/20/2010","12/23/2010","06/23/2011","99.906472","No","","$106,000,000,000","No","","12/23/2010","$28,000,000,000","No","No","$28,000,411,400"
"912795V40","Bill","56-Day","12/15/2010","12/16/2010","02/10/2011","99.980556","Yes","$85,007,000,000","","No","","12/16/2010","$25,000,000,000","Yes","No","$25,000,257,500"
"912795UX7","Bill","4-Week","12/14/2010","12/16/2010","01/13/2011","99.993389","No","$109,998,000,000","$133,005,000,000","No","","12/16/2010","$25,000,000,000","Yes","No","$30,938,320,000"
"9127952T7","Bill","52-Week","12/14/2010","12/16/2010","12/15/2011","99.701722","No","","$133,005,000,000","No","","12/16/2010","$22,000,000,000","No","No","$22,000,007,900"
"9127952G5","Bill","13-Week","12/13/2010","12/16/2010","03/17/2011","99.964611","No","$29,005,000,000","$133,005,000,000","No","","12/16/2010","$29,000,000,000","Yes","No","$29,000,593,200"
"9127952V2","Bill","26-Week","12/13/2010","12/16/2010","06/16/2011","99.903944","No","","$133,005,000,000","No","","12/16/2010","$28,000,000,000","No","No","$28,000,540,100"
"912810QL5","Bond","29-Year 11-Month","12/09/2010","12/15/2010","11/15/2040","97.349324","No","$16,429,000,000","$12,041,000,000","No","4.250%","12/15/2010","$13,000,000,000","Yes","No","$13,189,116,000"
"912828PC8","Note","9-Year 11-Month","12/08/2010","12/15/2010","11/15/2020","94.002822","No","$24,644,000,000","$12,041,000,000","No","2.625%","12/15/2010","$21,000,000,000","Yes","No","$21,305,471,900"
"912795Y21","Bill","56-Day","12/08/2010","12/09/2010","02/03/2011","99.980556","Yes","$59,007,000,000","","No","","12/09/2010","$25,000,000,000","Yes","No","$25,000,996,000"
"912828PL8","Note","3-Year","12/07/2010","12/15/2010","12/15/2013","99.669011","No","","$12,041,000,000","No","0.750%","12/15/2010","$32,000,000,000","No","No","$32,465,482,400"
"912795X71","Bill","4-Week","12/07/2010","12/09/2010","01/06/2011","99.993778","No","$83,999,000,000","$106,968,000,000","No","","12/09/2010","$25,000,000,000","Yes","No","$27,418,580,500"
"9127956D8","Bill","7-Day","12/07/2010","12/08/2010","12/15/2010","99.997278","Yes","","","No","","12/08/2010","$18,000,000,000","No","No","$18,000,200,000"
"912795V99","Bill","13-Week","12/06/2010","12/09/2010","03/10/2011","99.963347","No","$55,983,000,000","$106,968,000,000","No","","12/09/2010","$29,000,000,000","Yes","No","$29,000,023,700"
"9127952U4","Bill","26-Week","12/06/2010","12/09/2010","06/09/2011","99.906472","No","","$106,968,000,000","No","","12/09/2010","$28,000,000,000","No","No","$28,000,547,700"
"912795X97","Bill","56-Day","12/01/2010","12/02/2010","01/27/2011","99.975889","Yes","$59,000,000,000","","No","","12/02/2010","$25,000,000,000","Yes","No","$25,000,613,200"
"912795X55","Bill","4-Week","11/30/2010","12/02/2010","12/30/2010","99.986389","No","$82,021,000,000","$107,008,000,000","No","","12/02/2010","$25,000,000,000","Yes","No","$31,286,173,000"
"9127952D2","Bill","13-Week","11/29/2010","12/02/2010","03/03/2011","99.955764","No","$30,001,000,000","$107,008,000,000","No","","12/02/2010","$29,000,000,000","Yes","No","$29,000,455,200"
"912795W64","Bill","26-Week","11/29/2010","12/02/2010","06/02/2011","99.893833","No","$25,000,000,000","$107,008,000,000","No","","12/02/2010","$28,000,000,000","Yes","No","$28,000,108,900"
"912828PK0","Note","7-Year","11/24/2010","11/30/2010","11/30/2017","99.980673","No","","$34,619,000,000","No","2.250%","11/30/2010","$29,000,000,000","No","No","$30,142,704,500"
"912795X89","Bill","55-Day","11/24/2010","11/26/2010","01/20/2011","99.975556","Yes","$59,005,000,000","","No","","11/26/2010","$25,000,000,000","Yes","No","$25,000,115,000"
"912828PJ3","Note","5-Year","11/23/2010","11/30/2010","11/30/2015","99.826792","No","","$34,619,000,000","No","1.375%","11/30/2010","$35,000,000,000","No","No","$36,379,135,100"
"912795X48","Bill","4-Week","11/23/2010","11/26/2010","12/23/2010","99.988750","No","$80,998,000,000","$103,008,000,000","No","","11/26/2010","$25,000,000,000","Yes","No","$28,781,976,000"
"912828PV6","Note","2-Year","11/22/2010","11/30/2010","11/30/2012","99.960259","No","","$34,619,000,000","No","0.500%","11/30/2010","$35,000,000,000","No","No","$36,379,322,800"
"9127952C4","Bill","13-Week","11/22/2010","11/26/2010","02/24/2011","99.965000","No","$30,004,000,000","$103,008,000,000","No","","11/26/2010","$29,000,000,000","Yes","No","$29,000,526,400"
"9127952S9","Bill","26-Week","11/22/2010","11/26/2010","05/26/2011","99.901958","No","","$103,008,000,000","No","","11/26/2010","$28,000,000,000","No","No","$28,000,668,000"
"912795UX7","Bill","56-Day","11/17/2010","11/18/2010","01/13/2011","99.980556","Yes","$84,997,000,000","","No","","11/18/2010","$25,000,000,000","Yes","No","$25,000,696,100"
"912795UK5","Bill","4-Week","11/16/2010","11/18/2010","12/16/2010","99.990278","No","$108,005,000,000","$130,009,000,000","No","","11/18/2010","$25,000,000,000","Yes","No","$30,938,298,300"
"9127952P5","Bill","52-Week","11/16/2010","11/18/2010","11/17/2011","99.716889","No","","$130,009,000,000","No","","11/18/2010","$23,000,000,000","No","No","$23,000,443,600"
"9127952B6","Bill","13-Week","11/15/2010","11/18/2010","02/17/2011","99.965875","No","$29,996,000,000","$130,009,000,000","No","","11/18/2010","$29,000,000,000","Yes","No","$29,000,016,000"
"9127952R1","Bill","26-Week","11/15/2010","11/18/2010","05/19/2011","99.909000","No","","$130,009,000,000","No","","11/18/2010","$28,000,000,000","No","No","$28,001,055,900"
"912810QL5","Bond","30-Year","11/10/2010","11/15/2010","11/15/2040","98.829162","No","","$13,762,000,000","No","4.250%","11/15/2010","$16,000,000,000","No","No","$16,429,035,200"
"912795X71","Bill","55-Day","11/10/2010","11/12/2010","01/06/2011","99.985486","Yes","$58,999,000,000","","No","","11/12/2010","$25,000,000,000","Yes","No","$25,000,040,000"
"912828PC8","Note","10-Year","11/09/2010","11/15/2010","11/15/2020","99.903856","No","","$13,762,000,000","No","2.625%","11/15/2010","$24,000,000,000","No","No","$24,643,546,400"
"912795X30","Bill","4-Week","11/09/2010","11/12/2010","12/09/2010","99.992125","No","$81,968,000,000","$106,001,000,000","No","","11/12/2010","$25,000,000,000","Yes","No","$27,418,226,000"
"912828PU8","Note","3-Year","11/08/2010","11/15/2010","11/15/2013","99.777247","No","","$13,762,000,000","No","0.500%","11/15/2010","$32,000,000,000","No","No","$32,858,259,800"
"912795V40","Bill","13-Week","11/08/2010","11/12/2010","02/10/2011","99.968750","No","$56,000,000,000","$106,001,000,000","No","","11/12/2010","$29,000,000,000","Yes","No","$29,000,348,300"
"9127952Q3","Bill","26-Week","11/08/2010","11/12/2010","05/12/2011","99.919556","No","","$106,001,000,000","No","","11/12/2010","$28,000,000,000","No","No","$28,000,928,300"
"912828NM8","Note","9-Year 8-Month","11/04/2010","11/15/2010","07/15/2020","108.103581","No","$22,110,000,000","$13,762,000,000","No","1.250%","11/15/2010","$10,000,000,000","Yes","Yes","$10,268,153,000"
"912795X55","Bill","56-Day","11/03/2010","11/04/2010","12/30/2010","99.977444","Yes","$57,021,000,000","","No","","11/04/2010","$25,000,000,000","Yes","No","$25,000,136,000"
"912795W98","Bill","4-Week","11/02/2010","11/04/2010","12/02/2010","99.990278","No","$82,007,000,000","$105,018,000,000","No","","11/04/2010","$25,000,000,000","Yes","No","$31,285,310,000"
"912795Y21","Bill","13-Week","11/01/2010","11/04/2010","02/03/2011","99.968403","No","$30,001,000,000","$105,018,000,000","No","","11/04/2010","$29,000,000,000","Yes","No","$29,000,217,800"
"912795VE8","Bill","26-Week","11/01/2010","11/04/2010","05/05/2011","99.921639","No","$26,000,000,000","$105,018,000,000","No","","11/04/2010","$28,000,000,000","Yes","No","$28,000,401,900"
"912828PF1","Note","7-Year","10/28/2010","11/01/2010","10/31/2017","99.381826","No","","$33,478,000,000","No","1.875%","10/31/2010","$29,000,000,000","No","No","$29,594,504,500"
"912828PE4","Note","5-Year","10/27/2010","11/01/2010","10/31/2015","99.614432","No","","$33,478,000,000","No","1.250%","10/31/2010","$35,000,000,000","No","No","$35,717,506,500"
"912795X48","Bill","56-Day","10/27/2010","10/28/2010","12/23/2010","99.976667","Yes","$55,998,000,000","","No","","10/28/2010","$25,000,000,000","Yes","No","$25,000,155,000"
"912828PD6","Note","2-Year","10/26/2010","11/01/2010","10/31/2012","99.950315","No","","$33,478,000,000","No","0.375%","10/31/2010","$35,000,000,000","No","No","$35,717,523,000"
"912795W80","Bill","4-Week","10/26/2010","10/28/2010","11/26/2010","99.989528","No","$81,007,000,000","$105,001,000,000","No","","10/28/2010","$22,000,000,000","Yes","No","$25,782,571,500"
"912828MY3","Note","4-Year 6-Month","10/25/2010","10/29/2010","04/15/2015","105.508607","No","$11,236,000,000","$0","No","0.500%","10/29/2010","$10,000,000,000","Yes","Yes","$10,000,000,500"
"912795X97","Bill","13-Week","10/25/2010","10/28/2010","01/27/2011","99.967139","No","$30,002,000,000","$105,001,000,000","No","","10/28/2010","$29,000,000,000","Yes","No","$29,000,079,400"
"9127952N0","Bill","26-Week","10/25/2010","10/28/2010","04/28/2011","99.914056","No","","$105,001,000,000","No","","10/28/2010","$28,000,000,000","No","No","$28,000,186,700"
"912795UK5","Bill","56-Day","10/20/2010","10/21/2010","12/16/2010","99.976667","Yes","$83,004,000,000","","No","","10/21/2010","$25,000,000,000","Yes","No","$25,000,692,000"
"912795UJ8","Bill","4-Week","10/19/2010","10/21/2010","11/18/2010","99.989500","No","$108,009,000,000","$132,001,000,000","No","","10/21/2010","$22,000,000,000","Yes","No","$27,938,169,600"
"9127952K6","Bill","52-Week","10/19/2010","10/21/2010","10/20/2011","99.772500","No","","$132,001,000,000","No","","10/21/2010","$24,000,000,000","No","No","$24,000,219,300"
"912795X89","Bill","13-Week","10/18/2010","10/21/2010","01/20/2011","99.965875","No","$30,001,000,000","$132,001,000,000","No","","10/21/2010","$29,000,000,000","Yes","No","$29,000,150,300"
"9127952M2","Bill","26-Week","10/18/2010","10/21/2010","04/21/2011","99.914056","No","","$132,001,000,000","No","","10/21/2010","$28,000,000,000","No","No","$28,000,024,400"
"912810QK7","Bond","29-Year 10-Month","10/14/2010","10/15/2010","08/15/2040","100.397647","No","$30,099,000,000","$12,421,000,000","No","3.875%","10/15/2010","$13,000,000,000","Yes","No","$13,114,248,700"
"912828NT3","Note","9-Year 10-Month","10/13/2010","10/15/2010","08/15/2020","101.298742","No","$46,665,000,000","$12,421,000,000","No","2.625%","10/15/2010","$21,000,000,000","Yes","No","$21,184,575,600"
"912795W72","Bill","4-Week","10/13/2010","10/14/2010","11/12/2010","99.988722","No","$81,002,000,000","$112,005,000,000","No","","10/14/2010","$25,000,000,000","Yes","No","$27,418,062,500"
"912795X30","Bill","56-Day","10/13/2010","10/14/2010","12/09/2010","99.976667","Yes","$56,968,000,000","","No","","10/14/2010","$25,000,000,000","Yes","No","$25,000,030,000"
"912828PB0","Note","3-Year","10/12/2010","10/15/2010","10/15/2013","99.795046","No","","$12,421,000,000","No","0.500%","10/15/2010","$32,000,000,000","No","No","$32,281,265,200"
"912795UX7","Bill","13-Week","10/12/2010","10/14/2010","01/13/2011","99.968403","No","$55,996,000,000","$112,005,000,000","No","","10/14/2010","$29,000,000,000","Yes","No","$29,000,091,700"
"9127952L4","Bill","26-Week","10/12/2010","10/14/2010","04/14/2011","99.916583","No","","$112,005,000,000","No","","10/14/2010","$29,000,000,000","No","No","$29,000,397,900"
"912795W98","Bill","56-Day","10/06/2010","10/07/2010","12/02/2010","99.977444","Yes","$57,006,000,000","","No","","10/07/2010","$25,000,000,000","Yes","No","$25,000,682,000"
"912795W56","Bill","4-Week","10/05/2010","10/07/2010","11/04/2010","99.989500","No","$80,017,000,000","$118,999,000,000","No","","10/07/2010","$25,000,000,000","Yes","No","$31,285,375,500"
"912795X71","Bill","13-Week","10/04/2010","10/07/2010","01/06/2011","99.967139","No","$29,997,000,000","$118,999,000,000","No","","10/07/2010","$29,000,000,000","Yes","No","$29,000,339,600"
"912795VD0","Bill","26-Week","10/04/2010","10/07/2010","04/07/2011","99.906472","No","$25,999,000,000","$118,999,000,000","No","","10/07/2010","$29,000,000,000","Yes","No","$29,000,036,300"
"912795W80","Bill","57-Day","09/29/2010","09/30/2010","11/26/2010","99.979417","Yes","$56,007,000,000","","No","","09/30/2010","$25,000,000,000","Yes","No","$25,000,405,000"
"912828PA2","Note","7-Year","09/29/2010","09/30/2010","09/30/2017","99.902081","No","","$33,998,000,000","No","1.875%","09/30/2010","$29,000,000,000","No","No","$29,913,659,100"
"912795W49","Bill","4-Week","09/28/2010","09/30/2010","10/28/2010","99.993778","No","$80,001,000,000","$116,006,000,000","No","","09/30/2010","$25,000,000,000","Yes","No","$28,781,877,600"
"912828NZ9","Note","5-Year","09/28/2010","09/30/2010","09/30/2015","99.951690","No","","$33,998,000,000","No","1.250%","09/30/2010","$35,000,000,000","No","No","$36,102,696,100"
"912795X55","Bill","13-Week","09/27/2010","09/30/2010","12/30/2010","99.960819","No","$28,007,000,000","$116,006,000,000","No","","09/30/2010","$29,000,000,000","Yes","No","$29,000,640,400"
"9127952J9","Bill","26-Week","09/27/2010","09/30/2010","03/31/2011","99.903944","No","","$116,006,000,000","No","","09/30/2010","$29,000,000,000","No","No","$29,000,470,000"
"912828NX4","Note","2-Year","09/27/2010","09/30/2010","09/30/2012","99.868724","No","","$33,998,000,000","No","0.375%","09/30/2010","$36,000,000,000","No","No","$37,134,262,500"
"912795UJ8","Bill","56-Day","09/22/2010","09/23/2010","11/18/2010","99.977444","Yes","$83,009,000,000","","No","","09/23/2010","$25,000,000,000","Yes","No","$25,000,511,000"
"912795UH2","Bill","4-Week","09/21/2010","09/23/2010","10/21/2010","99.991056","No","$107,005,000,000","$142,010,000,000","No","","09/23/2010","$25,000,000,000","Yes","No","$30,938,377,300"
"9127952F7","Bill","52-Week","09/21/2010","09/23/2010","09/22/2011","99.732056","No","","$142,010,000,000","No","","09/23/2010","$25,000,000,000","No","No","$25,000,307,300"
"912795X48","Bill","13-Week","09/20/2010","09/23/2010","12/23/2010","99.959556","No","$27,000,000,000","$142,010,000,000","No","","09/23/2010","$29,000,000,000","Yes","No","$29,000,443,200"
"9127952H3","Bill","26-Week","09/20/2010","09/23/2010","03/24/2011","99.901417","No","","$142,010,000,000","No","","09/23/2010","$29,000,000,000","No","No","$29,000,710,000"
"912795W72","Bill","57-Day","09/15/2010","09/16/2010","11/12/2010","99.977042","Yes","$56,001,000,000","","No","","09/16/2010","$25,000,000,000","Yes","No","$25,000,580,000"
"912795W31","Bill","4-Week","09/14/2010","09/16/2010","10/14/2010","99.992222","No","$82,005,000,000","$150,004,000,000","No","","09/16/2010","$30,000,000,000","Yes","No","$32,418,133,500"
"912795UK5","Bill","13-Week","09/13/2010","09/16/2010","12/16/2010","99.964611","No","$54,000,000,000","$150,004,000,000","No","","09/16/2010","$29,000,000,000","Yes","No","$29,002,108,000"
"9127952G5","Bill","26-Week","09/13/2010","09/16/2010","03/17/2011","99.903944","No","","$150,004,000,000","No","","09/16/2010","$29,000,000,000","No","No","$29,001,257,600"
"912810QK7","Bond","29-Year 11-Month","09/09/2010","09/15/2010","08/15/2040","100.970530","No","$16,958,000,000","$12,168,000,000","No","3.875%","09/15/2010","$13,000,000,000","Yes","No","$13,140,694,200"
"912828NT3","Note","9-Year 11-Month","09/08/2010","09/15/2010","08/15/2020","99.607796","No","$25,438,000,000","$12,168,000,000","No","2.625%","09/15/2010","$21,000,000,000","Yes","No","$21,227,191,500"
"912795W23","Bill","4-Week","09/08/2010","09/09/2010","10/07/2010","99.993000","No","$83,998,000,000","$111,004,000,000","No","","09/09/2010","$35,000,000,000","Yes","No","$41,285,287,900"
"912795W56","Bill","56-Day","09/08/2010","09/09/2010","11/04/2010","99.981333","Yes","$55,016,000,000","","No","","09/09/2010","$25,000,000,000","Yes","No","$25,001,392,000"
"912828NY2","Note","3-Year","09/07/2010","09/15/2010","09/15/2013","99.881642","No","","$12,168,000,000","No","0.750%","09/15/2010","$33,000,000,000","No","No","$33,357,124,900"
"912795X30","Bill","13-Week","09/07/2010","09/09/2010","12/09/2010","99.965875","No","$27,002,000,000","$111,004,000,000","No","","09/09/2010","$30,000,000,000","Yes","No","$30,000,784,800"
"912795V99","Bill","26-Week","09/07/2010","09/09/2010","03/10/2011","99.909000","No","$26,000,000,000","$111,004,000,000","No","","09/09/2010","$30,000,000,000","Yes","No","$30,000,629,800"
"912828NM8","Note","9-Year 10-Month","09/02/2010","09/15/2010","07/15/2020","102.109188","No","$12,003,000,000","$12,168,000,000","No","1.250%","09/15/2010","$10,000,000,000","Yes","Yes","$10,108,183,000"
"912795W49","Bill","56-Day","09/01/2010","09/02/2010","10/28/2010","99.980556","Yes","$55,001,000,000","","No","","09/02/2010","$25,000,000,000","Yes","No","$25,000,030,000"
"912795VC2","Bill","4-Week","08/31/2010","09/02/2010","09/30/2010","99.987556","No","$82,007,000,000","$111,011,000,000","No","","09/02/2010","$34,000,000,000","Yes","No","$37,781,697,800"
"912795W98","Bill","13-Week","08/30/2010","09/02/2010","12/02/2010","99.963347","No","$27,006,000,000","$111,011,000,000","No","","09/02/2010","$30,000,000,000","Yes","No","$30,000,271,000"
"9127952D2","Bill","26-Week","08/30/2010","09/02/2010","03/03/2011","99.903944","No","","$111,011,000,000","No","","09/02/2010","$30,000,000,000","No","No","$30,001,487,700"
"912828NW6","Note","7-Year","08/26/2010","08/31/2010","08/31/2017","99.258493","No","","$31,984,000,000","No","1.875%","08/31/2010","$29,000,000,000","No","No","$29,710,045,700"
"912828NV8","Note","5-Year","08/25/2010","08/31/2010","08/31/2015","99.402797","No","","$31,984,000,000","No","1.250%","08/31/2010","$36,000,000,000","No","No","$36,881,451,400"
"912795VB4","Bill","21-Day","08/25/2010","08/26/2010","09/16/2010","99.990083","Yes","$117,420,000,000","","No","","08/26/2010","$35,000,000,000","Yes","No","$35,001,687,500"
"912795UH2","Bill","56-Day","08/25/2010","08/26/2010","10/21/2010","99.978222","Yes","$82,005,000,000","","No","","08/26/2010","$25,000,000,000","Yes","No","$25,000,855,000"
"912828PH7","Note","2-Year","08/24/2010","08/31/2010","08/31/2012","99.755524","No","","$31,984,000,000","No","0.375%","08/31/2010","$37,000,000,000","No","No","$37,905,982,800"
"912795U90","Bill","4-Week","08/24/2010","08/26/2010","09/23/2010","99.987944","No","$108,011,000,000","$163,004,000,000","No","","08/26/2010","$34,000,000,000","Yes","No","$39,938,196,200"
"9127952A8","Bill","52-Week","08/24/2010","08/26/2010","08/25/2011","99.737111","No","","$163,004,000,000","No","","08/26/2010","$25,000,000,000","No","No","$25,000,269,100"
"912810QF8","Bond","29-Year 6-Month","08/23/2010","08/31/2010","02/15/2040","109.086149","No","$8,000,000,000","$31,984,000,000","No","2.125%","08/31/2010","$7,000,000,000","Yes","Yes","$7,171,390,500"
"912795W80","Bill","13-Week","08/23/2010","08/26/2010","11/26/2010","99.960389","No","$25,999,000,000","$163,004,000,000","No","","08/26/2010","$30,000,000,000","Yes","No","$30,000,685,000"
"9127952C4","Bill","26-Week","08/23/2010","08/26/2010","02/24/2011","99.906472","No","","$163,004,000,000","No","","08/26/2010","$30,000,000,000","No","No","$30,000,675,700"
"912795W31","Bill","56-Day","08/18/2010","08/19/2010","10/14/2010","99.977444","Yes","$57,005,000,000","","No","","08/19/2010","$25,000,000,000","Yes","No","$25,000,045,000"
"912795VB4","Bill","4-Week","08/17/2010","08/19/2010","09/16/2010","99.987944","No","$81,000,000,000","$111,009,000,000","No","","08/19/2010","$34,000,000,000","Yes","No","$36,419,433,600"
"912795UJ8","Bill","13-Week","08/16/2010","08/19/2010","11/18/2010","99.960819","No","$53,002,000,000","$111,009,000,000","No","","08/19/2010","$30,000,000,000","Yes","No","$30,000,554,900"
"9127952B6","Bill","26-Week","08/16/2010","08/19/2010","02/17/2011","99.906472","No","","$111,009,000,000","No","","08/19/2010","$30,000,000,000","No","No","$30,000,441,800"
"912810QK7","Bond","30-Year","08/12/2010","08/16/2010","08/15/2040","98.619129","No","","$32,970,000,000","No","3.875%","08/15/2010","$16,000,000,000","No","No","$16,958,140,300"
"912828NT3","Note","10-Year","08/11/2010","08/16/2010","08/15/2020","99.086655","No","","$32,970,000,000","No","2.625%","08/15/2010","$24,000,000,000","No","No","$25,437,227,300"
"912795W23","Bill","56-Day","08/11/2010","08/12/2010","10/07/2010","99.979000","Yes","$58,998,000,000","","No","","08/12/2010","$25,000,000,000","Yes","No","$25,000,150,000"
"912828NU0","Note","3-Year","08/10/2010","08/16/2010","08/15/2013","99.722358","No","","$32,970,000,000","No","0.750%","08/15/2010","$34,000,000,000","No","No","$36,036,086,600"
"912795VA6","Bill","4-Week","08/10/2010","08/12/2010","09/09/2010","99.988722","No","$80,006,000,000","$110,005,000,000","No","","08/12/2010","$31,000,000,000","Yes","No","$37,285,643,900"
"912795W72","Bill","13-Week","08/09/2010","08/12/2010","11/12/2010","99.961667","No","$26,001,000,000","$110,005,000,000","No","","08/12/2010","$30,000,000,000","Yes","No","$30,000,020,700"
"912795V40","Bill","26-Week","08/09/2010","08/12/2010","02/10/2011","99.903944","No","$26,000,000,000","$110,005,000,000","No","","08/12/2010","$30,000,000,000","Yes","No","$30,001,014,400"
"912795VC2","Bill","56-Day","08/04/2010","08/05/2010","09/30/2010","99.975111","Yes","$57,007,000,000","","No","","08/05/2010","$25,000,000,000","Yes","No","$25,000,820,000"
"912795V73","Bill","4-Week","08/03/2010","08/05/2010","09/02/2010","99.988333","No","$80,011,000,000","$111,002,000,000","No","","08/05/2010","$31,000,000,000","Yes","No","$34,783,131,000"
"912795W56","Bill","13-Week","08/02/2010","08/05/2010","11/04/2010","99.960819","No","$25,000,000,000","$111,002,000,000","No","","08/05/2010","$30,000,000,000","Yes","No","$30,001,873,000"
"912795Y21","Bill","26-Week","08/02/2010","08/05/2010","02/03/2011","99.901417","No","","$111,002,000,000","No","","08/05/2010","$30,000,000,000","No","No","$30,000,151,300"
"912828NR7","Note","7-Year","07/29/2010","08/02/2010","07/31/2017","99.878150","No","","$31,006,000,000","No","2.375%","07/31/2010","$29,000,000,000","No","No","$29,952,301,500"
"912828NP1","Note","5-Year","07/28/2010","08/02/2010","07/31/2015","99.781106","No","","$31,006,000,000","No","1.750%","07/31/2010","$37,000,000,000","No","No","$38,215,003,400"
"912795U90","Bill","56-Day","07/28/2010","07/29/2010","09/23/2010","99.975889","Yes","$83,011,000,000","","No","","07/29/2010","$25,000,000,000","Yes","No","$25,000,015,000"
"912828NQ9","Note","2-Year","07/27/2010","08/02/2010","07/31/2012","99.920863","No","","$31,006,000,000","No","0.625%","07/31/2010","$38,000,000,000","No","No","$39,247,900,200"
"912795U82","Bill","4-Week","07/27/2010","07/29/2010","08/26/2010","99.987944","No","$132,007,000,000","$137,005,000,000","No","","07/29/2010","$31,000,000,000","Yes","No","$36,938,044,100"
"912795X63","Bill","52-Week","07/27/2010","07/29/2010","07/28/2011","99.701722","No","","$137,005,000,000","No","","07/29/2010","$25,000,000,000","No","No","$25,000,073,200"
"912795W49","Bill","13-Week","07/26/2010","07/29/2010","10/28/2010","99.962083","No","$25,000,000,000","$137,005,000,000","No","","07/29/2010","$30,000,000,000","Yes","No","$30,000,188,400"
"912795X97","Bill","26-Week","07/26/2010","07/29/2010","01/27/2011","99.898889","No","","$137,005,000,000","No","","07/29/2010","$30,000,000,000","No","No","$30,000,478,500"
"912795VB4","Bill","56-Day","07/21/2010","07/22/2010","09/16/2010","99.975111","Yes","$56,000,000,000","","No","","07/22/2010","$25,000,000,000","Yes","No","$25,000,725,000"
"912795V65","Bill","4-Week","07/20/2010","07/22/2010","08/19/2010","99.987944","No","$79,007,000,000","$107,018,000,000","No","","07/22/2010","$32,000,000,000","Yes","No","$34,419,763,800"
"912795UH2","Bill","13-Week","07/19/2010","07/22/2010","10/21/2010","99.960819","No","$52,002,000,000","$107,018,000,000","No","","07/22/2010","$30,000,000,000","Yes","No","$30,000,298,100"
"912795X89","Bill","26-Week","07/19/2010","07/22/2010","01/20/2011","99.901417","No","","$107,018,000,000","No","","07/22/2010","$30,000,000,000","No","No","$30,000,438,500"
"912795VA6","Bill","56-Day","07/14/2010","07/15/2010","09/09/2010","99.975111","Yes","$55,006,000,000","","No","","07/15/2010","$25,000,000,000","Yes","No","$25,000,100,000"
"912810QH4","Bond","29-Year 10-Month","07/14/2010","07/15/2010","05/15/2040","105.053815","No","$30,469,000,000","$12,978,000,000","No","4.375%","07/15/2010","$13,000,000,000","Yes","No","$13,003,707,100"
"912795V57","Bill","4-Week","07/13/2010","07/15/2010","08/12/2010","99.988333","No","$78,005,000,000","$136,002,000,000","No","","07/15/2010","$32,000,000,000","Yes","No","$38,285,605,000"
"912828ND8","Note","9-Year 10-Month","07/13/2010","07/15/2010","05/15/2020","103.199671","No","$47,214,000,000","$12,978,000,000","No","3.500%","07/15/2010","$21,000,000,000","Yes","No","$21,005,965,500"
"912795W31","Bill","13-Week","07/12/2010","07/15/2010","10/14/2010","99.962083","No","$27,001,000,000","$136,002,000,000","No","","07/15/2010","$30,000,000,000","Yes","No","$30,000,120,100"
"912795UX7","Bill","26-Week","07/12/2010","07/15/2010","01/13/2011","99.898889","No","$25,997,000,000","$136,002,000,000","No","","07/15/2010","$30,000,000,000","Yes","No","$30,000,612,500"
"912828NN6","Note","3-Year","07/12/2010","07/15/2010","07/15/2013","99.838004","No","","$12,978,000,000","No","1.000%","07/15/2010","$35,000,000,000","No","No","$35,009,987,100"
"912828NM8","Note","10-Year","07/08/2010","07/15/2010","07/15/2020","99.579194","No","","$12,978,000,000","No","1.250%","07/15/2010","$12,000,000,000","No","Yes","$12,003,449,100"
"912795V24","Bill","4-Week","07/07/2010","07/08/2010","08/05/2010","99.987167","No","$75,008,000,000","$110,005,000,000","No","","07/08/2010","$36,000,000,000","Yes","No","$39,781,988,800"
"912795V73","Bill","56-Day","07/07/2010","07/08/2010","09/02/2010","99.974333","Yes","$55,010,000,000","","No","","07/08/2010","$25,000,000,000","Yes","No","$25,000,570,000"
"912795W23","Bill","13-Week","07/06/2010","07/08/2010","10/07/2010","99.958292","No","$29,000,000,000","$110,005,000,000","No","","07/08/2010","$30,000,000,000","Yes","No","$30,000,609,900"
"912795X71","Bill","26-Week","07/06/2010","07/08/2010","01/06/2011","99.896361","No","","$110,005,000,000","No","","07/08/2010","$30,000,000,000","No","No","$30,000,059,100"
"912795U82","Bill","56-Day","06/30/2010","07/01/2010","08/26/2010","99.972000","Yes","$107,006,000,000","","No","","07/01/2010","$25,000,000,000","Yes","No","$25,000,615,000"
"912795U74","Bill","4-Week","06/29/2010","07/01/2010","07/29/2010","99.988333","No","$101,001,000,000","$140,009,000,000","No","","07/01/2010","$36,000,000,000","Yes","No","$41,938,908,300"
"912795X22","Bill","52-Week","06/29/2010","07/01/2010","06/30/2011","99.676444","No","","$140,009,000,000","No","","07/01/2010","$25,000,000,000","No","No","$25,000,173,400"
"912795VC2","Bill","13-Week","06/28/2010","07/01/2010","09/30/2010","99.959556","No","$29,002,000,000","$140,009,000,000","No","","07/01/2010","$28,000,000,000","Yes","No","$28,000,118,900"
"912795X55","Bill","26-Week","06/28/2010","07/01/2010","12/30/2010","99.891306","No","","$140,009,000,000","No","","07/01/2010","$28,000,000,000","No","No","$28,000,142,200"
"912828NK2","Note","7-Year","06/24/2010","06/30/2010","06/30/2017","99.522396","No","","$30,003,000,000","No","2.500%","06/30/2010","$30,000,000,000","No","No","$30,868,478,100"
"912828NL0","Note","5-Year","06/23/2010","06/30/2010","06/30/2015","99.431646","No","","$30,003,000,000","No","1.875%","06/30/2010","$38,000,000,000","No","No","$39,100,162,000"
"912795V65","Bill","56-Day","06/23/2010","06/24/2010","08/19/2010","99.981333","Yes","$54,006,000,000","","No","","06/24/2010","$25,000,000,000","Yes","No","$25,000,487,000"
"912828NS5","Note","2-Year","06/22/2010","06/30/2010","06/30/2012","99.776070","No","","$30,003,000,000","No","0.625%","06/30/2010","$40,000,000,000","No","No","$41,158,095,600"
"912795UZ2","Bill","4-Week","06/22/2010","06/24/2010","07/22/2010","99.993389","No","$75,015,000,000","$115,015,000,000","No","","06/24/2010","$32,000,000,000","Yes","No","$34,418,204,200"
"912795U90","Bill","13-Week","06/21/2010","06/24/2010","09/23/2010","99.970931","No","$56,004,000,000","$115,015,000,000","No","","06/24/2010","$27,000,000,000","Yes","No","$27,000,182,600"
"912795X48","Bill","26-Week","06/21/2010","06/24/2010","12/23/2010","99.914056","No","","$115,015,000,000","No","","06/24/2010","$27,000,000,000","No","No","$27,000,058,900"
"912795V57","Bill","56-Day","06/16/2010","06/17/2010","08/12/2010","99.986000","Yes","$53,005,000,000","","No","","06/17/2010","$25,000,000,000","Yes","No","$25,000,421,000"
"912795UY5","Bill","4-Week","06/15/2010","06/17/2010","07/15/2010","99.997667","No","$105,003,000,000","$150,005,000,000","No","","06/17/2010","$31,000,000,000","Yes","No","$37,285,210,300"
"912795VB4","Bill","13-Week","06/14/2010","06/17/2010","09/16/2010","99.983569","No","$29,002,000,000","$150,005,000,000","No","","06/17/2010","$27,000,000,000","Yes","No","$27,000,713,500"
"912795UK5","Bill","26-Week","06/14/2010","06/17/2010","12/16/2010","99.924167","No","$27,000,000,000","$150,005,000,000","No","","06/17/2010","$27,000,000,000","Yes","No","$27,000,164,500"
"912810QH4","Bond","29-Year 11-Month","06/10/2010","06/15/2010","05/15/2040","103.270808","No","$17,394,000,000","$13,597,000,000","No","4.375%","06/15/2010","$13,000,000,000","Yes","No","$13,075,029,400"
"912828ND8","Note","9-Year 11-Month","06/09/2010","06/15/2010","05/15/2020","102.169092","No","$26,093,000,000","$13,597,000,000","No","3.500%","06/15/2010","$21,000,000,000","Yes","No","$21,121,248,200"
"912795V24","Bill","56-Day","06/09/2010","06/10/2010","08/05/2010","99.985222","Yes","$50,007,000,000","","No","","06/10/2010","$25,000,000,000","Yes","No","$25,000,455,000"
"912828NH9","Note","3-Year","06/08/2010","06/15/2010","06/15/2013","99.720987","No","","$13,597,000,000","No","1.125%","06/15/2010","$36,000,000,000","No","No","$36,207,773,000"
"912795Z53","Bill","5-Day","06/08/2010","06/10/2010","06/15/2010","99.997778","Yes","","","No","","06/10/2010","$26,000,000,000","No","No","$26,000,230,000"
"912795UW9","Bill","4-Week","06/08/2010","06/10/2010","07/08/2010","99.993000","No","$79,008,000,000","$143,001,000,000","No","","06/10/2010","$31,000,000,000","Yes","No","$34,782,177,600"
"912795VA6","Bill","13-Week","06/07/2010","06/10/2010","09/09/2010","99.967139","No","$28,007,000,000","$143,001,000,000","No","","06/10/2010","$27,000,000,000","Yes","No","$27,000,286,400"
"912795X30","Bill","26-Week","06/07/2010","06/10/2010","12/09/2010","99.893833","No","","$143,001,000,000","No","","06/10/2010","$27,000,000,000","No","No","$27,000,490,500"
"912795U66","Bill","4-Week","06/02/2010","06/03/2010","07/01/2010","99.989889","No","$109,010,000,000","$130,986,000,000","No","","06/03/2010","$31,000,000,000","Yes","No","$36,938,086,600"
"912795U74","Bill","56-Day","06/02/2010","06/03/2010","07/29/2010","99.978222","Yes","$76,000,000,000","","No","","06/03/2010","$25,000,000,000","Yes","No","$25,000,634,900"
"912795W64","Bill","52-Week","06/02/2010","06/03/2010","06/02/2011","99.630944","No","","$130,986,000,000","No","","06/03/2010","$25,000,000,000","No","No","$25,000,497,600"
"912795V73","Bill","13-Week","06/01/2010","06/03/2010","09/02/2010","99.959556","No","$28,007,000,000","$130,986,000,000","No","","06/03/2010","$27,000,000,000","Yes","No","$27,000,439,200"
"912795W98","Bill","26-Week","06/01/2010","06/03/2010","12/02/2010","99.888778","No","","$130,986,000,000","No","","06/03/2010","$27,000,000,000","No","No","$27,000,896,600"
"912828NG1","Note","7-Year","05/27/2010","06/01/2010","05/31/2017","99.589671","No","","$29,952,000,000","No","2.750%","05/31/2010","$31,000,000,000","No","No","$31,673,639,000"
"912828NF3","Note","5-Year","05/26/2010","06/01/2010","05/31/2015","99.976355","No","","$29,952,000,000","No","2.125%","05/31/2010","$40,000,000,000","No","No","$40,869,212,400"
"912795UZ2","Bill","56-Day","05/26/2010","05/27/2010","07/22/2010","99.976667","Yes","$50,014,000,000","","No","","05/27/2010","$25,000,000,000","Yes","No","$25,001,002,800"
"912828NE6","Note","2-Year","05/25/2010","06/01/2010","05/31/2012","99.962406","No","","$29,952,000,000","No","0.750%","05/31/2010","$42,000,000,000","No","No","$42,912,797,200"
"912795UV1","Bill","4-Week","05/25/2010","05/27/2010","06/24/2010","99.987944","No","$84,015,000,000","$97,005,000,000","No","","05/27/2010","$31,000,000,000","Yes","No","$33,418,683,800"
"912795U82","Bill","13-Week","05/24/2010","05/27/2010","08/26/2010","99.958292","No","$80,005,000,000","$97,005,000,000","No","","05/27/2010","$27,000,000,000","Yes","No","$27,000,299,600"
"912795W80","Bill","26-Week","05/24/2010","05/27/2010","11/26/2010","99.888167","No","","$97,005,000,000","No","","05/27/2010","$26,000,000,000","No","No","$26,000,167,700"
"912795UY5","Bill","56-Day","05/19/2010","05/20/2010","07/15/2010","99.975111","Yes","$80,003,000,000","","No","","05/20/2010","$25,000,000,000","Yes","No","$25,000,134,000"
"912795UU3","Bill","4-Week","05/18/2010","05/20/2010","06/17/2010","99.986778","No","$119,005,000,000","$98,997,000,000","No","","05/20/2010","$31,000,000,000","Yes","No","$37,285,233,100"
"912795V65","Bill","13-Week","05/17/2010","05/20/2010","08/19/2010","99.959556","No","$28,005,000,000","$98,997,000,000","No","","05/20/2010","$26,000,000,000","Yes","No","$26,000,046,000"
"912795UJ8","Bill","26-Week","05/17/2010","05/20/2010","11/18/2010","99.883722","No","$26,999,000,000","$98,997,000,000","No","","05/20/2010","$26,000,000,000","Yes","No","$26,000,189,400"
"912810QH4","Bond","30-Year","05/13/2010","05/17/2010","05/15/2040","98.114367","No","","$30,893,000,000","No","4.375%","05/15/2010","$16,000,000,000","No","No","$17,394,512,800"
"912828ND8","Note","10-Year","05/12/2010","05/17/2010","05/15/2020","99.598723","No","","$30,893,000,000","No","3.500%","05/15/2010","$24,000,000,000","No","No","$26,091,687,100"
"912795UW9","Bill","56-Day","05/12/2010","05/13/2010","07/08/2010","99.976667","Yes","$54,006,000,000","","No","","05/13/2010","$25,000,000,000","Yes","No","$25,001,558,000"
"912828NC0","Note","3-Year","05/11/2010","05/17/2010","05/15/2013","99.885991","No","","$30,893,000,000","No","1.375%","05/15/2010","$38,000,000,000","No","No","$41,311,863,500"
"912795UT6","Bill","4-Week","05/11/2010","05/13/2010","06/10/2010","99.988333","No","$112,001,000,000","$106,009,000,000","No","","05/13/2010","$31,000,000,000","Yes","No","$34,781,952,200"
"912795V57","Bill","13-Week","05/10/2010","05/13/2010","08/12/2010","99.960819","No","$27,009,000,000","$106,009,000,000","No","","05/13/2010","$26,000,000,000","Yes","No","$26,000,120,200"
"912795W72","Bill","26-Week","05/10/2010","05/13/2010","11/12/2010","99.883083","No","","$106,009,000,000","No","","05/13/2010","$26,000,000,000","No","No","$26,000,155,100"
"912795U66","Bill","56-Day","05/05/2010","05/06/2010","07/01/2010","99.976667","Yes","$84,008,000,000","","No","","05/06/2010","$25,000,000,000","Yes","No","$25,001,315,000"
"912795U58","Bill","4-Week","05/04/2010","05/06/2010","06/03/2010","99.988333","No","$107,984,000,000","$138,012,000,000","No","","05/06/2010","$23,000,000,000","Yes","No","$28,939,242,000"
"912795VE8","Bill","52-Week","05/04/2010","05/06/2010","05/05/2011","99.575333","No","","$138,012,000,000","No","","05/06/2010","$26,000,000,000","No","No","$26,000,071,900"
"912795V24","Bill","13-Week","05/03/2010","05/06/2010","08/05/2010","99.958292","No","$26,006,000,000","$138,012,000,000","No","","05/06/2010","$24,000,000,000","Yes","No","$24,000,576,400"
"912795W56","Bill","26-Week","05/03/2010","05/06/2010","11/04/2010","99.876139","No","","$138,012,000,000","No","","05/06/2010","$25,000,000,000","No","No","$25,000,462,600"
"912828NA4","Note","7-Year","04/29/2010","04/30/2010","04/30/2017","99.470887","No","","$30,000,000,000","No","3.125%","04/30/2010","$32,000,000,000","No","No","$32,682,661,900"
"912828MZ0","Note","5-Year","04/28/2010","04/30/2010","04/30/2015","99.813289","No","","$30,000,000,000","No","2.500%","04/30/2010","$42,000,000,000","No","No","$42,895,963,300"
"912795UV1","Bill","56-Day","04/28/2010","04/29/2010","06/24/2010","99.975889","Yes","$59,015,000,000","","No","","04/29/2010","$25,000,000,000","Yes","No","$25,000,250,000"
"912828NB2","Note","2-Year","04/27/2010","04/30/2010","04/30/2012","99.952608","No","","$30,000,000,000","No","1.000%","04/30/2010","$44,000,000,000","No","No","$44,938,632,800"
"912795US8","Bill","4-Week","04/27/2010","04/29/2010","05/27/2010","99.989889","No","$82,004,000,000","$108,995,000,000","No","","04/29/2010","$15,000,000,000","Yes","No","$17,418,359,200"
"912828MY3","Note","5-Year","04/26/2010","04/30/2010","04/15/2015","99.767648","No","","$30,000,000,000","No","0.500%","04/30/2010","$11,000,000,000","No","Yes","$11,234,681,600"
"912795U74","Bill","13-Week","04/26/2010","04/29/2010","07/29/2010","99.962083","No","$51,999,000,000","$108,995,000,000","No","","04/29/2010","$24,000,000,000","Yes","No","$24,000,475,800"
"912795W49","Bill","26-Week","04/26/2010","04/29/2010","10/28/2010","99.878667","No","","$108,995,000,000","No","","04/29/2010","$25,000,000,000","No","No","$25,000,808,600"
"912795UU3","Bill","56-Day","04/21/2010","04/22/2010","06/17/2010","99.976667","Yes","$94,003,000,000","","No","","04/22/2010","$25,000,000,000","Yes","No","$25,001,572,000"
"912795UR0","Bill","4-Week","04/20/2010","04/22/2010","05/20/2010","99.989111","No","$80,998,000,000","$108,984,000,000","No","","04/22/2010","$18,000,000,000","Yes","No","$24,285,475,500"
"912795UZ2","Bill","13-Week","04/19/2010","04/22/2010","07/22/2010","99.963347","No","$25,006,000,000","$108,984,000,000","No","","04/22/2010","$25,000,000,000","Yes","No","$25,000,059,500"
"912795UH2","Bill","26-Week","04/19/2010","04/22/2010","10/21/2010","99.888778","No","$27,000,000,000","$108,984,000,000","No","","04/22/2010","$25,000,000,000","Yes","No","$25,000,420,700"
"912795UT6","Bill","56-Day","04/14/2010","04/15/2010","06/10/2010","99.976667","Yes","$87,001,000,000","","No","","04/15/2010","$25,000,000,000","Yes","No","$25,000,272,500"
"912795UQ2","Bill","4-Week","04/13/2010","04/15/2010","05/13/2010","99.988722","No","$80,004,000,000","$106,004,000,000","No","","04/15/2010","$26,000,000,000","Yes","No","$29,782,440,400"
"912795UY5","Bill","13-Week","04/12/2010","04/15/2010","07/15/2010","99.960819","No","$54,003,000,000","$106,004,000,000","No","","04/15/2010","$26,000,000,000","Yes","No","$26,000,625,200"
"912795W31","Bill","26-Week","04/12/2010","04/15/2010","10/14/2010","99.878667","No","","$106,004,000,000","No","","04/15/2010","$27,000,000,000","No","No","$27,000,208,500"
"912810QE1","Bond","29-Year 10-Month","04/08/2010","04/15/2010","02/15/2040","97.692939","No","$30,951,000,000","$41,030,000,000","No","4.625%","04/15/2010","$13,000,000,000","Yes","No","$13,951,661,800"
"912828MP2","Note","9-Year 10-Month","04/07/2010","04/15/2010","02/15/2020","97.763192","No","$49,057,000,000","$41,030,000,000","No","3.625%","04/15/2010","$21,000,000,000","Yes","No","$22,537,541,900"
"912795U58","Bill","56-Day","04/07/2010","04/08/2010","06/03/2010","99.974333","Yes","$82,984,000,000","","No","","04/08/2010","$25,000,000,000","Yes","No","$25,000,071,000"
"912828MX5","Note","3-Year","04/06/2010","04/15/2010","04/15/2013","99.924368","No","","$41,030,000,000","No","1.750%","04/15/2010","$40,000,000,000","No","No","$42,928,161,200"
"912795U41","Bill","4-Week","04/06/2010","04/08/2010","05/06/2010","99.987556","No","$104,007,000,000","$111,006,000,000","No","","04/08/2010","$34,000,000,000","Yes","No","$39,938,648,900"
"912795VD0","Bill","52-Week","04/06/2010","04/08/2010","04/07/2011","99.509611","No","","$111,006,000,000","No","","04/08/2010","$26,000,000,000","No","No","$26,000,155,700"
"912828MF4","Note","9-Year 9-Month","04/05/2010","04/15/2010","01/15/2020","97.219605","No","$10,388,000,000","$41,030,000,000","No","1.375%","04/15/2010","$8,000,000,000","Yes","Yes","$8,585,632,500"
"912795UW9","Bill","13-Week","04/05/2010","04/08/2010","07/08/2010","99.955764","No","$26,006,000,000","$111,006,000,000","No","","04/08/2010","$28,000,000,000","Yes","No","$28,000,262,600"
"912795W23","Bill","26-Week","04/05/2010","04/08/2010","10/07/2010","99.866028","No","","$111,006,000,000","No","","04/08/2010","$29,000,000,000","No","No","$29,000,250,900"
"912795UM1","Bill","10-Day","04/01/2010","04/05/2010","04/15/2010","99.995278","Yes","$88,784,000,000","","No","","04/05/2010","$21,000,000,000","Yes","No","$21,001,410,000"
"912795US8","Bill","56-Day","03/31/2010","04/01/2010","05/27/2010","99.975111","Yes","$57,004,000,000","","No","","04/01/2010","$25,000,000,000","Yes","No","$25,000,055,000"
"912795Y54","Bill","18-Day","03/30/2010","04/01/2010","04/19/2010","99.992500","Yes","","","No","","04/01/2010","$17,000,000,000","No","No","$17,001,167,000"
"912795UP4","Bill","4-Week","03/30/2010","04/01/2010","04/29/2010","99.988333","No","$77,999,000,000","$122,990,000,000","No","","04/01/2010","$31,000,000,000","Yes","No","$33,419,393,700"
"912795U66","Bill","13-Week","03/29/2010","04/01/2010","07/01/2010","99.963347","No","$56,001,000,000","$122,990,000,000","No","","04/01/2010","$28,000,000,000","Yes","No","$28,000,648,000"
"912795VC2","Bill","26-Week","03/29/2010","04/01/2010","09/30/2010","99.878667","No","","$122,990,000,000","No","","04/01/2010","$29,000,000,000","No","No","$29,000,250,000"
"912828MV9","Note","7-Year","03/25/2010","03/31/2010","03/31/2017","99.232610","No","","$28,000,000,000","No","3.250%","03/31/2010","$32,000,000,000","No","No","$33,082,472,700"
"912828MW7","Note","5-Year","03/24/2010","03/31/2010","03/31/2015","99.510730","No","","$28,000,000,000","No","2.500%","03/31/2010","$42,000,000,000","No","No","$43,420,773,900"
"912795UR0","Bill","56-Day","03/24/2010","03/25/2010","05/20/2010","99.979778","Yes","$55,997,000,000","","No","","03/25/2010","$25,000,000,000","Yes","No","$25,000,955,200"
"912828MU1","Note","2-Year","03/23/2010","03/31/2010","03/31/2012","100.000000","No","","$28,000,000,000","No","1.000%","03/31/2010","$44,000,000,000","No","No","$45,488,534,600"
"912795UN9","Bill","4-Week","03/23/2010","03/25/2010","04/22/2010","99.991833","No","$77,993,000,000","$90,001,000,000","No","","03/25/2010","$31,000,000,000","Yes","No","$37,285,208,400"
"912795UV1","Bill","13-Week","03/22/2010","03/25/2010","06/24/2010","99.960819","No","$31,005,000,000","$90,001,000,000","No","","03/25/2010","$28,000,000,000","Yes","No","$28,000,192,900"
"912795U90","Bill","26-Week","03/22/2010","03/25/2010","09/23/2010","99.878667","No","$26,998,000,000","$90,001,000,000","No","","03/25/2010","$29,000,000,000","Yes","No","$29,000,577,900"
"912795UQ2","Bill","56-Day","03/17/2010","03/18/2010","05/13/2010","99.977444","Yes","$55,004,000,000","","No","","03/18/2010","$25,000,000,000","Yes","No","$25,000,595,500"
"912795UM1","Bill","4-Week","03/16/2010","03/18/2010","04/15/2010","99.989500","No","$53,998,000,000","$91,004,000,000","No","","03/18/2010","$31,000,000,000","Yes","No","$34,781,831,500"
"912795UU3","Bill","13-Week","03/15/2010","03/18/2010","06/17/2010","99.958292","No","$67,001,000,000","$91,004,000,000","No","","03/18/2010","$27,000,000,000","Yes","No","$27,000,268,700"
"912795VB4","Bill","26-Week","03/15/2010","03/18/2010","09/16/2010","99.878667","No","","$91,004,000,000","No","","03/18/2010","$29,000,000,000","No","No","$29,000,106,200"
"912810QE1","Bond","29-Year 11-Month","03/11/2010","03/15/2010","02/15/2040","99.128159","No","$17,797,000,000","$14,129,000,000","No","4.625%","03/15/2010","$13,000,000,000","Yes","No","$13,153,807,100"
"912828MP2","Note","9-Year 11-Month","03/10/2010","03/15/2010","02/15/2020","99.090493","No","$27,808,000,000","$14,129,000,000","No","3.625%","03/15/2010","$21,000,000,000","Yes","No","$21,248,466,500"
"912795U41","Bill","56-Day","03/10/2010","03/11/2010","05/06/2010","99.977444","Yes","$79,006,000,000","","No","","03/11/2010","$25,000,000,000","Yes","No","$25,001,128,500"
"912828MT4","Note","3-Year","03/09/2010","03/15/2010","03/15/2013","99.818589","No","","$14,129,000,000","No","1.375%","03/15/2010","$40,000,000,000","No","No","$40,473,259,300"
"912795U33","Bill","4-Week","03/09/2010","03/11/2010","04/08/2010","99.991444","No","$80,005,000,000","$106,998,000,000","No","","03/11/2010","$31,000,000,000","Yes","No","$36,938,584,700"
"912795V99","Bill","52-Week","03/09/2010","03/11/2010","03/10/2011","99.620833","No","","$106,998,000,000","No","","03/11/2010","$26,000,000,000","No","No","$26,000,219,400"
"912795UT6","Bill","13-Week","03/08/2010","03/11/2010","06/10/2010","99.962083","No","$61,002,000,000","$106,998,000,000","No","","03/11/2010","$26,000,000,000","Yes","No","$26,000,287,500"
"912795VA6","Bill","26-Week","03/08/2010","03/11/2010","09/09/2010","99.896361","No","","$106,998,000,000","No","","03/11/2010","$28,000,000,000","No","No","$28,000,550,700"
"912795UP4","Bill","56-Day","03/03/2010","03/04/2010","04/29/2010","99.980556","Yes","$52,999,000,000","","No","","03/04/2010","$25,000,000,000","Yes","No","$25,000,350,000"
"912795UL3","Bill","4-Week","03/02/2010","03/04/2010","04/01/2010","99.993778","No","$91,990,000,000","$76,005,000,000","No","","03/04/2010","$31,000,000,000","Yes","No","$33,418,092,000"
"912795U58","Bill","13-Week","03/01/2010","03/04/2010","06/03/2010","99.968403","No","$56,985,000,000","$76,005,000,000","No","","03/04/2010","$26,000,000,000","Yes","No","$26,000,458,000"
"912795V73","Bill","26-Week","03/01/2010","03/04/2010","09/02/2010","99.906472","No","","$76,005,000,000","No","","03/04/2010","$28,000,000,000","No","No","$28,000,426,500"
"912828MS6","Note","7-Year","02/25/2010","03/01/2010","02/28/2017","99.512216","No","","$26,000,000,000","No","3.000%","02/28/2010","$32,000,000,000","No","No","$32,786,469,300"
"912828MR8","Note","5-Year","02/24/2010","03/01/2010","02/28/2015","99.906254","No","","$26,000,000,000","No","2.375%","02/28/2010","$42,000,000,000","No","No","$43,032,259,900"
"912795UN9","Bill","56-Day","02/24/2010","02/25/2010","04/22/2010","99.984444","Yes","$52,992,000,000","","No","","02/25/2010","$25,000,000,000","Yes","No","$25,001,192,400"
"912828MQ0","Note","2-Year","02/23/2010","03/01/2010","02/29/2012","99.960486","No","","$26,000,000,000","No","0.875%","02/28/2010","$44,000,000,000","No","No","$45,081,383,400"
"912795T84","Bill","4-Week","02/23/2010","02/25/2010","03/25/2010","99.995722","No","$59,001,000,000","$75,004,000,000","No","","02/25/2010","$31,000,000,000","Yes","No","$37,285,882,600"
"912810QF8","Bond","30-Year","02/22/2010","02/26/2010","02/15/2040","97.667212","No","","$0","No","2.125%","02/26/2010","$8,000,000,000","No","Yes","$8,000,000,000"
"912795US8","Bill","13-Week","02/22/2010","02/25/2010","05/27/2010","99.974722","No","$31,001,000,000","$75,004,000,000","No","","02/25/2010","$26,000,000,000","Yes","No","$26,000,964,100"
"912795U82","Bill","26-Week","02/22/2010","02/25/2010","08/26/2010","99.903944","No","$52,001,000,000","$75,004,000,000","No","","02/25/2010","$28,000,000,000","Yes","No","$28,000,608,900"
"912795T76","Bill","4-Week","02/17/2010","02/18/2010","03/18/2010","99.995333","No","$59,005,000,000","$70,008,000,000","No","","02/18/2010","$32,000,000,000","Yes","No","$35,781,807,600"
"912795UR0","Bill","13-Week","02/16/2010","02/18/2010","05/20/2010","99.974722","No","$31,002,000,000","$70,008,000,000","No","","02/18/2010","$25,000,000,000","Yes","No","$25,000,653,400"
"912795V65","Bill","26-Week","02/16/2010","02/18/2010","08/19/2010","99.906472","No","","$70,008,000,000","No","","02/18/2010","$28,000,000,000","No","No","$28,000,749,700"
"912810QE1","Bond","30-Year","02/11/2010","02/16/2010","02/15/2040","98.483611","No","","$48,344,000,000","No","4.625%","02/15/2010","$16,000,000,000","No","No","$17,796,775,900"
"912828MP2","Note","10-Year","02/10/2010","02/16/2010","02/15/2020","99.443944","No","","$48,344,000,000","No","3.625%","02/15/2010","$25,000,000,000","No","No","$27,807,458,000"
"912828MN7","Note","3-Year","02/09/2010","02/16/2010","02/15/2013","99.994122","No","","$48,344,000,000","No","1.375%","02/15/2010","$40,000,000,000","No","No","$44,491,937,400"
"912795T68","Bill","4-Week","02/09/2010","02/11/2010","03/11/2010","99.995722","No","$82,998,000,000","$94,004,000,000","No","","02/11/2010","$24,000,000,000","Yes","No","$29,938,418,300"
"912795V40","Bill","52-Week","02/09/2010","02/11/2010","02/10/2011","99.676444","No","","$94,004,000,000","No","","02/11/2010","$26,000,000,000","No","No","$26,000,054,600"
"912795UQ2","Bill","13-Week","02/08/2010","02/11/2010","05/13/2010","99.972194","No","$31,000,000,000","$94,004,000,000","No","","02/11/2010","$24,000,000,000","Yes","No","$24,000,183,800"
"912795V57","Bill","26-Week","02/08/2010","02/11/2010","08/12/2010","99.914056","No","","$94,004,000,000","No","","02/11/2010","$27,000,000,000","No","No","$27,000,114,200"
"912795T43","Bill","21-Day","02/03/2010","02/04/2010","02/25/2010","99.998833","Yes","$76,293,000,000","","No","","02/04/2010","$5,000,000,000","Yes","No","$5,000,053,500"
"912795T50","Bill","4-Week","02/02/2010","02/04/2010","03/04/2010","99.996889","No","$59,004,000,000","$81,004,000,000","No","","02/04/2010","$17,000,000,000","Yes","No","$19,418,241,500"
"912795U41","Bill","13-Week","02/01/2010","02/04/2010","05/06/2010","99.975986","No","$56,003,000,000","$81,004,000,000","No","","02/04/2010","$23,000,000,000","Yes","No","$23,000,005,600"
"912795V24","Bill","26-Week","02/01/2010","02/04/2010","08/05/2010","99.916583","No","","$81,004,000,000","No","","02/04/2010","$26,000,000,000","No","No","$26,000,061,300"
"912828MK3","Note","7-Year","01/28/2010","02/01/2010","01/31/2017","99.987385","No","","$24,997,000,000","No","3.125%","01/31/2010","$32,000,000,000","No","No","$32,521,465,700"
"912828MH0","Note","5-Year","01/27/2010","02/01/2010","01/31/2015","99.437540","No","","$24,997,000,000","No","2.250%","01/31/2010","$42,000,000,000","No","No","$42,684,401,800"
"912828MJ6","Note","2-Year","01/26/2010","02/01/2010","01/31/2012","99.990112","No","","$24,997,000,000","No","0.875%","01/31/2010","$44,000,000,000","No","No","$44,717,037,600"
"912795T43","Bill","4-Week","01/26/2010","01/28/2010","02/25/2010","100.000000","No","$60,007,000,000","$83,007,000,000","No","","01/28/2010","$10,000,000,000","Yes","No","$16,285,497,000"
"912795UP4","Bill","13-Week","01/25/2010","01/28/2010","04/29/2010","99.986097","No","$30,004,000,000","$83,007,000,000","No","","01/28/2010","$23,000,000,000","Yes","No","$23,000,242,900"
"912795U74","Bill","26-Week","01/25/2010","01/28/2010","07/29/2010","99.931750","No","$27,000,000,000","$83,007,000,000","No","","01/28/2010","$25,000,000,000","Yes","No","$25,000,463,300"
"912795T35","Bill","4-Week","01/20/2010","01/21/2010","02/18/2010","99.999611","No","$60,007,000,000","$89,001,000,000","No","","01/21/2010","$10,000,000,000","Yes","No","$13,781,722,900"
"912795UN9","Bill","13-Week","01/19/2010","01/21/2010","04/22/2010","99.984833","No","$29,998,000,000","$89,001,000,000","No","","01/21/2010","$23,000,000,000","Yes","No","$23,000,713,400"
"912795UZ2","Bill","26-Week","01/19/2010","01/21/2010","07/22/2010","99.926694","No","","$89,001,000,000","No","","01/21/2010","$25,000,000,000","No","No","$25,000,353,100"
"912810QD3","Bond","29-Year 10-Month","01/14/2010","01/15/2010","11/15/2039","95.731167","No","$31,059,000,000","$26,295,000,000","No","4.375%","01/15/2010","$13,000,000,000","Yes","No","$13,504,789,200"
"912828LY4","Note","9-Year 10-Month","01/13/2010","01/15/2010","11/15/2019","96.900805","No","$49,222,000,000","$26,295,000,000","No","3.375%","01/15/2010","$21,000,000,000","Yes","No","$21,815,387,700"
"912828MG2","Note","3-Year","01/12/2010","01/15/2010","01/15/2013","99.663820","No","","$26,295,000,000","No","1.375%","01/15/2010","$40,000,000,000","No","No","$41,553,284,000"
"912795T27","Bill","4-Week","01/12/2010","01/14/2010","02/11/2010","100.000000","No","$84,004,000,000","$110,008,000,000","No","","01/14/2010","$10,000,000,000","Yes","No","$15,938,077,900"
"912795UX7","Bill","52-Week","01/12/2010","01/14/2010","01/13/2011","99.661278","No","","$110,008,000,000","No","","01/14/2010","$26,000,000,000","No","No","$26,000,139,000"
"912828MF4","Note","10-Year","01/11/2010","01/15/2010","01/15/2020","99.489212","No","","$26,295,000,000","No","1.375%","01/15/2010","$10,000,000,000","No","Yes","$10,388,280,600"
"912795UM1","Bill","13-Week","01/11/2010","01/14/2010","04/15/2010","99.989889","No","$30,001,000,000","$110,008,000,000","No","","01/14/2010","$24,000,000,000","Yes","No","$24,000,286,000"
"912795UY5","Bill","26-Week","01/11/2010","01/14/2010","07/15/2010","99.934278","No","$29,000,000,000","$110,008,000,000","No","","01/14/2010","$25,000,000,000","Yes","No","$25,000,554,200"
"912795S85","Bill","4-Week","01/05/2010","01/07/2010","02/04/2010","99.998056","No","$65,004,000,000","$90,013,000,000","No","","01/07/2010","$16,000,000,000","Yes","No","$18,418,406,400"
"912795U33","Bill","13-Week","01/04/2010","01/07/2010","04/08/2010","99.979778","No","$55,003,000,000","$90,013,000,000","No","","01/07/2010","$25,000,000,000","Yes","No","$25,000,203,200"
"912795UW9","Bill","26-Week","01/04/2010","01/07/2010","07/08/2010","99.909000","No","","$90,013,000,000","No","","01/07/2010","$26,000,000,000","No","No","$26,000,423,000"
"912828MD9","Note","7-Year","12/30/2009","12/31/2009","12/31/2016","99.411474","No","","$23,000,000,000","No","3.250%","12/31/2009","$32,000,000,000","No","No","$32,948,435,700"
"912795S85","Bill","36-Day","12/30/2009","12/30/2009","02/04/2010","100.000000","Yes","$60,003,000,000","","No","","12/30/2009","$5,000,000,000","Yes","No","$5,000,999,500"
"912795S77","Bill","4-Week","12/29/2009","12/31/2009","01/28/2010","99.999222","No","$60,007,000,000","$91,007,000,000","No","","12/31/2009","$23,000,000,000","Yes","No","$29,285,342,600"
"912828ME7","Note","5-Year","12/29/2009","12/31/2009","12/31/2014","99.813909","No","","$23,000,000,000","No","2.625%","12/31/2009","$42,000,000,000","No","No","$43,244,809,700"
"912795UL3","Bill","13-Week","12/28/2009","12/31/2009","04/01/2010","99.972194","No","$64,000,000,000","$91,007,000,000","No","","12/31/2009","$28,000,000,000","Yes","No","$28,000,022,300"
"912795U66","Bill","26-Week","12/28/2009","12/31/2009","07/01/2010","99.898889","No","$27,000,000,000","$91,007,000,000","No","","12/31/2009","$29,000,000,000","Yes","No","$29,000,453,400"
"912828ML1","Note","2-Year","12/28/2009","12/31/2009","12/31/2011","99.824397","No","","$23,000,000,000","No","1.000%","12/31/2009","$44,000,000,000","No","No","$45,304,092,700"
"912795R94","Bill","4-Week","12/22/2009","12/24/2009","01/21/2010","99.999611","No","$60,998,000,000","$91,008,000,000","No","","12/24/2009","$28,000,000,000","Yes","No","$31,782,184,300"
"912795T84","Bill","13-Week","12/21/2009","12/24/2009","03/25/2010","99.982306","No","$29,001,000,000","$91,008,000,000","No","","12/24/2009","$30,000,000,000","Yes","No","$30,000,409,700"
"912795UV1","Bill","26-Week","12/21/2009","12/24/2009","06/24/2010","99.914056","No","","$91,008,000,000","No","","12/24/2009","$31,000,000,000","No","No","$31,000,179,700"
"912795R86","Bill","4-Week","12/15/2009","12/17/2009","01/14/2010","100.000000","No","$82,005,000,000","$152,999,000,000","No","","12/17/2009","$28,000,000,000","Yes","No","$33,940,257,600"
"912795UK5","Bill","52-Week","12/15/2009","12/17/2009","12/16/2010","99.585444","No","","$152,999,000,000","No","","12/17/2009","$27,000,000,000","No","No","$27,000,212,000"
"912795T76","Bill","13-Week","12/14/2009","12/17/2009","03/18/2010","99.989889","No","$29,004,000,000","$152,999,000,000","No","","12/17/2009","$30,000,000,000","Yes","No","$30,000,034,200"
"912795UU3","Bill","26-Week","12/14/2009","12/17/2009","06/17/2010","99.919111","No","$36,001,000,000","$152,999,000,000","No","","12/17/2009","$31,000,000,000","Yes","No","$31,000,062,200"
"912810QD3","Bond","29-Year 11-Month","12/10/2009","12/15/2009","11/15/2039","97.627644","No","$17,989,000,000","$14,604,000,000","No","4.375%","12/15/2009","$13,000,000,000","Yes","No","$13,069,953,400"
"912828LY4","Note","9-Year 11-Month","12/09/2009","12/15/2009","11/15/2019","99.387238","No","$28,109,000,000","$14,604,000,000","No","3.375%","12/15/2009","$21,000,000,000","Yes","No","$21,112,967,300"
"912795Y47","Bill","19-Day","12/09/2009","12/10/2009","12/29/2009","99.995778","Yes","","","No","","12/10/2009","$15,000,000,000","No","No","$15,000,208,000"
"912828MB3","Note","3-Year","12/08/2009","12/15/2009","12/15/2012","99.712191","No","","$14,604,000,000","No","1.125%","12/15/2009","$40,000,000,000","No","No","$40,215,139,200"
"912795Y39","Bill","4-Day","12/08/2009","12/10/2009","12/14/2009","99.999222","Yes","","","No","","12/10/2009","$12,000,000,000","No","No","$12,000,055,000"
"912795R78","Bill","4-Week","12/08/2009","12/10/2009","01/07/2010","100.000000","No","$61,009,000,000","$105,006,000,000","No","","12/10/2009","$29,000,000,000","Yes","No","$31,422,061,900"
"912795T68","Bill","13-Week","12/07/2009","12/10/2009","03/11/2010","99.987361","No","$53,003,000,000","$105,006,000,000","No","","12/10/2009","$30,000,000,000","Yes","No","$30,000,377,500"
"912795UT6","Bill","26-Week","12/07/2009","12/10/2009","06/10/2010","99.916583","No","$30,000,000,000","$105,006,000,000","No","","12/10/2009","$31,000,000,000","Yes","No","$31,000,079,400"
"912795R60","Bill","4-Week","12/01/2009","12/03/2009","12/31/2009","99.993389","No","$60,004,000,000","$89,005,000,000","No","","12/03/2009","$31,000,000,000","Yes","No","$37,285,251,800"
"912795T50","Bill","13-Week","11/30/2009","12/03/2009","03/04/2010","99.984833","No","$29,004,000,000","$89,005,000,000","No","","12/03/2009","$30,000,000,000","Yes","No","$30,000,351,500"
"912795U58","Bill","26-Week","11/30/2009","12/03/2009","06/03/2010","99.924167","No","$25,990,000,000","$89,005,000,000","No","","12/03/2009","$31,000,000,000","Yes","No","$31,000,586,700"
"912828MA5","Note","7-Year","11/25/2009","11/30/2009","11/30/2016","99.463748","No","","$21,001,000,000","No","2.750%","11/30/2009","$32,000,000,000","No","No","$32,960,977,300"
"912828LZ1","Note","5-Year","11/24/2009","11/30/2009","11/30/2014","99.764325","No","","$21,001,000,000","No","2.125%","11/30/2009","$42,000,000,000","No","No","$43,261,295,100"
"912795R52","Bill","4-Week","11/24/2009","11/27/2009","12/24/2009","99.995500","No","$59,008,000,000","$89,009,000,000","No","","11/27/2009","$32,000,000,000","Yes","No","$35,782,205,800"
"912828MM9","Note","2-Year","11/23/2009","11/30/2009","11/30/2011","99.897034","No","","$21,001,000,000","No","0.750%","11/30/2009","$44,000,000,000","No","No","$45,321,323,100"
"912795T43","Bill","13-Week","11/23/2009","11/27/2009","02/25/2010","99.990000","No","$30,001,000,000","$89,009,000,000","No","","11/27/2009","$30,000,000,000","Yes","No","$30,000,180,500"
"912795US8","Bill","26-Week","11/23/2009","11/27/2009","05/27/2010","99.929611","No","","$89,009,000,000","No","","11/27/2009","$31,000,000,000","No","No","$31,000,354,300"
"912795S69","Bill","4-Week","11/17/2009","11/19/2009","12/17/2009","99.996111","No","$121,001,000,000","$141,003,000,000","No","","11/19/2009","$32,000,000,000","Yes","No","$37,938,941,000"
"912795UJ8","Bill","52-Week","11/17/2009","11/19/2009","11/18/2010","99.681500","No","","$141,003,000,000","No","","11/19/2009","$27,000,000,000","No","No","$27,000,110,000"
"912795T35","Bill","13-Week","11/16/2009","11/19/2009","02/18/2010","99.983569","No","$30,002,000,000","$141,003,000,000","No","","11/19/2009","$30,000,000,000","Yes","No","$30,000,703,400"
"912795UR0","Bill","26-Week","11/16/2009","11/19/2009","05/20/2010","99.916583","No","","$141,003,000,000","No","","11/19/2009","$31,000,000,000","No","No","$31,000,306,300"
"912810QD3","Bond","30-Year","11/12/2009","11/16/2009","11/15/2039","98.454984","No","","$38,469,000,000","No","4.375%","11/15/2009","$16,000,000,000","No","No","$17,989,304,100"
"912828LY4","Note","10-Year","11/10/2009","11/16/2009","11/15/2019","99.203098","No","","$38,469,000,000","No","3.375%","11/15/2009","$25,000,000,000","No","No","$28,108,393,900"
"912795R37","Bill","4-Week","11/10/2009","11/12/2009","12/10/2009","99.995333","No","$75,001,000,000","$86,009,000,000","No","","11/12/2009","$30,000,000,000","Yes","No","$32,418,447,800"
"912828LX6","Note","3-Year","11/09/2009","11/16/2009","11/15/2012","99.915148","No","","$38,469,000,000","No","1.375%","11/15/2009","$40,000,000,000","No","No","$44,973,709,600"
"912795T27","Bill","13-Week","11/09/2009","11/12/2009","02/11/2010","99.983569","No","$54,002,000,000","$86,009,000,000","No","","11/12/2009","$30,000,000,000","Yes","No","$30,000,375,000"
"912795UQ2","Bill","26-Week","11/09/2009","11/12/2009","05/13/2010","99.916583","No","","$86,009,000,000","No","","11/12/2009","$31,000,000,000","No","No","$31,000,519,000"
"912795Q61","Bill","4-Week","11/03/2009","11/05/2009","12/03/2009","99.997278","No","$61,007,000,000","$83,001,000,000","No","","11/05/2009","$28,000,000,000","Yes","No","$34,285,444,400"
"912795S85","Bill","13-Week","11/02/2009","11/05/2009","02/04/2010","99.984833","No","$31,000,000,000","$83,001,000,000","No","","11/05/2009","$29,000,000,000","Yes","No","$29,000,146,400"
"912795U41","Bill","26-Week","11/02/2009","11/05/2009","05/06/2010","99.914056","No","$26,002,000,000","$83,001,000,000","No","","11/05/2009","$30,000,000,000","Yes","No","$30,000,332,000"
"912828LU2","Note","7-Year","10/29/2009","11/02/2009","10/31/2016","99.899963","No","","$21,006,000,000","No","3.125%","10/31/2009","$31,000,000,000","No","No","$31,764,262,900"
"912828LS7","Note","5-Year","10/28/2009","11/02/2009","10/31/2014","99.938982","No","","$21,006,000,000","No","2.375%","10/31/2009","$41,000,000,000","No","No","$42,010,794,200"
"912795U82","Bill","300-Day","10/28/2009","10/30/2009","08/26/2010","99.737500","Yes","$27,000,000,000","","No","","10/30/2009","$25,000,000,000","Yes","No","$25,000,489,500"
"912828LT5","Note","2-Year","10/27/2009","11/02/2009","10/31/2011","99.960585","No","","$21,006,000,000","No","1.000%","10/31/2009","$44,000,000,000","No","No","$45,085,220,300"
"912795Q53","Bill","4-Week","10/27/2009","10/29/2009","11/27/2009","99.996375","No","$61,009,000,000","$122,006,000,000","No","","10/29/2009","$28,000,000,000","Yes","No","$31,781,752,700"
"912828KM1","Note","4-Year 6-Month","10/26/2009","10/30/2009","04/15/2014","104.115658","No","$8,275,000,000","$0","No","1.250%","10/30/2009","$7,000,000,000","Yes","Yes","$7,000,004,100"
"912795S77","Bill","13-Week","10/26/2009","10/29/2009","01/28/2010","99.981042","No","$31,001,000,000","$122,006,000,000","No","","10/29/2009","$29,000,000,000","Yes","No","$29,000,034,900"
"912795UP4","Bill","26-Week","10/26/2009","10/29/2009","04/29/2010","99.906472","No","","$122,006,000,000","No","","10/29/2009","$30,000,000,000","No","No","$30,000,120,000"
"912795R37","Bill","42-Day","10/21/2009","10/29/2009","12/10/2009","99.993000","Yes","$60,001,000,000","","No","","10/29/2009","$15,000,000,000","Yes","No","$15,000,205,500"
"912795S51","Bill","4-Week","10/20/2009","10/22/2009","11/19/2009","99.996500","No","$117,003,000,000","$165,999,000,000","No","","10/22/2009","$24,000,000,000","Yes","No","$29,938,009,600"
"912795UH2","Bill","52-Week","10/20/2009","10/22/2009","10/21/2010","99.620833","No","","$165,999,000,000","No","","10/22/2009","$27,000,000,000","No","No","$27,000,294,300"
"912795R94","Bill","13-Week","10/19/2009","10/22/2009","01/21/2010","99.979778","No","$31,001,000,000","$165,999,000,000","No","","10/22/2009","$30,000,000,000","Yes","No","$30,000,080,400"
"912795UN9","Bill","26-Week","10/19/2009","10/22/2009","04/22/2010","99.914056","No","","$165,999,000,000","No","","10/22/2009","$30,000,000,000","No","No","$30,000,359,000"
"912795Q38","Bill","4-Week","10/14/2009","10/15/2009","11/12/2009","99.996111","No","$62,008,000,000","$109,002,000,000","No","","10/15/2009","$24,000,000,000","Yes","No","$26,418,697,800"
"912795R86","Bill","13-Week","10/13/2009","10/15/2009","01/14/2010","99.982306","No","$52,005,000,000","$109,002,000,000","No","","10/15/2009","$30,000,000,000","Yes","No","$30,000,287,200"
"912795UM1","Bill","26-Week","10/13/2009","10/15/2009","04/15/2010","99.924167","No","","$109,002,000,000","No","","10/15/2009","$30,000,000,000","No","No","$30,000,720,200"
"912810QC5","Bond","29-Year 10-Month","10/08/2009","10/15/2009","08/15/2039","108.490231","No","$29,342,000,000","$14,395,000,000","No","4.500%","10/15/2009","$12,000,000,000","Yes","No","$12,093,852,800"
"912795P96","Bill","16-Day","10/08/2009","10/13/2009","10/29/2009","99.998222","Yes","$115,788,000,000","","No","","10/13/2009","$10,000,000,000","Yes","No","$10,000,255,000"
"912828LJ7","Note","9-Year 10-Month","10/07/2009","10/15/2009","08/15/2019","103.470013","No","$46,597,000,000","$14,395,000,000","No","3.625%","10/15/2009","$20,000,000,000","Yes","No","$20,156,443,200"
"912828LR9","Note","3-Year","10/06/2009","10/15/2009","10/15/2012","99.795210","No","","$14,395,000,000","No","1.375%","10/15/2009","$39,000,000,000","No","No","$39,305,007,000"
"912795Q20","Bill","4-Week","10/06/2009","10/08/2009","11/05/2009","99.996889","No","$59,004,000,000","$112,016,000,000","No","","10/08/2009","$24,000,000,000","Yes","No","$30,285,698,400"
"912828LA6","Note","9-Year 9-Month","10/05/2009","10/15/2009","07/15/2019","104.288697","No","$8,136,000,000","$14,395,000,000","No","1.875%","10/15/2009","$7,000,000,000","Yes","Yes","$7,054,746,800"
"912795R78","Bill","13-Week","10/05/2009","10/08/2009","01/07/2010","99.981042","No","$31,004,000,000","$112,016,000,000","No","","10/08/2009","$30,000,000,000","Yes","No","$30,000,022,800"
"912795U33","Bill","26-Week","10/05/2009","10/08/2009","04/08/2010","99.924167","No","$25,000,000,000","$112,016,000,000","No","","10/08/2009","$30,000,000,000","Yes","No","$30,000,242,700"
"912795P96","Bill","4-Week","09/29/2009","10/01/2009","10/29/2009","99.996889","No","$90,006,000,000","$121,997,000,000","No","","10/01/2009","$22,000,000,000","Yes","No","$25,781,604,200"
"912795R60","Bill","13-Week","09/28/2009","10/01/2009","12/31/2009","99.970931","No","$30,000,000,000","$121,997,000,000","No","","10/01/2009","$30,000,000,000","Yes","No","$30,000,017,700"
"912795UL3","Bill","26-Week","09/28/2009","10/01/2009","04/01/2010","99.903944","No","$35,001,000,000","$121,997,000,000","No","","10/01/2009","$29,000,000,000","Yes","No","$29,000,211,300"
"912828LP3","Note","7-Year","09/24/2009","09/30/2009","09/30/2016","99.968647","No","","$19,985,000,000","No","3.000%","09/30/2009","$29,000,000,000","No","No","$29,513,678,400"
"912828LQ1","Note","5-Year","09/23/2009","09/30/2009","09/30/2014","99.555732","No","","$19,985,000,000","No","2.375%","09/30/2009","$40,000,000,000","No","No","$40,708,545,800"
"912828LW8","Note","2-Year","09/22/2009","09/30/2009","09/30/2011","99.932870","No","","$19,985,000,000","No","1.000%","09/30/2009","$43,000,000,000","No","No","$43,761,663,200"
"912795S44","Bill","4-Week","09/22/2009","09/24/2009","10/22/2009","99.996889","No","$150,000,000,000","$144,998,000,000","No","","09/24/2009","$16,000,000,000","Yes","No","$21,938,171,200"
"912795U90","Bill","52-Week","09/22/2009","09/24/2009","09/23/2010","99.590500","No","","$144,998,000,000","No","","09/24/2009","$27,000,000,000","No","No","$27,000,011,600"
"912795R52","Bill","13-Week","09/21/2009","09/24/2009","12/24/2009","99.974722","No","$30,001,000,000","$144,998,000,000","No","","09/24/2009","$29,000,000,000","Yes","No","$29,000,184,900"
"912795T84","Bill","26-Week","09/21/2009","09/24/2009","03/25/2010","99.903944","No","","$144,998,000,000","No","","09/24/2009","$29,000,000,000","No","No","$29,000,510,200"
"912795P70","Bill","4-Week","09/15/2009","09/17/2009","10/15/2009","99.997667","No","$94,001,000,000","$91,997,000,000","No","","09/17/2009","$15,000,000,000","Yes","No","$17,418,392,600"
"912795S69","Bill","13-Week","09/14/2009","09/17/2009","12/17/2009","99.965875","No","$91,999,000,000","$91,997,000,000","No","","09/17/2009","$29,000,000,000","Yes","No","$29,000,084,500"
"912795T76","Bill","26-Week","09/14/2009","09/17/2009","03/18/2010","99.893833","No","","$91,997,000,000","No","","09/17/2009","$29,000,000,000","No","No","$29,000,564,200"
"912810QC5","Bond","29-Year 11-Month","09/10/2009","09/15/2009","08/15/2039","104.412534","No","$17,317,000,000","$14,857,000,000","No","4.500%","09/15/2009","$12,000,000,000","Yes","No","$12,025,435,000"
"912828LJ7","Note","9-Year 11-Month","09/09/2009","09/15/2009","08/15/2019","100.951686","No","$26,555,000,000","$14,857,000,000","No","3.625%","09/15/2009","$20,000,000,000","Yes","No","$20,042,302,200"
"912795P62","Bill","4-Week","09/09/2009","09/10/2009","10/08/2009","99.993000","No","$90,017,000,000","$96,010,000,000","No","","09/10/2009","$22,000,000,000","Yes","No","$28,285,609,700"
"912828LM0","Note","3-Year","09/08/2009","09/15/2009","09/15/2012","99.672573","No","","$14,857,000,000","No","1.375%","09/15/2009","$38,000,000,000","No","No","$38,080,349,200"
"912795R37","Bill","13-Week","09/08/2009","09/10/2009","12/10/2009","99.964611","No","$31,002,000,000","$96,010,000,000","No","","09/10/2009","$29,000,000,000","Yes","No","$29,000,540,600"
"912795T68","Bill","26-Week","09/08/2009","09/10/2009","03/11/2010","99.886250","No","$24,004,000,000","$96,010,000,000","No","","09/10/2009","$29,000,000,000","Yes","No","$29,000,340,800"
"912795UY5","Bill","308-Day","09/03/2009","09/10/2009","07/15/2010","99.670611","Yes","","","No","","09/10/2009","$29,000,000,000","No","No","$29,000,261,000"
"912795P54","Bill","4-Week","09/01/2009","09/03/2009","10/01/2009","99.993389","No","$96,000,000,000","$90,999,000,000","No","","09/03/2009","$26,000,000,000","Yes","No","$29,781,908,400"
"912795Q61","Bill","13-Week","08/31/2009","09/03/2009","12/03/2009","99.962083","No","$31,002,000,000","$90,999,000,000","No","","09/03/2009","$30,000,000,000","Yes","No","$30,000,763,400"
"912795T50","Bill","26-Week","08/31/2009","09/03/2009","03/04/2010","99.878667","No","","$90,999,000,000","No","","09/03/2009","$29,000,000,000","No","No","$29,000,511,700"
"912828LL2","Note","7-Year","08/27/2009","08/31/2009","08/31/2016","99.424898","No","","$19,002,000,000","No","3.000%","08/31/2009","$28,000,000,000","No","No","$28,842,683,200"
"912828LK4","Note","5-Year","08/26/2009","08/31/2009","08/31/2014","99.443852","No","","$19,002,000,000","No","2.375%","08/31/2009","$39,000,000,000","No","No","$40,173,696,400"
"912828LV0","Note","2-Year","08/25/2009","08/31/2009","08/31/2011","99.765292","No","","$19,002,000,000","No","1.000%","08/31/2009","$42,000,000,000","No","No","$43,263,984,300"
"912795S36","Bill","4-Week","08/25/2009","08/27/2009","09/24/2009","99.990667","No","$114,997,000,000","$111,007,000,000","No","","08/27/2009","$30,000,000,000","Yes","No","$35,938,437,800"
"912795U82","Bill","52-Week","08/25/2009","08/27/2009","08/26/2010","99.534889","No","","$111,007,000,000","No","","08/27/2009","$27,000,000,000","No","No","$27,000,329,800"
"912795Q53","Bill","13-Week","08/24/2009","08/27/2009","11/27/2009","99.959111","No","$30,001,000,000","$111,007,000,000","No","","08/27/2009","$31,000,000,000","Yes","No","$31,000,442,800"
"912795T43","Bill","26-Week","08/24/2009","08/27/2009","02/25/2010","99.871083","No","","$111,007,000,000","No","","08/27/2009","$30,000,000,000","No","No","$30,000,104,600"
"912795P96","Bill","70-Day","08/19/2009","08/20/2009","10/29/2009","99.971806","Yes","$60,006,000,000","","No","","08/20/2009","$30,000,000,000","Yes","No","$30,000,290,500"
"912795P39","Bill","4-Week","08/18/2009","08/20/2009","09/17/2009","99.990278","No","$59,998,000,000","$122,003,000,000","No","","08/20/2009","$32,000,000,000","Yes","No","$34,418,136,500"
"912795S51","Bill","13-Week","08/17/2009","08/20/2009","11/19/2009","99.954500","No","$86,000,000,000","$122,003,000,000","No","","08/20/2009","$31,000,000,000","Yes","No","$31,000,520,800"
"912795T35","Bill","26-Week","08/17/2009","08/20/2009","02/18/2010","99.863500","No","","$122,003,000,000","No","","08/20/2009","$30,000,000,000","No","No","$30,000,418,000"
"912795UU3","Bill","303-Day","08/13/2009","08/18/2009","06/17/2010","99.625458","Yes","","","No","","08/18/2009","$36,000,000,000","No","No","$36,000,508,000"
"912810QC5","Bond","30-Year","08/13/2009","08/17/2009","08/15/2039","99.331386","No","","$60,919,000,000","No","4.500%","08/15/2009","$15,000,000,000","No","No","$17,316,739,300"
"912828LJ7","Note","10-Year","08/12/2009","08/17/2009","08/15/2019","99.097347","No","","$60,919,000,000","No","3.625%","08/15/2009","$23,000,000,000","No","No","$26,552,348,900"
"912828LH1","Note","3-Year","08/11/2009","08/17/2009","08/15/2012","99.912808","No","","$60,919,000,000","No","1.750%","08/15/2009","$37,000,000,000","No","No","$42,714,666,100"
"912795P21","Bill","4-Week","08/11/2009","08/13/2009","09/10/2009","99.988333","No","$61,008,000,000","$129,989,000,000","No","","08/13/2009","$35,000,000,000","Yes","No","$41,285,745,700"
"912795Q38","Bill","13-Week","08/10/2009","08/13/2009","11/12/2009","99.953236","No","$29,005,000,000","$129,989,000,000","No","","08/13/2009","$33,000,000,000","Yes","No","$33,000,974,600"
"912795T27","Bill","26-Week","08/10/2009","08/13/2009","02/11/2010","99.855917","No","$23,001,000,000","$129,989,000,000","No","","08/13/2009","$31,000,000,000","Yes","No","$31,000,409,700"
"912795S44","Bill","70-Day","08/07/2009","08/13/2009","10/22/2009","99.964028","Yes","$115,000,000,000","","No","","08/13/2009","$35,000,000,000","Yes","No","$35,000,451,500"
"912795P70","Bill","70-Day","08/05/2009","08/06/2009","10/15/2009","99.964028","Yes","$59,001,000,000","","No","","08/06/2009","$35,000,000,000","Yes","No","$35,000,017,000"
"912795N98","Bill","4-Week","08/04/2009","08/06/2009","09/03/2009","99.988722","No","$60,005,000,000","$128,008,000,000","No","","08/06/2009","$31,000,000,000","Yes","No","$34,782,102,300"
"912795Q20","Bill","13-Week","08/03/2009","08/06/2009","11/05/2009","99.954500","No","$28,001,000,000","$128,008,000,000","No","","08/06/2009","$31,000,000,000","Yes","No","$31,000,290,900"
"912795S85","Bill","26-Week","08/03/2009","08/06/2009","02/04/2010","99.860972","No","","$128,008,000,000","No","","08/06/2009","$31,000,000,000","No","No","$31,000,283,500"
"912828LD0","Note","7-Year","07/30/2009","07/31/2009","07/31/2016","99.263422","No","","$19,007,000,000","No","3.250%","07/31/2009","$28,000,000,000","No","No","$28,701,406,900"
"912828LC2","Note","5-Year","07/29/2009","07/31/2009","07/31/2014","99.702444","No","","$19,007,000,000","No","2.625%","07/31/2009","$39,000,000,000","No","No","$39,977,004,800"
"912828LG3","Note","2-Year","07/28/2009","07/31/2009","07/31/2011","99.842137","No","","$19,007,000,000","No","1.000%","07/31/2009","$42,000,000,000","No","No","$43,052,305,100"
"912795S28","Bill","4-Week","07/28/2009","07/30/2009","08/27/2009","99.989889","No","$81,008,000,000","$176,005,000,000","No","","07/30/2009","$30,000,000,000","Yes","No","$35,938,017,000"
"912795U74","Bill","52-Week","07/28/2009","07/30/2009","07/29/2010","99.524778","No","","$176,005,000,000","No","","07/30/2009","$27,000,000,000","No","No","$27,000,490,900"
"912810PZ5","Bond","19-Year 6-Month","07/27/2009","07/31/2009","01/15/2029","101.340316","No","$8,000,000,000","$19,007,000,000","No","2.500%","07/31/2009","$6,000,000,000","Yes","Yes","$6,150,303,800"
"912795P96","Bill","13-Week","07/27/2009","07/30/2009","10/29/2009","99.951972","No","$28,002,000,000","$176,005,000,000","No","","07/30/2009","$32,000,000,000","Yes","No","$32,001,331,000"
"912795S77","Bill","26-Week","07/27/2009","07/30/2009","01/28/2010","99.860972","No","","$176,005,000,000","No","","07/30/2009","$31,000,000,000","No","No","$31,000,091,200"
"912795P62","Bill","70-Day","07/24/2009","07/30/2009","10/08/2009","99.964028","Yes","$60,017,000,000","","No","","07/30/2009","$30,000,000,000","Yes","No","$30,000,161,000"
"912795P54","Bill","70-Day","07/22/2009","07/23/2009","10/01/2009","99.965000","Yes","$60,999,000,000","","No","","07/23/2009","$35,000,000,000","Yes","No","$35,000,339,500"
"912795N72","Bill","4-Week","07/21/2009","07/23/2009","08/20/2009","99.988333","No","$91,006,000,000","$118,984,000,000","No","","07/23/2009","$31,000,000,000","Yes","No","$33,418,707,900"
"912795S44","Bill","13-Week","07/20/2009","07/23/2009","10/22/2009","99.951972","No","$83,002,000,000","$118,984,000,000","No","","07/23/2009","$32,000,000,000","Yes","No","$32,000,595,300"
"912795R94","Bill","26-Week","07/20/2009","07/23/2009","01/21/2010","99.855917","No","","$118,984,000,000","No","","07/23/2009","$31,000,000,000","No","No","$31,000,055,500"
"912795S36","Bill","70-Day","07/15/2009","07/16/2009","09/24/2009","99.964028","Yes","$79,997,000,000","","No","","07/16/2009","$35,000,000,000","Yes","No","$35,000,254,000"
"912795N64","Bill","4-Week","07/14/2009","07/16/2009","08/13/2009","99.987944","No","$95,999,000,000","$114,989,000,000","No","","07/16/2009","$34,000,000,000","Yes","No","$40,285,354,100"
"912795P70","Bill","13-Week","07/13/2009","07/16/2009","10/15/2009","99.954500","No","$27,001,000,000","$114,989,000,000","No","","07/16/2009","$32,000,000,000","Yes","No","$32,000,903,100"
"912795R86","Bill","26-Week","07/13/2009","07/16/2009","01/14/2010","99.863500","No","$22,000,000,000","$114,989,000,000","No","","07/16/2009","$30,000,000,000","Yes","No","$30,000,033,300"
"912810QB7","Bond","29-Year 10-Month","07/09/2009","07/15/2009","05/15/2039","99.104142","No","$27,593,000,000","$13,771,000,000","No","4.250%","07/15/2009","$11,000,000,000","Yes","No","$11,185,954,800"
"912828KQ2","Note","9-Year 10-Month","07/08/2009","07/15/2009","05/15/2019","97.998772","No","$45,094,000,000","$13,771,000,000","No","3.125%","07/15/2009","$19,000,000,000","Yes","No","$19,321,538,400"
"912828LB4","Note","3-Year","07/07/2009","07/15/2009","07/15/2012","99.944485","No","","$13,771,000,000","No","1.500%","07/15/2009","$35,000,000,000","No","No","$35,591,707,800"
"912795N56","Bill","4-Week","07/07/2009","07/09/2009","08/06/2009","99.987556","No","$94,007,000,000","$87,005,000,000","No","","07/09/2009","$34,000,000,000","Yes","No","$37,782,079,800"
"912828LA6","Note","10-Year","07/06/2009","07/15/2009","07/15/2019","99.592335","No","","$13,771,000,000","No","1.875%","07/15/2009","$8,000,000,000","No","Yes","$8,135,241,300"
"912795P62","Bill","13-Week","07/06/2009","07/09/2009","10/08/2009","99.951972","No","$28,005,000,000","$87,005,000,000","No","","07/09/2009","$32,000,000,000","Yes","No","$32,000,147,000"
"912795R78","Bill","26-Week","07/06/2009","07/09/2009","01/07/2010","99.855917","No","","$87,005,000,000","No","","07/09/2009","$31,000,000,000","No","No","$31,000,088,300"
"912795UT6","Bill","339-Day","07/01/2009","07/06/2009","06/10/2010","99.491500","Yes","","","No","","07/06/2009","$30,000,000,000","No","No","$30,000,304,000"
"912795Q95","Bill","4-Week","06/30/2009","07/02/2009","07/30/2009","99.987556","No","$141,005,000,000","$150,006,000,000","No","","07/02/2009","$35,000,000,000","Yes","No","$40,938,448,400"
"912795U66","Bill","52-Week","06/30/2009","07/02/2009","07/01/2010","99.448944","No","","$150,006,000,000","No","","07/02/2009","$27,000,000,000","No","No","$27,000,077,700"
"912795P54","Bill","13-Week","06/29/2009","07/02/2009","10/01/2009","99.950708","No","$28,999,000,000","$150,006,000,000","No","","07/02/2009","$32,000,000,000","Yes","No","$32,000,654,300"
"912795R60","Bill","26-Week","06/29/2009","07/02/2009","12/31/2009","99.823056","No","","$150,006,000,000","No","","07/02/2009","$30,000,000,000","No","No","$30,000,305,200"
"912828KZ2","Note","7-Year","06/25/2009","06/30/2009","06/30/2016","99.510316","No","","$19,001,000,000","No","3.250%","06/30/2009","$27,000,000,000","No","No","$27,784,121,000"
"912828KY5","Note","5-Year","06/24/2009","06/30/2009","06/30/2014","99.651404","No","","$19,001,000,000","No","2.625%","06/30/2009","$37,000,000,000","No","No","$38,074,606,300"
"912828LF5","Note","2-Year","06/23/2009","06/30/2009","06/30/2011","99.948740","No","","$19,001,000,000","No","1.125%","06/30/2009","$40,000,000,000","No","No","$41,161,636,700"
"912795N31","Bill","4-Week","06/23/2009","06/25/2009","07/23/2009","99.988333","No","$89,997,000,000","$92,994,000,000","No","","06/25/2009","$29,000,000,000","Yes","No","$31,418,526,700"
"912795S36","Bill","13-Week","06/22/2009","06/25/2009","09/24/2009","99.950708","No","$48,995,000,000","$92,994,000,000","No","","06/25/2009","$31,000,000,000","Yes","No","$31,000,049,500"
"912795R52","Bill","26-Week","06/22/2009","06/25/2009","12/24/2009","99.830639","No","","$92,994,000,000","No","","06/25/2009","$30,000,000,000","No","No","$30,000,155,300"
"912795N23","Bill","4-Week","06/16/2009","06/18/2009","07/16/2009","99.992611","No","$90,001,000,000","$91,904,000,000","No","","06/18/2009","$25,000,000,000","Yes","No","$31,285,230,100"
"912795P39","Bill","13-Week","06/15/2009","06/18/2009","09/17/2009","99.959556","No","$29,000,000,000","$91,904,000,000","No","","06/18/2009","$31,000,000,000","Yes","No","$31,000,359,800"
"912795S69","Bill","26-Week","06/15/2009","06/18/2009","12/17/2009","99.853389","No","$61,998,000,000","$91,904,000,000","No","","06/18/2009","$30,000,000,000","Yes","No","$30,000,355,100"
"912810QB7","Bond","29-Year 11-Month","06/11/2009","06/15/2009","05/15/2039","92.501690","No","$16,477,000,000","$14,318,000,000","No","4.250%","06/15/2009","$11,000,000,000","Yes","No","$11,116,269,700"
"912828KQ2","Note","9-Year 11-Month","06/10/2009","06/15/2009","05/15/2019","92.968581","No","$25,893,000,000","$14,318,000,000","No","3.125%","06/15/2009","$19,000,000,000","Yes","No","$19,200,855,900"
"912828KX7","Note","3-Year","06/09/2009","06/15/2009","06/15/2012","99.753523","No","","$14,318,000,000","No","1.875%","06/15/2009","$35,000,000,000","No","No","$35,370,055,500"
"912795M99","Bill","4-Week","06/09/2009","06/11/2009","07/09/2009","99.994167","No","$57,007,000,000","$122,001,000,000","No","","06/11/2009","$30,000,000,000","Yes","No","$33,781,583,300"
"912795P21","Bill","13-Week","06/08/2009","06/11/2009","09/10/2009","99.951972","No","$30,013,000,000","$122,001,000,000","No","","06/11/2009","$31,000,000,000","Yes","No","$31,000,184,000"
"912795R37","Bill","26-Week","06/08/2009","06/11/2009","12/10/2009","99.825583","No","","$122,001,000,000","No","","06/11/2009","$31,000,000,000","No","No","$31,000,196,400"
"912795N72","Bill","70-Day","06/05/2009","06/11/2009","08/20/2009","99.965000","Yes","$61,006,000,000","","No","","06/11/2009","$30,000,000,000","Yes","No","$30,000,234,600"
"9127952E0","Bill","11-Day","06/03/2009","06/04/2009","06/15/2009","99.995111","Yes","","","No","","06/04/2009","$26,000,000,000","No","No","$26,000,288,000"
"912795N64","Bill","70-Day","06/03/2009","06/04/2009","08/13/2009","99.974722","Yes","$60,999,000,000","","No","","06/04/2009","$35,000,000,000","Yes","No","$35,000,006,000"
"912795Q87","Bill","4-Week","06/02/2009","06/04/2009","07/02/2009","99.996111","No","$115,012,000,000","$173,003,000,000","No","","06/04/2009","$35,000,000,000","Yes","No","$40,938,490,000"
"912795U58","Bill","52-Week","06/02/2009","06/04/2009","06/03/2010","99.550056","No","","$173,003,000,000","No","","06/04/2009","$26,000,000,000","No","No","$26,000,402,300"
"912795N98","Bill","13-Week","06/01/2009","06/04/2009","09/03/2009","99.962083","No","$29,002,000,000","$173,003,000,000","No","","06/04/2009","$31,000,000,000","Yes","No","$31,000,101,600"
"912795Q61","Bill","26-Week","06/01/2009","06/04/2009","12/03/2009","99.853389","No","","$173,003,000,000","No","","06/04/2009","$31,000,000,000","No","No","$31,000,441,700"
"912828KW9","Note","7-Year","05/28/2009","06/01/2009","05/31/2016","99.689717","No","","$19,006,000,000","No","3.250%","05/31/2009","$26,000,000,000","No","No","$26,895,995,500"
"912828KV1","Note","5-Year","05/27/2009","06/01/2009","05/31/2014","99.718283","No","","$19,006,000,000","No","2.250%","05/31/2009","$35,000,000,000","No","No","$36,206,117,700"
"912795M65","Bill","4-Week","05/27/2009","05/28/2009","06/25/2009","99.990667","No","$58,004,000,000","$113,995,000,000","No","","05/28/2009","$35,000,000,000","Yes","No","$37,418,109,200"
"912828KU3","Note","2-Year","05/26/2009","06/01/2009","05/31/2011","99.871675","No","","$19,006,000,000","No","0.875%","05/31/2009","$40,000,000,000","No","No","$41,378,485,200"
"912795S28","Bill","13-Week","05/26/2009","05/28/2009","08/27/2009","99.955764","No","$50,006,000,000","$113,995,000,000","No","","05/28/2009","$31,000,000,000","Yes","No","$31,000,304,300"
"912795Q53","Bill","26-Week","05/26/2009","05/28/2009","11/27/2009","99.847500","No","","$113,995,000,000","No","","05/28/2009","$30,000,000,000","No","No","$30,000,182,700"
"912795N56","Bill","70-Day","05/21/2009","05/28/2009","08/06/2009","99.966944","Yes","$59,007,000,000","","No","","05/28/2009","$35,000,000,000","Yes","No","$35,000,253,000"
"912795M57","Bill","4-Week","05/19/2009","05/21/2009","06/18/2009","99.989889","No","$57,003,000,000","$108,007,000,000","No","","05/21/2009","$35,000,000,000","Yes","No","$41,285,129,900"
"912795N72","Bill","13-Week","05/18/2009","05/21/2009","08/20/2009","99.953236","No","$30,004,000,000","$108,007,000,000","No","","05/21/2009","$31,000,000,000","Yes","No","$31,000,218,600"
"912795S51","Bill","26-Week","05/18/2009","05/21/2009","11/19/2009","99.850861","No","$57,000,000,000","$108,007,000,000","No","","05/21/2009","$29,000,000,000","Yes","No","$29,000,115,200"
"912795Q95","Bill","70-Day","05/15/2009","05/21/2009","07/30/2009","99.965972","Yes","$111,004,000,000","","No","","05/21/2009","$30,000,000,000","Yes","No","$30,000,466,000"
"912795N31","Bill","70-Day","05/13/2009","05/14/2009","07/23/2009","99.966944","Yes","$54,997,000,000","","No","","05/14/2009","$35,000,000,000","Yes","No","$35,000,393,200"
"912795UL3","Bill","321-Day","05/12/2009","05/15/2009","04/01/2010","99.554167","Yes","","","No","","05/15/2009","$35,000,000,000","No","No","$35,000,629,000"
"912795M40","Bill","4-Week","05/12/2009","05/14/2009","06/11/2009","99.989111","No","$88,010,000,000","$115,013,000,000","No","","05/14/2009","$34,000,000,000","Yes","No","$37,781,831,800"
"912795N64","Bill","13-Week","05/11/2009","05/14/2009","08/13/2009","99.951972","No","$29,999,000,000","$115,013,000,000","No","","05/14/2009","$31,000,000,000","Yes","No","$31,000,260,100"
"912795Q38","Bill","26-Week","05/11/2009","05/14/2009","11/12/2009","99.845806","No","","$115,013,000,000","No","","05/14/2009","$29,000,000,000","No","No","$29,000,008,200"
"912810QB7","Bond","30-Year","05/07/2009","05/15/2009","05/15/2039","99.361980","No","","$52,156,000,000","No","4.250%","05/15/2009","$14,000,000,000","No","No","$16,476,537,700"
"912828KQ2","Note","10-Year","05/06/2009","05/15/2009","05/15/2019","99.447210","No","","$52,156,000,000","No","3.125%","05/15/2009","$22,000,000,000","No","No","$25,891,807,300"
"912828KP4","Note","3-Year","05/05/2009","05/15/2009","05/15/2012","99.713432","No","","$52,156,000,000","No","1.375%","05/15/2009","$35,000,000,000","No","No","$41,191,369,200"
"912795Q79","Bill","4-Week","05/05/2009","05/07/2009","06/04/2009","99.988722","No","$145,004,000,000","$119,012,000,000","No","","05/07/2009","$28,000,000,000","Yes","No","$33,938,028,100"
"912795U41","Bill","52-Week","05/05/2009","05/07/2009","05/06/2010","99.464111","No","","$119,012,000,000","No","","05/07/2009","$26,000,000,000","No","No","$26,000,285,600"
"912795N56","Bill","13-Week","05/04/2009","05/07/2009","08/06/2009","99.950708","No","$29,008,000,000","$119,012,000,000","No","","05/07/2009","$30,000,000,000","Yes","No","$30,000,150,100"
"912795Q20","Bill","26-Week","05/04/2009","05/07/2009","11/05/2009","99.833167","No","","$119,012,000,000","No","","05/07/2009","$28,000,000,000","No","No","$28,000,185,000"
"912795N23","Bill","70-Day","04/30/2009","05/07/2009","07/16/2009","99.971806","Yes","$55,001,000,000","","No","","05/07/2009","$35,000,000,000","Yes","No","$35,000,063,200"
"912828KR0","Note","7-Year","04/29/2009","04/30/2009","04/30/2016","99.968223","No","","$19,001,000,000","No","2.625%","04/30/2009","$26,000,000,000","No","No","$26,901,046,100"
"912795M24","Bill","4-Week","04/28/2009","04/30/2009","05/28/2009","99.995722","No","$94,006,000,000","$87,995,000,000","No","","04/30/2009","$20,000,000,000","Yes","No","$22,418,146,500"
"912828KN9","Note","5-Year","04/28/2009","04/30/2009","04/30/2014","99.691687","No","","$19,001,000,000","No","1.875%","04/30/2009","$35,000,000,000","No","No","$36,212,960,400"
"912795Q95","Bill","13-Week","04/27/2009","04/30/2009","07/30/2009","99.965875","No","$82,011,000,000","$87,995,000,000","No","","04/30/2009","$29,000,000,000","Yes","No","$29,000,194,500"
"912795P96","Bill","26-Week","04/27/2009","04/30/2009","10/29/2009","99.845806","No","","$87,995,000,000","No","","04/30/2009","$28,000,000,000","No","No","$28,000,103,400"
"912828KL3","Note","2-Year","04/27/2009","04/30/2009","04/30/2011","99.853739","No","","$19,001,000,000","No","0.875%","04/30/2009","$40,000,000,000","No","No","$41,386,220,600"
"912828KM1","Note","5-Year","04/23/2009","04/30/2009","04/15/2014","100.113235","No","","$19,001,000,000","No","1.250%","04/30/2009","$8,000,000,000","No","Yes","$8,277,224,100"
"912795L90","Bill","4-Week","04/21/2009","04/23/2009","05/21/2009","99.994556","No","$88,007,000,000","$87,998,000,000","No","","04/23/2009","$20,000,000,000","Yes","No","$26,285,332,800"
"912795N31","Bill","13-Week","04/20/2009","04/23/2009","07/23/2009","99.965875","No","$27,003,000,000","$87,998,000,000","No","","04/23/2009","$28,000,000,000","Yes","No","$28,000,119,600"
"912795S44","Bill","26-Week","04/20/2009","04/23/2009","10/22/2009","99.833167","No","$56,000,000,000","$87,998,000,000","No","","04/23/2009","$27,000,000,000","Yes","No","$27,000,383,900"
"912795L82","Bill","4-Week","04/14/2009","04/16/2009","05/14/2009","99.993778","No","$93,013,000,000","$116,998,000,000","No","","04/16/2009","$22,000,000,000","Yes","No","$25,781,639,300"
"912795N23","Bill","13-Week","04/13/2009","04/16/2009","07/16/2009","99.954500","No","$27,002,000,000","$116,998,000,000","No","","04/16/2009","$28,000,000,000","Yes","No","$28,000,465,900"
"912795P70","Bill","26-Week","04/13/2009","04/16/2009","10/15/2009","99.812944","No","","$116,998,000,000","No","","04/16/2009","$27,000,000,000","No","No","$27,000,468,800"
"912828KD1","Note","9-Year 10-Month","04/09/2009","04/15/2009","02/15/2019","98.298568","No","$40,390,000,000","$15,064,000,000","No","2.750%","04/15/2009","$18,000,000,000","Yes","No","$18,286,532,200"
"912828KK5","Note","3-Year","04/08/2009","04/15/2009","04/15/2012","99.970714","No","","$15,064,000,000","No","1.375%","04/15/2009","$35,000,000,000","No","No","$35,557,034,600"
"912828JX9","Note","9-Year 9-Month","04/07/2009","04/15/2009","01/15/2019","103.325496","No","$8,663,000,000","$15,064,000,000","No","2.125%","04/15/2009","$6,000,000,000","Yes","Yes","$6,095,519,300"
"912795L74","Bill","4-Week","04/07/2009","04/09/2009","05/07/2009","99.987556","No","$91,013,000,000","$122,019,000,000","No","","04/09/2009","$28,000,000,000","Yes","No","$33,938,422,100"
"912795U33","Bill","52-Week","04/07/2009","04/09/2009","04/08/2010","99.403444","No","","$122,019,000,000","No","","04/09/2009","$25,000,000,000","No","No","$25,000,435,200"
"912795M99","Bill","13-Week","04/06/2009","04/09/2009","07/09/2009","99.949444","No","$27,002,000,000","$122,019,000,000","No","","04/09/2009","$30,000,000,000","Yes","No","$30,000,635,900"
"912795P62","Bill","26-Week","04/06/2009","04/09/2009","10/08/2009","99.797778","No","","$122,019,000,000","No","","04/09/2009","$28,000,000,000","No","No","$28,000,337,400"
"912795Q79","Bill","56-Day","04/03/2009","04/09/2009","06/04/2009","99.967333","Yes","$110,004,000,000","","No","","04/09/2009","$35,000,000,000","Yes","No","$35,000,179,000"
"912795L41","Bill","13-Day","04/01/2009","04/03/2009","04/16/2009","99.991694","Yes","$91,780,000,000","","No","","04/03/2009","$29,000,000,000","Yes","No","$29,000,072,000"
"912795M24","Bill","56-Day","04/01/2009","04/02/2009","05/28/2009","99.964222","Yes","$59,006,000,000","","No","","04/02/2009","$35,000,000,000","Yes","No","$35,000,206,000"
"912795L66","Bill","4-Week","03/31/2009","04/02/2009","04/30/2009","99.986778","No","$54,006,000,000","$122,001,000,000","No","","04/02/2009","$34,000,000,000","Yes","No","$36,418,098,400"
"912795Q87","Bill","13-Week","03/30/2009","04/02/2009","07/02/2009","99.950708","No","$84,006,000,000","$122,001,000,000","No","","04/02/2009","$31,000,000,000","Yes","No","$31,000,265,900"
"912795P54","Bill","26-Week","03/30/2009","04/02/2009","10/01/2009","99.787667","No","","$122,001,000,000","No","","04/02/2009","$29,000,000,000","No","No","$29,000,172,500"
"912828KT6","Note","7-Year","03/26/2009","03/31/2009","03/31/2016","99.942292","No","","$18,001,000,000","No","2.375%","03/31/2009","$24,000,000,000","No","No","$25,137,608,600"
"912828KJ8","Note","5-Year","03/25/2009","03/31/2009","03/31/2014","99.529266","No","","$18,001,000,000","No","1.750%","03/31/2009","$34,000,000,000","No","No","$35,611,646,800"
"912828KH2","Note","2-Year","03/24/2009","03/31/2009","03/31/2011","99.853739","No","","$18,001,000,000","No","0.875%","03/31/2009","$40,000,000,000","No","No","$41,896,075,800"
"912795L58","Bill","4-Week","03/24/2009","03/26/2009","04/23/2009","99.996111","No","$53,007,000,000","$118,016,000,000","No","","03/26/2009","$35,000,000,000","Yes","No","$41,285,381,500"
"912795M65","Bill","13-Week","03/23/2009","03/26/2009","06/25/2009","99.943125","No","$27,001,000,000","$118,016,000,000","No","","03/26/2009","$31,000,000,000","Yes","No","$31,000,005,100"
"912795S36","Bill","26-Week","03/23/2009","03/26/2009","09/24/2009","99.802833","No","$19,992,000,000","$118,016,000,000","No","","03/26/2009","$29,000,000,000","Yes","No","$29,000,084,000"
"912795M40","Bill","77-Day","03/20/2009","03/26/2009","06/11/2009","99.952944","Yes","$58,011,000,000","","No","","03/26/2009","$30,000,000,000","Yes","No","$30,000,571,000"
"912795L82","Bill","56-Day","03/18/2009","03/19/2009","05/14/2009","99.972000","Yes","$58,012,000,000","","No","","03/19/2009","$35,000,000,000","Yes","No","$35,001,582,000"
"912795L41","Bill","4-Week","03/17/2009","03/19/2009","04/16/2009","99.989889","No","$53,005,000,000","$125,013,000,000","No","","03/19/2009","$35,000,000,000","Yes","No","$38,781,571,800"
"912795M57","Bill","13-Week","03/16/2009","03/19/2009","06/18/2009","99.936806","No","$27,001,000,000","$125,013,000,000","No","","03/19/2009","$30,000,000,000","Yes","No","$30,000,419,600"
"912795P39","Bill","26-Week","03/16/2009","03/19/2009","09/17/2009","99.775028","No","","$125,013,000,000","No","","03/19/2009","$29,000,000,000","No","No","$29,000,123,900"
"912810QA9","Bond","29-Year 11-Month","03/12/2009","03/16/2009","02/15/2039","97.456658","No","$14,713,000,000","$14,880,000,000","No","3.500%","03/15/2009","$11,000,000,000","Yes","No","$11,195,666,200"
"912828KD1","Note","9-Year 11-Month","03/11/2009","03/16/2009","02/15/2019","97.504473","No","$22,070,000,000","$14,880,000,000","No","2.750%","03/15/2009","$18,000,000,000","Yes","No","$18,320,151,500"
"912828KG4","Note","3-Year","03/10/2009","03/16/2009","03/15/2012","99.667005","No","","$14,880,000,000","No","1.375%","03/15/2009","$34,000,000,000","No","No","$34,604,742,900"
"912795L33","Bill","4-Week","03/10/2009","03/12/2009","04/09/2009","99.989889","No","$88,020,000,000","$117,995,000,000","No","","03/12/2009","$34,000,000,000","Yes","No","$39,938,014,000"
"912795T68","Bill","52-Week","03/10/2009","03/12/2009","03/11/2010","99.292222","No","","$117,995,000,000","No","","03/12/2009","$24,000,000,000","No","No","$24,000,095,600"
"912795M40","Bill","13-Week","03/09/2009","03/12/2009","06/11/2009","99.939333","No","$27,000,000,000","$117,995,000,000","No","","03/12/2009","$31,000,000,000","Yes","No","$31,000,073,900"
"912795P21","Bill","26-Week","03/09/2009","03/12/2009","09/10/2009","99.767444","No","","$117,995,000,000","No","","03/12/2009","$30,000,000,000","No","No","$30,000,104,600"
"912795L90","Bill","70-Day","03/06/2009","03/12/2009","05/21/2009","99.959167","Yes","$58,007,000,000","","No","","03/12/2009","$30,000,000,000","Yes","No","$30,000,161,300"
"912795L74","Bill","63-Day","03/04/2009","03/05/2009","05/07/2009","99.961500","Yes","$56,013,000,000","","No","","03/05/2009","$35,000,000,000","Yes","No","$35,000,247,000"
"912795L25","Bill","4-Week","03/03/2009","03/05/2009","04/02/2009","99.988333","No","$88,011,000,000","$122,994,000,000","No","","03/05/2009","$34,000,000,000","Yes","No","$36,419,403,200"
"912795Q79","Bill","13-Week","03/02/2009","03/05/2009","06/04/2009","99.929222","No","$79,002,000,000","$122,994,000,000","No","","03/05/2009","$31,000,000,000","Yes","No","$31,000,269,200"
"912795N98","Bill","26-Week","03/02/2009","03/05/2009","09/03/2009","99.777556","No","","$122,994,000,000","No","","03/05/2009","$29,000,000,000","No","No","$29,000,128,400"
"912828KS8","Note","7-Year","02/26/2009","03/02/2009","02/29/2016","99.221940","No","","$18,003,000,000","No","2.625%","02/28/2009","$22,000,000,000","No","No","$23,178,494,600"
"912828KF6","Note","5-Year","02/25/2009","03/02/2009","02/28/2014","99.479306","No","","$18,003,000,000","No","1.875%","02/28/2009","$32,000,000,000","No","No","$33,714,211,100"
"912795S69","Bill","294-Day","02/25/2009","02/26/2009","12/17/2009","99.424250","Yes","$21,998,000,000","","No","","02/26/2009","$40,000,000,000","Yes","No","$40,000,179,000"
"912828KE9","Note","2-Year","02/24/2009","03/02/2009","02/28/2011","99.830481","No","","$18,003,000,000","No","0.875%","02/28/2009","$40,000,000,000","No","No","$42,142,744,300"
"912795K91","Bill","4-Week","02/24/2009","02/26/2009","03/26/2009","99.984056","No","$84,019,000,000","$87,012,000,000","No","","02/26/2009","$34,000,000,000","Yes","No","$40,285,211,500"
"912795M24","Bill","13-Week","02/23/2009","02/26/2009","05/28/2009","99.924167","No","$27,998,000,000","$87,012,000,000","No","","02/26/2009","$31,000,000,000","Yes","No","$31,000,023,900"
"912795S28","Bill","26-Week","02/23/2009","02/26/2009","08/27/2009","99.749750","No","$20,000,000,000","$87,012,000,000","No","","02/26/2009","$30,000,000,000","Yes","No","$30,000,125,300"
"912795S51","Bill","272-Day","02/19/2009","02/20/2009","11/19/2009","99.512667","Yes","$22,000,000,000","","No","","02/20/2009","$35,000,000,000","Yes","No","$35,000,006,000"
"912795K83","Bill","4-Week","02/18/2009","02/19/2009","03/19/2009","99.982111","No","$89,016,000,000","$84,010,000,000","No","","02/19/2009","$36,000,000,000","Yes","No","$39,781,624,000"
"912795L90","Bill","13-Week","02/17/2009","02/19/2009","05/21/2009","99.917847","No","$27,003,000,000","$84,010,000,000","No","","02/19/2009","$31,000,000,000","Yes","No","$31,000,050,200"
"912795N72","Bill","26-Week","02/17/2009","02/19/2009","08/20/2009","99.762389","No","","$84,010,000,000","No","","02/19/2009","$30,000,000,000","No","No","$30,000,085,700"
"912810QA9","Bond","30-Year","02/12/2009","02/17/2009","02/15/2039","99.264139","No","","$36,330,000,000","No","3.500%","02/15/2009","$14,000,000,000","No","No","$14,712,903,100"
"912828KD1","Note","10-Year","02/11/2009","02/17/2009","02/15/2019","99.411068","No","","$36,330,000,000","No","2.750%","02/15/2009","$21,000,000,000","No","No","$22,069,329,400"
"912828KC3","Note","3-Year","02/10/2009","02/17/2009","02/15/2012","99.871395","No","","$36,330,000,000","No","1.375%","02/15/2009","$32,000,000,000","No","No","$33,629,457,200"
"912795K75","Bill","4-Week","02/10/2009","02/12/2009","03/12/2009","99.980556","No","$82,003,000,000","$75,985,000,000","No","","02/12/2009","$36,000,000,000","Yes","No","$41,938,164,600"
"912795T27","Bill","52-Week","02/10/2009","02/12/2009","02/11/2010","99.383222","No","","$75,985,000,000","No","","02/12/2009","$23,000,000,000","No","No","$23,000,310,800"
"912795L82","Bill","13-Week","02/09/2009","02/12/2009","05/14/2009","99.914056","No","$27,007,000,000","$75,985,000,000","No","","02/12/2009","$31,000,000,000","Yes","No","$31,000,148,000"
"912795N64","Bill","26-Week","02/09/2009","02/12/2009","08/13/2009","99.757333","No","","$75,985,000,000","No","","02/12/2009","$30,000,000,000","No","No","$30,000,853,000"
"912795K91","Bill","49-Day","02/04/2009","02/05/2009","03/26/2009","99.960528","Yes","$54,019,000,000","","No","","02/05/2009","$30,000,000,000","Yes","No","$30,000,108,500"
"912795K67","Bill","4-Week","02/03/2009","02/05/2009","03/05/2009","99.977833","No","$89,003,000,000","$75,001,000,000","No","","02/05/2009","$34,000,000,000","Yes","No","$36,418,079,600"
"912795L74","Bill","13-Week","02/02/2009","02/05/2009","05/07/2009","99.931750","No","$27,005,000,000","$75,001,000,000","No","","02/05/2009","$29,000,000,000","Yes","No","$29,000,053,000"
"912795N56","Bill","26-Week","02/02/2009","02/05/2009","08/06/2009","99.802833","No","","$75,001,000,000","No","","02/05/2009","$29,000,000,000","No","No","$29,000,214,000"
"912828JZ4","Note","5-Year","01/29/2009","02/02/2009","01/31/2014","99.667162","No","","$20,005,000,000","No","1.750%","01/31/2009","$30,000,000,000","No","No","$31,273,392,000"
"912795L33","Bill","70-Day","01/28/2009","01/29/2009","04/09/2009","99.961111","Yes","$53,019,000,000","","No","","01/29/2009","$35,000,000,000","Yes","No","$35,000,790,000"
"912828JY7","Note","2-Year","01/27/2009","02/02/2009","01/31/2011","99.901394","No","","$20,005,000,000","No","0.875%","01/31/2009","$40,000,000,000","No","No","$41,697,871,400"
"912795K59","Bill","4-Week","01/27/2009","01/29/2009","02/26/2009","99.996889","No","$55,017,000,000","$110,010,000,000","No","","01/29/2009","$32,000,000,000","Yes","No","$38,285,124,800"
"912810PZ5","Bond","20-Year","01/26/2009","01/30/2009","01/15/2029","99.063837","No","","$0","No","2.500%","01/30/2009","$8,000,000,000","No","Yes","$8,000,000,800"
"912795L66","Bill","13-Week","01/26/2009","01/29/2009","04/30/2009","99.962083","No","$25,004,000,000","$110,010,000,000","No","","01/29/2009","$29,000,000,000","Yes","No","$29,000,064,900"
"912795Q95","Bill","26-Week","01/26/2009","01/29/2009","07/30/2009","99.825583","No","$54,000,000,000","$110,010,000,000","No","","01/29/2009","$28,000,000,000","Yes","No","$28,000,020,000"
"912795K42","Bill","4-Week","01/21/2009","01/22/2009","02/19/2009","99.997667","No","$54,007,000,000","$130,016,000,000","No","","01/22/2009","$30,000,000,000","Yes","No","$33,781,612,600"
"912795L25","Bill","70-Day","01/21/2009","01/22/2009","04/02/2009","99.980556","Yes","$53,011,000,000","","No","","01/22/2009","$35,000,000,000","Yes","No","$35,000,348,500"
"912795L58","Bill","13-Week","01/20/2009","01/22/2009","04/23/2009","99.964611","No","$26,003,000,000","$130,016,000,000","No","","01/22/2009","$27,000,000,000","Yes","No","$27,000,334,400"
"912795N31","Bill","26-Week","01/20/2009","01/22/2009","07/23/2009","99.838222","No","","$130,016,000,000","No","","01/22/2009","$27,000,000,000","No","No","$27,000,158,800"
"912795K75","Bill","56-Day","01/14/2009","01/15/2009","03/12/2009","99.986778","Yes","$52,002,000,000","","No","","01/15/2009","$30,000,000,000","Yes","No","$30,000,125,000"
"912795K34","Bill","4-Week","01/13/2009","01/15/2009","02/12/2009","99.998444","No","$52,005,000,000","$129,037,000,000","No","","01/15/2009","$24,000,000,000","Yes","No","$29,938,048,600"
"912795R86","Bill","52-Week","01/13/2009","01/15/2009","01/14/2010","99.565222","No","","$129,037,000,000","No","","01/15/2009","$22,000,000,000","No","No","$22,000,080,500"
"912795L41","Bill","13-Week","01/12/2009","01/15/2009","04/16/2009","99.969667","No","$27,001,000,000","$129,037,000,000","No","","01/15/2009","$26,000,000,000","Yes","No","$26,000,176,900"
"912795N23","Bill","26-Week","01/12/2009","01/15/2009","07/16/2009","99.853389","No","","$129,037,000,000","No","","01/15/2009","$27,000,000,000","No","No","$27,000,169,500"
"912828JR2","Note","9-Year 10-Month","01/08/2009","01/15/2009","11/15/2018","111.579767","No","$40,028,000,000","$32,351,000,000","No","3.750%","01/15/2009","$16,000,000,000","Yes","No","$17,324,579,300"
"912828KB5","Note","3-Year","01/07/2009","01/15/2009","01/15/2012","99.779650","No","","$32,351,000,000","No","1.125%","01/15/2009","$30,000,000,000","No","No","$32,483,572,400"
"912795K83","Bill","70-Day","01/07/2009","01/08/2009","03/19/2009","99.980556","Yes","$54,017,000,000","","No","","01/08/2009","$35,000,000,000","Yes","No","$35,000,003,400"
"912828JX9","Note","10-Year","01/06/2009","01/15/2009","01/15/2019","98.930505","No","","$32,351,000,000","No","2.125%","01/15/2009","$8,000,000,000","No","Yes","$8,662,294,400"
"912795K26","Bill","4-Week","01/06/2009","01/08/2009","02/05/2009","99.995333","No","$51,011,000,000","$139,022,000,000","No","","01/08/2009","$24,000,000,000","Yes","No","$26,418,174,400"
"912795L33","Bill","13-Week","01/05/2009","01/08/2009","04/09/2009","99.962083","No","$27,017,000,000","$139,022,000,000","No","","01/08/2009","$26,000,000,000","Yes","No","$26,000,012,100"
"912795M99","Bill","26-Week","01/05/2009","01/08/2009","07/09/2009","99.838222","No","","$139,022,000,000","No","","01/08/2009","$27,000,000,000","No","No","$27,000,032,900"
"912795J93","Bill","4-Week","12/30/2008","01/02/2009","01/29/2009","99.997750","No","$88,008,000,000","$154,023,000,000","No","","01/02/2009","$22,000,000,000","Yes","No","$28,285,189,500"
"912795K67","Bill","62-Day","12/30/2008","01/02/2009","03/05/2009","99.975889","Yes","$54,003,000,000","","No","","01/02/2009","$35,000,000,000","Yes","No","$35,000,061,000"
"912795L25","Bill","13-Week","12/29/2008","01/02/2009","04/02/2009","99.987500","No","$27,009,000,000","$154,023,000,000","No","","01/02/2009","$26,000,000,000","Yes","No","$26,000,042,400"
"912795Q87","Bill","26-Week","12/29/2008","01/02/2009","07/02/2009","99.874306","No","$57,006,000,000","$154,023,000,000","No","","01/02/2009","$27,000,000,000","Yes","No","$27,000,024,300"
"912828JW1","Note","5-Year","12/23/2008","12/31/2008","12/31/2013","99.813005","No","","$20,000,000,000","No","1.500%","12/31/2008","$28,000,000,000","No","No","$30,043,500,200"
"912795J85","Bill","4-Week","12/23/2008","12/26/2008","01/22/2009","100.000000","No","$108,023,000,000","$112,015,000,000","No","","12/26/2008","$22,000,000,000","Yes","No","$25,783,168,900"
"912828JV3","Note","2-Year","12/22/2008","12/31/2008","12/31/2010","99.907073","No","","$20,000,000,000","No","0.875%","12/31/2008","$38,000,000,000","No","No","$40,773,334,300"
"912795K91","Bill","13-Week","12/22/2008","12/26/2008","03/26/2009","99.990000","No","$27,011,000,000","$112,015,000,000","No","","12/26/2008","$27,000,000,000","Yes","No","$27,000,111,500"
"912795M65","Bill","26-Week","12/22/2008","12/26/2008","06/25/2009","99.856708","No","","$112,015,000,000","No","","12/26/2008","$27,000,000,000","No","No","$27,000,072,500"
"912795J77","Bill","4-Week","12/16/2008","12/18/2008","01/15/2009","100.000000","No","$104,038,000,000","$159,012,000,000","No","","12/18/2008","$25,000,000,000","Yes","No","$30,941,285,400"
"912795S69","Bill","52-Week","12/16/2008","12/18/2008","12/17/2009","99.403444","No","","$159,012,000,000","No","","12/18/2008","$22,000,000,000","No","No","$22,000,150,400"
"912795K83","Bill","13-Week","12/15/2008","12/18/2008","03/19/2009","99.987361","No","$27,010,000,000","$159,012,000,000","No","","12/18/2008","$27,000,000,000","Yes","No","$27,000,009,500"
"912795M57","Bill","26-Week","12/15/2008","12/18/2008","06/18/2009","99.863500","No","","$159,012,000,000","No","","12/18/2008","$27,000,000,000","No","No","$27,000,029,900"
"912828JR2","Note","9-Year 11-Month","12/11/2008","12/15/2008","11/15/2018","109.352316","No","$23,549,000,000","$14,678,000,000","No","3.750%","12/15/2008","$16,000,000,000","Yes","No","$16,480,856,900"
"912828KA7","Note","3-Year","12/10/2008","12/15/2008","12/15/2011","99.647715","No","","$14,678,000,000","No","1.125%","12/15/2008","$28,000,000,000","No","No","$28,841,516,500"
"912795V81","Bill","278-Day","12/10/2008","12/11/2008","09/15/2009","99.698833","Yes","","","No","","12/11/2008","$20,000,000,000","No","No","$20,000,082,000"
"912795J69","Bill","4-Week","12/09/2008","12/11/2008","01/08/2009","100.000000","No","$109,023,000,000","$124,005,000,000","No","","12/11/2008","$30,000,000,000","Yes","No","$32,420,952,400"
"912795K75","Bill","13-Week","12/08/2008","12/11/2008","03/12/2009","99.998736","No","$25,005,000,000","$124,005,000,000","No","","12/11/2008","$27,000,000,000","Yes","No","$27,000,036,200"
"912795M40","Bill","26-Week","12/08/2008","12/11/2008","06/11/2009","99.848333","No","","$124,005,000,000","No","","12/11/2008","$27,000,000,000","No","No","$27,000,222,600"
"912795J51","Bill","4-Week","12/02/2008","12/04/2008","01/02/2009","99.996778","No","$118,028,000,000","$115,008,000,000","No","","12/04/2008","$36,000,000,000","Yes","No","$42,285,253,600"
"912795K67","Bill","13-Week","12/01/2008","12/04/2008","03/05/2009","99.987361","No","$26,004,000,000","$115,008,000,000","No","","12/04/2008","$28,000,000,000","Yes","No","$28,000,000,400"
"912795Q79","Bill","26-Week","12/01/2008","12/04/2008","06/04/2009","99.782611","No","$51,001,000,000","$115,008,000,000","No","","12/04/2008","$28,000,000,000","Yes","No","$28,000,036,800"
"912828JT8","Note","5-Year","11/25/2008","12/01/2008","11/30/2013","99.480824","No","","$20,000,000,000","No","2.000%","11/30/2008","$26,000,000,000","No","No","$27,819,416,600"
"912795J44","Bill","4-Week","11/25/2008","11/28/2008","12/26/2008","99.996111","No","$80,022,000,000","$123,006,000,000","No","","11/28/2008","$32,000,000,000","Yes","No","$35,781,594,400"
"912795S44","Bill","328-Day","11/25/2008","11/28/2008","10/22/2009","99.088889","Yes","$21,000,000,000","","No","","11/28/2008","$35,000,000,000","Yes","No","$35,000,235,000"
"912828JS0","Note","2-Year","11/24/2008","12/01/2008","11/30/2010","99.962624","No","","$20,000,000,000","No","1.250%","11/30/2008","$36,000,000,000","No","No","$38,518,964,300"
"912795K59","Bill","13-Week","11/24/2008","11/28/2008","02/26/2009","99.962500","No","$27,005,000,000","$123,006,000,000","No","","11/28/2008","$28,000,000,000","Yes","No","$28,000,048,900"
"912795M24","Bill","26-Week","11/24/2008","11/28/2008","05/28/2009","99.753639","No","","$123,006,000,000","No","","11/28/2008","$28,000,000,000","No","No","$28,000,054,900"
"912795J36","Bill","4-Week","11/18/2008","11/20/2008","12/18/2008","99.992222","No","$127,019,000,000","$108,015,000,000","No","","11/20/2008","$32,000,000,000","Yes","No","$37,938,128,900"
"912795S51","Bill","52-Week","11/18/2008","11/20/2008","11/19/2009","98.948444","No","","$108,015,000,000","No","","11/20/2008","$22,000,000,000","No","No","$22,000,166,900"
"912795K42","Bill","13-Week","11/17/2008","11/20/2008","02/19/2009","99.962083","No","$27,010,000,000","$108,015,000,000","No","","11/20/2008","$27,000,000,000","Yes","No","$27,000,132,500"
"912795L90","Bill","26-Week","11/17/2008","11/20/2008","05/21/2009","99.575333","No","","$108,015,000,000","No","","11/20/2008","$27,000,000,000","No","No","$27,000,119,000"
"912795Q95","Bill","254-Day","11/17/2008","11/18/2008","07/30/2009","99.259167","Yes","$19,000,000,000","","No","","11/18/2008","$35,000,000,000","Yes","No","$35,000,001,600"
"912810PX0","Bond","29-Year 6-Month","11/13/2008","11/17/2008","05/15/2038","103.154521","No","$13,728,000,000","$54,940,000,000","No","4.500%","11/15/2008","$10,000,000,000","Yes","No","$11,777,282,300"
"912795V32","Bill","182-Day","11/13/2008","11/14/2008","05/15/2009","99.499500","Yes","","","No","","11/14/2008","$40,000,000,000","No","No","$40,000,032,000"
"912828JR2","Note","10-Year","11/12/2008","11/17/2008","11/15/2018","99.727098","No","","$54,940,000,000","No","3.750%","11/15/2008","$20,000,000,000","No","No","$23,554,477,200"
"912795J28","Bill","4-Week","11/12/2008","11/13/2008","12/11/2008","99.994556","No","$90,007,000,000","$126,001,000,000","No","","11/13/2008","$34,000,000,000","Yes","No","$36,418,068,000"
"912828JU5","Note","3-Year","11/10/2008","11/17/2008","11/15/2011","99.854788","No","","$54,940,000,000","No","1.750%","11/15/2008","$25,000,000,000","No","No","$29,443,138,000"
"912795K34","Bill","13-Week","11/10/2008","11/13/2008","02/12/2009","99.910264","No","$25,007,000,000","$126,001,000,000","No","","11/13/2008","$27,000,000,000","Yes","No","$27,000,032,700"
"912795L82","Bill","26-Week","11/10/2008","11/13/2008","05/14/2009","99.499500","No","","$126,001,000,000","No","","11/13/2008","$27,000,000,000","No","No","$27,000,066,500"
"912795J85","Bill","77-Day","11/05/2008","11/06/2008","01/22/2009","99.910167","Yes","$78,023,000,000","","No","","11/06/2008","$30,000,000,000","Yes","No","$30,000,284,500"
"912795H95","Bill","4-Week","11/04/2008","11/06/2008","12/04/2008","99.975111","No","$81,018,000,000","$101,001,000,000","No","","11/06/2008","$34,000,000,000","Yes","No","$40,285,106,200"
"912795Q87","Bill","238-Day","11/04/2008","11/06/2008","07/02/2009","99.120722","Yes","$17,005,000,000","","No","","11/06/2008","$40,000,000,000","Yes","No","$40,000,274,000"
"912795K26","Bill","13-Week","11/03/2008","11/06/2008","02/05/2009","99.866028","No","$24,014,000,000","$101,001,000,000","No","","11/06/2008","$27,000,000,000","Yes","No","$27,000,087,300"
"912795L74","Bill","26-Week","11/03/2008","11/06/2008","05/07/2009","99.443889","No","","$101,001,000,000","No","","11/06/2008","$27,000,000,000","No","No","$27,000,149,800"
"912828JQ4","Note","5-Year","10/30/2008","10/31/2008","10/31/2013","99.652559","No","","$19,892,000,000","No","2.750%","10/31/2008","$24,000,000,000","No","No","$25,063,369,600"
"912795J51","Bill","64-Day","10/29/2008","10/30/2008","01/02/2009","99.875556","Yes","$78,028,000,000","","No","","10/30/2008","$40,000,000,000","Yes","No","$40,000,116,000"
"912828JP6","Note","2-Year","10/28/2008","10/31/2008","10/31/2010","99.803937","No","","$19,892,000,000","No","1.500%","10/31/2008","$34,000,000,000","No","No","$35,506,961,300"
"912795H87","Bill","4-Week","10/28/2008","10/30/2008","11/28/2008","99.964556","No","$96,007,000,000","$109,017,000,000","No","","10/30/2008","$27,000,000,000","Yes","No","$30,781,601,000"
"912828HW3","Note","4-Year 6-Month","10/27/2008","10/31/2008","04/15/2013","92.380436","No","$8,733,000,000","$19,892,000,000","No","0.625%","10/31/2008","$6,000,000,000","Yes","Yes","$6,265,847,200"
"912795J93","Bill","13-Week","10/27/2008","10/30/2008","01/29/2009","99.772500","No","$63,005,000,000","$109,017,000,000","No","","10/30/2008","$25,000,000,000","Yes","No","$25,000,211,800"
"912795L66","Bill","26-Week","10/27/2008","10/30/2008","04/30/2009","99.292222","No","","$109,017,000,000","No","","10/30/2008","$25,000,000,000","No","No","$25,000,232,400"
"912795J93","Bill","98-Day","10/22/2008","10/23/2008","01/29/2009","99.662444","Yes","$23,005,000,000","","No","","10/23/2008","$40,000,000,000","Yes","No","$40,000,069,500"
"912795H79","Bill","4-Week","10/21/2008","10/23/2008","11/20/2008","99.945556","No","$81,020,000,000","$114,017,000,000","No","","10/23/2008","$27,000,000,000","Yes","No","$32,938,065,200"
"912795S44","Bill","52-Week","10/21/2008","10/23/2008","10/22/2009","98.260889","No","","$114,017,000,000","No","","10/23/2008","$21,000,000,000","No","No","$21,000,032,700"
"912795J85","Bill","13-Week","10/20/2008","10/23/2008","01/22/2009","99.684028","No","$53,010,000,000","$114,017,000,000","No","","10/23/2008","$25,000,000,000","Yes","No","$25,000,081,300"
"912795L58","Bill","26-Week","10/20/2008","10/23/2008","04/23/2009","99.090000","No","","$114,017,000,000","No","","10/23/2008","$26,000,000,000","No","No","$26,000,012,400"