"CUSIP","Security Type","Security Term","Auction Date","Issue Date","Maturity Date","Price per $100","Cash Management Bill (CMB)","Currently Outstanding","Estimated Amount of Publicly Held Maturing Securities by Type","Floating Rate","Interest Rate","Maturing Date","Offering Amount","Reopening","TIPS","Total Accepted"
"912796C31","Bill","13-Week","10/25/2021","10/28/2021","01/27/2022","99.986097","No","$96,001,000,000","$108,004,000,000","No","","10/28/2021","$54,000,000,000","Yes","No","$60,651,575,600"
"912796P37","Bill","26-Week","10/25/2021","10/28/2021","04/28/2022","99.969667","No","","$108,004,000,000","No","","10/28/2021","$48,000,000,000","No","No","$53,912,904,100"
"91282CDC2","Note","5-Year","10/21/2021","10/29/2021","10/15/2026","109.509314","No","","$0","No","0.125%","10/29/2021","$19,000,000,000","No","Yes","$19,000,103,200"
"912796N70","Bill","4-Week","10/21/2021","10/26/2021","11/23/2021","99.996111","No","$59,428,000,000","$75,001,000,000","No","","10/26/2021","$60,000,000,000","Yes","No","$63,551,561,800"
"912796P78","Bill","8-Week","10/21/2021","10/26/2021","12/21/2021","99.984444","No","$30,000,000,000","$75,001,000,000","No","","10/26/2021","$25,000,000,000","Yes","No","$26,479,640,800"
"912810TA6","Bond","19-Year 10-Month","10/20/2021","11/01/2021","08/15/2041","94.354444","No","$57,282,000,000","$143,457,000,000","No","1.750%","10/31/2021","$24,000,000,000","Yes","No","$26,439,990,100"
"912796R92","Bill","119-Day","10/20/2021","10/26/2021","02/22/2022","99.981819","Yes","","","No","","10/26/2021","$40,000,000,000","No","No","$40,002,233,000"
"912796H69","Bill","27-Day","10/20/2021","10/22/2021","11/18/2021","99.995875","Yes","$118,905,000,000","","No","","10/22/2021","$60,000,000,000","Yes","No","$60,000,612,800"
"912796N88","Bill","40-Day","10/19/2021","10/21/2021","11/30/2021","99.993889","Yes","$59,367,000,000","","No","","10/21/2021","$60,000,000,000","Yes","No","$60,003,590,200"
"912796K81","Bill","13-Week","10/18/2021","10/21/2021","01/20/2022","99.986097","No","$57,761,000,000","$108,006,000,000","No","","10/21/2021","$48,000,000,000","Yes","No","$54,982,479,500"
"912796G45","Bill","26-Week","10/18/2021","10/21/2021","04/21/2022","99.969667","No","$38,008,000,000","$108,006,000,000","No","","10/21/2021","$45,000,000,000","Yes","No","$51,547,606,500"
"912796N62","Bill","4-Week","10/14/2021","10/19/2021","11/16/2021","99.997278","No","$64,397,000,000","$80,004,000,000","No","","10/19/2021","$25,000,000,000","Yes","No","$27,636,170,800"
"912796P60","Bill","8-Week","10/14/2021","10/19/2021","12/14/2021","99.987556","No","$30,002,000,000","$80,004,000,000","No","","10/19/2021","$25,000,000,000","Yes","No","$27,636,069,600"
"912796H77","Bill","39-Day","10/14/2021","10/18/2021","11/26/2021","99.994042","Yes","$115,661,000,000","","No","","10/18/2021","$60,000,000,000","Yes","No","$60,000,080,200"
"912796R84","Bill","119-Day","10/13/2021","10/19/2021","02/15/2022","99.983472","Yes","","","No","","10/19/2021","$35,000,000,000","No","No","$35,001,700,300"
"912810SZ2","Bond","29-Year 10-Month","10/13/2021","10/15/2021","08/15/2051","98.908044","No","$65,601,000,000","$26,971,000,000","No","2.000%","10/15/2021","$24,000,000,000","Yes","No","$25,805,823,000"
"91282CDB4","Note","3-Year","10/12/2021","10/15/2021","10/15/2024","99.970331","No","","$26,971,000,000","No","0.625%","10/15/2021","$58,000,000,000","No","No","$62,364,041,500"
"91282CCS8","Note","9-Year 10-Month","10/12/2021","10/15/2021","08/15/2031","96.968273","No","$101,338,000,000","$26,971,000,000","No","1.250%","10/15/2021","$38,000,000,000","Yes","No","$40,859,190,800"
"912796K73","Bill","13-Week","10/12/2021","10/14/2021","01/13/2022","99.987361","No","$57,249,000,000","$108,005,000,000","No","","10/14/2021","$42,000,000,000","Yes","No","$48,266,038,200"
"912796P29","Bill","26-Week","10/12/2021","10/14/2021","04/14/2022","99.972194","No","","$108,005,000,000","No","","10/14/2021","$42,000,000,000","No","No","$48,266,093,300"
"912796N54","Bill","4-Week","10/07/2021","10/12/2021","11/09/2021","99.997278","No","$68,283,000,000","$90,000,000,000","No","","10/12/2021","$10,000,000,000","Yes","No","$11,365,929,500"
"912796P52","Bill","8-Week","10/07/2021","10/12/2021","12/07/2021","99.982889","No","$30,001,000,000","$90,000,000,000","No","","10/12/2021","$25,000,000,000","Yes","No","$28,414,590,800"
"912796J67","Bill","64-Day","10/06/2021","10/13/2021","12/16/2021","99.991111","Yes","$112,584,000,000","","No","","10/13/2021","$40,000,000,000","Yes","No","$40,001,467,000"
"912796R76","Bill","119-Day","10/06/2021","10/12/2021","02/08/2022","99.981819","Yes","","","No","","10/12/2021","$30,000,000,000","No","No","$30,000,198,000"
"912796ZB8","Bill","8-Day","10/05/2021","10/07/2021","10/15/2021","99.996889","Yes","$50,000,000,000","","No","","10/07/2021","$25,000,000,000","Yes","No","$25,000,222,000"
"912796M89","Bill","52-Week","10/05/2021","10/07/2021","10/06/2022","99.909000","No","","$145,002,000,000","No","","10/07/2021","$34,000,000,000","No","No","$39,631,828,400"
"912796K65","Bill","13-Week","10/04/2021","10/07/2021","01/06/2022","99.989889","No","$60,855,000,000","$145,002,000,000","No","","10/07/2021","$42,000,000,000","Yes","No","$48,956,802,600"
"912796N47","Bill","26-Week","10/04/2021","10/07/2021","04/07/2022","99.972194","No","","$145,002,000,000","No","","10/07/2021","$42,000,000,000","No","No","$48,957,557,300"
"912796M63","Bill","4-Week","09/30/2021","10/05/2021","11/02/2021","99.996500","No","$68,678,000,000","$95,007,000,000","No","","10/05/2021","$10,000,000,000","Yes","No","$11,745,352,500"
"912796N88","Bill","8-Week","09/30/2021","10/05/2021","11/30/2021","99.993778","No","$30,001,000,000","$95,007,000,000","No","","10/05/2021","$25,000,000,000","Yes","No","$29,363,201,300"
"912796Q93","Bill","119-Day","09/29/2021","10/05/2021","02/01/2022","99.983472","Yes","","","No","","10/05/2021","$30,000,000,000","No","No","$30,000,251,000"
"91282CCY5","Note","7-Year","09/28/2021","09/30/2021","09/30/2028","99.453681","No","","$82,611,000,000","No","1.250%","09/30/2021","$62,000,000,000","No","No","$69,466,897,600"
"912796A90","Bill","13-Week","09/27/2021","09/30/2021","12/30/2021","99.991153","No","$101,244,000,000","$176,004,000,000","No","","09/30/2021","$42,000,000,000","Yes","No","$49,215,240,000"
"912796N39","Bill","26-Week","09/27/2021","09/30/2021","03/31/2022","99.974722","No","","$176,004,000,000","No","","09/30/2021","$42,000,000,000","No","No","$49,216,999,600"
"91282CDA6","Note","2-Year","09/27/2021","09/30/2021","09/30/2023","99.880464","No","","$82,611,000,000","No","0.250%","09/30/2021","$60,000,000,000","No","No","$67,226,031,500"
"91282CCZ2","Note","5-Year","09/27/2021","09/30/2021","09/30/2026","99.440349","No","","$82,611,000,000","No","0.875%","09/30/2021","$61,000,000,000","No","No","$68,346,508,900"
"91282CCM1","Note","9-Year 10-Month","09/23/2021","09/30/2021","07/15/2031","112.982468","No","$16,000,000,000","$82,611,000,000","No","0.125%","09/30/2021","$14,000,000,000","Yes","Yes","$15,686,082,900"
"912796M55","Bill","4-Week","09/23/2021","09/28/2021","10/26/2021","99.996111","No","$68,261,000,000","$100,003,000,000","No","","09/28/2021","$10,000,000,000","Yes","No","$11,770,930,900"
"912796N70","Bill","8-Week","09/23/2021","09/28/2021","11/23/2021","99.994556","No","$30,001,000,000","$100,003,000,000","No","","09/28/2021","$25,000,000,000","Yes","No","$29,427,149,100"
"912796Q85","Bill","119-Day","09/22/2021","09/28/2021","01/25/2022","99.988431","Yes","","","No","","09/28/2021","$30,000,000,000","No","No","$30,000,606,800"
"91282CCQ2","Note","1-Year 10-Month","09/22/2021","09/24/2021","07/31/2023","100.005620","No","$56,682,000,000","$0","Yes","","09/24/2021","$26,000,000,000","Yes","No","$26,000,034,600"
"912810TA6","Bond","19-Year 11-Month","09/21/2021","09/30/2021","08/15/2041","99.249087","No","$30,392,000,000","$82,611,000,000","No","1.750%","09/30/2021","$24,000,000,000","Yes","No","$26,890,418,900"
"912796J75","Bill","13-Week","09/20/2021","09/23/2021","12/23/2021","99.991153","No","$55,952,000,000","$176,001,000,000","No","","09/23/2021","$45,000,000,000","Yes","No","$46,990,297,300"
"912796F38","Bill","26-Week","09/20/2021","09/23/2021","03/24/2022","99.977250","No","$35,210,000,000","$176,001,000,000","No","","09/23/2021","$45,000,000,000","Yes","No","$46,990,556,400"
"912796M48","Bill","4-Week","09/16/2021","09/21/2021","10/19/2021","99.995722","No","$68,079,000,000","$105,005,000,000","No","","09/21/2021","$15,000,000,000","Yes","No","$17,196,485,400"
"912796N62","Bill","8-Week","09/16/2021","09/21/2021","11/16/2021","99.991444","No","$30,003,000,000","$105,005,000,000","No","","09/21/2021","$30,000,000,000","Yes","No","$34,393,581,100"
"912796Q77","Bill","119-Day","09/15/2021","09/21/2021","01/18/2022","99.985125","Yes","","","No","","09/21/2021","$30,000,000,000","No","No","$30,001,133,000"
"912796J67","Bill","13-Week","09/13/2021","09/16/2021","12/16/2021","99.989889","No","$59,290,000,000","$131,001,000,000","No","","09/16/2021","$48,000,000,000","Yes","No","$53,293,808,200"
"912796N21","Bill","26-Week","09/13/2021","09/16/2021","03/17/2022","99.974722","No","","$131,001,000,000","No","","09/16/2021","$45,000,000,000","No","No","$49,965,366,000"
"912810SZ2","Bond","29-Year 11-Month","09/09/2021","09/15/2021","08/15/2051","102.042432","No","$39,046,000,000","$22,222,000,000","No","2.000%","09/15/2021","$24,000,000,000","Yes","No","$26,555,612,000"
"912796M30","Bill","4-Week","09/09/2021","09/14/2021","10/12/2021","99.995333","No","$72,595,000,000","$110,002,000,000","No","","09/14/2021","$20,000,000,000","Yes","No","$22,187,546,400"
"912796N54","Bill","8-Week","09/09/2021","09/14/2021","11/09/2021","99.989889","No","$35,001,000,000","$110,002,000,000","No","","09/14/2021","$30,000,000,000","Yes","No","$33,281,357,300"
"91282CCS8","Note","9-Year 11-Month","09/08/2021","09/15/2021","08/15/2031","99.184765","No","$59,292,000,000","$22,222,000,000","No","1.250%","09/15/2021","$38,000,000,000","Yes","No","$42,046,369,700"
"912796Q69","Bill","119-Day","09/08/2021","09/14/2021","01/11/2022","99.985125","Yes","","","No","","09/14/2021","$30,000,000,000","No","No","$30,001,689,900"
"91282CCX7","Note","3-Year","09/07/2021","09/15/2021","09/15/2024","99.785680","No","","$22,222,000,000","No","0.375%","09/15/2021","$58,000,000,000","No","No","$64,176,071,300"
"912796F61","Bill","21-Day","09/07/2021","09/09/2021","09/30/2021","99.997083","Yes","$145,432,000,000","","No","","09/09/2021","$45,000,000,000","Yes","No","$45,001,923,000"
"912796J59","Bill","13-Week","09/07/2021","09/09/2021","12/09/2021","99.988625","No","$58,648,000,000","$162,006,000,000","No","","09/09/2021","$51,000,000,000","Yes","No","$56,129,823,600"
"912796M97","Bill","26-Week","09/07/2021","09/09/2021","03/10/2022","99.974722","No","","$162,006,000,000","No","","09/09/2021","$48,000,000,000","No","No","$52,828,936,800"
"912796M71","Bill","52-Week","09/07/2021","09/09/2021","09/08/2022","99.924167","No","","$162,006,000,000","No","","09/09/2021","$34,000,000,000","No","No","$37,419,840,200"
"912796M22","Bill","4-Week","09/02/2021","09/07/2021","10/05/2021","99.997278","No","$73,048,000,000","$115,004,000,000","No","","09/07/2021","$25,000,000,000","Yes","No","$28,063,883,400"
"912796M63","Bill","8-Week","09/02/2021","09/07/2021","11/02/2021","99.989889","No","$35,002,000,000","$115,004,000,000","No","","09/07/2021","$30,000,000,000","Yes","No","$33,676,063,600"
"912796Q51","Bill","119-Day","09/01/2021","09/07/2021","01/04/2022","99.985125","Yes","","","No","","09/07/2021","$30,000,000,000","No","No","$30,000,978,500"
"912796F53","Bill","21-Day","08/31/2021","09/02/2021","09/23/2021","99.997667","Yes","$134,981,000,000","","No","","09/02/2021","$45,000,000,000","Yes","No","$45,000,277,000"
"9127965G0","Bill","13-Week","08/30/2021","09/02/2021","12/02/2021","99.988625","No","$100,151,000,000","$143,001,000,000","No","","09/02/2021","$51,000,000,000","Yes","No","$58,423,042,600"
"912796L98","Bill","26-Week","08/30/2021","09/02/2021","03/03/2022","99.972194","No","","$143,001,000,000","No","","09/02/2021","$48,000,000,000","No","No","$54,986,809,500"
"912796L56","Bill","4-Week","08/26/2021","08/31/2021","09/28/2021","99.997278","No","$72,939,000,000","$115,002,000,000","No","","08/31/2021","$30,000,000,000","Yes","No","$33,259,946,000"
"912796M55","Bill","8-Week","08/26/2021","08/31/2021","10/26/2021","99.990667","No","$35,001,000,000","$115,002,000,000","No","","08/31/2021","$30,000,000,000","Yes","No","$33,260,795,200"
"91282CCV1","Note","7-Year","08/26/2021","08/31/2021","08/31/2028","99.798822","No","","$83,132,000,000","No","1.125%","08/31/2021","$62,000,000,000","No","No","$69,789,802,900"
"912796P86","Bill","119-Day","08/25/2021","08/31/2021","12/28/2021","99.983472","Yes","","","No","","08/31/2021","$30,000,000,000","No","No","$30,002,583,400"
"91282CCW9","Note","5-Year","08/25/2021","08/31/2021","08/31/2026","99.604103","No","","$83,132,000,000","No","0.750%","08/31/2021","$61,000,000,000","No","No","$68,664,203,000"
"91282CCQ2","Note","1-Year 11-Month","08/25/2021","08/27/2021","07/31/2023","100.005852","No","$30,682,000,000","$0","Yes","","08/27/2021","$26,000,000,000","Yes","No","$26,000,630,600"
"91282CCU3","Note","2-Year","08/24/2021","08/31/2021","08/31/2023","99.766706","No","","$83,132,000,000","No","0.125%","08/31/2021","$60,000,000,000","No","No","$67,538,628,300"
"912796ZC6","Bill","67-Day","08/24/2021","08/26/2021","11/01/2021","99.988833","Yes","","","No","","08/26/2021","$40,000,000,000","No","No","$40,000,336,000"
"912796H77","Bill","13-Week","08/23/2021","08/26/2021","11/26/2021","99.985944","No","$59,015,000,000","$143,009,000,000","No","","08/26/2021","$51,000,000,000","Yes","No","$56,643,680,400"
"912796D30","Bill","26-Week","08/23/2021","08/26/2021","02/24/2022","99.974722","No","$37,771,000,000","$143,009,000,000","No","","08/26/2021","$48,000,000,000","Yes","No","$53,311,062,100"
"912810SV1","Bond","29-Year 6-Month","08/19/2021","08/31/2021","02/15/2051","117.718212","No","$8,995,000,000","$83,132,000,000","No","0.125%","08/31/2021","$8,000,000,000","Yes","Yes","$9,005,135,100"
"912796L49","Bill","4-Week","08/19/2021","08/24/2021","09/21/2021","99.996889","No","$73,005,000,000","$115,005,000,000","No","","08/24/2021","$35,000,000,000","Yes","No","$38,588,545,400"
"912796M48","Bill","8-Week","08/19/2021","08/24/2021","10/19/2021","99.991444","No","$35,002,000,000","$115,005,000,000","No","","08/24/2021","$30,000,000,000","Yes","No","$33,076,618,000"
"912810TA6","Bond","20-Year","08/18/2021","08/31/2021","08/15/2041","98.336995","No","","$83,132,000,000","No","1.750%","08/31/2021","$27,000,000,000","No","No","$30,392,375,200"
"912796P78","Bill","119-Day","08/18/2021","08/24/2021","12/21/2021","99.985125","Yes","","","No","","08/24/2021","$30,000,000,000","No","No","$30,000,049,000"
"912796F61","Bill","42-Day","08/17/2021","08/19/2021","09/30/2021","99.995333","Yes","$125,431,000,000","","No","","08/19/2021","$20,000,000,000","Yes","No","$20,000,995,500"
"912796ZB8","Bill","57-Day","08/17/2021","08/19/2021","10/15/2021","99.989708","Yes","","","No","","08/19/2021","$50,000,000,000","No","No","$50,000,498,300"
"912796H69","Bill","13-Week","08/16/2021","08/19/2021","11/18/2021","99.982306","No","$60,765,000,000","$148,010,000,000","No","","08/19/2021","$51,000,000,000","Yes","No","$58,141,795,900"
"912796L80","Bill","26-Week","08/16/2021","08/19/2021","02/17/2022","99.974722","No","","$148,010,000,000","No","","08/19/2021","$48,000,000,000","No","No","$54,722,234,900"
"912796L31","Bill","4-Week","08/12/2021","08/17/2021","09/14/2021","99.996500","No","$72,506,000,000","$115,003,000,000","No","","08/17/2021","$40,000,000,000","Yes","No","$42,964,588,000"
"912796M30","Bill","8-Week","08/12/2021","08/17/2021","10/12/2021","99.991444","No","$35,002,000,000","$115,003,000,000","No","","08/17/2021","$35,000,000,000","Yes","No","$37,593,901,500"
"912810SZ2","Bond","30-Year","08/12/2021","08/16/2021","08/15/2051","99.105786","No","","$58,598,000,000","No","2.000%","08/15/2021","$27,000,000,000","No","No","$39,045,825,200"
"912796P60","Bill","119-Day","08/11/2021","08/17/2021","12/14/2021","99.985125","Yes","","","No","","08/17/2021","$30,000,000,000","No","No","$30,002,038,500"
"91282CCS8","Note","10-Year","08/11/2021","08/16/2021","08/15/2031","99.160510","No","","$58,598,000,000","No","1.250%","08/15/2021","$41,000,000,000","No","No","$59,291,870,300"
"91282CCT6","Note","3-Year","08/10/2021","08/16/2021","08/15/2024","99.732422","No","","$58,598,000,000","No","0.375%","08/15/2021","$58,000,000,000","No","No","$83,876,214,400"
"912796F53","Bill","42-Day","08/10/2021","08/12/2021","09/23/2021","99.995333","Yes","$114,981,000,000","","No","","08/12/2021","$20,000,000,000","Yes","No","$20,000,407,500"
"912796L64","Bill","52-Week","08/10/2021","08/12/2021","08/11/2022","99.919111","No","","$181,997,000,000","No","","08/12/2021","$34,000,000,000","No","No","$37,847,139,700"
"912796H51","Bill","13-Week","08/09/2021","08/12/2021","11/12/2021","99.987222","No","$59,659,000,000","$181,997,000,000","No","","08/12/2021","$54,000,000,000","Yes","No","$60,110,309,300"
"912796L72","Bill","26-Week","08/09/2021","08/12/2021","02/10/2022","99.974722","No","","$181,997,000,000","No","","08/12/2021","$51,000,000,000","No","No","$56,773,235,400"
"912796L23","Bill","4-Week","08/05/2021","08/10/2021","09/07/2021","99.996889","No","$78,256,000,000","$115,005,000,000","No","","08/10/2021","$40,000,000,000","Yes","No","$43,482,066,700"
"912796M22","Bill","8-Week","08/05/2021","08/10/2021","10/05/2021","99.992222","No","$35,002,000,000","$115,005,000,000","No","","08/10/2021","$35,000,000,000","Yes","No","$38,046,105,800"
"912796P52","Bill","119-Day","08/04/2021","08/10/2021","12/07/2021","99.983472","Yes","","","No","","08/10/2021","$30,000,000,000","No","No","$30,001,488,500"
"912796F46","Bill","42-Day","08/03/2021","08/05/2021","09/16/2021","99.995333","Yes","$121,256,000,000","","No","","08/05/2021","$20,000,000,000","Yes","No","$20,001,212,000"
"9127964W6","Bill","13-Week","08/02/2021","08/05/2021","11/04/2021","99.987361","No","$100,840,000,000","$148,002,000,000","No","","08/05/2021","$54,000,000,000","Yes","No","$61,590,204,400"
"912796K99","Bill","26-Week","08/02/2021","08/05/2021","02/03/2022","99.972194","No","","$148,002,000,000","No","","08/05/2021","$51,000,000,000","No","No","$58,167,562,700"
"912796K40","Bill","4-Week","07/29/2021","08/03/2021","08/31/2021","99.996500","No","$78,164,000,000","$115,004,000,000","No","","08/03/2021","$40,000,000,000","Yes","No","$43,357,785,800"
"912796L56","Bill","8-Week","07/29/2021","08/03/2021","09/28/2021","99.993000","No","$35,001,000,000","$115,004,000,000","No","","08/03/2021","$35,000,000,000","Yes","No","$37,938,429,100"
"91282CCR0","Note","7-Year","07/29/2021","08/02/2021","07/31/2028","99.663627","No","","$141,252,000,000","No","1.000%","07/31/2021","$62,000,000,000","No","No","$67,937,363,800"
"912796N88","Bill","119-Day","07/28/2021","08/03/2021","11/30/2021","99.983472","Yes","","","No","","08/03/2021","$30,000,000,000","No","No","$30,001,229,000"
"91282CCQ2","Note","2-Year","07/28/2021","08/02/2021","07/31/2023","100.000000","No","","$141,252,000,000","Yes","","07/31/2021","$28,000,000,000","No","No","$30,681,581,600"
"91282CCP4","Note","5-Year","07/27/2021","08/02/2021","07/31/2026","99.583614","No","","$141,252,000,000","No","0.625%","07/31/2021","$61,000,000,000","No","No","$66,841,604,300"
"9127964L0","Bill","42-Day","07/27/2021","07/29/2021","09/09/2021","99.995333","Yes","$155,381,000,000","","No","","07/29/2021","$20,000,000,000","Yes","No","$20,000,587,000"
"91282CCN9","Note","2-Year","07/26/2021","08/02/2021","07/31/2023","99.824943","No","","$141,252,000,000","No","0.125%","07/31/2021","$60,000,000,000","No","No","$65,745,819,700"
"912796G78","Bill","13-Week","07/26/2021","07/29/2021","10/28/2021","99.987361","No","$59,823,000,000","$148,001,000,000","No","","07/29/2021","$54,000,000,000","Yes","No","$60,739,163,000"
"912796C31","Bill","26-Week","07/26/2021","07/29/2021","01/27/2022","99.974722","No","$38,636,000,000","$148,001,000,000","No","","07/29/2021","$51,000,000,000","Yes","No","$57,365,441,600"
"91282CCM1","Note","10-Year","07/22/2021","07/30/2021","07/15/2031","112.423650","No","","$0","No","0.125%","07/30/2021","$16,000,000,000","No","Yes","$16,000,086,600"
"912796K32","Bill","4-Week","07/22/2021","07/27/2021","08/24/2021","99.996500","No","$78,235,000,000","$115,001,000,000","No","","07/27/2021","$40,000,000,000","Yes","No","$43,431,423,100"
"912796L49","Bill","8-Week","07/22/2021","07/27/2021","09/21/2021","99.993000","No","$35,001,000,000","$115,001,000,000","No","","07/27/2021","$35,000,000,000","Yes","No","$38,003,921,000"
"912810SY5","Bond","19-Year 10-Month","07/21/2021","08/02/2021","05/15/2041","105.917067","No","$59,884,000,000","$141,252,000,000","No","2.250%","07/31/2021","$24,000,000,000","Yes","No","$26,298,329,200"
"912796N70","Bill","119-Day","07/21/2021","07/27/2021","11/23/2021","99.983472","Yes","","","No","","07/27/2021","$30,000,000,000","No","No","$30,000,811,000"
"912796D63","Bill","42-Day","07/20/2021","07/22/2021","09/02/2021","99.994750","Yes","$122,404,000,000","","No","","07/22/2021","$35,000,000,000","Yes","No","$35,001,231,000"
"912796G60","Bill","13-Week","07/19/2021","07/22/2021","10/21/2021","99.987361","No","$60,369,000,000","$148,002,000,000","No","","07/22/2021","$54,000,000,000","Yes","No","$61,159,064,400"
"912796K81","Bill","26-Week","07/19/2021","07/22/2021","01/20/2022","99.974722","No","","$148,002,000,000","No","","07/22/2021","$51,000,000,000","No","No","$57,762,515,700"
"912796K24","Bill","4-Week","07/15/2021","07/20/2021","08/17/2021","99.996500","No","$77,699,000,000","$144,994,000,000","No","","07/20/2021","$40,000,000,000","Yes","No","$42,861,707,000"
"912796L31","Bill","8-Week","07/15/2021","07/20/2021","09/14/2021","99.992222","No","$35,001,000,000","$144,994,000,000","No","","07/20/2021","$35,000,000,000","Yes","No","$37,505,635,200"
"912796N62","Bill","119-Day","07/14/2021","07/20/2021","11/16/2021","99.983472","Yes","","","No","","07/20/2021","$30,000,000,000","No","No","$30,003,019,000"
"912796D55","Bill","42-Day","07/13/2021","07/15/2021","08/26/2021","99.994750","Yes","$118,960,000,000","","No","","07/15/2021","$35,000,000,000","Yes","No","$35,001,050,500"
"912796K57","Bill","52-Week","07/13/2021","07/15/2021","07/14/2022","99.924167","No","","$181,995,000,000","No","","07/15/2021","$34,000,000,000","No","No","$38,166,459,800"
"912810SX7","Bond","29-Year 10-Month","07/13/2021","07/15/2021","05/15/2051","108.392467","No","$67,530,000,000","$55,992,000,000","No","2.375%","07/15/2021","$24,000,000,000","Yes","No","$27,950,950,000"
"912796G52","Bill","13-Week","07/12/2021","07/15/2021","10/14/2021","99.987361","No","$59,917,000,000","$181,995,000,000","No","","07/15/2021","$54,000,000,000","Yes","No","$60,620,186,300"
"912796K73","Bill","26-Week","07/12/2021","07/15/2021","01/13/2022","99.974722","No","","$181,995,000,000","No","","07/15/2021","$51,000,000,000","No","No","$57,249,251,600"
"91282CCL3","Note","3-Year","07/12/2021","07/15/2021","07/15/2024","99.848134","No","","$55,992,000,000","No","0.375%","07/15/2021","$58,000,000,000","No","No","$67,548,183,300"
"91282CCB5","Note","9-Year 10-Month","07/12/2021","07/15/2021","05/15/2031","102.328230","No","$104,246,000,000","$55,992,000,000","No","1.625%","07/15/2021","$38,000,000,000","Yes","No","$44,255,708,800"
"912796J91","Bill","4-Week","07/08/2021","07/13/2021","08/10/2021","99.996111","No","$78,273,000,000","$140,003,000,000","No","","07/13/2021","$40,000,000,000","Yes","No","$43,259,042,100"
"912796L23","Bill","8-Week","07/08/2021","07/13/2021","09/07/2021","99.993000","No","$35,000,000,000","$140,003,000,000","No","","07/13/2021","$40,000,000,000","Yes","No","$43,256,581,900"
"912796N54","Bill","119-Day","07/07/2021","07/13/2021","11/09/2021","99.983472","Yes","","","No","","07/13/2021","$35,000,000,000","No","No","$35,000,534,500"
"912796D48","Bill","42-Day","07/06/2021","07/08/2021","08/19/2021","99.994750","Yes","$121,870,000,000","","No","","07/08/2021","$40,000,000,000","Yes","No","$40,002,141,000"
"9127964V8","Bill","13-Week","07/06/2021","07/08/2021","10/07/2021","99.987361","No","$100,309,000,000","$147,994,000,000","No","","07/08/2021","$57,000,000,000","Yes","No","$64,235,953,000"
"912796K65","Bill","26-Week","07/06/2021","07/08/2021","01/06/2022","99.974722","No","","$147,994,000,000","No","","07/08/2021","$54,000,000,000","No","No","$60,854,749,700"
"912796J83","Bill","4-Week","07/01/2021","07/06/2021","08/03/2021","99.996111","No","$78,137,000,000","$140,006,000,000","No","","07/06/2021","$40,000,000,000","Yes","No","$43,164,197,400"
"912796K40","Bill","8-Week","07/01/2021","07/06/2021","08/31/2021","99.993000","No","$35,001,000,000","$140,006,000,000","No","","07/06/2021","$40,000,000,000","Yes","No","$43,162,823,300"
"912796M63","Bill","119-Day","06/30/2021","07/06/2021","11/02/2021","99.983472","Yes","","","No","","07/06/2021","$35,000,000,000","No","No","$35,002,061,500"
"9127964B2","Bill","42-Day","06/29/2021","07/01/2021","08/12/2021","99.994167","Yes","$157,723,000,000","","No","","07/01/2021","$40,000,000,000","Yes","No","$40,001,927,800"
"912796F61","Bill","13-Week","06/28/2021","07/01/2021","09/30/2021","99.987361","No","$60,495,000,000","$148,005,000,000","No","","07/01/2021","$57,000,000,000","Yes","No","$64,936,522,900"
"912796A90","Bill","26-Week","06/28/2021","07/01/2021","12/30/2021","99.972194","No","$39,731,000,000","$148,005,000,000","No","","07/01/2021","$54,000,000,000","Yes","No","$61,517,700,300"
"91282CCH2","Note","7-Year","06/24/2021","06/30/2021","06/30/2028","99.906493","No","","$76,397,000,000","No","1.250%","06/30/2021","$62,000,000,000","No","No","$71,411,089,100"
"912796J34","Bill","4-Week","06/24/2021","06/29/2021","07/27/2021","99.996500","No","$78,202,000,000","$140,003,000,000","No","","06/29/2021","$40,000,000,000","Yes","No","$43,232,235,900"
"912796K32","Bill","8-Week","06/24/2021","06/29/2021","08/24/2021","99.992222","No","$35,000,000,000","$140,003,000,000","No","","06/29/2021","$40,000,000,000","Yes","No","$43,234,671,300"
"91282CCJ8","Note","5-Year","06/23/2021","06/30/2021","06/30/2026","99.858540","No","","$76,397,000,000","No","0.875%","06/30/2021","$61,000,000,000","No","No","$70,259,297,300"
"912796M55","Bill","119-Day","06/23/2021","06/29/2021","10/26/2021","99.983472","Yes","","","No","","06/29/2021","$35,000,000,000","No","No","$35,000,605,000"
"91282CBY6","Note","1-Year 10-Month","06/23/2021","06/25/2021","04/30/2023","100.007483","No","$59,347,000,000","$0","Yes","","06/25/2021","$26,000,000,000","Yes","No","$26,000,348,200"
"91282CCK5","Note","2-Year","06/22/2021","06/30/2021","06/30/2023","99.752770","No","","$76,397,000,000","No","0.125%","06/30/2021","$60,000,000,000","No","No","$69,107,625,300"
"912796C64","Bill","42-Day","06/22/2021","06/24/2021","08/05/2021","99.995333","Yes","$122,752,000,000","","No","","06/24/2021","$40,000,000,000","Yes","No","$40,000,763,000"
"912796F53","Bill","13-Week","06/21/2021","06/24/2021","09/23/2021","99.988625","No","$55,921,000,000","$148,002,000,000","No","","06/24/2021","$57,000,000,000","Yes","No","$59,059,383,700"
"912796J75","Bill","26-Week","06/21/2021","06/24/2021","12/23/2021","99.972194","No","","$148,002,000,000","No","","06/24/2021","$54,000,000,000","No","No","$55,951,335,600"
"91282CCA7","Note","4-Year 10-Month","06/17/2021","06/30/2021","04/15/2026","109.611203","No","$21,435,000,000","$76,397,000,000","No","0.125%","06/30/2021","$16,000,000,000","Yes","Yes","$18,428,822,600"
"912796J26","Bill","4-Week","06/17/2021","06/22/2021","07/20/2021","99.996500","No","$107,672,000,000","$110,008,000,000","No","","06/22/2021","$40,000,000,000","Yes","No","$42,695,351,800"
"912796K24","Bill","8-Week","06/17/2021","06/22/2021","08/17/2021","99.994556","No","$35,000,000,000","$110,008,000,000","No","","06/22/2021","$40,000,000,000","Yes","No","$42,698,205,800"
"912796M48","Bill","119-Day","06/16/2021","06/22/2021","10/19/2021","99.988431","Yes","","","No","","06/22/2021","$35,000,000,000","No","No","$35,002,377,300"
"912810SY5","Bond","19-Year 11-Month","06/15/2021","06/30/2021","05/15/2041","102.097342","No","$32,240,000,000","$76,397,000,000","No","2.250%","06/30/2021","$24,000,000,000","Yes","No","$27,643,030,700"
"912796C56","Bill","42-Day","06/15/2021","06/17/2021","07/29/2021","99.998250","Yes","$121,101,000,000","","No","","06/17/2021","$40,000,000,000","Yes","No","$40,000,852,000"
"912796J42","Bill","52-Week","06/15/2021","06/17/2021","06/16/2022","99.929222","No","","$211,994,000,000","No","","06/17/2021","$34,000,000,000","No","No","$37,331,915,400"
"912796F46","Bill","13-Week","06/14/2021","06/17/2021","09/16/2021","99.993681","No","$58,669,000,000","$211,994,000,000","No","","06/17/2021","$57,000,000,000","Yes","No","$62,586,584,200"
"912796J67","Bill","26-Week","06/14/2021","06/17/2021","12/16/2021","99.979778","No","","$211,994,000,000","No","","06/17/2021","$54,000,000,000","No","No","$59,292,265,100"
"912796H93","Bill","4-Week","06/10/2021","06/15/2021","07/13/2021","99.999611","No","$103,243,000,000","$110,003,000,000","No","","06/15/2021","$40,000,000,000","Yes","No","$43,273,075,500"
"912796J91","Bill","8-Week","06/10/2021","06/15/2021","08/10/2021","99.996889","No","$35,001,000,000","$110,003,000,000","No","","06/15/2021","$40,000,000,000","Yes","No","$43,272,508,700"
"912810SX7","Bond","29-Year 11-Month","06/10/2021","06/15/2021","05/15/2051","104.447071","No","$41,324,000,000","$20,968,000,000","No","2.375%","06/15/2021","$24,000,000,000","Yes","No","$26,206,402,700"
"912796M30","Bill","119-Day","06/09/2021","06/15/2021","10/12/2021","99.990083","Yes","","","No","","06/15/2021","$35,000,000,000","No","No","$35,002,117,900"
"91282CCB5","Note","9-Year 11-Month","06/09/2021","06/15/2021","05/15/2031","101.174616","No","$62,753,000,000","$20,968,000,000","No","1.625%","06/15/2021","$38,000,000,000","Yes","No","$41,493,489,400"
"91282CCG4","Note","3-Year","06/08/2021","06/15/2021","06/15/2024","99.776274","No","","$20,968,000,000","No","0.250%","06/15/2021","$58,000,000,000","No","No","$63,332,231,400"
"912796C49","Bill","42-Day","06/08/2021","06/10/2021","07/22/2021","99.998833","Yes","$121,920,000,000","","No","","06/10/2021","$40,000,000,000","Yes","No","$40,000,972,000"
"9127964L0","Bill","13-Week","06/07/2021","06/10/2021","09/09/2021","99.993681","No","$93,473,000,000","$175,005,000,000","No","","06/10/2021","$57,000,000,000","Yes","No","$61,905,656,900"
"912796J59","Bill","26-Week","06/07/2021","06/10/2021","12/09/2021","99.979778","No","","$175,005,000,000","No","","06/10/2021","$54,000,000,000","No","No","$58,647,558,600"
"912796H85","Bill","4-Week","06/03/2021","06/08/2021","07/06/2021","100.000000","No","$103,194,000,000","$110,002,000,000","No","","06/08/2021","$40,000,000,000","Yes","No","$43,136,776,900"
"912796J83","Bill","8-Week","06/03/2021","06/08/2021","08/03/2021","99.997667","No","$35,002,000,000","$110,002,000,000","No","","06/08/2021","$40,000,000,000","Yes","No","$43,133,116,000"
"912796M22","Bill","119-Day","06/02/2021","06/08/2021","10/05/2021","99.990083","Yes","","","No","","06/08/2021","$35,000,000,000","No","No","$35,001,600,900"
"9127963S6","Bill","42-Day","06/01/2021","06/03/2021","07/15/2021","99.999417","Yes","$159,027,000,000","","No","","06/03/2021","$40,000,000,000","Yes","No","$40,000,420,000"
"912796D63","Bill","13-Week","06/01/2021","06/03/2021","09/02/2021","99.994944","No","$57,841,000,000","$175,003,000,000","No","","06/03/2021","$57,000,000,000","Yes","No","$64,563,297,700"
"9127965G0","Bill","26-Week","06/01/2021","06/03/2021","12/02/2021","99.982306","No","$38,987,000,000","$175,003,000,000","No","","06/03/2021","$54,000,000,000","Yes","No","$61,163,912,200"
"912796H36","Bill","4-Week","05/27/2021","06/01/2021","06/29/2021","100.000000","No","$103,260,000,000","$135,002,000,000","No","","06/01/2021","$40,000,000,000","Yes","No","$43,205,612,100"
"912796J34","Bill","8-Week","05/27/2021","06/01/2021","07/27/2021","99.999222","No","$35,000,000,000","$135,002,000,000","No","","06/01/2021","$40,000,000,000","Yes","No","$43,201,288,900"
"91282CCE9","Note","7-Year","05/27/2021","06/01/2021","05/31/2028","99.766478","No","","$75,118,000,000","No","1.250%","05/31/2021","$62,000,000,000","No","No","$74,034,259,400"
"912796L56","Bill","119-Day","05/26/2021","06/01/2021","09/28/2021","99.993389","Yes","","","No","","06/01/2021","$35,000,000,000","No","No","$35,000,802,000"
"91282CCF6","Note","5-Year","05/26/2021","06/01/2021","05/31/2026","99.814145","No","","$75,118,000,000","No","0.750%","05/31/2021","$61,000,000,000","No","No","$72,840,141,200"
"91282CBY6","Note","1-Year 11-Month","05/26/2021","05/28/2021","04/30/2023","100.007796","No","$33,347,000,000","$0","Yes","","05/28/2021","$26,000,000,000","Yes","No","$26,000,143,500"
"91282CCD1","Note","2-Year","05/25/2021","06/01/2021","05/31/2023","99.946175","No","","$75,118,000,000","No","0.125%","05/31/2021","$60,000,000,000","No","No","$71,646,038,200"
"912796B57","Bill","42-Day","05/25/2021","05/27/2021","07/08/2021","99.999417","Yes","$122,081,000,000","","No","","05/27/2021","$40,000,000,000","Yes","No","$40,001,578,000"
"912796D55","Bill","13-Week","05/24/2021","05/27/2021","08/26/2021","99.996208","No","$56,658,000,000","$175,003,000,000","No","","05/27/2021","$57,000,000,000","Yes","No","$62,296,484,100"
"912796H77","Bill","26-Week","05/24/2021","05/27/2021","11/26/2021","99.984750","No","","$175,003,000,000","No","","05/27/2021","$54,000,000,000","No","No","$59,015,936,500"
"91282CBF7","Note","9-Year 8-Month","05/20/2021","05/28/2021","01/15/2031","111.149129","No","$30,333,000,000","$0","No","0.125%","05/28/2021","$13,000,000,000","Yes","Yes","$13,000,023,000"
"912796H28","Bill","4-Week","05/20/2021","05/25/2021","06/22/2021","100.000000","No","$72,722,000,000","$134,989,000,000","No","","05/25/2021","$40,000,000,000","Yes","No","$42,676,490,400"
"912796J26","Bill","8-Week","05/20/2021","05/25/2021","07/20/2021","99.999222","No","$65,000,000,000","$134,989,000,000","No","","05/25/2021","$40,000,000,000","Yes","No","$42,671,240,700"
"912810SY5","Bond","20-Year","05/19/2021","06/01/2021","05/15/2041","99.424698","No","","$75,118,000,000","No","2.250%","05/31/2021","$27,000,000,000","No","No","$32,240,706,100"
"912796L49","Bill","119-Day","05/19/2021","05/25/2021","09/21/2021","99.995042","Yes","","","No","","05/25/2021","$35,000,000,000","No","No","$35,000,798,000"
"912796B40","Bill","42-Day","05/18/2021","05/20/2021","07/01/2021","99.999417","Yes","$123,453,000,000","","No","","05/20/2021","$40,000,000,000","Yes","No","$40,003,939,900"
"912796H44","Bill","52-Week","05/18/2021","05/20/2021","05/19/2022","99.944389","No","","$205,997,000,000","No","","05/20/2021","$34,000,000,000","No","No","$38,260,146,100"
"912796D48","Bill","13-Week","05/17/2021","05/20/2021","08/19/2021","99.996208","No","$57,723,000,000","$205,997,000,000","No","","05/20/2021","$57,000,000,000","Yes","No","$64,142,662,400"
"912796H69","Bill","26-Week","05/17/2021","05/20/2021","11/18/2021","99.984833","No","","$205,997,000,000","No","","05/20/2021","$54,000,000,000","No","No","$60,766,199,900"
"912796G94","Bill","4-Week","05/13/2021","05/18/2021","06/15/2021","100.000000","No","$73,304,000,000","$134,998,000,000","No","","05/18/2021","$40,000,000,000","Yes","No","$43,242,178,600"
"912796H93","Bill","8-Week","05/13/2021","05/18/2021","07/13/2021","99.998444","No","$60,001,000,000","$134,998,000,000","No","","05/18/2021","$40,000,000,000","Yes","No","$43,242,554,200"
"912810SX7","Bond","30-Year","05/13/2021","05/17/2021","05/15/2051","99.573653","No","","$47,693,000,000","No","2.375%","05/15/2021","$27,000,000,000","No","No","$41,323,641,800"
"912796L31","Bill","119-Day","05/12/2021","05/18/2021","09/14/2021","99.993389","Yes","","","No","","05/18/2021","$35,000,000,000","No","No","$35,001,188,500"
"91282CCB5","Note","10-Year","05/12/2021","05/17/2021","05/15/2031","99.459286","No","","$47,693,000,000","No","1.625%","05/15/2021","$41,000,000,000","No","No","$62,750,698,000"
"91282CCC3","Note","3-Year","05/11/2021","05/17/2021","05/15/2024","99.764780","No","","$47,693,000,000","No","0.250%","05/15/2021","$58,000,000,000","No","No","$88,769,313,900"
"912796B32","Bill","42-Day","05/11/2021","05/13/2021","06/24/2021","99.999417","Yes","$112,012,000,000","","No","","05/13/2021","$40,000,000,000","Yes","No","$40,000,037,000"
"9127964B2","Bill","13-Week","05/10/2021","05/13/2021","08/12/2021","99.996208","No","$94,757,000,000","$175,005,000,000","No","","05/13/2021","$57,000,000,000","Yes","No","$62,974,948,700"
"912796H51","Bill","26-Week","05/10/2021","05/13/2021","11/12/2021","99.982208","No","","$175,005,000,000","No","","05/13/2021","$54,000,000,000","No","No","$59,659,054,300"
"912796G86","Bill","4-Week","05/06/2021","05/11/2021","06/08/2021","99.999222","No","$73,074,000,000","$130,001,000,000","No","","05/11/2021","$40,000,000,000","Yes","No","$43,193,904,700"
"912796H85","Bill","8-Week","05/06/2021","05/11/2021","07/06/2021","99.998444","No","$60,002,000,000","$130,001,000,000","No","","05/11/2021","$40,000,000,000","Yes","No","$43,191,959,100"
"912796L23","Bill","119-Day","05/05/2021","05/11/2021","09/07/2021","99.991736","Yes","","","No","","05/11/2021","$35,000,000,000","No","No","$35,000,304,000"
"9127963H0","Bill","42-Day","05/04/2021","05/06/2021","06/17/2021","99.998833","Yes","$186,199,000,000","","No","","05/06/2021","$40,000,000,000","Yes","No","$40,001,748,600"
"912796C64","Bill","13-Week","05/03/2021","05/06/2021","08/05/2021","99.996208","No","$57,872,000,000","$175,001,000,000","No","","05/06/2021","$57,000,000,000","Yes","No","$64,879,270,300"
"9127964W6","Bill","26-Week","05/03/2021","05/06/2021","11/04/2021","99.982306","No","$39,377,000,000","$175,001,000,000","No","","05/06/2021","$54,000,000,000","Yes","No","$61,463,736,000"
"912796G37","Bill","4-Week","04/29/2021","05/04/2021","06/01/2021","100.000000","No","$98,142,000,000","$130,004,000,000","No","","05/04/2021","$40,000,000,000","Yes","No","$43,262,406,000"
"912796H36","Bill","8-Week","04/29/2021","05/04/2021","06/29/2021","99.998444","No","$60,001,000,000","$130,004,000,000","No","","05/04/2021","$40,000,000,000","Yes","No","$43,262,459,400"
"912796K40","Bill","119-Day","04/28/2021","05/04/2021","08/31/2021","99.991736","Yes","","","No","","05/04/2021","$35,000,000,000","No","No","$35,001,398,600"
"91282CBY6","Note","2-Year","04/27/2021","04/30/2021","04/30/2023","100.000000","No","","$122,375,000,000","Yes","","04/30/2021","$28,000,000,000","No","No","$33,347,241,700"
"91282CBZ3","Note","7-Year","04/27/2021","04/30/2021","04/30/2028","99.626548","No","","$122,375,000,000","No","1.250%","04/30/2021","$62,000,000,000","No","No","$73,840,305,800"
"912796B24","Bill","42-Day","04/27/2021","04/29/2021","06/10/2021","99.998833","Yes","$144,552,000,000","","No","","04/29/2021","$40,000,000,000","Yes","No","$40,001,867,000"
"91282CBX8","Note","2-Year","04/26/2021","04/30/2021","04/30/2023","99.900218","No","","$122,375,000,000","No","0.125%","04/30/2021","$60,000,000,000","No","No","$71,458,424,100"
"91282CBW0","Note","5-Year","04/26/2021","04/30/2021","04/30/2026","99.516363","No","","$122,375,000,000","No","0.750%","04/30/2021","$61,000,000,000","No","No","$72,649,342,300"
"912796C56","Bill","13-Week","04/26/2021","04/29/2021","07/29/2021","99.994944","No","$57,953,000,000","$169,994,000,000","No","","04/29/2021","$57,000,000,000","Yes","No","$63,147,785,700"
"912796G78","Bill","26-Week","04/26/2021","04/29/2021","10/28/2021","99.982306","No","","$169,994,000,000","No","","04/29/2021","$54,000,000,000","No","No","$59,823,544,800"
"91282CCA7","Note","5-Year","04/22/2021","04/30/2021","04/15/2026","109.406206","No","","$122,375,000,000","No","0.125%","04/30/2021","$18,000,000,000","No","Yes","$21,437,543,400"
"912796G29","Bill","4-Week","04/22/2021","04/27/2021","05/25/2021","99.999611","No","$97,620,000,000","$130,005,000,000","No","","04/27/2021","$40,000,000,000","Yes","No","$42,721,341,900"
"912796H28","Bill","8-Week","04/22/2021","04/27/2021","06/22/2021","99.997667","No","$30,001,000,000","$130,005,000,000","No","","04/27/2021","$40,000,000,000","Yes","No","$42,721,763,600"
"912810SW9","Bond","19-Year 10-Month","04/21/2021","04/30/2021","02/15/2041","95.676788","No","$61,159,000,000","$122,375,000,000","No","1.875%","04/30/2021","$24,000,000,000","Yes","No","$28,583,344,600"
"912796K32","Bill","119-Day","04/21/2021","04/27/2021","08/24/2021","99.991736","Yes","","","No","","04/27/2021","$35,000,000,000","No","No","$35,000,421,200"
"912796A41","Bill","42-Day","04/20/2021","04/22/2021","06/03/2021","99.998833","Yes","$149,727,000,000","","No","","04/22/2021","$40,000,000,000","Yes","No","$40,001,433,400"
"912796G45","Bill","52-Week","04/20/2021","04/22/2021","04/21/2022","99.934278","No","","$212,992,000,000","No","","04/22/2021","$34,000,000,000","No","No","$38,010,243,700"
"912796C49","Bill","13-Week","04/19/2021","04/22/2021","07/22/2021","99.993681","No","$58,197,000,000","$212,992,000,000","No","","04/22/2021","$57,000,000,000","Yes","No","$63,723,248,000"
"912796G60","Bill","26-Week","04/19/2021","04/22/2021","10/21/2021","99.979778","No","","$212,992,000,000","No","","04/22/2021","$54,000,000,000","No","No","$60,369,110,200"
"912796F95","Bill","4-Week","04/15/2021","04/20/2021","05/18/2021","99.999222","No","$98,179,000,000","$130,002,000,000","No","","04/20/2021","$40,000,000,000","Yes","No","$43,302,935,900"
"912796G94","Bill","8-Week","04/15/2021","04/20/2021","06/15/2021","99.997667","No","$30,001,000,000","$130,002,000,000","No","","04/20/2021","$40,000,000,000","Yes","No","$43,302,132,800"
"912796K24","Bill","119-Day","04/14/2021","04/20/2021","08/17/2021","99.991736","Yes","","","No","","04/20/2021","$35,000,000,000","No","No","$35,000,339,400"
"912796A33","Bill","42-Day","04/13/2021","04/15/2021","05/27/2021","99.998250","Yes","$145,311,000,000","","No","","04/15/2021","$40,000,000,000","Yes","No","$40,001,889,000"
"912810SU3","Bond","29-Year 10-Month","04/13/2021","04/15/2021","02/15/2051","90.454200","No","$62,282,000,000","$61,366,000,000","No","1.875%","04/15/2021","$24,000,000,000","Yes","No","$27,684,435,400"
"9127963S6","Bill","13-Week","04/12/2021","04/15/2021","07/15/2021","99.994944","No","$95,783,000,000","$165,003,000,000","No","","04/15/2021","$57,000,000,000","Yes","No","$63,244,401,400"
"912796G52","Bill","26-Week","04/12/2021","04/15/2021","10/14/2021","99.979778","No","","$165,003,000,000","No","","04/15/2021","$54,000,000,000","No","No","$59,916,251,900"
"91282CBV2","Note","3-Year","04/12/2021","04/15/2021","04/15/2024","99.997020","No","","$61,366,000,000","No","0.375%","04/15/2021","$58,000,000,000","No","No","$66,904,057,600"
"91282CBL4","Note","9-Year 10-Month","04/12/2021","04/15/2021","02/15/2031","94.985814","No","$96,229,000,000","$61,366,000,000","No","1.125%","04/15/2021","$38,000,000,000","Yes","No","$43,833,656,700"
"912796F87","Bill","4-Week","04/08/2021","04/13/2021","05/11/2021","99.999222","No","$93,312,000,000","$119,994,000,000","No","","04/13/2021","$40,000,000,000","Yes","No","$43,073,362,300"
"912796G86","Bill","8-Week","04/08/2021","04/13/2021","06/08/2021","99.998444","No","$30,000,000,000","$119,994,000,000","No","","04/13/2021","$40,000,000,000","Yes","No","$43,075,488,700"
"912796J91","Bill","119-Day","04/07/2021","04/13/2021","08/10/2021","99.991736","Yes","","","No","","04/13/2021","$35,000,000,000","No","No","$35,000,535,000"
"9127962Y4","Bill","42-Day","04/06/2021","04/08/2021","05/20/2021","99.997667","Yes","$184,161,000,000","","No","","04/08/2021","$40,000,000,000","Yes","No","$40,001,650,400"
"912796B57","Bill","13-Week","04/05/2021","04/08/2021","07/08/2021","99.994944","No","$57,545,000,000","$165,003,000,000","No","","04/08/2021","$57,000,000,000","Yes","No","$64,539,837,500"
"9127964V8","Bill","26-Week","04/05/2021","04/08/2021","10/07/2021","99.982306","No","$39,165,000,000","$165,003,000,000","No","","04/08/2021","$54,000,000,000","Yes","No","$61,144,496,500"
"912796F79","Bill","4-Week","04/01/2021","04/06/2021","05/04/2021","99.998833","No","$93,387,000,000","$120,001,000,000","No","","04/06/2021","$40,000,000,000","Yes","No","$43,140,824,200"
"912796G37","Bill","8-Week","04/01/2021","04/06/2021","06/01/2021","99.997667","No","$55,001,000,000","$120,001,000,000","No","","04/06/2021","$40,000,000,000","Yes","No","$43,142,088,700"
"912796J83","Bill","119-Day","03/31/2021","04/06/2021","08/03/2021","99.990083","Yes","","","No","","04/06/2021","$35,000,000,000","No","No","$35,001,608,000"
"912796A25","Bill","42-Day","03/30/2021","04/01/2021","05/13/2021","99.998250","Yes","$146,637,000,000","","No","","04/01/2021","$40,000,000,000","Yes","No","$40,000,807,000"
"912796B40","Bill","13-Week","03/29/2021","04/01/2021","07/01/2021","99.994944","No","$59,598,000,000","$164,996,000,000","No","","04/01/2021","$57,000,000,000","Yes","No","$63,856,673,500"
"912796F61","Bill","26-Week","03/29/2021","04/01/2021","09/30/2021","99.979778","No","","$164,996,000,000","No","","04/01/2021","$54,000,000,000","No","No","$60,495,642,700"
"91282CBS9","Note","7-Year","03/25/2021","03/31/2021","03/31/2028","99.666487","No","","$71,594,000,000","No","1.250%","03/31/2021","$62,000,000,000","No","No","$73,133,436,200"
"912796F20","Bill","4-Week","03/25/2021","03/30/2021","04/27/2021","99.998833","No","$92,824,000,000","$120,002,000,000","No","","03/30/2021","$40,000,000,000","Yes","No","$42,622,101,500"
"912796G29","Bill","8-Week","03/25/2021","03/30/2021","05/25/2021","99.996889","No","$55,002,000,000","$120,002,000,000","No","","03/30/2021","$40,000,000,000","Yes","No","$42,621,556,700"
"91282CBT7","Note","5-Year","03/24/2021","03/31/2021","03/31/2026","99.511492","No","","$71,594,000,000","No","0.750%","03/31/2021","$61,000,000,000","No","No","$71,953,839,200"
"912796J34","Bill","119-Day","03/24/2021","03/30/2021","07/27/2021","99.990083","Yes","","","No","","03/30/2021","$35,000,000,000","No","No","$35,000,282,000"
"91282CBK6","Note","1-Year 10-Month","03/24/2021","03/26/2021","01/31/2023","100.026274","No","$57,785,000,000","$0","Yes","","03/26/2021","$26,000,000,000","Yes","No","$26,000,046,400"
"91282CBU4","Note","2-Year","03/23/2021","03/31/2021","03/31/2023","99.946102","No","","$71,594,000,000","No","0.125%","03/31/2021","$60,000,000,000","No","No","$70,774,350,800"
"9127965A3","Bill","42-Day","03/23/2021","03/25/2021","05/06/2021","99.998833","Yes","$150,343,000,000","","No","","03/25/2021","$40,000,000,000","Yes","No","$40,000,043,000"
"912796F38","Bill","52-Week","03/23/2021","03/25/2021","03/24/2022","99.929222","No","","$210,987,000,000","No","","03/25/2021","$34,000,000,000","No","No","$35,210,626,200"
"912796B32","Bill","13-Week","03/22/2021","03/25/2021","06/24/2021","99.996208","No","$52,983,000,000","$210,987,000,000","No","","03/25/2021","$57,000,000,000","Yes","No","$59,028,377,200"
"912796F53","Bill","26-Week","03/22/2021","03/25/2021","09/23/2021","99.979778","No","","$210,987,000,000","No","","03/25/2021","$54,000,000,000","No","No","$55,921,965,100"
"91282CBF7","Note","9-Year 10-Month","03/18/2021","03/31/2021","01/15/2031","107.620948","No","$14,999,000,000","$71,594,000,000","No","0.125%","03/31/2021","$13,000,000,000","Yes","Yes","$15,334,433,800"
"912796D97","Bill","4-Week","03/18/2021","03/23/2021","04/20/2021","99.999611","No","$93,425,000,000","$120,000,000,000","No","","03/23/2021","$40,000,000,000","Yes","No","$43,180,444,700"
"912796F95","Bill","8-Week","03/18/2021","03/23/2021","05/18/2021","99.998444","No","$55,003,000,000","$120,000,000,000","No","","03/23/2021","$40,000,000,000","Yes","No","$43,181,067,300"
"912796J26","Bill","119-Day","03/17/2021","03/23/2021","07/20/2021","99.986778","Yes","$30,000,000,000","","No","","03/23/2021","$35,000,000,000","Yes","No","$35,000,208,800"
"912810SW9","Bond","19-Year 11-Month","03/16/2021","03/31/2021","02/15/2041","93.400551","No","$32,849,000,000","$71,594,000,000","No","1.875%","03/31/2021","$24,000,000,000","Yes","No","$28,309,707,400"
"9127964Z9","Bill","42-Day","03/16/2021","03/18/2021","04/29/2021","99.998250","Yes","$146,964,000,000","","No","","03/18/2021","$35,000,000,000","Yes","No","$35,000,041,500"
"9127963H0","Bill","13-Week","03/15/2021","03/18/2021","06/17/2021","99.992417","No","$124,269,000,000","$164,997,000,000","No","","03/18/2021","$57,000,000,000","Yes","No","$61,933,274,900"
"912796F46","Bill","26-Week","03/15/2021","03/18/2021","09/16/2021","99.972194","No","","$164,997,000,000","No","","03/18/2021","$54,000,000,000","No","No","$58,672,671,800"
"912796D89","Bill","4-Week","03/11/2021","03/16/2021","04/13/2021","99.997667","No","$93,307,000,000","$120,004,000,000","No","","03/16/2021","$30,000,000,000","Yes","No","$32,837,959,000"
"912796F87","Bill","8-Week","03/11/2021","03/16/2021","05/11/2021","99.994556","No","$55,001,000,000","$120,004,000,000","No","","03/16/2021","$35,000,000,000","Yes","No","$38,310,997,800"
"912810SU3","Bond","29-Year 11-Month","03/11/2021","03/15/2021","02/15/2051","90.943237","No","$36,795,000,000","$20,564,000,000","No","1.875%","03/15/2021","$24,000,000,000","Yes","No","$25,487,401,400"
"912796H93","Bill","119-Day","03/10/2021","03/16/2021","07/13/2021","99.983472","Yes","$30,000,000,000","","No","","03/16/2021","$30,000,000,000","Yes","No","$30,000,681,000"
"91282CBL4","Note","9-Year 11-Month","03/10/2021","03/15/2021","02/15/2031","96.346935","No","$55,874,000,000","$20,564,000,000","No","1.125%","03/15/2021","$38,000,000,000","Yes","No","$40,355,061,500"
"91282CBR1","Note","3-Year","03/09/2021","03/15/2021","03/15/2024","99.686948","No","","$20,564,000,000","No","0.250%","03/15/2021","$58,000,000,000","No","No","$61,595,110,800"
"9127962Q1","Bill","42-Day","03/09/2021","03/11/2021","04/22/2021","99.996500","Yes","$200,092,000,000","","No","","03/11/2021","$30,000,000,000","Yes","No","$30,001,129,300"
"912796B24","Bill","13-Week","03/08/2021","03/11/2021","06/10/2021","99.988625","No","$85,386,000,000","$165,003,000,000","No","","03/11/2021","$54,000,000,000","Yes","No","$59,163,278,500"
"9127964L0","Bill","26-Week","03/08/2021","03/11/2021","09/09/2021","99.969667","No","$37,595,000,000","$165,003,000,000","No","","03/11/2021","$51,000,000,000","Yes","No","$55,876,419,100"
"912796D71","Bill","4-Week","03/04/2021","03/09/2021","04/06/2021","99.997667","No","$93,382,000,000","$120,003,000,000","No","","03/09/2021","$30,000,000,000","Yes","No","$32,899,728,100"
"912796F79","Bill","8-Week","03/04/2021","03/09/2021","05/04/2021","99.994556","No","$55,003,000,000","$120,003,000,000","No","","03/09/2021","$35,000,000,000","Yes","No","$38,383,846,400"
"912796H85","Bill","119-Day","03/03/2021","03/09/2021","07/06/2021","99.983472","Yes","$30,001,000,000","","No","","03/09/2021","$30,000,000,000","Yes","No","$30,000,950,600"
"9127964Y2","Bill","42-Day","03/02/2021","03/04/2021","04/15/2021","99.995333","Yes","$147,161,000,000","","No","","03/04/2021","$30,000,000,000","Yes","No","$30,000,005,500"
"912796A41","Bill","13-Week","03/01/2021","03/04/2021","06/03/2021","99.989889","No","$88,478,000,000","$165,002,000,000","No","","03/04/2021","$54,000,000,000","Yes","No","$61,246,205,600"
"912796D63","Bill","26-Week","03/01/2021","03/04/2021","09/02/2021","99.969667","No","","$165,002,000,000","No","","03/04/2021","$51,000,000,000","No","No","$57,843,700,500"
"912796D22","Bill","4-Week","02/25/2021","03/02/2021","03/30/2021","99.997278","No","$92,826,000,000","$120,001,000,000","No","","03/02/2021","$30,000,000,000","Yes","No","$32,417,950,400"
"912796F20","Bill","8-Week","02/25/2021","03/02/2021","04/27/2021","99.993778","No","$55,003,000,000","$120,001,000,000","No","","03/02/2021","$35,000,000,000","Yes","No","$37,821,849,500"
"91282CBP5","Note","7-Year","02/25/2021","03/01/2021","02/29/2028","99.531432","No","","$70,907,000,000","No","1.125%","02/28/2021","$62,000,000,000","No","No","$75,431,149,700"
"912796H36","Bill","119-Day","02/24/2021","03/02/2021","06/29/2021","99.985125","Yes","$30,000,000,000","","No","","03/02/2021","$30,000,000,000","Yes","No","$30,000,286,000"
"91282CBQ3","Note","5-Year","02/24/2021","03/01/2021","02/28/2026","99.405518","No","","$70,907,000,000","No","0.500%","02/28/2021","$61,000,000,000","No","No","$74,214,501,500"
"91282CBK6","Note","1-Year 11-Month","02/24/2021","02/26/2021","01/31/2023","100.007815","No","$31,784,000,000","$0","Yes","","02/26/2021","$26,000,000,000","Yes","No","$26,000,444,500"
"91282CBN0","Note","2-Year","02/23/2021","03/01/2021","02/28/2023","100.011965","No","","$70,907,000,000","No","0.125%","02/28/2021","$60,000,000,000","No","No","$72,997,992,300"
"9127964X4","Bill","42-Day","02/23/2021","02/25/2021","04/08/2021","99.997083","Yes","$149,684,000,000","","No","","02/25/2021","$30,000,000,000","Yes","No","$30,000,797,000"
"912796D30","Bill","52-Week","02/23/2021","02/25/2021","02/24/2022","99.929222","No","","$209,918,000,000","No","","02/25/2021","$34,000,000,000","No","No","$37,772,353,300"
"912796A33","Bill","13-Week","02/22/2021","02/25/2021","05/27/2021","99.992417","No","$85,320,000,000","$209,918,000,000","No","","02/25/2021","$54,000,000,000","Yes","No","$59,992,782,400"
"912796D55","Bill","26-Week","02/22/2021","02/25/2021","08/26/2021","99.977250","No","","$209,918,000,000","No","","02/25/2021","$51,000,000,000","No","No","$56,658,863,700"
"912810SV1","Bond","30-Year","02/18/2021","02/26/2021","02/15/2051","105.014087","No","","$0","No","0.125%","02/26/2021","$9,000,000,000","No","Yes","$9,000,019,900"
"912796C98","Bill","4-Week","02/18/2021","02/23/2021","03/23/2021","99.998056","No","$93,428,000,000","$119,998,000,000","No","","02/23/2021","$30,000,000,000","Yes","No","$32,934,632,500"
"912796D97","Bill","8-Week","02/18/2021","02/23/2021","04/20/2021","99.995333","No","$55,002,000,000","$119,998,000,000","No","","02/23/2021","$35,000,000,000","Yes","No","$38,423,576,600"
"912810SW9","Bond","20-Year","02/17/2021","03/01/2021","02/15/2041","99.256119","No","","$70,907,000,000","No","1.875%","02/28/2021","$27,000,000,000","No","No","$32,849,044,800"
"9127964P1","Bill","42-Day","02/16/2021","02/18/2021","04/01/2021","99.995333","Yes","$148,345,000,000","","No","","02/18/2021","$30,000,000,000","Yes","No","$30,000,145,000"
"9127962Y4","Bill","13-Week","02/16/2021","02/18/2021","05/20/2021","99.989889","No","$123,044,000,000","$165,007,000,000","No","","02/18/2021","$54,000,000,000","Yes","No","$61,118,411,600"
"9127963H0","Bill","119-Day","02/16/2021","02/18/2021","06/17/2021","99.983472","Yes","$94,268,000,000","","No","","02/18/2021","$30,000,000,000","Yes","No","$30,000,288,000"
"912796D48","Bill","26-Week","02/16/2021","02/18/2021","08/19/2021","99.969667","No","","$165,007,000,000","No","","02/18/2021","$51,000,000,000","No","No","$57,724,222,500"
"912796C80","Bill","4-Week","02/11/2021","02/16/2021","03/16/2021","99.997667","No","$93,315,000,000","$119,997,000,000","No","","02/16/2021","$30,000,000,000","Yes","No","$32,837,348,200"
"912796D89","Bill","8-Week","02/11/2021","02/16/2021","04/13/2021","99.994556","No","$55,001,000,000","$119,997,000,000","No","","02/16/2021","$35,000,000,000","Yes","No","$38,309,574,700"
"912810SU3","Bond","30-Year","02/11/2021","02/16/2021","02/15/2051","98.684360","No","","$62,864,000,000","No","1.875%","02/15/2021","$27,000,000,000","No","No","$36,795,047,400"
"912796G37","Bill","105-Day","02/10/2021","02/16/2021","06/01/2021","99.986875","Yes","$30,000,000,000","","No","","02/16/2021","$25,000,000,000","Yes","No","$25,000,494,000"
"912796J26","Bill","154-Day","02/10/2021","02/16/2021","07/20/2021","99.976472","Yes","","","No","","02/16/2021","$30,000,000,000","No","No","$30,000,247,000"
"91282CBL4","Note","10-Year","02/10/2021","02/16/2021","02/15/2031","99.717501","No","","$62,864,000,000","No","1.125%","02/15/2021","$41,000,000,000","No","No","$55,873,973,800"
"91282CBM2","Note","3-Year","02/09/2021","02/16/2021","02/15/2024","99.787923","No","","$62,864,000,000","No","0.125%","02/15/2021","$58,000,000,000","No","No","$79,041,210,600"
"9127962F5","Bill","42-Day","02/09/2021","02/11/2021","03/25/2021","99.995917","Yes","$186,144,000,000","","No","","02/11/2021","$30,000,000,000","Yes","No","$30,000,988,000"
"912796B24","Bill","119-Day","02/09/2021","02/11/2021","06/10/2021","99.986778","Yes","$55,384,000,000","","No","","02/11/2021","$30,000,000,000","Yes","No","$30,001,559,500"
"912796A25","Bill","13-Week","02/08/2021","02/11/2021","05/13/2021","99.991153","No","$86,539,000,000","$165,002,000,000","No","","02/11/2021","$54,000,000,000","Yes","No","$60,098,038,400"
"9127964B2","Bill","26-Week","02/08/2021","02/11/2021","08/12/2021","99.974722","No","$37,996,000,000","$165,002,000,000","No","","02/11/2021","$51,000,000,000","Yes","No","$56,760,040,200"
"912796C72","Bill","4-Week","02/04/2021","02/09/2021","03/09/2021","99.997667","No","$93,385,000,000","$120,004,000,000","No","","02/09/2021","$30,000,000,000","Yes","No","$32,899,250,900"
"912796D71","Bill","8-Week","02/04/2021","02/09/2021","04/06/2021","99.994556","No","$55,001,000,000","$120,004,000,000","No","","02/09/2021","$35,000,000,000","Yes","No","$38,381,688,200"
"912796G29","Bill","105-Day","02/03/2021","02/09/2021","05/25/2021","99.983958","Yes","$30,001,000,000","","No","","02/09/2021","$25,000,000,000","Yes","No","$25,001,284,000"
"912796H93","Bill","154-Day","02/03/2021","02/09/2021","07/13/2021","99.976472","Yes","","","No","","02/09/2021","$30,000,000,000","No","No","$30,000,388,000"
"9127964N6","Bill","42-Day","02/02/2021","02/04/2021","03/18/2021","99.994167","Yes","$144,598,000,000","","No","","02/04/2021","$30,000,000,000","Yes","No","$30,002,203,400"
"912796A41","Bill","119-Day","02/02/2021","02/04/2021","06/03/2021","99.980167","Yes","$58,478,000,000","","No","","02/04/2021","$30,000,000,000","Yes","No","$30,000,283,500"
"9127965A3","Bill","13-Week","02/01/2021","02/04/2021","05/06/2021","99.983569","No","$89,067,000,000","$165,001,000,000","No","","02/04/2021","$54,000,000,000","Yes","No","$61,277,647,400"
"912796C64","Bill","26-Week","02/01/2021","02/04/2021","08/05/2021","99.964611","No","","$165,001,000,000","No","","02/04/2021","$51,000,000,000","No","No","$57,873,625,700"
"912796C23","Bill","4-Week","01/28/2021","02/02/2021","03/02/2021","99.995722","No","$92,819,000,000","$120,001,000,000","No","","02/02/2021","$30,000,000,000","Yes","No","$32,420,229,000"
"912796D22","Bill","8-Week","01/28/2021","02/02/2021","03/30/2021","99.989889","No","$55,001,000,000","$120,001,000,000","No","","02/02/2021","$35,000,000,000","Yes","No","$37,824,963,900"
"91282CBJ9","Note","7-Year","01/28/2021","02/01/2021","01/31/2028","99.972779","No","","$128,869,000,000","No","0.750%","01/31/2021","$62,000,000,000","No","No","$70,379,843,400"
"912796F95","Bill","105-Day","01/27/2021","02/02/2021","05/18/2021","99.978125","Yes","$30,001,000,000","","No","","02/02/2021","$25,000,000,000","Yes","No","$25,001,475,000"
"912796H85","Bill","154-Day","01/27/2021","02/02/2021","07/06/2021","99.965778","Yes","","","No","","02/02/2021","$30,000,000,000","No","No","$30,000,769,500"
"91282CBK6","Note","2-Year","01/27/2021","02/01/2021","01/31/2023","100.000000","No","","$128,869,000,000","Yes","","01/31/2021","$28,000,000,000","No","No","$31,784,496,000"
"91282CBH3","Note","5-Year","01/26/2021","02/01/2021","01/31/2026","99.757963","No","","$128,869,000,000","No","0.375%","01/31/2021","$61,000,000,000","No","No","$69,244,750,400"
"9127964M8","Bill","42-Day","01/26/2021","01/28/2021","03/11/2021","99.991833","Yes","$145,040,000,000","","No","","01/28/2021","$30,000,000,000","Yes","No","$30,001,833,200"
"912796A33","Bill","119-Day","01/26/2021","01/28/2021","05/27/2021","99.975208","Yes","$55,320,000,000","","No","","01/28/2021","$30,000,000,000","Yes","No","$30,000,068,000"
"912796C31","Bill","52-Week","01/26/2021","01/28/2021","01/27/2022","99.909000","No","","$208,192,000,000","No","","01/28/2021","$34,000,000,000","No","No","$38,636,188,800"
"91282CBG5","Note","2-Year","01/25/2021","02/01/2021","01/31/2023","100.000000","No","","$128,869,000,000","No","0.125%","01/31/2021","$60,000,000,000","No","No","$68,109,489,600"
"9127964Z9","Bill","13-Week","01/25/2021","01/28/2021","04/29/2021","99.979778","No","$85,598,000,000","$208,192,000,000","No","","01/28/2021","$54,000,000,000","Yes","No","$61,364,669,700"
"912796C56","Bill","26-Week","01/25/2021","01/28/2021","07/29/2021","99.957028","No","","$208,192,000,000","No","","01/28/2021","$51,000,000,000","No","No","$57,954,080,100"
"91282CBF7","Note","10-Year","01/21/2021","01/29/2021","01/15/2031","111.638729","No","","$0","No","0.125%","01/29/2021","$15,000,000,000","No","Yes","$15,000,041,500"
"912796B99","Bill","4-Week","01/21/2021","01/26/2021","02/23/2021","99.994556","No","$93,420,000,000","$120,004,000,000","No","","01/26/2021","$30,000,000,000","Yes","No","$32,936,635,600"
"912796C98","Bill","8-Week","01/21/2021","01/26/2021","03/23/2021","99.987556","No","$55,001,000,000","$120,004,000,000","No","","01/26/2021","$35,000,000,000","Yes","No","$38,427,768,900"
"912810ST6","Bond","19-Year 10-Month","01/20/2021","02/01/2021","11/15/2040","95.258107","No","$58,397,000,000","$128,869,000,000","No","1.375%","01/31/2021","$24,000,000,000","Yes","No","$27,243,816,900"
"912796F87","Bill","105-Day","01/20/2021","01/26/2021","05/11/2021","99.975208","Yes","$30,000,000,000","","No","","01/26/2021","$25,000,000,000","Yes","No","$25,000,644,000"
"912796H36","Bill","154-Day","01/20/2021","01/26/2021","06/29/2021","99.961500","Yes","","","No","","01/26/2021","$30,000,000,000","No","No","$30,000,347,800"
"9127964F3","Bill","42-Day","01/19/2021","01/21/2021","03/04/2021","99.990083","Yes","$149,089,000,000","","No","","01/21/2021","$30,000,000,000","Yes","No","$30,001,512,000"
"9127962Q1","Bill","13-Week","01/19/2021","01/21/2021","04/22/2021","99.978514","No","$138,470,000,000","$164,995,000,000","No","","01/21/2021","$54,000,000,000","Yes","No","$61,621,441,600"
"9127962Y4","Bill","119-Day","01/19/2021","01/21/2021","05/20/2021","99.970250","Yes","$93,044,000,000","","No","","01/21/2021","$30,000,000,000","Yes","No","$30,000,001,400"
"912796C49","Bill","26-Week","01/19/2021","01/21/2021","07/22/2021","99.951972","No","","$164,995,000,000","No","","01/21/2021","$51,000,000,000","No","No","$58,197,433,500"
"912796B81","Bill","4-Week","01/14/2021","01/19/2021","02/16/2021","99.994167","No","$93,312,000,000","$120,004,000,000","No","","01/19/2021","$30,000,000,000","Yes","No","$32,838,608,000"
"912796C80","Bill","8-Week","01/14/2021","01/19/2021","03/16/2021","99.987556","No","$55,002,000,000","$120,004,000,000","No","","01/19/2021","$35,000,000,000","Yes","No","$38,313,066,500"
"912796F79","Bill","105-Day","01/13/2021","01/19/2021","05/04/2021","99.973750","Yes","$30,002,000,000","","No","","01/19/2021","$25,000,000,000","Yes","No","$25,000,994,600"
"912796H28","Bill","154-Day","01/13/2021","01/19/2021","06/22/2021","99.961500","Yes","","","No","","01/19/2021","$30,000,000,000","No","No","$30,000,818,000"
"912810SS8","Bond","29-Year 10-Month","01/13/2021","01/15/2021","11/15/2050","95.413195","No","$59,426,000,000","$56,397,000,000","No","1.625%","01/15/2021","$24,000,000,000","Yes","No","$26,412,625,300"
"91282CAV3","Note","9-Year 10-Month","01/12/2021","01/15/2021","11/15/2030","97.321944","No","$91,861,000,000","$56,397,000,000","No","0.875%","01/15/2021","$38,000,000,000","Yes","No","$41,819,991,000"
"912796XE4","Bill","42-Day","01/12/2021","01/14/2021","02/25/2021","99.990083","Yes","$195,339,000,000","","No","","01/14/2021","$30,000,000,000","Yes","No","$30,000,032,500"
"912796A25","Bill","119-Day","01/12/2021","01/14/2021","05/13/2021","99.970250","Yes","$56,537,000,000","","No","","01/14/2021","$30,000,000,000","Yes","No","$30,002,030,500"
"91282CBE0","Note","3-Year","01/11/2021","01/15/2021","01/15/2024","99.674335","No","","$56,397,000,000","No","0.125%","01/15/2021","$58,000,000,000","No","No","$63,830,661,800"
"9127964Y2","Bill","13-Week","01/11/2021","01/14/2021","04/15/2021","99.977250","No","$86,583,000,000","$165,005,000,000","No","","01/14/2021","$54,000,000,000","Yes","No","$60,574,699,500"
"9127963S6","Bill","26-Week","01/11/2021","01/14/2021","07/15/2021","99.954500","No","$38,579,000,000","$165,005,000,000","No","","01/14/2021","$51,000,000,000","Yes","No","$57,209,487,300"
"912796B73","Bill","4-Week","01/07/2021","01/12/2021","02/09/2021","99.993778","No","$93,382,000,000","$120,007,000,000","No","","01/12/2021","$30,000,000,000","Yes","No","$32,901,419,700"
"912796C72","Bill","8-Week","01/07/2021","01/12/2021","03/09/2021","99.986778","No","$55,002,000,000","$120,007,000,000","No","","01/12/2021","$35,000,000,000","Yes","No","$38,384,848,300"
"912796F20","Bill","105-Day","01/06/2021","01/12/2021","04/27/2021","99.973750","Yes","$30,001,000,000","","No","","01/12/2021","$25,000,000,000","Yes","No","$25,001,723,500"
"912796G94","Bill","154-Day","01/06/2021","01/12/2021","06/15/2021","99.961500","Yes","","","No","","01/12/2021","$30,000,000,000","No","No","$30,000,666,000"
"9127964D8","Bill","42-Day","01/05/2021","01/07/2021","02/18/2021","99.990083","Yes","$148,846,000,000","","No","","01/07/2021","$30,000,000,000","Yes","No","$30,000,683,000"
"9127965A3","Bill","119-Day","01/05/2021","01/07/2021","05/06/2021","99.971903","Yes","$59,066,000,000","","No","","01/07/2021","$30,000,000,000","Yes","No","$30,000,066,000"
"9127964X4","Bill","13-Week","01/04/2021","01/07/2021","04/08/2021","99.977250","No","$88,748,000,000","$164,996,000,000","No","","01/07/2021","$54,000,000,000","Yes","No","$60,936,717,500"
"912796B57","Bill","26-Week","01/04/2021","01/07/2021","07/08/2021","99.954500","No","","$164,996,000,000","No","","01/07/2021","$51,000,000,000","No","No","$57,550,945,600"
"912796B65","Bill","4-Week","12/31/2020","01/05/2021","02/02/2021","99.993778","No","$92,830,000,000","$119,998,000,000","No","","01/05/2021","$30,000,000,000","Yes","No","$32,415,107,600"
"912796C23","Bill","8-Week","12/31/2020","01/05/2021","03/02/2021","99.986778","No","$55,001,000,000","$119,998,000,000","No","","01/05/2021","$35,000,000,000","Yes","No","$37,818,231,200"
"912796D97","Bill","105-Day","12/30/2020","01/05/2021","04/20/2021","99.973750","Yes","$30,001,000,000","","No","","01/05/2021","$25,000,000,000","Yes","No","$25,000,218,200"
"912796G86","Bill","154-Day","12/30/2020","01/05/2021","06/08/2021","99.961500","Yes","","","No","","01/05/2021","$30,000,000,000","No","No","$30,000,189,000"
"9127964C0","Bill","42-Day","12/29/2020","12/31/2020","02/11/2021","99.990083","Yes","$146,856,000,000","","No","","12/31/2020","$30,000,000,000","Yes","No","$30,000,954,500"
"9127964Z9","Bill","119-Day","12/29/2020","12/31/2020","04/29/2021","99.968597","Yes","$55,598,000,000","","No","","12/31/2020","$30,000,000,000","Yes","No","$30,000,717,800"
"912796A90","Bill","52-Week","12/29/2020","12/31/2020","12/30/2021","99.888778","No","","$178,642,000,000","No","","12/31/2020","$34,000,000,000","No","No","$39,731,578,300"
"91282CBB6","Note","7-Year","12/29/2020","12/31/2020","12/31/2027","99.747318","No","","$71,282,000,000","No","0.625%","12/31/2020","$59,000,000,000","No","No","$67,976,515,100"
"9127964P1","Bill","13-Week","12/28/2020","12/31/2020","04/01/2021","99.975986","No","$85,249,000,000","$178,642,000,000","No","","12/31/2020","$54,000,000,000","Yes","No","$63,102,584,800"
"912796B40","Bill","26-Week","12/28/2020","12/31/2020","07/01/2021","99.949444","No","","$178,642,000,000","No","","12/31/2020","$51,000,000,000","No","No","$59,598,151,700"
"91282CBD2","Note","2-Year","12/28/2020","12/31/2020","12/31/2022","99.976041","No","","$71,282,000,000","No","0.125%","12/31/2020","$58,000,000,000","No","No","$66,824,414,100"
"91282CBC4","Note","5-Year","12/28/2020","12/31/2020","12/31/2025","99.906021","No","","$71,282,000,000","No","0.375%","12/31/2020","$59,000,000,000","No","No","$67,976,554,900"
"912796A82","Bill","4-Week","12/24/2020","12/29/2020","01/26/2021","99.993778","No","$93,429,000,000","$120,022,000,000","No","","12/29/2020","$30,000,000,000","Yes","No","$32,933,093,800"
"912796B99","Bill","8-Week","12/24/2020","12/29/2020","02/23/2021","99.986000","No","$55,002,000,000","$120,022,000,000","No","","12/29/2020","$35,000,000,000","Yes","No","$38,422,072,500"
"912796D89","Bill","105-Day","12/23/2020","12/29/2020","04/13/2021","99.973750","Yes","$30,000,000,000","","No","","12/29/2020","$25,000,000,000","Yes","No","$25,000,260,000"
"912796G37","Bill","154-Day","12/23/2020","12/29/2020","06/01/2021","99.959361","Yes","","","No","","12/29/2020","$30,000,000,000","No","No","$30,000,381,800"
"91282CAS0","Note","1-Year 10-Month","12/23/2020","12/28/2020","10/31/2022","99.990678","No","$52,758,000,000","$0","Yes","","12/28/2020","$24,000,000,000","Yes","No","$24,000,105,200"
"91282CAQ4","Note","4-Year 10-Month","12/22/2020","12/31/2020","10/15/2025","108.871082","No","$16,997,000,000","$71,282,000,000","No","0.125%","12/31/2020","$15,000,000,000","Yes","Yes","$17,282,300,500"
"9127963W7","Bill","42-Day","12/22/2020","12/24/2020","02/04/2021","99.990667","Yes","$149,151,000,000","","No","","12/24/2020","$30,000,000,000","Yes","No","$30,000,670,000"
"9127962Q1","Bill","119-Day","12/22/2020","12/24/2020","04/22/2021","99.970250","Yes","$108,470,000,000","","No","","12/24/2020","$30,000,000,000","Yes","No","$30,000,067,500"
"912810ST6","Bond","19-Year 11-Month","12/21/2020","12/31/2020","11/15/2040","98.367014","No","$30,746,000,000","$71,282,000,000","No","1.375%","12/31/2020","$24,000,000,000","Yes","No","$27,651,539,800"
"9127962F5","Bill","13-Week","12/21/2020","12/24/2020","03/25/2021","99.977250","No","$130,050,000,000","$168,010,000,000","No","","12/24/2020","$54,000,000,000","Yes","No","$56,099,849,100"
"912796B32","Bill","26-Week","12/21/2020","12/24/2020","06/24/2021","99.954500","No","","$168,010,000,000","No","","12/24/2020","$51,000,000,000","No","No","$52,983,263,800"
"912796A74","Bill","4-Week","12/17/2020","12/22/2020","01/19/2021","99.994167","No","$93,318,000,000","$120,002,000,000","No","","12/22/2020","$30,000,000,000","Yes","No","$32,835,486,300"
"912796B81","Bill","8-Week","12/17/2020","12/22/2020","02/16/2021","99.987556","No","$55,001,000,000","$120,002,000,000","No","","12/22/2020","$35,000,000,000","Yes","No","$38,308,707,100"
"9127965F2","Bill","8-Day","12/17/2020","12/21/2020","12/29/2020","99.998667","Yes","$126,352,000,000","","No","","12/21/2020","$25,000,000","Yes","No","$25,000,400"
"912796D71","Bill","105-Day","12/16/2020","12/22/2020","04/06/2021","99.975208","Yes","$30,000,000,000","","No","","12/22/2020","$25,000,000,000","Yes","No","$25,000,232,500"
"912796G29","Bill","154-Day","12/16/2020","12/22/2020","05/25/2021","99.961500","Yes","","","No","","12/22/2020","$30,000,000,000","No","No","$30,000,799,000"
"912796UC1","Bill","42-Day","12/15/2020","12/17/2020","01/28/2021","99.991250","Yes","$197,143,000,000","","No","","12/17/2020","$30,000,000,000","Yes","No","$30,000,946,400"
"9127964Y2","Bill","119-Day","12/15/2020","12/17/2020","04/15/2021","99.971903","Yes","$56,583,000,000","","No","","12/17/2020","$30,000,000,000","Yes","No","$30,000,600,400"
"9127964N6","Bill","13-Week","12/14/2020","12/17/2020","03/18/2021","99.981042","No","$85,072,000,000","$168,001,000,000","No","","12/17/2020","$54,000,000,000","Yes","No","$59,529,720,000"
"9127963H0","Bill","26-Week","12/14/2020","12/17/2020","06/17/2021","99.957028","No","$38,045,000,000","$168,001,000,000","No","","12/17/2020","$51,000,000,000","Yes","No","$56,224,162,900"
"912796A66","Bill","4-Week","12/10/2020","12/15/2020","01/12/2021","99.994944","No","$93,395,000,000","$120,002,000,000","No","","12/15/2020","$30,000,000,000","Yes","No","$32,897,015,800"
"912796B73","Bill","8-Week","12/10/2020","12/15/2020","02/09/2021","99.988333","No","$55,001,000,000","$120,002,000,000","No","","12/15/2020","$35,000,000,000","Yes","No","$38,380,465,300"
"912810SS8","Bond","29-Year 11-Month","12/10/2020","12/15/2020","11/15/2050","99.059547","No","$34,403,000,000","$18,974,000,000","No","1.625%","12/15/2020","$24,000,000,000","Yes","No","$25,022,244,200"
"912796D22","Bill","105-Day","12/09/2020","12/15/2020","03/30/2021","99.975208","Yes","$30,001,000,000","","No","","12/15/2020","$25,000,000,000","Yes","No","$25,000,022,500"
"912796F95","Bill","154-Day","12/09/2020","12/15/2020","05/18/2021","99.961500","Yes","","","No","","12/15/2020","$30,000,000,000","No","No","$30,001,038,400"
"91282CAV3","Note","9-Year 11-Month","12/09/2020","12/15/2020","11/15/2030","99.282076","No","$52,242,000,000","$18,974,000,000","No","0.875%","12/15/2020","$38,000,000,000","Yes","No","$39,618,559,500"
"91282CBA8","Note","3-Year","12/08/2020","12/15/2020","12/15/2023","99.742950","No","","$18,974,000,000","No","0.125%","12/15/2020","$56,000,000,000","No","No","$58,385,320,100"
"9127963V9","Bill","42-Day","12/08/2020","12/10/2020","01/21/2021","99.991833","Yes","$149,810,000,000","","No","","12/10/2020","$30,000,000,000","Yes","No","$30,000,494,000"
"9127964X4","Bill","119-Day","12/08/2020","12/10/2020","04/08/2021","99.973556","Yes","$58,747,000,000","","No","","12/10/2020","$30,000,000,000","Yes","No","$30,001,193,800"
"9127964M8","Bill","13-Week","12/07/2020","12/10/2020","03/11/2021","99.979778","No","$86,394,000,000","$168,003,000,000","No","","12/10/2020","$54,000,000,000","Yes","No","$58,645,758,000"
"912796B24","Bill","26-Week","12/07/2020","12/10/2020","06/10/2021","99.954500","No","","$168,003,000,000","No","","12/10/2020","$51,000,000,000","No","No","$55,387,490,700"
"912796A58","Bill","4-Week","12/03/2020","12/08/2020","01/05/2021","99.994167","No","$92,811,000,000","$120,003,000,000","No","","12/08/2020","$30,000,000,000","Yes","No","$32,425,292,800"
"912796B65","Bill","8-Week","12/03/2020","12/08/2020","02/02/2021","99.988333","No","$55,002,000,000","$120,003,000,000","No","","12/08/2020","$35,000,000,000","Yes","No","$37,828,765,500"
"912796C98","Bill","105-Day","12/02/2020","12/08/2020","03/23/2021","99.975208","Yes","$30,000,000,000","","No","","12/08/2020","$25,000,000,000","Yes","No","$25,000,442,000"
"912796F87","Bill","154-Day","12/02/2020","12/08/2020","05/11/2021","99.961500","Yes","","","No","","12/08/2020","$30,000,000,000","No","No","$30,000,178,000"
"9127963U1","Bill","42-Day","12/01/2020","12/03/2020","01/14/2021","99.990667","Yes","$147,787,000,000","","No","","12/03/2020","$30,000,000,000","Yes","No","$30,001,161,000"
"9127964P1","Bill","119-Day","12/01/2020","12/03/2020","04/01/2021","99.970250","Yes","$55,248,000,000","","No","","12/03/2020","$30,000,000,000","Yes","No","$30,001,179,600"
"9127965G0","Bill","52-Week","12/01/2020","12/03/2020","12/02/2021","99.888778","No","","$184,857,000,000","No","","12/03/2020","$34,000,000,000","No","No","$38,987,756,200"
"9127964F3","Bill","13-Week","11/30/2020","12/03/2020","03/04/2021","99.978514","No","$87,169,000,000","$184,857,000,000","No","","12/03/2020","$54,000,000,000","Yes","No","$61,919,742,200"
"912796A41","Bill","26-Week","11/30/2020","12/03/2020","06/03/2021","99.954500","No","","$184,857,000,000","No","","12/03/2020","$51,000,000,000","No","No","$58,479,641,200"
"9127965F2","Bill","4-Week","11/25/2020","12/01/2020","12/29/2020","99.993778","No","$93,417,000,000","$125,002,000,000","No","","12/01/2020","$30,000,000,000","Yes","No","$32,939,099,400"
"912796A82","Bill","8-Week","11/25/2020","12/01/2020","01/26/2021","99.987556","No","$55,001,000,000","$125,002,000,000","No","","12/01/2020","$35,000,000,000","Yes","No","$38,428,878,000"
"912796C80","Bill","105-Day","11/25/2020","12/01/2020","03/16/2021","99.975208","Yes","$30,000,000,000","","No","","12/01/2020","$25,000,000,000","Yes","No","$25,001,486,000"
"912796F79","Bill","154-Day","11/25/2020","12/01/2020","05/04/2021","99.961500","Yes","","","No","","12/01/2020","$30,000,000,000","No","No","$30,001,731,800"
"91282CAY7","Note","7-Year","11/24/2020","11/30/2020","11/30/2027","99.808717","No","","$77,567,000,000","No","0.625%","11/30/2020","$56,000,000,000","No","No","$63,768,886,200"
"9127963T4","Bill","41-Day","11/24/2020","11/27/2020","01/07/2021","99.991458","Yes","$148,480,000,000","","No","","11/27/2020","$30,000,000,000","Yes","No","$30,000,686,500"
"9127962F5","Bill","118-Day","11/24/2020","11/27/2020","03/25/2021","99.970500","Yes","$100,049,000,000","","No","","11/27/2020","$30,000,000,000","Yes","No","$30,000,314,000"
"91282CAS0","Note","1-Year 11-Month","11/24/2020","11/27/2020","10/31/2022","100.003897","No","$28,758,000,000","$0","Yes","","11/27/2020","$24,000,000,000","Yes","No","$24,000,088,500"
"91282CAX9","Note","2-Year","11/23/2020","11/30/2020","11/30/2022","99.920165","No","","$77,567,000,000","No","0.125%","11/30/2020","$56,000,000,000","No","No","$63,769,185,500"
"91282CAZ4","Note","5-Year","11/23/2020","11/30/2020","11/30/2025","99.891191","No","","$77,567,000,000","No","0.375%","11/30/2020","$57,000,000,000","No","No","$64,907,623,700"
"912796XE4","Bill","13-Week","11/23/2020","11/27/2020","02/25/2021","99.978750","No","$136,765,000,000","$168,000,000,000","No","","11/27/2020","$54,000,000,000","Yes","No","$58,574,128,300"
"912796A33","Bill","26-Week","11/23/2020","11/27/2020","05/27/2021","99.954750","No","","$168,000,000,000","No","","11/27/2020","$51,000,000,000","No","No","$55,320,823,300"
"912828ZZ6","Note","9-Year 8-Month","11/19/2020","11/30/2020","07/15/2030","111.642995","No","$29,233,000,000","$77,567,000,000","No","0.125%","11/30/2020","$12,000,000,000","Yes","Yes","$13,664,774,800"
"9127965D7","Bill","4-Week","11/19/2020","11/24/2020","12/22/2020","99.994556","No","$93,304,000,000","$129,999,000,000","No","","11/24/2020","$30,000,000,000","Yes","No","$32,841,174,900"
"912796A74","Bill","8-Week","11/19/2020","11/24/2020","01/19/2021","99.989111","No","$55,002,000,000","$129,999,000,000","No","","11/24/2020","$35,000,000,000","Yes","No","$38,314,247,000"
"912810ST6","Bond","20-Year","11/18/2020","11/30/2020","11/15/2040","99.185441","No","","$77,567,000,000","No","1.375%","11/30/2020","$27,000,000,000","No","No","$30,745,714,300"
"912796C72","Bill","105-Day","11/18/2020","11/24/2020","03/09/2021","99.973750","Yes","$30,001,000,000","","No","","11/24/2020","$25,000,000,000","Yes","No","$25,001,130,000"
"912796F20","Bill","154-Day","11/18/2020","11/24/2020","04/27/2021","99.961500","Yes","","","No","","11/24/2020","$30,000,000,000","No","No","$30,000,940,900"
"912796TY5","Bill","42-Day","11/17/2020","11/19/2020","12/31/2020","99.988917","Yes","$172,072,000,000","","No","","11/19/2020","$30,000,000,000","Yes","No","$30,000,319,500"
"9127964N6","Bill","119-Day","11/17/2020","11/19/2020","03/18/2021","99.968597","Yes","$55,069,000,000","","No","","11/19/2020","$30,000,000,000","Yes","No","$30,002,523,500"
"9127964D8","Bill","13-Week","11/16/2020","11/19/2020","02/18/2021","99.977250","No","$87,548,000,000","$167,998,000,000","No","","11/19/2020","$54,000,000,000","Yes","No","$61,293,256,700"
"9127962Y4","Bill","26-Week","11/16/2020","11/19/2020","05/20/2021","99.949444","No","$35,157,000,000","$167,998,000,000","No","","11/19/2020","$51,000,000,000","Yes","No","$57,887,468,400"
"9127965C9","Bill","4-Week","11/12/2020","11/17/2020","12/15/2020","99.993389","No","$93,374,000,000","$129,999,000,000","No","","11/17/2020","$30,000,000,000","Yes","No","$32,904,152,300"
"912796A66","Bill","8-Week","11/12/2020","11/17/2020","01/12/2021","99.986000","No","$55,001,000,000","$129,999,000,000","No","","11/17/2020","$35,000,000,000","Yes","No","$38,388,069,100"
"912796C23","Bill","105-Day","11/12/2020","11/17/2020","03/02/2021","99.972292","Yes","$30,000,000,000","","No","","11/17/2020","$25,000,000,000","Yes","No","$25,000,562,800"
"912796D97","Bill","154-Day","11/12/2020","11/17/2020","04/20/2021","99.957222","Yes","","","No","","11/17/2020","$30,000,000,000","No","No","$30,001,461,700"
"912810SS8","Bond","30-Year","11/12/2020","11/16/2020","11/15/2050","98.708151","No","","$60,875,000,000","No","1.625%","11/15/2020","$27,000,000,000","No","No","$34,403,465,600"
"91282CAV3","Note","10-Year","11/10/2020","11/16/2020","11/15/2030","99.191574","No","","$60,875,000,000","No","0.875%","11/15/2020","$41,000,000,000","No","No","$52,242,273,200"
"91282CAW1","Note","3-Year","11/09/2020","11/16/2020","11/15/2023","99.999999","No","","$60,875,000,000","No","0.250%","11/15/2020","$54,000,000,000","No","No","$68,806,998,700"
"9127963L1","Bill","42-Day","11/09/2020","11/12/2020","12/24/2020","99.988917","Yes","$142,092,000,000","","No","","11/12/2020","$30,000,000,000","Yes","No","$30,000,679,000"
"9127964C0","Bill","13-Week","11/09/2020","11/12/2020","02/11/2021","99.974722","No","$86,994,000,000","$173,001,000,000","No","","11/12/2020","$54,000,000,000","Yes","No","$59,862,366,600"
"9127964M8","Bill","119-Day","11/09/2020","11/12/2020","03/11/2021","99.966944","Yes","$56,394,000,000","","No","","11/12/2020","$30,000,000,000","Yes","No","$30,000,261,100"
"912796A25","Bill","26-Week","11/09/2020","11/12/2020","05/13/2021","99.944389","No","","$173,001,000,000","No","","11/12/2020","$51,000,000,000","No","No","$56,535,944,100"
"9127965B1","Bill","4-Week","11/05/2020","11/10/2020","12/08/2020","99.993778","No","$92,847,000,000","$130,005,000,000","No","","11/10/2020","$30,000,000,000","Yes","No","$32,407,768,800"
"912796A58","Bill","8-Week","11/05/2020","11/10/2020","01/05/2021","99.986778","No","$55,001,000,000","$130,005,000,000","No","","11/10/2020","$35,000,000,000","Yes","No","$37,809,215,200"
"912796B99","Bill","105-Day","11/04/2020","11/10/2020","02/23/2021","99.970833","Yes","$30,001,000,000","","No","","11/10/2020","$25,000,000,000","Yes","No","$25,001,493,600"
"912796D89","Bill","154-Day","11/04/2020","11/10/2020","04/13/2021","99.955083","Yes","","","No","","11/10/2020","$30,000,000,000","No","No","$30,000,481,500"
"9127963K3","Bill","42-Day","11/03/2020","11/05/2020","12/17/2020","99.990083","Yes","$148,753,000,000","","No","","11/05/2020","$30,000,000,000","Yes","No","$30,000,370,000"
"9127964F3","Bill","119-Day","11/03/2020","11/05/2020","03/04/2021","99.965292","Yes","$57,169,000,000","","No","","11/05/2020","$30,000,000,000","Yes","No","$30,000,330,000"
"9127964W6","Bill","52-Week","11/03/2020","11/05/2020","11/04/2021","99.863500","No","","$186,706,000,000","No","","11/05/2020","$34,000,000,000","No","No","$39,377,361,100"
"9127963W7","Bill","13-Week","11/02/2020","11/05/2020","02/04/2021","99.975986","No","$86,611,000,000","$186,706,000,000","No","","11/05/2020","$54,000,000,000","Yes","No","$62,539,888,100"
"9127965A3","Bill","26-Week","11/02/2020","11/05/2020","05/06/2021","99.944389","No","","$186,706,000,000","No","","11/05/2020","$51,000,000,000","No","No","$59,065,921,600"
"9127964U0","Bill","4-Week","10/29/2020","11/03/2020","12/01/2020","99.993778","No","$98,439,000,000","$129,996,000,000","No","","11/03/2020","$30,000,000,000","Yes","No","$32,929,186,600"
"9127965F2","Bill","8-Week","10/29/2020","11/03/2020","12/29/2020","99.986778","No","$55,001,000,000","$129,996,000,000","No","","11/03/2020","$35,000,000,000","Yes","No","$38,416,229,400"
"91282CAU5","Note","7-Year","10/29/2020","11/02/2020","10/31/2027","99.316022","No","","$136,295,000,000","No","0.500%","10/31/2020","$53,000,000,000","No","No","$58,622,976,800"
"912796B81","Bill","105-Day","10/28/2020","11/03/2020","02/16/2021","99.972292","Yes","$30,001,000,000","","No","","11/03/2020","$25,000,000,000","Yes","No","$25,000,414,500"
"912796D71","Bill","154-Day","10/28/2020","11/03/2020","04/06/2021","99.955083","Yes","","","No","","11/03/2020","$30,000,000,000","No","No","$30,000,321,500"
"91282CAS0","Note","2-Year","10/28/2020","11/02/2020","10/31/2022","100.000000","No","","$136,295,000,000","Yes","","10/31/2020","$26,000,000,000","No","No","$28,758,513,200"
"91282CAT8","Note","5-Year","10/28/2020","11/02/2020","10/31/2025","99.604038","No","","$136,295,000,000","No","0.250%","10/31/2020","$55,000,000,000","No","No","$60,835,176,100"
"91282CAR2","Note","2-Year","10/27/2020","11/02/2020","10/31/2022","99.948240","No","","$136,295,000,000","No","0.125%","10/31/2020","$54,000,000,000","No","No","$59,729,134,900"
"9127963J6","Bill","42-Day","10/27/2020","10/29/2020","12/10/2020","99.990667","Yes","$147,033,000,000","","No","","10/29/2020","$30,000,000,000","Yes","No","$30,000,674,000"
"912796XE4","Bill","119-Day","10/27/2020","10/29/2020","02/25/2021","99.966944","Yes","$106,764,000,000","","No","","10/29/2020","$30,000,000,000","Yes","No","$30,001,269,500"
"912796UC1","Bill","13-Week","10/26/2020","10/29/2020","01/28/2021","99.974722","No","$138,261,000,000","$167,002,000,000","No","","10/29/2020","$54,000,000,000","Yes","No","$58,879,960,100"
"9127964Z9","Bill","26-Week","10/26/2020","10/29/2020","04/29/2021","99.944389","No","","$167,002,000,000","No","","10/29/2020","$51,000,000,000","No","No","$55,608,066,800"
"91282CAQ4","Note","5-Year","10/22/2020","10/30/2020","10/15/2025","107.593657","No","","$0","No","0.125%","10/30/2020","$17,000,000,000","No","Yes","$17,000,006,500"
"9127964T3","Bill","4-Week","10/22/2020","10/27/2020","11/24/2020","99.993389","No","$103,324,000,000","$130,002,000,000","No","","10/27/2020","$30,000,000,000","Yes","No","$32,831,324,800"
"9127965D7","Bill","8-Week","10/22/2020","10/27/2020","12/22/2020","99.986000","No","$55,001,000,000","$130,002,000,000","No","","10/27/2020","$35,000,000,000","Yes","No","$38,302,958,100"
"912810SQ2","Bond","19-Year 10-Month","10/21/2020","11/02/2020","08/15/2040","95.765607","No","$52,184,000,000","$136,295,000,000","No","1.125%","10/31/2020","$22,000,000,000","Yes","No","$24,334,075,500"
"912796B73","Bill","105-Day","10/21/2020","10/27/2020","02/09/2021","99.970833","Yes","$30,001,000,000","","No","","10/27/2020","$25,000,000,000","Yes","No","$25,000,537,000"
"912796D22","Bill","154-Day","10/21/2020","10/27/2020","03/30/2021","99.950806","Yes","","","No","","10/27/2020","$30,000,000,000","No","No","$30,000,762,600"
"912796TU3","Bill","42-Day","10/20/2020","10/22/2020","12/03/2020","99.989500","Yes","$175,241,000,000","","No","","10/22/2020","$30,000,000,000","Yes","No","$30,000,274,000"
"9127964D8","Bill","119-Day","10/20/2020","10/22/2020","02/18/2021","99.965292","Yes","$57,548,000,000","","No","","10/22/2020","$30,000,000,000","Yes","No","$30,000,352,000"
"9127963V9","Bill","13-Week","10/19/2020","10/22/2020","01/21/2021","99.974722","No","$88,903,000,000","$172,003,000,000","No","","10/22/2020","$54,000,000,000","Yes","No","$60,910,114,000"
"9127962Q1","Bill","26-Week","10/19/2020","10/22/2020","04/22/2021","99.941861","No","$50,948,000,000","$172,003,000,000","No","","10/22/2020","$51,000,000,000","Yes","No","$57,526,924,400"
"9127964S5","Bill","4-Week","10/15/2020","10/20/2020","11/17/2020","99.993000","No","$103,397,000,000","$130,002,000,000","No","","10/20/2020","$30,000,000,000","Yes","No","$32,892,222,300"
"9127965C9","Bill","8-Week","10/15/2020","10/20/2020","12/15/2020","99.985222","No","$55,001,000,000","$130,002,000,000","No","","10/20/2020","$35,000,000,000","Yes","No","$38,373,909,600"
"912796B65","Bill","105-Day","10/14/2020","10/20/2020","02/02/2021","99.969375","Yes","$30,001,000,000","","No","","10/20/2020","$25,000,000,000","Yes","No","$25,000,705,700"
"912796C98","Bill","154-Day","10/14/2020","10/20/2020","03/23/2021","99.948667","Yes","","","No","","10/20/2020","$30,000,000,000","No","No","$30,000,121,500"
"9127963B3","Bill","43-Day","10/13/2020","10/15/2020","11/27/2020","99.988653","Yes","$146,892,000,000","","No","","10/15/2020","$30,000,000,000","Yes","No","$30,000,308,600"
"9127963U1","Bill","13-Week","10/13/2020","10/15/2020","01/14/2021","99.973458","No","$87,877,000,000","$171,999,000,000","No","","10/15/2020","$54,000,000,000","Yes","No","$59,913,515,800"
"9127964C0","Bill","119-Day","10/13/2020","10/15/2020","02/11/2021","99.963639","Yes","$56,994,000,000","","No","","10/15/2020","$30,000,000,000","Yes","No","$30,000,339,300"
"9127964Y2","Bill","26-Week","10/13/2020","10/15/2020","04/15/2021","99.941861","No","","$171,999,000,000","No","","10/15/2020","$51,000,000,000","No","No","$56,584,621,600"
"912810SP4","Bond","29-Year 10-Month","10/08/2020","10/15/2020","08/15/2050","95.183187","No","$65,409,000,000","$20,919,000,000","No","1.375%","10/15/2020","$23,000,000,000","Yes","No","$23,643,373,500"
"9127964R7","Bill","4-Week","10/08/2020","10/13/2020","11/10/2020","99.993000","No","$102,781,000,000","$130,005,000,000","No","","10/13/2020","$30,000,000,000","Yes","No","$32,439,307,500"
"9127965B1","Bill","8-Week","10/08/2020","10/13/2020","12/08/2020","99.986000","No","$55,001,000,000","$130,005,000,000","No","","10/13/2020","$35,000,000,000","Yes","No","$37,845,887,300"
"91282CAE1","Note","9-Year 10-Month","10/07/2020","10/15/2020","08/15/2030","98.675865","No","$97,040,000,000","$20,919,000,000","No","0.625%","10/15/2020","$35,000,000,000","Yes","No","$35,979,108,800"
"912796A82","Bill","105-Day","10/07/2020","10/13/2020","01/26/2021","99.970833","Yes","$30,000,000,000","","No","","10/13/2020","$25,000,000,000","Yes","No","$25,000,409,600"
"912796C80","Bill","154-Day","10/07/2020","10/13/2020","03/16/2021","99.952944","Yes","","","No","","10/13/2020","$30,000,000,000","No","No","$30,000,260,000"
"91282CAP6","Note","3-Year","10/06/2020","10/15/2020","10/15/2023","99.796687","No","","$20,919,000,000","No","0.125%","10/15/2020","$52,000,000,000","No","No","$53,454,724,700"
"9127963A5","Bill","42-Day","10/06/2020","10/08/2020","11/19/2020","99.989500","Yes","$152,177,000,000","","No","","10/08/2020","$30,000,000,000","Yes","No","$30,000,734,000"
"9127963W7","Bill","119-Day","10/06/2020","10/08/2020","02/04/2021","99.965292","Yes","$56,610,000,000","","No","","10/08/2020","$30,000,000,000","Yes","No","$30,000,476,000"
"9127964V8","Bill","52-Week","10/06/2020","10/08/2020","10/07/2021","99.858444","No","","$185,553,000,000","No","","10/08/2020","$34,000,000,000","No","No","$39,165,267,800"
"9127963T4","Bill","13-Week","10/05/2020","10/08/2020","01/07/2021","99.975986","No","$86,277,000,000","$185,553,000,000","No","","10/08/2020","$54,000,000,000","Yes","No","$62,203,365,700"
"9127964X4","Bill","26-Week","10/05/2020","10/08/2020","04/08/2021","99.944389","No","","$185,553,000,000","No","","10/08/2020","$51,000,000,000","No","No","$58,747,240,000"
"9127964Q9","Bill","4-Week","10/01/2020","10/06/2020","11/03/2020","99.993389","No","$103,392,000,000","$130,000,000,000","No","","10/06/2020","$30,000,000,000","Yes","No","$32,947,889,900"
"9127964U0","Bill","8-Week","10/01/2020","10/06/2020","12/01/2020","99.986778","No","$60,001,000,000","$130,000,000,000","No","","10/06/2020","$35,000,000,000","Yes","No","$38,439,955,700"
"912796A74","Bill","105-Day","09/30/2020","10/06/2020","01/19/2021","99.972292","Yes","$30,001,000,000","","No","","10/06/2020","$25,000,000,000","Yes","No","$25,000,610,300"
"912796C72","Bill","154-Day","09/30/2020","10/06/2020","03/09/2021","99.955083","Yes","","","No","","10/06/2020","$30,000,000,000","No","No","$30,000,649,500"
"9127962Z1","Bill","42-Day","09/29/2020","10/01/2020","11/12/2020","99.990083","Yes","$154,397,000,000","","No","","10/01/2020","$30,000,000,000","Yes","No","$30,000,402,500"
"912796UC1","Bill","119-Day","09/29/2020","10/01/2020","01/28/2021","99.970250","Yes","$108,260,000,000","","No","","10/01/2020","$30,000,000,000","Yes","No","$30,001,059,500"
"912796TY5","Bill","13-Week","09/28/2020","10/01/2020","12/31/2020","99.974722","No","$113,573,000,000","$166,006,000,000","No","","10/01/2020","$54,000,000,000","Yes","No","$58,499,048,800"
"9127964P1","Bill","26-Week","09/28/2020","10/01/2020","04/01/2021","99.946917","No","","$166,006,000,000","No","","10/01/2020","$51,000,000,000","No","No","$55,248,497,400"
"91282CAL5","Note","7-Year","09/24/2020","09/30/2020","09/30/2027","99.401422","No","","$75,108,000,000","No","0.375%","09/30/2020","$50,000,000,000","No","No","$56,845,294,300"
"9127964K2","Bill","4-Week","09/24/2020","09/29/2020","10/27/2020","99.994167","No","$103,285,000,000","$129,999,000,000","No","","09/29/2020","$30,000,000,000","Yes","No","$32,849,859,400"
"9127964T3","Bill","8-Week","09/24/2020","09/29/2020","11/24/2020","99.986000","No","$65,002,000,000","$129,999,000,000","No","","09/29/2020","$35,000,000,000","Yes","No","$38,324,221,800"
"91282CAM3","Note","5-Year","09/23/2020","09/30/2020","09/30/2025","99.875940","No","","$75,108,000,000","No","0.250%","09/30/2020","$53,000,000,000","No","No","$60,256,032,200"
"912796A66","Bill","105-Day","09/23/2020","09/29/2020","01/12/2021","99.973750","Yes","$30,001,000,000","","No","","09/29/2020","$25,000,000,000","Yes","No","$25,000,238,000"
"912796C23","Bill","154-Day","09/23/2020","09/29/2020","03/02/2021","99.957222","Yes","","","No","","09/29/2020","$30,000,000,000","No","No","$30,000,478,000"
"91282CAA9","Note","1-Year 10-Month","09/23/2020","09/25/2020","07/31/2022","99.994389","No","$48,728,000,000","$0","Yes","","09/25/2020","$22,000,000,000","Yes","No","$22,000,067,700"
"91282CAN1","Note","2-Year","09/22/2020","09/30/2020","09/30/2022","99.978037","No","","$75,108,000,000","No","0.125%","09/30/2020","$52,000,000,000","No","No","$59,119,072,300"
"912796TP4","Bill","42-Day","09/22/2020","09/24/2020","11/05/2020","99.990083","Yes","$178,687,000,000","","No","","09/24/2020","$30,000,000,000","Yes","No","$30,000,011,000"
"9127963V9","Bill","119-Day","09/22/2020","09/24/2020","01/21/2021","99.968597","Yes","$58,902,000,000","","No","","09/24/2020","$30,000,000,000","Yes","No","$30,000,371,900"
"9127963L1","Bill","13-Week","09/21/2020","09/24/2020","12/24/2020","99.974722","No","$86,076,000,000","$166,005,000,000","No","","09/24/2020","$54,000,000,000","Yes","No","$56,015,119,800"
"9127962F5","Bill","26-Week","09/21/2020","09/24/2020","03/25/2021","99.946917","No","$47,149,000,000","$166,005,000,000","No","","09/24/2020","$51,000,000,000","Yes","No","$52,902,976,400"
"912828ZZ6","Note","9-Year 10-Month","09/17/2020","09/30/2020","07/15/2030","112.388136","No","$15,590,000,000","$75,108,000,000","No","0.125%","09/30/2020","$12,000,000,000","Yes","Yes","$13,642,870,400"
"9127964J5","Bill","4-Week","09/17/2020","09/22/2020","10/20/2020","99.993778","No","$103,349,000,000","$134,995,000,000","No","","09/22/2020","$30,000,000,000","Yes","No","$32,915,769,000"
"9127964S5","Bill","8-Week","09/17/2020","09/22/2020","11/17/2020","99.985222","No","$65,001,000,000","$134,995,000,000","No","","09/22/2020","$35,000,000,000","Yes","No","$38,401,195,000"
"912796A58","Bill","105-Day","09/16/2020","09/22/2020","01/05/2021","99.970833","Yes","$30,001,000,000","","No","","09/22/2020","$25,000,000,000","Yes","No","$25,000,743,400"
"912796B99","Bill","154-Day","09/16/2020","09/22/2020","02/23/2021","99.952944","Yes","","","No","","09/22/2020","$30,000,000,000","No","No","$30,000,501,600"
"912810SQ2","Bond","19-Year 11-Month","09/15/2020","09/30/2020","08/15/2040","98.449355","No","$27,172,000,000","$75,108,000,000","No","1.125%","09/30/2020","$22,000,000,000","Yes","No","$25,011,919,600"
"9127962T5","Bill","42-Day","09/15/2020","09/17/2020","10/29/2020","99.988917","Yes","$146,487,000,000","","No","","09/17/2020","$30,000,000,000","Yes","No","$30,001,074,000"
"9127963U1","Bill","119-Day","09/15/2020","09/17/2020","01/14/2021","99.963639","Yes","$57,875,000,000","","No","","09/17/2020","$30,000,000,000","Yes","No","$30,002,065,900"
"9127963K3","Bill","13-Week","09/14/2020","09/17/2020","12/17/2020","99.972194","No","$90,439,000,000","$166,002,000,000","No","","09/17/2020","$54,000,000,000","Yes","No","$58,313,812,700"
"9127964N6","Bill","26-Week","09/14/2020","09/17/2020","03/18/2021","99.939333","No","","$166,002,000,000","No","","09/17/2020","$51,000,000,000","No","No","$55,074,060,800"
"9127964H9","Bill","4-Week","09/10/2020","09/15/2020","10/13/2020","99.993000","No","$102,906,000,000","$144,999,000,000","No","","09/15/2020","$30,000,000,000","Yes","No","$32,380,710,100"
"9127964R7","Bill","8-Week","09/10/2020","09/15/2020","11/10/2020","99.983667","No","$65,002,000,000","$144,999,000,000","No","","09/15/2020","$35,000,000,000","Yes","No","$37,776,560,400"
"912810SP4","Bond","29-Year 11-Month","09/10/2020","09/15/2020","08/15/2050","97.635118","No","$41,464,000,000","$19,560,000,000","No","1.375%","09/15/2020","$23,000,000,000","Yes","No","$23,945,568,700"
"9127965F2","Bill","105-Day","09/09/2020","09/15/2020","12/29/2020","99.966458","Yes","$30,000,000,000","","No","","09/15/2020","$25,000,000,000","Yes","No","$25,000,666,400"
"912796B81","Bill","154-Day","09/09/2020","09/15/2020","02/16/2021","99.948667","Yes","","","No","","09/15/2020","$30,000,000,000","No","No","$30,000,538,700"
"91282CAE1","Note","9-Year 11-Month","09/09/2020","09/15/2020","08/15/2030","99.244492","No","$60,601,000,000","$19,560,000,000","No","0.625%","09/15/2020","$35,000,000,000","Yes","No","$36,438,927,500"
"91282CAK7","Note","3-Year","09/08/2020","09/15/2020","09/15/2023","99.865401","No","","$19,560,000,000","No","0.125%","09/15/2020","$50,000,000,000","No","No","$52,055,619,500"
"9127962S7","Bill","42-Day","09/08/2020","09/10/2020","10/22/2020","99.987750","Yes","$155,438,000,000","","No","","09/10/2020","$30,000,000,000","Yes","No","$30,000,998,000"
"9127963J6","Bill","13-Week","09/08/2020","09/10/2020","12/10/2020","99.970931","No","$87,322,000,000","$182,721,000,000","No","","09/10/2020","$54,000,000,000","Yes","No","$59,711,327,900"
"9127963T4","Bill","119-Day","09/08/2020","09/10/2020","01/07/2021","99.960333","Yes","$56,276,000,000","","No","","09/10/2020","$30,000,000,000","Yes","No","$30,000,421,200"
"9127964M8","Bill","26-Week","09/08/2020","09/10/2020","03/11/2021","99.936806","No","","$182,721,000,000","No","","09/10/2020","$51,000,000,000","No","No","$56,393,869,600"
"9127964L0","Bill","52-Week","09/08/2020","09/10/2020","09/09/2021","99.858444","No","","$182,721,000,000","No","","09/10/2020","$34,000,000,000","No","No","$37,596,180,300"
"9127964G1","Bill","4-Week","09/03/2020","09/08/2020","10/06/2020","99.993000","No","$103,478,000,000","$149,994,000,000","No","","09/08/2020","$30,000,000,000","Yes","No","$32,911,851,400"
"9127964Q9","Bill","8-Week","09/03/2020","09/08/2020","11/03/2020","99.984444","No","$65,000,000,000","$149,994,000,000","No","","09/08/2020","$35,000,000,000","Yes","No","$38,397,243,200"
"9127965D7","Bill","105-Day","09/02/2020","09/08/2020","12/22/2020","99.966458","Yes","$30,001,000,000","","No","","09/08/2020","$25,000,000,000","Yes","No","$25,000,817,000"
"912796B73","Bill","154-Day","09/02/2020","09/08/2020","02/09/2021","99.948667","Yes","","","No","","09/08/2020","$30,000,000,000","No","No","$30,000,702,600"
"9127962R9","Bill","42-Day","09/01/2020","09/03/2020","10/15/2020","99.989500","Yes","$153,495,000,000","","No","","09/03/2020","$30,000,000,000","Yes","No","$30,000,570,500"
"912796TY5","Bill","119-Day","09/01/2020","09/03/2020","12/31/2020","99.961986","Yes","$83,572,000,000","","No","","09/03/2020","$30,000,000,000","Yes","No","$30,001,412,900"
"912796TU3","Bill","13-Week","08/31/2020","09/03/2020","12/03/2020","99.973458","No","$114,705,000,000","$157,117,000,000","No","","09/03/2020","$54,000,000,000","Yes","No","$60,532,375,800"
"9127964F3","Bill","26-Week","08/31/2020","09/03/2020","03/04/2021","99.941861","No","","$157,117,000,000","No","","09/03/2020","$51,000,000,000","No","No","$57,168,974,700"
"9127964A4","Bill","4-Week","08/27/2020","09/01/2020","09/29/2020","99.993778","No","$103,361,000,000","$109,989,000,000","No","","09/01/2020","$30,000,000,000","Yes","No","$32,815,238,900"
"9127964K2","Bill","8-Week","08/27/2020","09/01/2020","10/27/2020","99.986000","No","$65,001,000,000","$109,989,000,000","No","","09/01/2020","$35,000,000,000","Yes","No","$38,284,015,800"
"91282CAH4","Note","7-Year","08/27/2020","08/31/2020","08/31/2027","99.869553","No","","$86,894,000,000","No","0.500%","08/31/2020","$47,000,000,000","No","No","$51,083,075,700"
"9127965C9","Bill","105-Day","08/26/2020","09/01/2020","12/15/2020","99.970833","Yes","$30,000,000,000","","No","","09/01/2020","$25,000,000,000","Yes","No","$25,000,422,400"
"912796B65","Bill","154-Day","08/26/2020","09/01/2020","02/02/2021","99.952944","Yes","","","No","","09/01/2020","$30,000,000,000","No","No","$30,000,939,600"
"91282CAJ0","Note","5-Year","08/26/2020","08/31/2020","08/31/2025","99.761955","No","","$86,894,000,000","No","0.250%","08/31/2020","$51,000,000,000","No","No","$55,430,929,100"
"91282CAA9","Note","1-Year 11-Month","08/26/2020","08/28/2020","07/31/2022","99.999997","No","$26,727,000,000","$0","Yes","","08/28/2020","$22,000,000,000","Yes","No","$22,000,228,200"
"91282CAG6","Note","2-Year","08/25/2020","08/31/2020","08/31/2022","99.940116","No","","$86,894,000,000","No","0.125%","08/31/2020","$50,000,000,000","No","No","$54,343,773,700"
"912796TN9","Bill","42-Day","08/25/2020","08/27/2020","10/08/2020","99.990083","Yes","$176,668,000,000","","No","","08/27/2020","$30,000,000,000","Yes","No","$30,000,359,500"
"9127963L1","Bill","119-Day","08/25/2020","08/27/2020","12/24/2020","99.963639","Yes","$56,075,000,000","","No","","08/27/2020","$30,000,000,000","Yes","No","$30,001,079,000"
"9127963B3","Bill","13-Week","08/24/2020","08/27/2020","11/27/2020","99.974444","No","$88,431,000,000","$159,323,000,000","No","","08/27/2020","$54,000,000,000","Yes","No","$58,461,782,400"
"912796XE4","Bill","26-Week","08/24/2020","08/27/2020","02/25/2021","99.939333","No","$51,551,000,000","$159,323,000,000","No","","08/27/2020","$51,000,000,000","Yes","No","$55,212,799,400"
"912810SM1","Bond","29-Year 6-Month","08/20/2020","08/31/2020","02/15/2050","116.316267","No","$8,000,000,000","$86,894,000,000","No","0.250%","08/31/2020","$7,000,000,000","Yes","Yes","$7,608,120,200"
"9127963Z0","Bill","4-Week","08/20/2020","08/25/2020","09/22/2020","99.993778","No","$108,445,000,000","$109,998,000,000","No","","08/25/2020","$30,000,000,000","Yes","No","$32,871,039,800"
"9127964J5","Bill","8-Week","08/20/2020","08/25/2020","10/20/2020","99.986000","No","$65,001,000,000","$109,998,000,000","No","","08/25/2020","$35,000,000,000","Yes","No","$38,348,733,100"
"912810SQ2","Bond","20-Year","08/19/2020","08/31/2020","08/15/2040","98.936182","No","","$86,894,000,000","No","1.125%","08/31/2020","$25,000,000,000","No","No","$27,171,851,700"
"9127965B1","Bill","105-Day","08/19/2020","08/25/2020","12/08/2020","99.969375","Yes","$30,000,000,000","","No","","08/25/2020","$25,000,000,000","Yes","No","$25,000,782,200"
"912796A82","Bill","154-Day","08/19/2020","08/25/2020","01/26/2021","99.950806","Yes","","","No","","08/25/2020","$30,000,000,000","No","No","$30,000,158,000"
"9127962J7","Bill","42-Day","08/18/2020","08/20/2020","10/01/2020","99.989500","Yes","$144,751,000,000","","No","","08/20/2020","$30,000,000,000","Yes","No","$30,001,015,500"
"9127963K3","Bill","119-Day","08/18/2020","08/20/2020","12/17/2020","99.963639","Yes","$60,438,000,000","","No","","08/20/2020","$30,000,000,000","Yes","No","$30,000,714,000"
"9127963A5","Bill","13-Week","08/17/2020","08/20/2020","11/19/2020","99.973458","No","$91,242,000,000","$157,590,000,000","No","","08/20/2020","$54,000,000,000","Yes","No","$60,932,576,800"
"9127964D8","Bill","26-Week","08/17/2020","08/20/2020","02/18/2021","99.939333","No","","$157,590,000,000","No","","08/20/2020","$51,000,000,000","No","No","$57,547,238,300"
"9127963Y3","Bill","4-Week","08/13/2020","08/18/2020","09/15/2020","99.993389","No","$117,667,000,000","$120,006,000,000","No","","08/18/2020","$30,000,000,000","Yes","No","$32,489,979,800"
"9127964H9","Bill","8-Week","08/13/2020","08/18/2020","10/13/2020","99.984444","No","$65,001,000,000","$120,006,000,000","No","","08/18/2020","$35,000,000,000","Yes","No","$37,905,119,300"
"912810SP4","Bond","30-Year","08/13/2020","08/17/2020","08/15/2050","99.243433","No","","$49,518,000,000","No","1.375%","08/15/2020","$26,000,000,000","No","No","$41,463,586,800"
"9127964U0","Bill","105-Day","08/12/2020","08/18/2020","12/01/2020","99.967917","Yes","$35,001,000,000","","No","","08/18/2020","$25,000,000,000","Yes","No","$25,000,299,900"
"912796A74","Bill","154-Day","08/12/2020","08/18/2020","01/19/2021","99.948667","Yes","","","No","","08/18/2020","$30,000,000,000","No","No","$30,001,022,000"
"91282CAE1","Note","10-Year","08/12/2020","08/17/2020","08/15/2030","99.498284","No","","$49,518,000,000","No","0.625%","08/15/2020","$38,000,000,000","No","No","$60,600,624,700"
"91282CAF8","Note","3-Year","08/11/2020","08/17/2020","08/15/2023","99.838798","No","","$49,518,000,000","No","0.125%","08/15/2020","$48,000,000,000","No","No","$76,548,181,000"
"9127962H1","Bill","42-Day","08/11/2020","08/13/2020","09/24/2020","99.988917","Yes","$139,921,000,000","","No","","08/13/2020","$30,000,000,000","Yes","No","$30,000,178,000"
"9127963J6","Bill","119-Day","08/11/2020","08/13/2020","12/10/2020","99.963639","Yes","$57,320,000,000","","No","","08/13/2020","$30,000,000,000","Yes","No","$30,001,406,900"
"9127964B2","Bill","52-Week","08/11/2020","08/13/2020","08/12/2021","99.858444","No","","$180,672,000,000","No","","08/13/2020","$34,000,000,000","No","No","$37,997,082,800"
"9127962Z1","Bill","13-Week","08/10/2020","08/13/2020","11/12/2020","99.973458","No","$94,050,000,000","$180,672,000,000","No","","08/13/2020","$54,000,000,000","Yes","No","$60,347,426,900"
"9127964C0","Bill","26-Week","08/10/2020","08/13/2020","02/11/2021","99.939333","No","","$180,672,000,000","No","","08/13/2020","$51,000,000,000","No","No","$56,994,546,800"
"9127963X5","Bill","4-Week","08/06/2020","08/11/2020","09/08/2020","99.993778","No","$123,330,000,000","$130,002,000,000","No","","08/11/2020","$30,000,000,000","Yes","No","$32,979,741,000"
"9127964G1","Bill","8-Week","08/06/2020","08/11/2020","10/06/2020","99.984444","No","$65,001,000,000","$130,002,000,000","No","","08/11/2020","$35,000,000,000","Yes","No","$38,476,491,300"
"9127964T3","Bill","105-Day","08/05/2020","08/11/2020","11/24/2020","99.969375","Yes","$40,001,000,000","","No","","08/11/2020","$25,000,000,000","Yes","No","$25,000,869,000"
"912796A66","Bill","154-Day","08/05/2020","08/11/2020","01/12/2021","99.952944","Yes","","","No","","08/11/2020","$30,000,000,000","No","No","$30,000,931,000"
"9127962G3","Bill","42-Day","08/04/2020","08/06/2020","09/17/2020","99.990083","Yes","$144,389,000,000","","No","","08/06/2020","$30,000,000,000","Yes","No","$30,000,235,000"
"912796TU3","Bill","119-Day","08/04/2020","08/06/2020","12/03/2020","99.966944","Yes","$84,704,000,000","","No","","08/06/2020","$30,000,000,000","Yes","No","$30,001,237,600"
"912796TP4","Bill","13-Week","08/03/2020","08/06/2020","11/05/2020","99.974722","No","$118,748,000,000","$173,601,000,000","No","","08/06/2020","$54,000,000,000","Yes","No","$59,940,440,300"
"9127963W7","Bill","26-Week","08/03/2020","08/06/2020","02/04/2021","99.946917","No","","$173,601,000,000","No","","08/06/2020","$51,000,000,000","No","No","$56,610,741,000"
"9127963R8","Bill","4-Week","07/30/2020","08/04/2020","09/01/2020","99.993000","No","$83,214,000,000","$145,000,000,000","No","","08/04/2020","$30,000,000,000","Yes","No","$32,879,305,500"
"9127964A4","Bill","8-Week","07/30/2020","08/04/2020","09/29/2020","99.985222","No","$65,001,000,000","$145,000,000,000","No","","08/04/2020","$35,000,000,000","Yes","No","$38,359,824,500"
"9127964S5","Bill","105-Day","07/29/2020","08/04/2020","11/17/2020","99.969375","Yes","$40,001,000,000","","No","","08/04/2020","$25,000,000,000","Yes","No","$25,000,269,300"
"912796A58","Bill","154-Day","07/29/2020","08/04/2020","01/05/2021","99.952944","Yes","","","No","","08/04/2020","$30,000,000,000","No","No","$30,000,557,700"
"91282CAA9","Note","2-Year","07/28/2020","07/31/2020","07/31/2022","100.000000","No","","$132,789,000,000","Yes","","07/31/2020","$24,000,000,000","No","No","$26,727,449,700"
"91282CAD3","Note","7-Year","07/28/2020","07/31/2020","07/31/2027","99.511214","No","","$132,789,000,000","No","0.375%","07/31/2020","$44,000,000,000","No","No","$49,000,106,200"
"912796TJ8","Bill","42-Day","07/28/2020","07/30/2020","09/10/2020","99.988333","Yes","$167,422,000,000","","No","","07/30/2020","$30,000,000,000","Yes","No","$30,000,251,200"
"9127963B3","Bill","120-Day","07/28/2020","07/30/2020","11/27/2020","99.963333","Yes","$58,431,000,000","","No","","07/30/2020","$30,000,000,000","Yes","No","$30,000,355,900"
"91282CAC5","Note","2-Year","07/27/2020","07/31/2020","07/31/2022","99.940116","No","","$132,789,000,000","No","0.125%","07/31/2020","$48,000,000,000","No","No","$53,454,745,100"
"91282CAB7","Note","5-Year","07/27/2020","07/31/2020","07/31/2025","99.811496","No","","$132,789,000,000","No","0.250%","07/31/2020","$49,000,000,000","No","No","$54,568,288,400"
"9127962T5","Bill","13-Week","07/27/2020","07/30/2020","10/29/2020","99.973458","No","$86,232,000,000","$178,210,000,000","No","","07/30/2020","$54,000,000,000","Yes","No","$60,255,293,000"
"912796UC1","Bill","26-Week","07/27/2020","07/30/2020","01/28/2021","99.934278","No","$51,357,000,000","$178,210,000,000","No","","07/30/2020","$51,000,000,000","Yes","No","$56,907,878,200"
"912828ZZ6","Note","10-Year","07/23/2020","07/31/2020","07/15/2030","111.033716","No","","$132,789,000,000","No","0.125%","07/31/2020","$14,000,000,000","No","Yes","$15,590,943,600"
"9127963Q0","Bill","4-Week","07/23/2020","07/28/2020","08/25/2020","99.993778","No","$83,265,000,000","$149,998,000,000","No","","07/28/2020","$30,000,000,000","Yes","No","$32,953,189,200"
"9127963Z0","Bill","8-Week","07/23/2020","07/28/2020","09/22/2020","99.984444","No","$70,000,000,000","$149,998,000,000","No","","07/28/2020","$35,000,000,000","Yes","No","$38,445,625,200"
"912810SR0","Bond","19-Year 10-Month","07/22/2020","07/31/2020","05/15/2040","101.174893","No","$41,425,000,000","$132,789,000,000","No","1.125%","07/31/2020","$17,000,000,000","Yes","No","$18,931,875,600"
"9127964R7","Bill","105-Day","07/22/2020","07/28/2020","11/10/2020","99.965000","Yes","$40,000,000,000","","No","","07/28/2020","$25,000,000,000","Yes","No","$25,001,379,400"
"9127965F2","Bill","154-Day","07/22/2020","07/28/2020","12/29/2020","99.942250","Yes","","","No","","07/28/2020","$30,000,000,000","No","No","$30,000,099,000"
"912796XH7","Bill","42-Day","07/21/2020","07/23/2020","09/03/2020","99.988333","Yes","$139,816,000,000","","No","","07/23/2020","$30,000,000,000","Yes","No","$30,000,235,400"
"9127963A5","Bill","119-Day","07/21/2020","07/23/2020","11/19/2020","99.960333","Yes","$61,242,000,000","","No","","07/23/2020","$30,000,000,000","Yes","No","$30,000,375,000"
"9127962Q1","Bill","273-Day","07/21/2020","07/23/2020","04/22/2021","99.893833","Yes","$30,948,000,000","","No","","07/23/2020","$20,000,000,000","Yes","No","$20,000,029,500"
"9127962S7","Bill","13-Week","07/20/2020","07/23/2020","10/22/2020","99.969667","No","$93,067,000,000","$143,434,000,000","No","","07/23/2020","$54,000,000,000","Yes","No","$62,372,121,600"
"9127963V9","Bill","26-Week","07/20/2020","07/23/2020","01/21/2021","99.934278","No","","$143,434,000,000","No","","07/23/2020","$51,000,000,000","No","No","$58,906,428,800"
"9127963P2","Bill","4-Week","07/16/2020","07/21/2020","08/18/2020","99.991833","No","$87,730,000,000","$170,002,000,000","No","","07/21/2020","$35,000,000,000","Yes","No","$37,666,740,600"
"9127963Y3","Bill","8-Week","07/16/2020","07/21/2020","09/15/2020","99.982889","No","$80,001,000,000","$170,002,000,000","No","","07/21/2020","$35,000,000,000","Yes","No","$37,666,669,800"
"9127964Q9","Bill","105-Day","07/15/2020","07/21/2020","11/03/2020","99.962083","Yes","$40,000,000,000","","No","","07/21/2020","$25,000,000,000","Yes","No","$25,000,170,900"
"9127965D7","Bill","154-Day","07/15/2020","07/21/2020","12/22/2020","99.937972","Yes","","","No","","07/21/2020","$30,000,000,000","No","No","$30,000,610,000"
"912796XG9","Bill","42-Day","07/14/2020","07/16/2020","08/27/2020","99.986000","Yes","$132,996,000,000","","No","","07/16/2020","$35,000,000,000","Yes","No","$35,000,053,800"
"9127962Z1","Bill","119-Day","07/14/2020","07/16/2020","11/12/2020","99.952069","Yes","$59,049,000,000","","No","","07/16/2020","$35,000,000,000","Yes","No","$35,000,802,000"
"9127963S6","Bill","52-Week","07/14/2020","07/16/2020","07/15/2021","99.843278","No","","$172,828,000,000","No","","07/16/2020","$34,000,000,000","No","No","$38,580,076,400"
"9127962R9","Bill","13-Week","07/13/2020","07/16/2020","10/15/2020","99.963347","No","$92,223,000,000","$172,828,000,000","No","","07/16/2020","$54,000,000,000","Yes","No","$61,274,260,000"
"9127963U1","Bill","26-Week","07/13/2020","07/16/2020","01/14/2021","99.926694","No","","$172,828,000,000","No","","07/16/2020","$51,000,000,000","No","No","$57,870,396,200"
"912828ZJ2","Note","4-Year 10-Month","07/10/2020","07/13/2020","04/15/2025","104.470612","No","$35,527,000,000","$0","No","0.125%","07/13/2020","$25,000,000","Yes","Yes","$25,000,000"
"912810SN9","Bond","29-Year 10-Month","07/09/2020","07/15/2020","05/15/2050","98.034284","No","$52,905,000,000","$54,366,000,000","No","1.250%","07/15/2020","$19,000,000,000","Yes","No","$20,666,899,600"
"9127963N7","Bill","4-Week","07/09/2020","07/14/2020","08/11/2020","99.992222","No","$93,127,000,000","$180,005,000,000","No","","07/14/2020","$40,000,000,000","Yes","No","$43,328,882,900"
"9127963X5","Bill","8-Week","07/09/2020","07/14/2020","09/08/2020","99.981333","No","$80,001,000,000","$180,005,000,000","No","","07/14/2020","$40,000,000,000","Yes","No","$43,329,090,400"
"912828ZQ6","Note","9-Year 10-Month","07/08/2020","07/15/2020","05/15/2030","99.733486","No","$78,336,000,000","$54,366,000,000","No","0.625%","07/15/2020","$29,000,000,000","Yes","No","$31,544,209,100"
"9127964K2","Bill","105-Day","07/08/2020","07/14/2020","10/27/2020","99.957708","Yes","$40,001,000,000","","No","","07/14/2020","$25,000,000,000","Yes","No","$25,000,289,000"
"9127965C9","Bill","154-Day","07/08/2020","07/14/2020","12/15/2020","99.933694","Yes","","","No","","07/14/2020","$30,000,000,000","No","No","$30,000,352,100"
"912828ZY9","Note","3-Year","07/07/2020","07/15/2020","07/15/2023","99.805647","No","","$54,366,000,000","No","0.125%","07/15/2020","$46,000,000,000","No","No","$50,035,625,700"
"912796XF1","Bill","42-Day","07/07/2020","07/09/2020","08/20/2020","99.985417","Yes","$136,069,000,000","","No","","07/09/2020","$35,000,000,000","Yes","No","$35,000,165,000"
"912796TP4","Bill","119-Day","07/07/2020","07/09/2020","11/05/2020","99.950417","Yes","$83,747,000,000","","No","","07/09/2020","$35,000,000,000","Yes","No","$35,000,340,800"
"912796TN9","Bill","13-Week","07/06/2020","07/09/2020","10/08/2020","99.962083","No","$117,075,000,000","$149,566,000,000","No","","07/09/2020","$54,000,000,000","Yes","No","$59,593,322,800"
"9127963T4","Bill","26-Week","07/06/2020","07/09/2020","01/07/2021","99.916583","No","","$149,566,000,000","No","","07/09/2020","$51,000,000,000","No","No","$56,282,393,700"
"9127963M9","Bill","4-Week","07/02/2020","07/07/2020","08/04/2020","99.991056","No","$103,019,000,000","$149,999,000,000","No","","07/07/2020","$45,000,000,000","Yes","No","$48,219,281,400"
"9127963R8","Bill","8-Week","07/02/2020","07/07/2020","09/01/2020","99.979000","No","$35,000,000,000","$149,999,000,000","No","","07/07/2020","$45,000,000,000","Yes","No","$48,218,827,500"
"9127964J5","Bill","105-Day","07/01/2020","07/07/2020","10/20/2020","99.959167","Yes","$40,000,000,000","","No","","07/07/2020","$25,000,000,000","Yes","No","$25,000,829,700"
"9127965B1","Bill","154-Day","07/01/2020","07/07/2020","12/08/2020","99.933694","Yes","","","No","","07/07/2020","$30,000,000,000","No","No","$30,000,424,900"
"912796TD1","Bill","42-Day","06/30/2020","07/02/2020","08/13/2020","99.984833","Yes","$162,010,000,000","","No","","07/02/2020","$35,000,000,000","Yes","No","$35,000,241,000"
"9127962T5","Bill","119-Day","06/30/2020","07/02/2020","10/29/2020","99.948764","Yes","$51,232,000,000","","No","","07/02/2020","$35,000,000,000","Yes","No","$35,000,214,600"
"9127962J7","Bill","13-Week","06/29/2020","07/02/2020","10/01/2020","99.962083","No","$83,792,000,000","$140,644,000,000","No","","07/02/2020","$54,000,000,000","Yes","No","$60,959,090,400"
"912796TY5","Bill","26-Week","06/29/2020","07/02/2020","12/31/2020","99.916583","No","$26,000,000,000","$140,644,000,000","No","","07/02/2020","$51,000,000,000","Yes","No","$57,571,857,000"
"9127963G2","Bill","4-Week","06/25/2020","06/30/2020","07/28/2020","99.991444","No","$103,131,000,000","$149,992,000,000","No","","06/30/2020","$50,000,000,000","Yes","No","$53,265,946,200"
"9127963Q0","Bill","8-Week","06/25/2020","06/30/2020","08/25/2020","99.978222","No","$30,000,000,000","$149,992,000,000","No","","06/30/2020","$50,000,000,000","Yes","No","$53,265,504,900"
"912828ZV5","Note","7-Year","06/25/2020","06/30/2020","06/30/2027","99.924456","No","","$79,521,000,000","No","0.500%","06/30/2020","$41,000,000,000","No","No","$46,607,737,000"
"9127964H9","Bill","105-Day","06/24/2020","06/30/2020","10/13/2020","99.956250","Yes","$35,000,000,000","","No","","06/30/2020","$30,000,000,000","Yes","No","$30,000,843,900"
"9127964U0","Bill","154-Day","06/24/2020","06/30/2020","12/01/2020","99.929417","Yes","","","No","","06/30/2020","$35,000,000,000","No","No","$35,000,624,000"
"912828ZW3","Note","5-Year","06/24/2020","06/30/2020","06/30/2025","99.603606","No","","$79,521,000,000","No","0.250%","06/30/2020","$47,000,000,000","No","No","$53,428,398,500"
"912828ZK9","Note","1-Year 10-Month","06/24/2020","06/26/2020","04/30/2022","100.063394","No","$43,911,000,000","$0","Yes","","06/26/2020","$20,000,000,000","Yes","No","$20,000,113,800"
"912828ZX1","Note","2-Year","06/23/2020","06/30/2020","06/30/2022","99.864327","No","","$79,521,000,000","No","0.125%","06/30/2020","$46,000,000,000","No","No","$52,291,638,700"
"912796WZ8","Bill","42-Day","06/23/2020","06/25/2020","08/06/2020","99.985417","Yes","$145,151,000,000","","No","","06/25/2020","$40,000,000,000","Yes","No","$40,000,826,500"
"9127962S7","Bill","119-Day","06/23/2020","06/25/2020","10/22/2020","99.948764","Yes","$53,066,000,000","","No","","06/25/2020","$40,000,000,000","Yes","No","$40,000,699,600"
"9127962F5","Bill","273-Day","06/23/2020","06/25/2020","03/25/2021","99.863500","Yes","$27,155,000,000","","No","","06/25/2020","$20,000,000,000","Yes","No","$20,000,214,000"
"9127962H1","Bill","13-Week","06/22/2020","06/25/2020","09/24/2020","99.960819","No","$80,733,000,000","$144,412,000,000","No","","06/25/2020","$57,000,000,000","Yes","No","$59,183,651,000"
"9127963L1","Bill","26-Week","06/22/2020","06/25/2020","12/24/2020","99.911528","No","","$144,412,000,000","No","","06/25/2020","$54,000,000,000","No","No","$56,068,458,900"
"912828ZJ2","Note","4-Year 10-Month","06/18/2020","06/30/2020","04/15/2025","103.608385","No","$18,476,000,000","$79,521,000,000","No","0.125%","06/30/2020","$15,000,000,000","Yes","Yes","$17,051,642,600"
"9127963F4","Bill","4-Week","06/18/2020","06/23/2020","07/21/2020","99.990278","No","$112,360,000,000","$184,993,000,000","No","","06/23/2020","$60,000,000,000","Yes","No","$62,976,646,300"
"9127963P2","Bill","8-Week","06/18/2020","06/23/2020","08/18/2020","99.979000","No","$30,000,000,000","$184,993,000,000","No","","06/23/2020","$55,000,000,000","Yes","No","$57,728,773,600"
"912810SR0","Bond","19-Year 11-Month","06/17/2020","06/30/2020","05/15/2040","96.702809","No","$22,100,000,000","$79,521,000,000","No","1.125%","06/30/2020","$17,000,000,000","Yes","No","$19,325,136,300"
"9127964G1","Bill","105-Day","06/17/2020","06/23/2020","10/06/2020","99.950417","Yes","$30,000,000,000","","No","","06/23/2020","$35,000,000,000","Yes","No","$35,001,007,500"
"9127964T3","Bill","154-Day","06/17/2020","06/23/2020","11/24/2020","99.920861","Yes","","","No","","06/23/2020","$40,000,000,000","No","No","$40,000,762,000"
"912796WY1","Bill","42-Day","06/16/2020","06/18/2020","07/30/2020","99.982500","Yes","$140,371,000,000","","No","","06/18/2020","$50,000,000,000","Yes","No","$50,001,214,300"
"9127962R9","Bill","119-Day","06/16/2020","06/18/2020","10/15/2020","99.940500","Yes","$52,222,000,000","","No","","06/18/2020","$40,000,000,000","Yes","No","$40,000,353,900"
"9127963H0","Bill","52-Week","06/16/2020","06/18/2020","06/17/2021","99.797778","No","","$152,824,000,000","No","","06/18/2020","$34,000,000,000","No","No","$38,053,862,500"
"9127962G3","Bill","13-Week","06/15/2020","06/18/2020","09/17/2020","99.955764","No","$77,234,000,000","$152,824,000,000","No","","06/18/2020","$60,000,000,000","Yes","No","$67,154,291,000"
"9127963K3","Bill","26-Week","06/15/2020","06/18/2020","12/17/2020","99.906472","No","","$152,824,000,000","No","","06/18/2020","$54,000,000,000","No","No","$60,438,540,500"
"9127963D9","Bill","4-Week","06/11/2020","06/16/2020","07/14/2020","99.989889","No","$113,015,000,000","$195,002,000,000","No","","06/16/2020","$70,000,000,000","Yes","No","$73,647,626,500"
"9127963N7","Bill","8-Week","06/11/2020","06/16/2020","08/11/2020","99.975889","No","$30,000,000,000","$195,002,000,000","No","","06/16/2020","$60,000,000,000","Yes","No","$63,126,589,900"
"912810SN9","Bond","29-Year 11-Month","06/11/2020","06/15/2020","05/15/2050","95.158932","No","$33,635,000,000","$22,692,000,000","No","1.250%","06/15/2020","$19,000,000,000","Yes","No","$19,270,143,500"
"9127964A4","Bill","105-Day","06/10/2020","06/16/2020","09/29/2020","99.947500","Yes","$30,000,000,000","","No","","06/16/2020","$35,000,000,000","Yes","No","$35,000,584,700"
"9127964S5","Bill","154-Day","06/10/2020","06/16/2020","11/17/2020","99.918722","Yes","","","No","","06/16/2020","$40,000,000,000","No","No","$40,000,654,600"
"912828ZQ6","Note","9-Year 11-Month","06/09/2020","06/15/2020","05/15/2030","98.033536","No","$48,923,000,000","$22,692,000,000","No","0.625%","06/15/2020","$29,000,000,000","Yes","No","$29,412,319,200"
"912796WX3","Bill","42-Day","06/09/2020","06/11/2020","07/23/2020","99.980750","Yes","$99,710,000,000","","No","","06/11/2020","$60,000,000,000","Yes","No","$60,000,358,700"
"912796TN9","Bill","119-Day","06/09/2020","06/11/2020","10/08/2020","99.938847","Yes","$77,075,000,000","","No","","06/11/2020","$40,000,000,000","Yes","No","$40,000,192,000"
"912828ZU7","Note","3-Year","06/08/2020","06/15/2020","06/15/2023","99.910439","No","","$22,692,000,000","No","0.250%","06/15/2020","$44,000,000,000","No","No","$44,625,568,900"
"912796TJ8","Bill","13-Week","06/08/2020","06/11/2020","09/10/2020","99.957028","No","$100,547,000,000","$147,609,000,000","No","","06/11/2020","$63,000,000,000","Yes","No","$66,874,137,800"
"9127963J6","Bill","26-Week","06/08/2020","06/11/2020","12/10/2020","99.906472","No","","$147,609,000,000","No","","06/11/2020","$54,000,000,000","No","No","$57,321,093,600"
"9127963C1","Bill","4-Week","06/04/2020","06/09/2020","07/07/2020","99.990278","No","$72,987,000,000","$194,994,000,000","No","","06/09/2020","$80,000,000,000","Yes","No","$83,451,079,300"
"9127963M9","Bill","8-Week","06/04/2020","06/09/2020","08/04/2020","99.977444","No","$30,000,000,000","$194,994,000,000","No","","06/09/2020","$70,000,000,000","Yes","No","$73,019,498,500"
"9127963Z0","Bill","105-Day","06/03/2020","06/09/2020","09/22/2020","99.950417","Yes","$30,000,000,000","","No","","06/09/2020","$40,000,000,000","Yes","No","$40,000,328,000"
"9127964R7","Bill","154-Day","06/03/2020","06/09/2020","11/10/2020","99.923000","Yes","","","No","","06/09/2020","$40,000,000,000","No","No","$40,000,417,500"
"912796SZ3","Bill","42-Day","06/02/2020","06/04/2020","07/16/2020","99.984250","Yes","$126,550,000,000","","No","","06/04/2020","$65,000,000,000","Yes","No","$65,001,752,600"
"9127962J7","Bill","119-Day","06/02/2020","06/04/2020","10/01/2020","99.945458","Yes","$43,791,000,000","","No","","06/04/2020","$40,000,000,000","Yes","No","$40,000,587,300"
"912796XH7","Bill","13-Week","06/01/2020","06/04/2020","09/03/2020","99.962083","No","$71,327,000,000","$138,489,000,000","No","","06/04/2020","$63,000,000,000","Yes","No","$68,490,540,800"
"912796TU3","Bill","26-Week","06/01/2020","06/04/2020","12/03/2020","99.914056","No","$25,999,000,000","$138,489,000,000","No","","06/04/2020","$54,000,000,000","Yes","No","$58,705,361,900"
"9127962X6","Bill","4-Week","05/28/2020","06/02/2020","06/30/2020","99.989889","No","$72,950,000,000","$149,993,000,000","No","","06/02/2020","$80,000,000,000","Yes","No","$83,581,166,000"
"9127963G2","Bill","8-Week","05/28/2020","06/02/2020","07/28/2020","99.979000","No","$30,000,000,000","$149,993,000,000","No","","06/02/2020","$70,000,000,000","Yes","No","$73,134,065,400"
"9127964Q9","Bill","154-Day","05/28/2020","06/02/2020","11/03/2020","99.927278","Yes","","","No","","06/02/2020","$40,000,000,000","No","No","$40,000,123,200"
"912828ZS2","Note","7-Year","05/28/2020","06/01/2020","05/31/2027","99.636717","No","","$87,288,000,000","No","0.500%","05/31/2020","$38,000,000,000","No","No","$41,989,354,500"
"9127963Y3","Bill","105-Day","05/27/2020","06/02/2020","09/15/2020","99.951875","Yes","$40,001,000,000","","No","","06/02/2020","$40,000,000,000","Yes","No","$40,000,078,200"
"912828ZT0","Note","5-Year","05/27/2020","06/01/2020","05/31/2025","99.584056","No","","$87,288,000,000","No","0.250%","05/31/2020","$45,000,000,000","No","No","$49,724,276,500"
"912828ZK9","Note","1-Year 11-Month","05/27/2020","05/29/2020","04/30/2022","100.031070","No","$23,911,000,000","$0","Yes","","05/29/2020","$20,000,000,000","Yes","No","$20,000,035,500"
"9127962H1","Bill","119-Day","05/27/2020","05/28/2020","09/24/2020","99.943806","Yes","$40,732,000,000","","No","","05/28/2020","$40,000,000,000","Yes","No","$40,000,436,000"
"912796XE4","Bill","273-Day","05/27/2020","05/28/2020","02/25/2021","99.863500","Yes","$26,551,000,000","","No","","05/28/2020","$25,000,000,000","Yes","No","$25,000,029,000"
"912828ZR4","Note","2-Year","05/26/2020","06/01/2020","05/31/2022","99.894379","No","","$87,288,000,000","No","0.125%","05/31/2020","$44,000,000,000","No","No","$48,619,273,200"
"912796WW5","Bill","42-Day","05/26/2020","05/28/2020","07/09/2020","99.986000","Yes","$95,440,000,000","","No","","05/28/2020","$65,000,000,000","Yes","No","$65,000,698,200"
"912796XG9","Bill","13-Week","05/26/2020","05/28/2020","08/27/2020","99.967139","No","$64,827,000,000","$140,354,000,000","No","","05/28/2020","$63,000,000,000","Yes","No","$68,171,795,700"
"9127963B3","Bill","26-Week","05/26/2020","05/28/2020","11/27/2020","99.918667","No","","$140,354,000,000","No","","05/28/2020","$54,000,000,000","No","No","$58,433,310,200"
"912828Z37","Note","9-Year 8-Month","05/21/2020","05/29/2020","01/15/2030","106.232149","No","$29,059,000,000","$0","No","0.125%","05/29/2020","$12,000,000,000","Yes","Yes","$12,000,015,400"
"9127962W8","Bill","4-Week","05/21/2020","05/26/2020","06/23/2020","99.993000","No","$108,012,000,000","$140,006,000,000","No","","05/26/2020","$80,000,000,000","Yes","No","$82,694,510,600"
"9127963F4","Bill","8-Week","05/21/2020","05/26/2020","07/21/2020","99.983667","No","$40,000,000,000","$140,006,000,000","No","","05/26/2020","$70,000,000,000","Yes","No","$72,357,750,900"
"912810SR0","Bond","20-Year","05/20/2020","06/01/2020","05/15/2040","98.321703","No","","$87,288,000,000","No","1.125%","05/31/2020","$20,000,000,000","No","No","$22,099,678,800"
"9127963X5","Bill","105-Day","05/20/2020","05/26/2020","09/08/2020","99.959167","Yes","$40,000,000,000","","No","","05/26/2020","$40,000,000,000","Yes","No","$40,000,658,000"
"9127964K2","Bill","154-Day","05/20/2020","05/26/2020","10/27/2020","99.935833","Yes","","","No","","05/26/2020","$40,000,000,000","No","No","$40,000,841,300"
"912796UB3","Bill","42-Day","05/19/2020","05/21/2020","07/02/2020","99.987750","Yes","$89,174,000,000","","No","","05/21/2020","$65,000,000,000","Yes","No","$65,000,080,000"
"9127962G3","Bill","119-Day","05/19/2020","05/21/2020","09/17/2020","99.953722","Yes","$37,233,000,000","","No","","05/21/2020","$40,000,000,000","Yes","No","$40,001,759,800"
"9127962Y4","Bill","52-Week","05/19/2020","05/21/2020","05/20/2021","99.838222","No","","$153,840,000,000","No","","05/21/2020","$31,000,000,000","No","No","$35,161,067,400"
"912796XF1","Bill","13-Week","05/18/2020","05/21/2020","08/20/2020","99.967139","No","$64,609,000,000","$153,840,000,000","No","","05/21/2020","$63,000,000,000","Yes","No","$71,455,888,700"
"9127963A5","Bill","26-Week","05/18/2020","05/21/2020","11/19/2020","99.924167","No","","$153,840,000,000","No","","05/21/2020","$54,000,000,000","No","No","$61,248,654,300"
"9127962V0","Bill","4-Week","05/14/2020","05/19/2020","06/16/2020","99.993000","No","$118,331,000,000","$175,003,000,000","No","","05/19/2020","$80,000,000,000","Yes","No","$83,442,693,900"
"9127963D9","Bill","8-Week","05/14/2020","05/19/2020","07/14/2020","99.982889","No","$40,000,000,000","$175,003,000,000","No","","05/19/2020","$70,000,000,000","Yes","No","$73,012,144,000"
"9127963R8","Bill","105-Day","05/13/2020","05/19/2020","09/01/2020","99.959167","Yes","","","No","","05/19/2020","$35,000,000,000","No","No","$35,000,386,000"
"9127964J5","Bill","154-Day","05/13/2020","05/19/2020","10/20/2020","99.933694","Yes","","","No","","05/19/2020","$40,000,000,000","No","No","$40,000,173,000"
"912810SN9","Bond","30-Year","05/13/2020","05/15/2020","05/15/2050","97.734134","No","","$56,961,000,000","No","1.250%","05/15/2020","$22,000,000,000","No","No","$33,634,677,800"
"912828ZQ6","Note","10-Year","05/12/2020","05/15/2020","05/15/2030","99.276869","No","","$56,961,000,000","No","0.625%","05/15/2020","$32,000,000,000","No","No","$48,923,196,400"
"912796UA5","Bill","42-Day","05/12/2020","05/14/2020","06/25/2020","99.987167","Yes","$83,662,000,000","","No","","05/14/2020","$65,000,000,000","Yes","No","$65,000,601,700"
"912796TJ8","Bill","119-Day","05/12/2020","05/14/2020","09/10/2020","99.952069","Yes","$65,546,000,000","","No","","05/14/2020","$35,000,000,000","Yes","No","$35,001,439,500"
"912828ZP8","Note","3-Year","05/11/2020","05/15/2020","05/15/2023","99.686264","No","","$56,961,000,000","No","0.125%","05/15/2020","$42,000,000,000","No","No","$64,211,663,800"
"912796TD1","Bill","13-Week","05/11/2020","05/14/2020","08/13/2020","99.968403","No","$93,121,000,000","$138,321,000,000","No","","05/14/2020","$63,000,000,000","Yes","No","$68,891,635,300"
"9127962Z1","Bill","26-Week","05/11/2020","05/14/2020","11/12/2020","99.921639","No","","$138,321,000,000","No","","05/14/2020","$54,000,000,000","No","No","$59,049,524,600"
"9127962U2","Bill","4-Week","05/07/2020","05/12/2020","06/09/2020","99.992611","No","$118,056,000,000","$174,999,000,000","No","","05/12/2020","$80,000,000,000","Yes","No","$83,413,633,900"
"9127963C1","Bill","8-Week","05/07/2020","05/12/2020","07/07/2020","99.982889","No","","$174,999,000,000","No","","05/12/2020","$70,000,000,000","No","No","$72,986,962,800"
"9127963Q0","Bill","105-Day","05/07/2020","05/12/2020","08/25/2020","99.963542","Yes","","","No","","05/12/2020","$30,000,000,000","No","No","$30,000,021,000"
"9127964H9","Bill","154-Day","05/06/2020","05/12/2020","10/13/2020","99.935833","Yes","","","No","","05/12/2020","$35,000,000,000","No","No","$35,000,395,000"
"912796SV2","Bill","42-Day","05/05/2020","05/07/2020","06/18/2020","99.986583","Yes","$105,470,000,000","","No","","05/07/2020","$65,000,000,000","Yes","No","$65,000,381,000"
"912796XH7","Bill","119-Day","05/05/2020","05/07/2020","09/03/2020","99.957028","Yes","$41,327,000,000","","No","","05/07/2020","$30,000,000,000","Yes","No","$30,000,081,500"
"912796WZ8","Bill","13-Week","05/04/2020","05/07/2020","08/06/2020","99.972194","No","$79,563,000,000","$137,319,000,000","No","","05/07/2020","$60,000,000,000","Yes","No","$65,585,568,700"
"912796TP4","Bill","26-Week","05/04/2020","05/07/2020","11/05/2020","99.934278","No","$28,000,000,000","$137,319,000,000","No","","05/07/2020","$51,000,000,000","Yes","No","$55,747,491,700"
"9127963P2","Bill","105-Day","05/04/2020","05/05/2020","08/18/2020","99.966458","Yes","","","No","","05/05/2020","$30,000,000,000","No","No","$30,000,026,900"
"9127962P3","Bill","4-Week","04/30/2020","05/05/2020","06/02/2020","99.992611","No","$62,921,000,000","$125,004,000,000","No","","05/05/2020","$90,000,000,000","Yes","No","$93,793,330,400"
"9127962X6","Bill","8-Week","04/30/2020","05/05/2020","06/30/2020","99.985222","No","","$125,004,000,000","No","","05/05/2020","$70,000,000,000","No","No","$72,951,056,900"
"9127964G1","Bill","154-Day","04/30/2020","05/05/2020","10/06/2020","99.940111","Yes","","","No","","05/05/2020","$30,000,000,000","No","No","$30,000,005,500"
"9127963N7","Bill","103-Day","04/29/2020","04/30/2020","08/11/2020","99.967097","Yes","","","No","","04/30/2020","$30,000,000,000","No","No","$30,000,428,000"
"912796XG9","Bill","119-Day","04/29/2020","04/30/2020","08/27/2020","99.963639","Yes","$39,826,000,000","","No","","04/30/2020","$25,000,000,000","Yes","No","$25,000,557,500"
"912796UC1","Bill","273-Day","04/29/2020","04/30/2020","01/28/2021","99.874875","Yes","$26,357,000,000","","No","","04/30/2020","$25,000,000,000","Yes","No","$25,000,165,000"
"912828ZK9","Note","2-Year","04/28/2020","04/30/2020","04/30/2022","100.000000","No","","$137,570,000,000","Yes","","04/30/2020","$22,000,000,000","No","No","$23,910,733,300"
"912828ZN3","Note","7-Year","04/28/2020","04/30/2020","04/30/2027","99.828398","No","","$137,570,000,000","No","0.500%","04/30/2020","$35,000,000,000","No","No","$38,039,593,700"
"912796TZ2","Bill","43-Day","04/28/2020","04/29/2020","06/11/2020","99.989847","Yes","$99,802,000,000","","No","","04/29/2020","$55,000,000,000","Yes","No","$55,000,690,000"
"912796WY1","Bill","13-Week","04/27/2020","04/30/2020","07/30/2020","99.969667","No","$79,533,000,000","$80,556,000,000","No","","04/30/2020","$57,000,000,000","Yes","No","$60,838,599,700"
"9127962T5","Bill","26-Week","04/27/2020","04/30/2020","10/29/2020","99.924167","No","","$80,556,000,000","No","","04/30/2020","$48,000,000,000","No","No","$51,231,844,600"
"912828ZM5","Note","2-Year","04/27/2020","04/30/2020","04/30/2022","99.792594","No","","$137,570,000,000","No","0.125%","04/30/2020","$42,000,000,000","No","No","$45,647,472,600"
"912828ZL7","Note","5-Year","04/27/2020","04/30/2020","04/30/2025","99.906021","No","","$137,570,000,000","No","0.375%","04/30/2020","$43,000,000,000","No","No","$46,734,367,800"
"912828ZJ2","Note","5-Year","04/23/2020","04/30/2020","04/15/2025","102.366204","No","","$137,570,000,000","No","0.125%","04/30/2020","$17,000,000,000","No","Yes","$18,476,364,300"
"9127962N8","Bill","4-Week","04/23/2020","04/28/2020","05/26/2020","99.993000","No","$51,186,000,000","$100,021,000,000","No","","04/28/2020","$90,000,000,000","Yes","No","$93,873,062,000"
"9127962W8","Bill","8-Week","04/23/2020","04/28/2020","06/23/2020","99.981333","No","$35,000,000,000","$100,021,000,000","No","","04/28/2020","$70,000,000,000","Yes","No","$73,010,774,600"
"9127964A4","Bill","154-Day","04/22/2020","04/28/2020","09/29/2020","99.942250","Yes","","","No","","04/28/2020","$30,000,000,000","No","No","$30,000,435,000"
"9127963M9","Bill","103-Day","04/22/2020","04/23/2020","08/04/2020","99.969958","Yes","","","No","","04/23/2020","$30,000,000,000","No","No","$30,000,113,500"
"912796XF1","Bill","119-Day","04/21/2020","04/23/2020","08/20/2020","99.963639","Yes","$39,609,000,000","","No","","04/23/2020","$25,000,000,000","Yes","No","$25,000,176,200"
"9127962Q1","Bill","52-Week","04/21/2020","04/23/2020","04/22/2021","99.833167","No","","$96,775,000,000","No","","04/23/2020","$28,000,000,000","No","No","$30,954,782,900"
"912796WX3","Bill","13-Week","04/20/2020","04/23/2020","07/23/2020","99.968403","No","$36,698,000,000","$96,775,000,000","No","","04/23/2020","$57,000,000,000","Yes","No","$63,015,023,000"
"9127962S7","Bill","26-Week","04/20/2020","04/23/2020","10/22/2020","99.926694","No","","$96,775,000,000","No","","04/23/2020","$48,000,000,000","No","No","$53,065,189,900"
"912796TX7","Bill","43-Day","04/20/2020","04/22/2020","06/04/2020","99.985667","Yes","$83,683,000,000","","No","","04/22/2020","$65,000,000,000","Yes","No","$65,000,079,700"
"9127962M0","Bill","4-Week","04/16/2020","04/21/2020","05/19/2020","99.988333","No","$87,168,000,000","$92,214,000,000","No","","04/21/2020","$90,000,000,000","Yes","No","$94,283,755,100"
"9127962V0","Bill","8-Week","04/16/2020","04/21/2020","06/16/2020","99.976667","No","$45,000,000,000","$92,214,000,000","No","","04/21/2020","$70,000,000,000","Yes","No","$73,331,988,800"
"9127963Z0","Bill","154-Day","04/15/2020","04/21/2020","09/22/2020","99.918722","Yes","","","No","","04/21/2020","$30,000,000,000","No","No","$30,000,070,500"
"9127963G2","Bill","103-Day","04/15/2020","04/16/2020","07/28/2020","99.952792","Yes","","","No","","04/16/2020","$30,000,000,000","No","No","$30,000,016,000"
"912796TD1","Bill","119-Day","04/14/2020","04/16/2020","08/13/2020","99.927278","Yes","$68,121,000,000","","No","","04/16/2020","$25,000,000,000","Yes","No","$25,000,113,000"
"912796TW9","Bill","43-Day","04/14/2020","04/15/2020","05/28/2020","99.977306","Yes","$84,957,000,000","","No","","04/15/2020","$65,000,000,000","Yes","No","$65,000,382,000"
"912796SZ3","Bill","13-Week","04/13/2020","04/16/2020","07/16/2020","99.929222","No","$64,535,000,000","$77,727,000,000","No","","04/16/2020","$57,000,000,000","Yes","No","$62,014,661,900"
"9127962R9","Bill","26-Week","04/13/2020","04/16/2020","10/15/2020","99.853389","No","","$77,727,000,000","No","","04/16/2020","$48,000,000,000","No","No","$52,223,075,200"
"9127962W8","Bill","69-Day","04/13/2020","04/15/2020","06/23/2020","99.948250","Yes","","","No","","04/15/2020","$35,000,000,000","No","No","$35,000,285,500"
"9127962L2","Bill","4-Week","04/09/2020","04/14/2020","05/12/2020","99.985222","No","$87,476,000,000","$93,135,000,000","No","","04/14/2020","$90,000,000,000","Yes","No","$93,929,876,800"
"9127962U2","Bill","8-Week","04/09/2020","04/14/2020","06/09/2020","99.954889","No","$45,000,000,000","$93,135,000,000","No","","04/14/2020","$70,000,000,000","Yes","No","$73,056,552,800"
"912810SL3","Bond","29-Year 10-Month","04/08/2020","04/15/2020","02/15/2050","116.588638","No","$43,465,000,000","$79,148,000,000","No","2.000%","04/15/2020","$17,000,000,000","Yes","No","$17,055,977,200"
"9127963Y3","Bill","154-Day","04/08/2020","04/14/2020","09/15/2020","99.893056","Yes","","","No","","04/14/2020","$40,000,000,000","No","No","$40,000,564,000"
"9127962M0","Bill","40-Day","04/08/2020","04/09/2020","05/19/2020","99.982222","Yes","$42,168,000,000","","No","","04/09/2020","$45,000,000,000","Yes","No","$45,000,125,000"
"9127963F4","Bill","103-Day","04/08/2020","04/09/2020","07/21/2020","99.942778","Yes","","","No","","04/09/2020","$40,000,000,000","No","No","$40,000,110,700"
"912828Z94","Note","9-Year 10-Month","04/07/2020","04/15/2020","02/15/2030","106.783664","No","$63,030,000,000","$79,148,000,000","No","1.500%","04/15/2020","$25,000,000,000","Yes","No","$25,082,286,900"
"912796WZ8","Bill","119-Day","04/07/2020","04/09/2020","08/06/2020","99.940500","Yes","$39,563,000,000","","No","","04/09/2020","$40,000,000,000","Yes","No","$40,000,439,500"
"9127962V0","Bill","69-Day","04/07/2020","04/08/2020","06/16/2020","99.974125","Yes","","","No","","04/08/2020","$45,000,000,000","No","No","$45,000,019,000"
"912828ZH6","Note","3-Year","04/06/2020","04/15/2020","04/15/2023","99.707782","No","","$79,148,000,000","No","0.250%","04/15/2020","$40,000,000,000","No","No","$40,131,675,300"
"912796WW5","Bill","13-Week","04/06/2020","04/09/2020","07/09/2020","99.968403","No","$36,543,000,000","$105,660,000,000","No","","04/09/2020","$54,000,000,000","Yes","No","$58,893,788,700"
"912796TN9","Bill","26-Week","04/06/2020","04/09/2020","10/08/2020","99.919111","No","$27,997,000,000","$105,660,000,000","No","","04/09/2020","$45,000,000,000","Yes","No","$49,078,064,500"
"912796SR1","Bill","43-Day","04/06/2020","04/08/2020","05/21/2020","99.988653","Yes","$113,703,000,000","","No","","04/08/2020","$60,000,000,000","Yes","No","$60,000,462,000"
"9127962K4","Bill","4-Week","04/02/2020","04/07/2020","05/05/2020","99.993000","No","$47,852,000,000","$94,552,000,000","No","","04/07/2020","$80,000,000,000","Yes","No","$83,894,318,700"
"9127962P3","Bill","8-Week","04/02/2020","04/07/2020","06/02/2020","99.985222","No","","$94,552,000,000","No","","04/07/2020","$60,000,000,000","No","No","$62,920,956,300"
"9127963X5","Bill","154-Day","04/02/2020","04/07/2020","09/08/2020","99.935833","Yes","","","No","","04/07/2020","$40,000,000,000","No","No","$40,000,027,000"
"9127963D9","Bill","102-Day","04/02/2020","04/03/2020","07/14/2020","99.964583","Yes","","","No","","04/03/2020","$40,000,000,000","No","No","$40,000,341,300"
"9127962L2","Bill","39-Day","04/01/2020","04/03/2020","05/12/2020","99.991333","Yes","$42,475,000,000","","No","","04/03/2020","$45,000,000,000","Yes","No","$45,000,378,600"
"912796WY1","Bill","119-Day","04/01/2020","04/02/2020","07/30/2020","99.957028","Yes","$39,532,000,000","","No","","04/02/2020","$40,000,000,000","Yes","No","$40,000,546,500"
"912796TV1","Bill","42-Day","03/31/2020","04/02/2020","05/14/2020","99.990667","Yes","$89,261,000,000","","No","","04/02/2020","$60,000,000,000","Yes","No","$60,000,182,000"
"9127962U2","Bill","69-Day","03/31/2020","04/01/2020","06/09/2020","99.986583","Yes","","","No","","04/01/2020","$45,000,000,000","No","No","$45,000,454,000"
"912796UB3","Bill","13-Week","03/30/2020","04/02/2020","07/02/2020","99.978514","No","$36,000,000,000","$80,035,000,000","No","","04/02/2020","$51,000,000,000","Yes","No","$53,170,745,500"
"9127962J7","Bill","26-Week","03/30/2020","04/02/2020","10/01/2020","99.949444","No","","$80,035,000,000","No","","04/02/2020","$42,000,000,000","No","No","$43,787,779,300"
"912796TT6","Bill","37-Day","03/30/2020","03/31/2020","05/07/2020","99.997431","Yes","$87,652,000,000","","No","","03/31/2020","$60,000,000,000","Yes","No","$60,000,031,300"
"9127962D0","Bill","4-Week","03/26/2020","03/31/2020","04/28/2020","100.000000","No","$45,486,000,000","$93,517,000,000","No","","03/31/2020","$60,000,000,000","Yes","No","$61,418,835,800"
"9127962N8","Bill","8-Week","03/26/2020","03/31/2020","05/26/2020","100.000000","No","","$93,517,000,000","No","","03/31/2020","$50,000,000,000","No","No","$51,189,465,000"
"912828ZE3","Note","7-Year","03/26/2020","03/31/2020","03/31/2027","99.624642","No","","$82,478,000,000","No","0.625%","03/31/2020","$32,000,000,000","No","No","$36,302,504,700"
"912828ZF0","Note","5-Year","03/25/2020","03/31/2020","03/31/2025","99.827547","No","","$82,478,000,000","No","0.500%","03/31/2020","$41,000,000,000","No","No","$46,512,285,400"
"912828Z45","Note","1-Year 10-Month","03/25/2020","03/27/2020","01/31/2022","99.876498","No","$40,064,000,000","$0","Yes","","03/27/2020","$18,000,000,000","Yes","No","$18,000,135,100"
"912828ZG8","Note","2-Year","03/24/2020","03/31/2020","03/31/2022","99.954228","No","","$82,478,000,000","No","0.375%","03/31/2020","$40,000,000,000","No","No","$45,377,861,200"
"9127962F5","Bill","52-Week","03/24/2020","03/26/2020","03/25/2021","99.737111","No","","$105,888,000,000","No","","03/26/2020","$26,000,000,000","No","No","$27,156,147,800"
"912796UA5","Bill","13-Week","03/23/2020","03/26/2020","06/25/2020","100.000000","No","$36,660,000,000","$105,888,000,000","No","","03/26/2020","$45,000,000,000","Yes","No","$47,003,986,200"
"9127962H1","Bill","26-Week","03/23/2020","03/26/2020","09/24/2020","99.959556","No","","$105,888,000,000","No","","03/26/2020","$39,000,000,000","No","No","$40,734,321,400"
"912828Z37","Note","9-Year 10-Month","03/19/2020","03/31/2020","01/15/2030","94.992914","No","$15,445,000,000","$82,478,000,000","No","0.125%","03/31/2020","$12,000,000,000","Yes","Yes","$13,613,368,400"
"9127962C2","Bill","4-Week","03/19/2020","03/24/2020","04/21/2020","99.997667","No","$47,118,000,000","$88,992,000,000","No","","03/24/2020","$50,000,000,000","Yes","No","$52,713,414,200"
"9127962M0","Bill","8-Week","03/19/2020","03/24/2020","05/19/2020","99.995333","No","","$88,992,000,000","No","","03/24/2020","$40,000,000,000","No","No","$42,170,379,500"
"912796TZ2","Bill","79-Day","03/19/2020","03/24/2020","06/11/2020","99.989028","Yes","$79,803,000,000","","No","","03/24/2020","$20,000,000,000","Yes","No","$20,000,278,000"
"912796SV2","Bill","13-Week","03/16/2020","03/19/2020","06/18/2020","99.926694","No","$62,032,000,000","$81,367,000,000","No","","03/19/2020","$42,000,000,000","Yes","No","$43,439,019,300"
"9127962G3","Bill","26-Week","03/16/2020","03/19/2020","09/17/2020","99.848333","No","","$81,367,000,000","No","","03/19/2020","$36,000,000,000","No","No","$37,233,464,800"
"9127962B4","Bill","4-Week","03/12/2020","03/17/2020","04/14/2020","99.969278","No","$47,033,000,000","$83,335,000,000","No","","03/17/2020","$50,000,000,000","Yes","No","$53,088,439,400"
"9127962L2","Bill","8-Week","03/12/2020","03/17/2020","05/12/2020","99.954889","No","","$83,335,000,000","No","","03/17/2020","$40,000,000,000","No","No","$42,470,808,700"
"912810SL3","Bond","29-Year 11-Month","03/12/2020","03/16/2020","02/15/2050","116.761508","No","$27,450,000,000","$23,925,000,000","No","2.000%","03/15/2020","$16,000,000,000","Yes","No","$16,015,385,200"
"912828Z94","Note","9-Year 11-Month","03/11/2020","03/16/2020","02/15/2030","106.179092","No","$39,008,000,000","$23,925,000,000","No","1.500%","03/15/2020","$24,000,000,000","Yes","No","$24,023,077,900"
"912828ZD5","Note","3-Year","03/10/2020","03/16/2020","03/15/2023","99.813012","No","","$23,925,000,000","No","0.500%","03/15/2020","$38,000,000,000","No","No","$38,036,596,200"
"912796TZ2","Bill","13-Week","03/09/2020","03/12/2020","06/11/2020","99.901417","No","$35,999,000,000","$120,655,000,000","No","","03/12/2020","$42,000,000,000","Yes","No","$43,801,707,300"
"912796TJ8","Bill","26-Week","03/09/2020","03/12/2020","09/10/2020","99.797778","No","$28,002,000,000","$120,655,000,000","No","","03/12/2020","$36,000,000,000","Yes","No","$37,544,704,400"
"9127962A6","Bill","4-Week","03/05/2020","03/10/2020","04/07/2020","99.928056","No","$48,207,000,000","$84,710,000,000","No","","03/10/2020","$50,000,000,000","Yes","No","$53,165,636,900"
"9127962K4","Bill","8-Week","03/05/2020","03/10/2020","05/05/2020","99.872444","No","","$84,710,000,000","No","","03/10/2020","$45,000,000,000","No","No","$47,849,316,200"
"912796TX7","Bill","13-Week","03/02/2020","03/05/2020","06/04/2020","99.708042","No","$36,000,000,000","$78,993,000,000","No","","03/05/2020","$45,000,000,000","Yes","No","$47,685,226,600"
"912796XH7","Bill","26-Week","03/02/2020","03/05/2020","09/03/2020","99.489389","No","","$78,993,000,000","No","","03/05/2020","$39,000,000,000","No","No","$41,327,049,200"
"912796XD6","Bill","4-Week","02/27/2020","03/03/2020","03/31/2020","99.881000","No","$45,580,000,000","$79,679,000,000","No","","03/03/2020","$50,000,000,000","Yes","No","$50,540,888,200"
"9127962D0","Bill","8-Week","02/27/2020","03/03/2020","04/28/2020","99.766667","No","","$79,679,000,000","No","","03/03/2020","$45,000,000,000","No","No","$45,486,901,900"
"912828ZB9","Note","7-Year","02/27/2020","03/02/2020","02/28/2027","99.185208","No","","$81,746,000,000","No","1.125%","02/29/2020","$32,000,000,000","No","No","$36,836,326,900"
"912828ZC7","Note","5-Year","02/26/2020","03/02/2020","02/28/2025","99.878957","No","","$81,746,000,000","No","1.125%","02/29/2020","$41,000,000,000","No","No","$47,196,559,300"
"912828Z45","Note","1-Year 11-Month","02/26/2020","02/28/2020","01/31/2022","99.988116","No","$22,064,000,000","$0","Yes","","02/28/2020","$18,000,000,000","Yes","No","$18,000,022,500"
"912828ZA1","Note","2-Year","02/25/2020","03/02/2020","02/28/2022","99.876146","No","","$81,746,000,000","No","1.125%","02/29/2020","$40,000,000,000","No","No","$46,045,446,200"
"912796XE4","Bill","52-Week","02/25/2020","02/27/2020","02/25/2021","98.715889","No","","$110,665,000,000","No","","02/27/2020","$26,000,000,000","No","No","$26,552,282,800"
"912796TW9","Bill","13-Week","02/24/2020","02/27/2020","05/28/2020","99.619569","No","$39,003,000,000","$110,665,000,000","No","","02/27/2020","$45,000,000,000","Yes","No","$45,955,028,700"
"912796XG9","Bill","26-Week","02/24/2020","02/27/2020","08/27/2020","99.272000","No","","$110,665,000,000","No","","02/27/2020","$39,000,000,000","No","No","$39,827,523,300"
"912810SM1","Bond","30-Year","02/20/2020","02/28/2020","02/15/2050","99.642269","No","","$0","No","0.250%","02/28/2020","$8,000,000,000","No","Yes","$8,000,004,200"
"912796XC8","Bill","4-Week","02/20/2020","02/25/2020","03/24/2020","99.877500","No","$41,527,000,000","$74,360,000,000","No","","02/25/2020","$50,000,000,000","Yes","No","$52,354,296,300"
"9127962C2","Bill","8-Week","02/20/2020","02/25/2020","04/21/2020","99.755778","No","","$74,360,000,000","No","","02/25/2020","$45,000,000,000","No","No","$47,118,981,800"
"912796TK5","Bill","21-Day","02/18/2020","02/20/2020","03/12/2020","99.907542","Yes","$84,000,000,000","","No","","02/20/2020","$40,000,000,000","Yes","No","$40,000,300,000"
"912796SR1","Bill","13-Week","02/18/2020","02/20/2020","05/21/2020","99.609458","No","$67,999,000,000","$85,687,000,000","No","","02/20/2020","$45,000,000,000","Yes","No","$45,703,592,300"
"912796XF1","Bill","26-Week","02/18/2020","02/20/2020","08/20/2020","99.236611","No","","$85,687,000,000","No","","02/20/2020","$39,000,000,000","No","No","$39,609,658,700"
"912796XB0","Bill","4-Week","02/13/2020","02/18/2020","03/17/2020","99.878667","No","$36,632,000,000","$69,346,000,000","No","","02/18/2020","$50,000,000,000","Yes","No","$52,258,748,500"
"9127962B4","Bill","8-Week","02/13/2020","02/18/2020","04/14/2020","99.756556","No","","$69,346,000,000","No","","02/18/2020","$45,000,000,000","No","No","$47,033,189,400"
"912810SL3","Bond","30-Year","02/13/2020","02/18/2020","02/15/2050","98.640308","No","","$70,486,000,000","No","2.000%","02/15/2020","$19,000,000,000","No","No","$27,449,872,500"
"912828Z94","Note","10-Year","02/12/2020","02/18/2020","02/15/2030","98.878738","No","","$70,486,000,000","No","1.500%","02/15/2020","$27,000,000,000","No","No","$39,007,715,400"
"912828Z86","Note","3-Year","02/11/2020","02/18/2020","02/15/2023","99.944438","No","","$70,486,000,000","No","1.375%","02/15/2020","$38,000,000,000","No","No","$54,899,762,100"
"912796TQ2","Bill","56-Day","02/11/2020","02/13/2020","04/09/2020","99.758111","Yes","$84,631,000,000","","No","","02/13/2020","$30,000,000,000","Yes","No","$30,000,009,000"
"912796TV1","Bill","13-Week","02/10/2020","02/13/2020","05/14/2020","99.608194","No","$42,968,000,000","$85,625,000,000","No","","02/13/2020","$45,000,000,000","Yes","No","$46,293,277,100"
"912796TD1","Bill","26-Week","02/10/2020","02/13/2020","08/13/2020","99.236611","No","$28,000,000,000","$85,625,000,000","No","","02/13/2020","$39,000,000,000","Yes","No","$40,120,953,200"
"912796XA2","Bill","4-Week","02/06/2020","02/11/2020","03/10/2020","99.880222","No","$37,160,000,000","$69,174,000,000","No","","02/11/2020","$50,000,000,000","Yes","No","$53,562,686,700"
"9127962A6","Bill","8-Week","02/06/2020","02/11/2020","04/07/2020","99.758889","No","","$69,174,000,000","No","","02/11/2020","$45,000,000,000","No","No","$48,206,783,600"
"912796TT6","Bill","13-Week","02/03/2020","02/06/2020","05/07/2020","99.608194","No","$41,998,000,000","$82,778,000,000","No","","02/06/2020","$45,000,000,000","Yes","No","$45,654,461,500"
"912796WZ8","Bill","26-Week","02/03/2020","02/06/2020","08/06/2020","99.231556","No","","$82,778,000,000","No","","02/06/2020","$39,000,000,000","No","No","$39,566,689,500"
"912796WV7","Bill","4-Week","01/30/2020","02/04/2020","03/03/2020","99.879833","No","$35,134,000,000","$69,060,000,000","No","","02/04/2020","$45,000,000,000","Yes","No","$45,579,397,800"
"912796XD6","Bill","8-Week","01/30/2020","02/04/2020","03/31/2020","99.758889","No","","$69,060,000,000","No","","02/04/2020","$45,000,000,000","No","No","$45,579,843,600"
"912828Z45","Note","2-Year","01/28/2020","01/31/2020","01/31/2022","100.000000","No","","$128,489,000,000","Yes","","01/31/2020","$20,000,000,000","No","No","$22,065,262,600"
"912828Z78","Note","7-Year","01/28/2020","01/31/2020","01/31/2027","99.537680","No","","$128,489,000,000","No","1.500%","01/31/2020","$32,000,000,000","No","No","$35,304,302,200"
"912796UC1","Bill","52-Week","01/28/2020","01/30/2020","01/28/2021","98.493444","No","","$105,468,000,000","No","","01/30/2020","$26,000,000,000","No","No","$26,360,948,300"
"912828Z60","Note","2-Year","01/27/2020","01/31/2020","01/31/2022","99.872307","No","","$128,489,000,000","No","1.375%","01/31/2020","$40,000,000,000","No","No","$44,130,503,000"
"912828Z52","Note","5-Year","01/27/2020","01/31/2020","01/31/2025","99.649123","No","","$128,489,000,000","No","1.375%","01/31/2020","$41,000,000,000","No","No","$45,233,673,600"
"912796TS8","Bill","13-Week","01/27/2020","01/30/2020","04/30/2020","99.613250","No","$42,002,000,000","$105,468,000,000","No","","01/30/2020","$45,000,000,000","Yes","No","$45,624,928,600"
"912796WY1","Bill","26-Week","01/27/2020","01/30/2020","07/30/2020","99.223972","No","","$105,468,000,000","No","","01/30/2020","$39,000,000,000","No","No","$39,541,071,000"
"912828Z37","Note","10-Year","01/23/2020","01/31/2020","01/15/2030","100.856173","No","","$128,489,000,000","No","0.125%","01/31/2020","$14,000,000,000","No","Yes","$15,445,660,100"
"912796WU9","Bill","4-Week","01/23/2020","01/28/2020","02/25/2020","99.883333","No","$37,307,000,000","$69,697,000,000","No","","01/28/2020","$40,000,000,000","Yes","No","$41,531,445,900"
"912796XC8","Bill","8-Week","01/23/2020","01/28/2020","03/24/2020","99.760444","No","","$69,697,000,000","No","","01/28/2020","$40,000,000,000","No","No","$41,531,171,300"
"912796SM2","Bill","13-Week","01/21/2020","01/23/2020","04/23/2020","99.613250","No","$68,001,000,000","$79,485,000,000","No","","01/23/2020","$42,000,000,000","Yes","No","$42,814,773,800"
"912796WX3","Bill","26-Week","01/21/2020","01/23/2020","07/23/2020","99.231556","No","","$79,485,000,000","No","","01/23/2020","$36,000,000,000","No","No","$36,698,478,400"
"912796WT2","Bill","4-Week","01/16/2020","01/21/2020","02/18/2020","99.882944","No","$37,000,000,000","$73,758,000,000","No","","01/21/2020","$35,000,000,000","Yes","No","$36,629,533,400"
"912796XB0","Bill","8-Week","01/16/2020","01/21/2020","03/17/2020","99.762000","No","","$73,758,000,000","No","","01/21/2020","$35,000,000,000","No","No","$36,629,732,000"
"912796TR0","Bill","13-Week","01/13/2020","01/16/2020","04/16/2020","99.613250","No","$41,998,000,000","$75,482,000,000","No","","01/16/2020","$42,000,000,000","Yes","No","$44,965,368,600"
"912796SZ3","Bill","26-Week","01/13/2020","01/16/2020","07/16/2020","99.226500","No","$25,997,000,000","$75,482,000,000","No","","01/16/2020","$36,000,000,000","Yes","No","$38,541,749,500"
"912810SK5","Bond","29-Year 10-Month","01/09/2020","01/15/2020","11/15/2049","100.723975","No","$43,993,000,000","$45,405,000,000","No","2.375%","01/15/2020","$16,000,000,000","Yes","No","$16,511,946,200"
"912796WS4","Bill","4-Week","01/09/2020","01/14/2020","02/11/2020","99.884111","No","$38,783,000,000","$79,995,000,000","No","","01/14/2020","$35,000,000,000","Yes","No","$37,162,228,500"
"912796XA2","Bill","8-Week","01/09/2020","01/14/2020","03/10/2020","99.764333","No","","$79,995,000,000","No","","01/14/2020","$35,000,000,000","No","No","$37,162,352,200"
"912828YS3","Note","9-Year 10-Month","01/08/2020","01/15/2020","11/15/2029","98.933819","No","$63,785,000,000","$45,405,000,000","No","1.750%","01/15/2020","$24,000,000,000","Yes","No","$24,767,945,400"
"912828Z29","Note","3-Year","01/07/2020","01/15/2020","01/15/2023","99.804399","No","","$45,405,000,000","No","1.500%","01/15/2020","$38,000,000,000","No","No","$39,215,913,300"
"912796TQ2","Bill","13-Week","01/06/2020","01/09/2020","04/09/2020","99.615778","No","$42,000,000,000","$79,827,000,000","No","","01/09/2020","$42,000,000,000","Yes","No","$42,631,089,500"
"912796WW5","Bill","26-Week","01/06/2020","01/09/2020","07/09/2020","99.231556","No","","$79,827,000,000","No","","01/09/2020","$36,000,000,000","No","No","$36,541,239,100"
"912796WR6","Bill","4-Week","01/02/2020","01/07/2020","02/04/2020","99.883333","No","$35,088,000,000","$79,845,000,000","No","","01/07/2020","$35,000,000,000","Yes","No","$35,134,337,300"
"912796WV7","Bill","8-Week","01/02/2020","01/07/2020","03/03/2020","99.764333","No","","$79,845,000,000","No","","01/07/2020","$35,000,000,000","No","No","$35,134,087,300"
"912796TM1","Bill","13-Week","12/30/2019","01/02/2020","04/02/2020","99.615778","No","$41,989,000,000","$106,998,000,000","No","","01/02/2020","$42,000,000,000","Yes","No","$42,001,066,500"
"912796UB3","Bill","26-Week","12/30/2019","01/02/2020","07/02/2020","99.211333","No","","$106,998,000,000","No","","01/02/2020","$36,000,000,000","No","No","$36,000,543,800"
"912796TY5","Bill","52-Week","12/30/2019","01/02/2020","12/31/2020","98.432778","No","","$106,998,000,000","No","","01/02/2020","$26,000,000,000","No","No","$26,000,458,000"
"912796WQ8","Bill","4-Week","12/26/2019","12/31/2019","01/28/2020","99.879056","No","$35,451,000,000","$80,987,000,000","No","","12/31/2019","$35,000,000,000","Yes","No","$37,308,015,400"
"912796WU9","Bill","8-Week","12/26/2019","12/31/2019","02/25/2020","99.756556","No","","$80,987,000,000","No","","12/31/2019","$35,000,000,000","No","No","$37,308,028,100"
"912828YX2","Note","7-Year","12/26/2019","12/31/2019","12/31/2026","99.444016","No","","$81,347,000,000","No","1.750%","12/31/2019","$32,000,000,000","No","No","$35,011,701,500"
"912828YY0","Note","5-Year","12/24/2019","12/31/2019","12/31/2024","99.971399","No","","$81,347,000,000","No","1.750%","12/31/2019","$41,000,000,000","No","No","$44,858,810,600"
"912828YZ7","Note","2-Year","12/23/2019","12/31/2019","12/31/2021","99.945138","No","","$81,347,000,000","No","1.625%","12/31/2019","$40,000,000,000","No","No","$43,764,668,600"
"912796SH3","Bill","13-Week","12/23/2019","12/26/2019","03/26/2020","99.606931","No","$68,005,000,000","$79,556,000,000","No","","12/26/2019","$42,000,000,000","Yes","No","$42,775,757,800"
"912796UA5","Bill","26-Week","12/23/2019","12/26/2019","06/25/2020","99.206278","No","","$79,556,000,000","No","","12/26/2019","$36,000,000,000","No","No","$36,664,809,600"
"912828YL8","Note","4-Year 10-Month","12/19/2019","12/31/2019","10/15/2024","100.801136","No","$18,777,000,000","$81,347,000,000","No","0.125%","12/31/2019","$15,000,000,000","Yes","Yes","$16,411,808,900"
"912796WP0","Bill","4-Week","12/19/2019","12/24/2019","01/21/2020","99.882556","No","$40,010,000,000","$86,010,000,000","No","","12/24/2019","$35,000,000,000","Yes","No","$37,000,126,900"
"912796WT2","Bill","8-Week","12/19/2019","12/24/2019","02/18/2020","99.758111","No","","$86,010,000,000","No","","12/24/2019","$35,000,000,000","No","No","$37,000,125,700"
"912828YN4","Note","1-Year 10-Month","12/18/2019","12/27/2019","10/31/2021","100.072963","No","$40,111,000,000","$0","Yes","","12/27/2019","$18,000,000,000","Yes","No","$18,000,101,100"
"912796TL3","Bill","13-Week","12/16/2019","12/19/2019","03/19/2020","99.610722","No","$41,998,000,000","$80,924,000,000","No","","12/19/2019","$42,000,000,000","Yes","No","$42,040,426,500"
"912796SV2","Bill","26-Week","12/16/2019","12/19/2019","06/18/2020","99.216389","No","$25,997,000,000","$80,924,000,000","No","","12/19/2019","$36,000,000,000","Yes","No","$36,034,978,800"
"912796WN5","Bill","4-Week","12/12/2019","12/17/2019","01/14/2020","99.880222","No","$40,000,000,000","$86,894,000,000","No","","12/17/2019","$40,000,000,000","Yes","No","$44,324,500,500"
"912796WS4","Bill","8-Week","12/12/2019","12/17/2019","02/11/2020","99.760444","No","","$86,894,000,000","No","","12/17/2019","$35,000,000,000","No","No","$38,783,832,100"
"912810SK5","Bond","29-Year 11-Month","12/12/2019","12/16/2019","11/15/2049","101.461576","No","$27,994,000,000","$24,000,000,000","No","2.375%","12/15/2019","$16,000,000,000","Yes","No","$16,000,006,300"
"912828YS3","Note","9-Year 11-Month","12/10/2019","12/16/2019","11/15/2029","99.168608","No","$39,785,000,000","$24,000,000,000","No","1.750%","12/15/2019","$24,000,000,000","Yes","No","$24,000,048,400"
"912828YW4","Note","3-Year","12/09/2019","12/16/2019","12/15/2022","99.979569","No","","$24,000,000,000","No","1.625%","12/15/2019","$38,000,000,000","No","No","$38,000,047,000"
"912796TK5","Bill","13-Week","12/09/2019","12/12/2019","03/12/2020","99.615778","No","$42,000,000,000","$96,001,000,000","No","","12/12/2019","$42,000,000,000","Yes","No","$42,000,451,500"
"912796TZ2","Bill","26-Week","12/09/2019","12/12/2019","06/11/2020","99.231556","No","","$96,001,000,000","No","","12/12/2019","$36,000,000,000","No","No","$36,000,196,800"
"912828YN4","Note","1-Year 11-Month","12/06/2019","12/09/2019","10/31/2021","100.103141","No","$40,086,000,000","$0","Yes","","12/09/2019","$25,000,000","Yes","No","$25,000,200"
"912796WM7","Bill","4-Week","12/05/2019","12/10/2019","01/07/2020","99.883333","No","$40,012,000,000","$94,848,000,000","No","","12/10/2019","$40,000,000,000","Yes","No","$40,100,877,700"
"912796WR6","Bill","8-Week","12/05/2019","12/10/2019","02/04/2020","99.763556","No","","$94,848,000,000","No","","12/10/2019","$35,000,000,000","No","No","$35,088,445,900"
"912796TU3","Bill","52-Week","12/03/2019","12/05/2019","12/03/2020","98.458056","No","","$107,004,000,000","No","","12/05/2019","$26,000,000,000","No","No","$26,000,274,700"
"912796TH2","Bill","13-Week","12/02/2019","12/05/2019","03/05/2020","99.605667","No","$42,001,000,000","$107,004,000,000","No","","12/05/2019","$42,000,000,000","Yes","No","$42,000,340,000"
"912796TX7","Bill","26-Week","12/02/2019","12/05/2019","06/04/2020","99.208806","No","","$107,004,000,000","No","","12/05/2019","$36,000,000,000","No","No","$36,000,016,700"
"912796WL9","Bill","4-Week","11/27/2019","12/03/2019","12/31/2019","99.874000","No","$40,022,000,000","$94,028,000,000","No","","12/03/2019","$45,000,000,000","Yes","No","$45,583,719,000"
"912796WQ8","Bill","8-Week","11/27/2019","12/03/2019","01/28/2020","99.755778","No","","$94,028,000,000","No","","12/03/2019","$35,000,000,000","No","No","$35,454,193,800"
"912828YU8","Note","7-Year","11/27/2019","12/02/2019","11/30/2026","99.382918","No","","$82,439,000,000","No","1.625%","11/30/2019","$32,000,000,000","No","No","$34,540,488,100"
"912828YV6","Note","5-Year","11/26/2019","12/02/2019","11/30/2024","99.583769","No","","$82,439,000,000","No","1.500%","11/30/2019","$41,000,000,000","No","No","$44,254,945,900"
"912828YN4","Note","1-Year 11-Month","11/26/2019","11/29/2019","10/31/2021","100.114271","No","$22,086,000,000","$0","Yes","","11/29/2019","$18,000,000,000","Yes","No","$18,000,173,600"
"912828YT1","Note","2-Year","11/25/2019","12/02/2019","11/30/2021","99.802444","No","","$82,439,000,000","No","1.500%","11/30/2019","$40,000,000,000","No","No","$43,175,557,500"
"912796SD2","Bill","13-Week","11/25/2019","11/29/2019","02/27/2020","99.610000","No","$67,999,000,000","$80,994,000,000","No","","11/29/2019","$45,000,000,000","Yes","No","$45,002,728,500"
"912796TW9","Bill","26-Week","11/25/2019","11/29/2019","05/28/2020","99.205611","No","","$80,994,000,000","No","","11/29/2019","$39,000,000,000","No","No","$39,002,447,700"
"9128287D6","Note","9-Year 8-Month","11/21/2019","11/29/2019","07/15/2029","101.340677","No","$27,802,000,000","$0","No","0.250%","11/29/2019","$12,000,000,000","Yes","Yes","$12,000,004,900"
"912796WK1","Bill","4-Week","11/21/2019","11/26/2019","12/24/2019","99.879444","No","$40,000,000,000","$94,973,000,000","No","","11/26/2019","$50,000,000,000","Yes","No","$50,011,285,700"
"912796WP0","Bill","8-Week","11/21/2019","11/26/2019","01/21/2020","99.760444","No","","$94,973,000,000","No","","11/26/2019","$40,000,000,000","No","No","$40,008,966,600"
"912796SW0","Bill","16-Day","11/20/2019","11/26/2019","12/12/2019","99.931556","Yes","$81,000,000,000","","No","","11/26/2019","$15,000,000,000","Yes","No","$15,000,034,000"
"912796TG4","Bill","13-Week","11/18/2019","11/21/2019","02/20/2020","99.610722","No","$41,999,000,000","$80,996,000,000","No","","11/21/2019","$45,000,000,000","Yes","No","$45,000,144,800"
"912796SR1","Bill","26-Week","11/18/2019","11/21/2019","05/21/2020","99.221444","No","$25,999,000,000","$80,996,000,000","No","","11/21/2019","$42,000,000,000","Yes","No","$42,000,288,600"
"912796WJ4","Bill","4-Week","11/14/2019","11/19/2019","12/17/2019","99.878278","No","$40,000,000,000","$94,998,000,000","No","","11/19/2019","$55,000,000,000","Yes","No","$55,000,027,400"
"912796WN5","Bill","8-Week","11/14/2019","11/19/2019","01/14/2020","99.763556","No","","$94,998,000,000","No","","11/19/2019","$40,000,000,000","No","No","$40,000,445,300"
"912796TF6","Bill","13-Week","11/12/2019","11/14/2019","02/13/2020","99.604403","No","$42,003,000,000","$75,975,000,000","No","","11/14/2019","$45,000,000,000","Yes","No","$46,039,787,200"
"912796TV1","Bill","26-Week","11/12/2019","11/14/2019","05/14/2020","99.216389","No","","$75,975,000,000","No","","11/14/2019","$42,000,000,000","No","No","$42,970,492,600"
"912810SK5","Bond","30-Year","11/07/2019","11/15/2019","11/15/2049","98.833264","No","","$60,519,000,000","No","2.375%","11/15/2019","$19,000,000,000","No","No","$27,996,676,000"
"912796WH8","Bill","4-Week","11/07/2019","11/12/2019","12/10/2019","99.880611","No","$40,017,000,000","$89,999,000,000","No","","11/12/2019","$55,000,000,000","Yes","No","$55,021,978,400"
"912796WM7","Bill","8-Week","11/07/2019","11/12/2019","01/07/2020","99.762000","No","","$89,999,000,000","No","","11/12/2019","$40,000,000,000","No","No","$40,015,954,300"
"912828YS3","Note","10-Year","11/06/2019","11/15/2019","11/15/2029","99.462502","No","","$60,519,000,000","No","1.750%","11/15/2019","$27,000,000,000","No","No","$39,784,731,300"
"912828TY6","Note","3-Year","11/05/2019","11/15/2019","11/15/2022","99.985419","No","","$60,519,000,000","No","1.625%","11/15/2019","$38,000,000,000","Yes","No","$55,993,381,300"
"912796TP4","Bill","52-Week","11/05/2019","11/07/2019","11/05/2020","98.417611","No","","$100,998,000,000","No","","11/07/2019","$28,000,000,000","No","No","$28,000,014,500"
"912796TE9","Bill","13-Week","11/04/2019","11/07/2019","02/06/2020","99.615778","No","$38,995,000,000","$100,998,000,000","No","","11/07/2019","$45,000,000,000","Yes","No","$45,000,238,900"
"912796TT6","Bill","26-Week","11/04/2019","11/07/2019","05/07/2020","99.223972","No","","$100,998,000,000","No","","11/07/2019","$42,000,000,000","No","No","$42,000,072,900"
"912796WG0","Bill","4-Week","10/31/2019","11/05/2019","12/03/2019","99.877889","No","$40,048,000,000","$84,990,000,000","No","","11/05/2019","$55,000,000,000","Yes","No","$55,030,849,600"
"912796WL9","Bill","8-Week","10/31/2019","11/05/2019","12/31/2019","99.757333","No","","$84,990,000,000","No","","11/05/2019","$40,000,000,000","No","No","$40,022,559,300"
"912796RY7","Bill","13-Week","10/28/2019","10/31/2019","01/30/2020","99.590500","No","$61,994,000,000","$72,002,000,000","No","","10/31/2019","$45,000,000,000","Yes","No","$45,000,028,700"
"912796TS8","Bill","26-Week","10/28/2019","10/31/2019","04/30/2020","99.186056","No","","$72,002,000,000","No","","10/31/2019","$42,000,000,000","No","No","$42,000,644,200"
"912828YQ7","Note","7-Year","10/24/2019","10/31/2019","10/31/2026","99.789325","No","","$116,335,000,000","No","1.625%","10/31/2019","$32,000,000,000","No","No","$35,345,641,600"
"912796WF2","Bill","4-Week","10/24/2019","10/29/2019","11/26/2019","99.867000","No","$40,001,000,000","$84,998,000,000","No","","10/29/2019","$55,000,000,000","Yes","No","$55,000,374,800"
"912796WK1","Bill","8-Week","10/24/2019","10/29/2019","12/24/2019","99.738667","No","","$84,998,000,000","No","","10/29/2019","$40,000,000,000","No","No","$40,000,251,200"
"912828YN4","Note","2-Year","10/23/2019","10/31/2019","10/31/2021","100.000000","No","","$116,335,000,000","Yes","","10/31/2019","$20,000,000,000","No","No","$22,091,218,900"
"912828YM6","Note","5-Year","10/23/2019","10/31/2019","10/31/2024","99.664649","No","","$116,335,000,000","No","1.500%","10/31/2019","$41,000,000,000","No","No","$45,286,741,200"
"912828YP9","Note","2-Year","10/22/2019","10/31/2019","10/31/2021","99.815687","No","","$116,335,000,000","No","1.500%","10/31/2019","$40,000,000,000","No","No","$44,182,080,800"
"912796TC3","Bill","13-Week","10/21/2019","10/24/2019","01/23/2020","99.587972","No","$35,999,000,000","$72,000,000,000","No","","10/24/2019","$45,000,000,000","Yes","No","$45,000,269,900"
"912796SM2","Bill","26-Week","10/21/2019","10/24/2019","04/23/2020","99.191111","No","$26,001,000,000","$72,000,000,000","No","","10/24/2019","$42,000,000,000","Yes","No","$42,000,445,500"
"912828YL8","Note","5-Year","10/17/2019","10/31/2019","10/15/2024","100.348367","No","","$116,335,000,000","No","0.125%","10/31/2019","$17,000,000,000","No","Yes","$18,777,363,000"
"912796WE5","Bill","4-Week","10/17/2019","10/22/2019","11/19/2019","99.866222","No","$40,001,000,000","$84,986,000,000","No","","10/22/2019","$55,000,000,000","Yes","No","$55,000,156,800"
"912796WJ4","Bill","8-Week","10/17/2019","10/22/2019","12/17/2019","99.741000","No","","$84,986,000,000","No","","10/22/2019","$40,000,000,000","No","No","$40,000,105,700"
"912796TB5","Bill","13-Week","10/15/2019","10/17/2019","01/16/2020","99.585444","No","$36,000,000,000","$71,989,000,000","No","","10/17/2019","$45,000,000,000","Yes","No","$45,000,294,100"
"912796TR0","Bill","26-Week","10/15/2019","10/17/2019","04/16/2020","99.181000","No","","$71,989,000,000","No","","10/17/2019","$42,000,000,000","No","No","$42,000,101,500"
"912796WD7","Bill","4-Week","10/10/2019","10/15/2019","11/12/2019","99.866222","No","$40,021,000,000","$89,980,000,000","No","","10/15/2019","$50,000,000,000","Yes","No","$50,015,472,300"
"912796WH8","Bill","8-Week","10/10/2019","10/15/2019","12/10/2019","99.737889","No","","$89,980,000,000","No","","10/15/2019","$40,000,000,000","No","No","$40,012,513,400"
"912810SJ8","Bond","29-Year 10-Month","10/10/2019","10/15/2019","08/15/2049","101.747638","No","$47,396,000,000","$24,003,000,000","No","2.250%","10/15/2019","$16,000,000,000","Yes","No","$16,000,019,200"
"912828YB0","Note","9-Year 10-Month","10/09/2019","10/15/2019","08/15/2029","100.316063","No","$68,619,000,000","$24,003,000,000","No","1.625%","10/15/2019","$24,000,000,000","Yes","No","$24,000,050,500"
"912828YK0","Note","3-Year","10/08/2019","10/15/2019","10/15/2022","99.888767","No","","$24,003,000,000","No","1.375%","10/15/2019","$38,000,000,000","No","No","$38,000,042,000"
"912796TN9","Bill","52-Week","10/08/2019","10/10/2019","10/08/2020","98.382222","No","","$97,993,000,000","No","","10/10/2019","$28,000,000,000","No","No","$28,000,094,900"
"912796TA7","Bill","13-Week","10/07/2019","10/10/2019","01/09/2020","99.575333","No","$36,000,000,000","$97,993,000,000","No","","10/10/2019","$45,000,000,000","Yes","No","$45,000,090,500"
"912796TQ2","Bill","26-Week","10/07/2019","10/10/2019","04/09/2020","99.145611","No","","$97,993,000,000","No","","10/10/2019","$42,000,000,000","No","No","$42,000,418,900"
"912796WC9","Bill","4-Week","10/03/2019","10/08/2019","11/05/2019","99.863889","No","$40,000,000,000","$94,893,000,000","No","","10/08/2019","$45,000,000,000","Yes","No","$45,053,148,700"
"912796WG0","Bill","8-Week","10/03/2019","10/08/2019","12/03/2019","99.734000","No","","$94,893,000,000","No","","10/08/2019","$40,000,000,000","No","No","$40,047,216,900"
"912796RT8","Bill","13-Week","09/30/2019","10/03/2019","01/02/2020","99.534889","No","$62,001,000,000","$75,002,000,000","No","","10/03/2019","$45,000,000,000","Yes","No","$45,000,193,000"
"912796TM1","Bill","26-Week","09/30/2019","10/03/2019","04/02/2020","99.092528","No","","$75,002,000,000","No","","10/03/2019","$42,000,000,000","No","No","$42,000,104,600"
"912796WB1","Bill","4-Week","09/26/2019","10/01/2019","10/29/2019","99.853778","No","$39,998,000,000","$89,997,000,000","No","","10/01/2019","$45,000,000,000","Yes","No","$45,000,124,000"
"912796WF2","Bill","8-Week","09/26/2019","10/01/2019","11/26/2019","99.710667","No","","$89,997,000,000","No","","10/01/2019","$40,000,000,000","No","No","$40,000,663,900"
"912828YG9","Note","7-Year","09/26/2019","09/30/2019","09/30/2026","99.947285","No","","$80,250,000,000","No","1.625%","09/30/2019","$32,000,000,000","No","No","$35,324,243,400"
"912828YH7","Note","5-Year","09/25/2019","09/30/2019","09/30/2024","99.521314","No","","$80,250,000,000","No","1.500%","09/30/2019","$41,000,000,000","No","No","$45,259,281,000"
"9128287G9","Note","1-Year 10-Month","09/25/2019","09/27/2019","07/31/2021","99.871407","No","$38,790,000,000","$0","Yes","","09/27/2019","$18,000,000,000","Yes","No","$18,000,009,400"
"912828YJ3","Note","2-Year","09/24/2019","09/30/2019","09/30/2021","99.780442","No","","$80,250,000,000","No","1.500%","09/30/2019","$40,000,000,000","No","No","$44,155,280,500"
"912796SY6","Bill","13-Week","09/23/2019","09/26/2019","12/26/2019","99.518458","No","$35,999,000,000","$74,995,000,000","No","","09/26/2019","$45,000,000,000","Yes","No","$45,000,041,600"
"912796SH3","Bill","26-Week","09/23/2019","09/26/2019","03/26/2020","99.059667","No","$26,000,000,000","$74,995,000,000","No","","09/26/2019","$42,000,000,000","Yes","No","$42,000,201,000"
"9128287D6","Note","9-Year 10-Month","09/19/2019","09/30/2019","07/15/2029","101.037653","No","$14,556,000,000","$80,250,000,000","No","0.250%","09/30/2019","$12,000,000,000","Yes","Yes","$13,246,585,400"
"912796WA3","Bill","4-Week","09/19/2019","09/24/2019","10/22/2019","99.848333","No","$39,995,000,000","$89,994,000,000","No","","09/24/2019","$45,000,000,000","Yes","No","$45,000,323,600"
"912796WE5","Bill","8-Week","09/19/2019","09/24/2019","11/19/2019","99.696667","No","","$89,994,000,000","No","","09/24/2019","$40,000,000,000","No","No","$40,000,337,100"
"912796SX8","Bill","13-Week","09/16/2019","09/19/2019","12/19/2019","99.508347","No","$35,999,000,000","$74,995,000,000","No","","09/19/2019","$45,000,000,000","Yes","No","$45,000,093,900"
"912796TL3","Bill","26-Week","09/16/2019","09/19/2019","03/19/2020","99.054611","No","","$74,995,000,000","No","","09/19/2019","$42,000,000,000","No","No","$42,000,035,100"
"912796VZ9","Bill","4-Week","09/12/2019","09/17/2019","10/15/2019","99.849111","No","$39,997,000,000","$89,955,000,000","No","","09/17/2019","$50,000,000,000","Yes","No","$50,028,266,800"
"912796WD7","Bill","8-Week","09/12/2019","09/17/2019","11/12/2019","99.701333","No","","$89,955,000,000","No","","09/17/2019","$40,000,000,000","No","No","$40,022,276,500"
"912810SJ8","Bond","29-Year 11-Month","09/12/2019","09/16/2019","08/15/2049","99.565627","No","$31,399,000,000","$24,000,000,000","No","2.250%","09/15/2019","$16,000,000,000","Yes","No","$16,000,014,000"
"912828YB0","Note","9-Year 11-Month","09/11/2019","09/16/2019","08/15/2029","98.965031","No","$44,619,000,000","$24,000,000,000","No","1.625%","09/15/2019","$24,000,000,000","Yes","No","$24,000,000,400"
"912828YF1","Note","3-Year","09/10/2019","09/16/2019","09/15/2022","99.787062","No","","$24,000,000,000","No","1.500%","09/15/2019","$38,000,000,000","No","No","$38,000,053,000"
"912796TJ8","Bill","52-Week","09/10/2019","09/12/2019","09/10/2020","98.240667","No","","$101,002,000,000","No","","09/12/2019","$28,000,000,000","No","No","$28,000,217,300"
"912796SW0","Bill","13-Week","09/09/2019","09/12/2019","12/12/2019","99.514667","No","$36,001,000,000","$101,002,000,000","No","","09/12/2019","$45,000,000,000","Yes","No","$45,000,654,100"
"912796TK5","Bill","26-Week","09/09/2019","09/12/2019","03/12/2020","99.077361","No","","$101,002,000,000","No","","09/12/2019","$42,000,000,000","No","No","$42,000,276,400"
"912796VY2","Bill","4-Week","09/05/2019","09/10/2019","10/08/2019","99.842500","No","$40,001,000,000","$84,991,000,000","No","","09/10/2019","$55,000,000,000","Yes","No","$55,000,151,700"
"912796WC9","Bill","8-Week","09/05/2019","09/10/2019","11/05/2019","99.695111","No","","$84,991,000,000","No","","09/10/2019","$40,000,000,000","No","No","$40,000,674,400"
"912796RN1","Bill","13-Week","09/03/2019","09/05/2019","12/05/2019","99.512139","No","$62,004,000,000","$74,994,000,000","No","","09/05/2019","$45,000,000,000","Yes","No","$45,000,051,100"
"912796TH2","Bill","26-Week","09/03/2019","09/05/2019","03/05/2020","99.077361","No","","$74,994,000,000","No","","09/05/2019","$42,000,000,000","No","No","$42,000,173,700"
"912796VX4","Bill","4-Week","08/29/2019","09/03/2019","10/01/2019","99.839778","No","$35,003,000,000","$69,991,000,000","No","","09/03/2019","$55,000,000,000","Yes","No","$55,000,073,400"
"912796WB1","Bill","8-Week","08/29/2019","09/03/2019","10/29/2019","99.690444","No","","$69,991,000,000","No","","09/03/2019","$40,000,000,000","No","No","$40,000,220,000"
"912828YD6","Note","7-Year","08/29/2019","09/03/2019","08/31/2026","99.245602","No","","$76,142,000,000","No","1.375%","08/31/2019","$32,000,000,000","No","No","$36,155,384,100"
"912828YE4","Note","5-Year","08/28/2019","09/03/2019","08/31/2024","99.446819","No","","$76,142,000,000","No","1.250%","08/31/2019","$41,000,000,000","No","No","$46,324,147,700"
"9128287G9","Note","1-Year 11-Month","08/28/2019","08/30/2019","07/31/2021","99.965088","No","$20,790,000,000","$0","Yes","","08/30/2019","$18,000,000,000","Yes","No","$18,000,005,300"
"912828YC8","Note","2-Year","08/27/2019","09/03/2019","08/31/2021","99.968632","No","","$76,142,000,000","No","1.500%","08/31/2019","$40,000,000,000","No","No","$45,194,261,300"
"912796SU4","Bill","13-Week","08/26/2019","08/29/2019","11/29/2019","99.501667","No","$35,995,000,000","$74,994,000,000","No","","08/29/2019","$45,000,000,000","Yes","No","$45,000,026,100"
"912796SD2","Bill","26-Week","08/26/2019","08/29/2019","02/27/2020","99.069778","No","$25,999,000,000","$74,994,000,000","No","","08/29/2019","$42,000,000,000","Yes","No","$42,000,622,600"
"912810SG4","Bond","29-Year 6-Month","08/22/2019","08/30/2019","02/15/2049","115.685230","No","$8,385,000,000","$0","No","1.000%","08/30/2019","$7,000,000,000","Yes","Yes","$7,000,015,200"
"912796VW6","Bill","4-Week","08/22/2019","08/27/2019","09/24/2019","99.839778","No","$34,997,000,000","$69,987,000,000","No","","08/27/2019","$55,000,000,000","Yes","No","$55,000,487,200"
"912796WA3","Bill","8-Week","08/22/2019","08/27/2019","10/22/2019","99.691222","No","","$69,987,000,000","No","","08/27/2019","$40,000,000,000","No","No","$40,000,011,200"
"912796ST7","Bill","13-Week","08/19/2019","08/22/2019","11/21/2019","99.519722","No","$35,998,000,000","$75,004,000,000","No","","08/22/2019","$45,000,000,000","Yes","No","$45,000,270,200"
"912796TG4","Bill","26-Week","08/19/2019","08/22/2019","02/20/2020","99.069778","No","","$75,004,000,000","No","","08/22/2019","$42,000,000,000","No","No","$42,000,033,900"
"912796VV8","Bill","4-Week","08/15/2019","08/20/2019","09/17/2019","99.841333","No","$35,001,000,000","$69,995,000,000","No","","08/20/2019","$55,000,000,000","Yes","No","$55,000,219,300"
"912796VZ9","Bill","8-Week","08/15/2019","08/20/2019","10/15/2019","99.696667","No","","$69,995,000,000","No","","08/20/2019","$40,000,000,000","No","No","$40,000,208,700"
"912796TD1","Bill","52-Week","08/13/2019","08/15/2019","08/13/2020","98.180000","No","","$103,988,000,000","No","","08/15/2019","$28,000,000,000","No","No","$28,000,258,200"
"912796SS9","Bill","13-Week","08/12/2019","08/15/2019","11/14/2019","99.504556","No","$35,986,000,000","$103,988,000,000","No","","08/15/2019","$42,000,000,000","Yes","No","$42,000,514,900"
"912796TF6","Bill","26-Week","08/12/2019","08/15/2019","02/13/2020","99.044500","No","","$103,988,000,000","No","","08/15/2019","$42,000,000,000","No","No","$42,000,368,600"
"912810SJ8","Bond","30-Year","08/08/2019","08/15/2019","08/15/2049","98.173884","No","","$57,338,000,000","No","2.250%","08/15/2019","$19,000,000,000","No","No","$31,398,523,000"
"912796VU0","Bill","4-Week","08/08/2019","08/13/2019","09/10/2019","99.839389","No","$34,997,000,000","$69,996,000,000","No","","08/13/2019","$50,000,000,000","Yes","No","$50,000,164,500"
"912796VY2","Bill","8-Week","08/08/2019","08/13/2019","10/08/2019","99.681111","No","","$69,996,000,000","No","","08/13/2019","$40,000,000,000","No","No","$40,001,062,700"
"912828YB0","Note","10-Year","08/07/2019","08/15/2019","08/15/2029","99.587149","No","","$57,338,000,000","No","1.625%","08/15/2019","$27,000,000,000","No","No","$44,618,951,200"
"912828YA2","Note","3-Year","08/06/2019","08/15/2019","08/15/2022","99.818980","No","","$57,338,000,000","No","1.500%","08/15/2019","$38,000,000,000","No","No","$62,796,996,600"
"912796RM3","Bill","13-Week","08/05/2019","08/08/2019","11/07/2019","99.496972","No","$61,995,000,000","$77,997,000,000","No","","08/08/2019","$39,000,000,000","Yes","No","$39,000,368,100"
"912796TE9","Bill","26-Week","08/05/2019","08/08/2019","02/06/2020","99.014167","No","","$77,997,000,000","No","","08/08/2019","$39,000,000,000","No","No","$39,000,407,500"
"912796VT3","Bill","4-Week","08/01/2019","08/06/2019","09/03/2019","99.838222","No","$35,000,000,000","$74,996,000,000","No","","08/06/2019","$35,000,000,000","Yes","No","$35,000,051,700"