"CUSIP","Security Type","Security Term","Auction Date","Issue Date","Maturity Date","Price per $100","Cash Management Bill (CMB)","Currently Outstanding","Estimated Amount of Publicly Held Maturing Securities by Type","Floating Rate","Interest Rate","Maturing Date","Offering Amount","Reopening","TIPS","Total Accepted"
"912795RN3","Bill","26-Week","05/24/2004","05/27/2004","11/26/2004","99.301","No","","","No","","05/27/2004","$15,000,000,000","No","No","$20,626,217,000"
"912795QD6","Bill","4-Week","05/18/2004","05/20/2004","06/17/2004","99.930","No","","","No","","05/20/2004","$21,000,000,000","Yes","No","$25,406,655,000"
"912795QY0","Bill","13-Week","05/17/2004","05/20/2004","08/19/2004","99.737","No","","","No","","05/20/2004","$18,000,000,000","Yes","No","$24,751,442,000"
"912795RM5","Bill","26-Week","05/17/2004","05/20/2004","11/18/2004","99.325","No","","","No","","05/20/2004","$15,000,000,000","No","No","$20,737,112,000"
"912828CJ7","Note","10-Year","05/13/2004","05/17/2004","05/15/2014","99.230","No","","","No","4.750%","05/15/2004","$15,000,000,000","No","No","$17,293,646,000"
"912828CH1","Note","5-Year","05/12/2004","05/17/2004","05/15/2009","99.766","No","","","No","3.875%","05/15/2004","$15,000,000,000","No","No","$18,057,757,000"
"912828CG3","Note","3-Year","05/11/2004","05/17/2004","05/15/2007","99.790","No","","","No","3.125%","05/15/2004","$24,000,000,000","No","No","$27,562,256,000"
"912795QC8","Bill","4-Week","05/11/2004","05/13/2004","06/10/2004","99.930","No","","","No","","05/13/2004","$19,000,000,000","Yes","No","$23,112,555,000"
"912795QX2","Bill","13-Week","05/10/2004","05/13/2004","08/12/2004","99.732","No","","","No","","05/13/2004","$18,000,000,000","Yes","No","$24,855,611,000"
"912795RL7","Bill","26-Week","05/10/2004","05/13/2004","11/12/2004","99.319","No","","","No","","05/13/2004","$15,000,000,000","No","No","$20,529,300,000"
"912795QB0","Bill","4-Week","05/04/2004","05/06/2004","06/03/2004","99.929","No","","","No","","05/06/2004","$19,000,000,000","Yes","No","$22,772,253,000"
"912795QW4","Bill","13-Week","05/03/2004","05/06/2004","08/05/2004","99.751","No","","","No","","05/06/2004","$18,000,000,000","Yes","No","$24,769,162,000"
"912795RK9","Bill","26-Week","05/03/2004","05/06/2004","11/04/2004","99.406","No","","","No","","05/06/2004","$15,000,000,000","No","No","$20,548,341,000"
"912828CF5","Note","2-Year","04/28/2004","04/30/2004","04/30/2006","99.961","No","","","No","2.250%","04/30/2004","$26,000,000,000","No","No","$34,333,752,000"
"912795QA2","Bill","4-Week","04/27/2004","04/29/2004","05/27/2004","99.931","No","","","No","","04/29/2004","$13,000,000,000","Yes","No","$16,945,847,000"
"912795QV6","Bill","13-Week","04/26/2004","04/29/2004","07/29/2004","99.755","No","","","No","","04/29/2004","$17,000,000,000","Yes","No","$23,524,868,000"
"912795RJ2","Bill","26-Week","04/26/2004","04/29/2004","10/28/2004","99.411","No","","","No","","04/29/2004","$14,000,000,000","No","No","$19,315,202,000"
"912795PZ8","Bill","4-Week","04/20/2004","04/22/2004","05/20/2004","99.929","No","","","No","","04/22/2004","$10,000,000,000","Yes","No","$14,135,643,000"
"912795QU8","Bill","13-Week","04/19/2004","04/22/2004","07/22/2004","99.764","No","","","No","","04/22/2004","$16,000,000,000","Yes","No","$22,318,883,000"
"912795RH6","Bill","26-Week","04/19/2004","04/22/2004","10/21/2004","99.454","No","","","No","","04/22/2004","$13,000,000,000","No","No","$18,017,072,000"
"912795PY1","Bill","4-Week","04/13/2004","04/15/2004","05/13/2004","99.930","No","","","No","","04/15/2004","$10,000,000,000","Yes","No","$14,142,615,000"
"912795QT1","Bill","13-Week","04/12/2004","04/15/2004","07/15/2004","99.769","No","","","No","","04/15/2004","$16,000,000,000","Yes","No","$22,013,783,000"
"912795RG8","Bill","26-Week","04/12/2004","04/15/2004","10/14/2004","99.482","No","","","No","","04/15/2004","$13,000,000,000","No","No","$17,874,030,000"
"912828BW9","Note","9-Year 9-Month","04/07/2004","04/15/2004","01/15/2014","102.189","No","","","No","2.000%","","$9,000,000,000","Yes","Yes","$9,000,018,000"
"912795QM6","Bill","11-Day","04/07/2004","04/08/2004","04/19/2004","99.970","Yes","","","No","","","$16,000,000,000","No","No","$16,000,437,000"
"912828CE8","Note","5-Year","04/06/2004","04/15/2004","04/15/2009","99.564","No","","","No","3.125%","","$16,000,000,000","No","No","$16,000,012,000"
"912795PX3","Bill","4-Week","04/06/2004","04/08/2004","05/06/2004","99.928","No","","","No","","04/08/2004","$14,000,000,000","Yes","No","$17,254,781,000"
"912795QS3","Bill","13-Week","04/05/2004","04/08/2004","07/08/2004","99.765","No","","","No","","04/08/2004","$17,000,000,000","Yes","No","$23,049,352,000"
"912795RF0","Bill","26-Week","04/05/2004","04/08/2004","10/07/2004","99.479","No","","","No","","04/08/2004","$14,000,000,000","No","No","$19,030,989,000"
"912795QL8","Bill","14-Day","04/05/2004","04/06/2004","04/20/2004","99.964","Yes","","","No","","","$5,000,000,000","No","No","$5,000,270,000"
"912795PU9","Bill","13-Day","04/01/2004","04/02/2004","04/15/2004","99.965","Yes","","","No","","","$25,000,000,000","Yes","No","$25,004,150,000"
"912795PW5","Bill","4-Week","03/30/2004","04/01/2004","04/29/2004","99.926","No","","","No","","04/01/2004","$19,000,000,000","Yes","No","$21,817,709,000"
"912795QR5","Bill","13-Week","03/29/2004","04/01/2004","07/01/2004","99.761","No","","","No","","04/01/2004","$18,000,000,000","Yes","No","$24,130,429,000"
"912795RE3","Bill","26-Week","03/29/2004","04/01/2004","09/30/2004","99.500","No","","","No","","04/01/2004","$15,000,000,000","No","No","$20,392,444,000"
"912828CD0","Note","2-Year","03/24/2004","03/31/2004","03/31/2006","99.961","No","","","No","1.500%","03/31/2004","$26,000,000,000","No","No","$34,333,733,000"
"912795PV7","Bill","4-Week","03/23/2004","03/25/2004","04/22/2004","99.927","No","","","No","","03/25/2004","$19,000,000,000","Yes","No","$21,400,342,000"
"912795QE4","Bill","13-Week","03/22/2004","03/25/2004","06/24/2004","99.765","No","","","No","","03/25/2004","$18,000,000,000","Yes","No","$23,914,245,000"
"912795RD5","Bill","26-Week","03/22/2004","03/25/2004","09/23/2004","99.500","No","","","No","","03/25/2004","$16,000,000,000","No","No","$21,655,005,000"
"912795PU9","Bill","4-Week","03/16/2004","03/18/2004","04/15/2004","99.925","No","","","No","","03/18/2004","$21,000,000,000","Yes","No","$23,334,341,000"
"912795QD6","Bill","13-Week","03/15/2004","03/18/2004","06/17/2004","99.761","No","","","No","","03/18/2004","$18,000,000,000","Yes","No","$23,776,090,000"
"912795RC7","Bill","26-Week","03/15/2004","03/18/2004","09/16/2004","99.500","No","","","No","","03/18/2004","$16,000,000,000","No","No","$21,629,113,000"
"912828CA6","Note","9-Year 11-Month","03/11/2004","03/15/2004","02/15/2014","102.034","No","","","No","4.000%","","$11,000,000,000","Yes","No","$11,000,045,000"
"912828CC2","Note","5-Year","03/10/2004","03/15/2004","03/15/2009","99.675","No","","","No","2.625%","","$16,000,000,000","No","No","$16,000,053,000"
"912795PT2","Bill","4-Week","03/09/2004","03/11/2004","04/08/2004","99.925","No","","","No","","03/11/2004","$22,000,000,000","Yes","No","$24,293,915,000"
"912795QC8","Bill","13-Week","03/08/2004","03/11/2004","06/10/2004","99.765","No","","","No","","03/11/2004","$19,000,000,000","Yes","No","$24,885,867,000"
"912795RB9","Bill","26-Week","03/08/2004","03/11/2004","09/09/2004","99.507","No","","","No","","03/11/2004","$17,000,000,000","No","No","$22,848,117,000"
"912795PS4","Bill","4-Week","03/02/2004","03/04/2004","04/01/2004","99.925","No","","","No","","03/04/2004","$22,000,000,000","Yes","No","$24,118,629,000"
"912795QK0","Bill","12-Day","03/02/2004","03/03/2004","03/15/2004","99.967","Yes","","","No","","","$27,000,000,000","No","No","$27,000,210,000"
"912795QB0","Bill","13-Week","03/01/2004","03/04/2004","06/03/2004","99.762","No","","","No","","03/04/2004","$19,000,000,000","Yes","No","$25,398,555,000"
"912795RA1","Bill","26-Week","03/01/2004","03/04/2004","09/02/2004","99.500","No","","","No","","03/04/2004","$17,000,000,000","No","No","$23,017,759,000"
"912828CB4","Note","2-Year","02/25/2004","03/01/2004","02/28/2006","99.902","No","","","No","1.625%","02/29/2004","$26,000,000,000","No","No","$33,999,753,000"
"912795PR6","Bill","4-Week","02/24/2004","02/26/2004","03/25/2004","99.927","No","","","No","","02/26/2004","$19,000,000,000","Yes","No","$21,390,143,000"
"912795QA2","Bill","13-Week","02/23/2004","02/26/2004","05/27/2004","99.765","No","","","No","","02/26/2004","$19,000,000,000","Yes","No","$25,669,390,000"
"912795QZ7","Bill","26-Week","02/23/2004","02/26/2004","08/26/2004","99.497","No","","","No","","02/26/2004","$17,000,000,000","No","No","$23,111,165,000"
"912795PQ8","Bill","4-Week","02/18/2004","02/19/2004","03/18/2004","99.930","No","","","No","","02/19/2004","$19,000,000,000","Yes","No","$21,580,198,000"
"912795PZ8","Bill","13-Week","02/17/2004","02/19/2004","05/20/2004","99.769","No","","","No","","02/19/2004","$19,000,000,000","Yes","No","$25,636,769,000"
"912795QY0","Bill","26-Week","02/17/2004","02/19/2004","08/19/2004","99.507","No","","","No","","02/19/2004","$17,000,000,000","No","No","$23,185,431,000"
"912828CA6","Note","10-Year","02/12/2004","02/17/2004","02/15/2014","99.511","No","","","No","4.000%","02/15/2004","$16,000,000,000","No","No","$17,072,480,000"
"912828BZ2","Note","5-Year","02/11/2004","02/17/2004","02/15/2009","99.862","No","","","No","3.000%","02/15/2004","$16,000,000,000","No","No","$17,429,939,000"
"912828BY5","Note","3-Year","02/10/2004","02/17/2004","02/15/2007","99.770","No","","","No","2.250%","02/15/2004","$24,000,000,000","No","No","$25,665,868,000"
"912795PP0","Bill","4-Week","02/10/2004","02/12/2004","03/11/2004","99.930","No","","","No","","02/12/2004","$19,000,000,000","Yes","No","$21,557,432,000"
"912795PY1","Bill","13-Week","02/09/2004","02/12/2004","05/13/2004","99.767","No","","","No","","02/12/2004","$19,000,000,000","Yes","No","$25,746,133,000"
"912795QX2","Bill","26-Week","02/09/2004","02/12/2004","08/12/2004","99.500","No","","","No","","02/12/2004","$17,000,000,000","No","No","$22,994,989,000"
"912795PN5","Bill","4-Week","02/03/2004","02/05/2004","03/04/2004","99.930","No","","","No","","02/05/2004","$19,000,000,000","Yes","No","$21,758,711,000"
"912795PX3","Bill","13-Week","02/02/2004","02/05/2004","05/06/2004","99.767","No","","","No","","02/05/2004","$19,000,000,000","Yes","No","$25,714,584,000"
"912795QW4","Bill","26-Week","02/02/2004","02/05/2004","08/05/2004","99.494","No","","","No","","02/05/2004","$17,000,000,000","No","No","$23,050,696,000"
"912828BX7","Note","2-Year","01/29/2004","02/02/2004","01/31/2006","99.893","No","","","No","1.875%","01/31/2004","$26,000,000,000","No","No","$32,531,377,000"
"912795PM7","Bill","4-Week","01/27/2004","01/29/2004","02/26/2004","99.933","No","","","No","","01/29/2004","$14,000,000,000","Yes","No","$17,357,184,000"
"912795PW5","Bill","13-Week","01/26/2004","01/29/2004","04/29/2004","99.775","No","","","No","","01/29/2004","$18,000,000,000","Yes","No","$24,874,875,000"
"912795QV6","Bill","26-Week","01/26/2004","01/29/2004","07/29/2004","99.517","No","","","No","","01/29/2004","$16,000,000,000","No","No","$21,934,111,000"
"912795PL9","Bill","4-Week","01/21/2004","01/22/2004","02/19/2004","99.938","No","","","No","","01/22/2004","$9,000,000,000","Yes","No","$12,592,546,000"
"912795PV7","Bill","13-Week","01/20/2004","01/22/2004","04/22/2004","99.779","No","","","No","","01/22/2004","$18,000,000,000","Yes","No","$24,771,491,000"
"912795QU8","Bill","26-Week","01/20/2004","01/22/2004","07/22/2004","99.520","No","","","No","","01/22/2004","$16,000,000,000","No","No","$22,014,092,000"
"912795PK1","Bill","4-Week","01/13/2004","01/15/2004","02/12/2004","99.935","No","","","No","","01/15/2004","$8,000,000,000","Yes","No","$12,140,588,000"
"912795PU9","Bill","13-Week","01/12/2004","01/15/2004","04/15/2004","99.780","No","","","No","","01/15/2004","$17,000,000,000","Yes","No","$23,427,341,000"
"912795QT1","Bill","26-Week","01/12/2004","01/15/2004","07/15/2004","99.520","No","","","No","","01/15/2004","$16,000,000,000","No","No","$21,985,852,000"
"912828BW9","Note","10-Year","01/08/2004","01/15/2004","01/15/2014","99.829","No","","","No","2.000%","","$12,000,000,000","No","Yes","$12,000,001,000"
"912828BV1","Note","5-Year","01/07/2004","01/15/2004","01/15/2009","99.954","No","","","No","3.250%","","$16,000,000,000","No","No","$16,000,024,000"
"912795PJ4","Bill","4-Week","01/06/2004","01/08/2004","02/05/2004","99.934","No","","","No","","01/08/2004","$9,000,000,000","Yes","No","$12,757,370,000"
"912795PT2","Bill","13-Week","01/05/2004","01/08/2004","04/08/2004","99.767","No","","","No","","01/08/2004","$17,000,000,000","Yes","No","$22,976,650,000"
"912795QS3","Bill","26-Week","01/05/2004","01/08/2004","07/08/2004","99.484","No","","","No","","01/08/2004","$16,000,000,000","No","No","$21,783,519,000"
"912795PF2","Bill","13-Day","12/30/2003","01/02/2004","01/15/2004","99.967","Yes","","","No","","","$15,000,000,000","Yes","No","$15,000,080,000"
"912795PH8","Bill","4-Week","12/30/2003","01/02/2004","01/29/2004","99.934","No","","","No","","01/02/2004","$12,000,000,000","Yes","No","$16,089,225,000"
"912795PS4","Bill","13-Week","12/29/2003","01/02/2004","04/01/2004","99.779","No","","","No","","01/02/2004","$16,000,000,000","Yes","No","$21,913,821,000"
"912795QR5","Bill","26-Week","12/29/2003","01/02/2004","07/01/2004","99.500","No","","","No","","01/02/2004","$15,000,000,000","No","No","$20,660,061,000"
"912828BU3","Note","2-Year","12/23/2003","12/31/2003","12/31/2005","99.854","No","","","No","1.875%","12/31/2003","$26,000,000,000","No","No","$33,987,467,000"
"912795PG0","Bill","4-Week","12/23/2003","12/26/2003","01/22/2004","99.935","No","","","No","","12/26/2003","$12,000,000,000","Yes","No","$16,192,763,000"
"912795PR6","Bill","13-Week","12/22/2003","12/26/2003","03/25/2004","99.783","No","","","No","","12/26/2003","$15,000,000,000","Yes","No","$20,735,001,000"
"912795QE4","Bill","26-Week","12/22/2003","12/26/2003","06/24/2004","99.512","No","","","No","","12/26/2003","$14,000,000,000","No","No","$19,352,828,000"
"912795PF2","Bill","4-Week","12/16/2003","12/18/2003","01/15/2004","99.935","No","","","No","","12/18/2003","$9,000,000,000","Yes","No","$13,150,437,000"
"912795PQ8","Bill","13-Week","12/15/2003","12/18/2003","03/18/2004","99.776","No","","","No","","12/18/2003","$15,000,000,000","Yes","No","$20,563,140,000"
"912795QD6","Bill","26-Week","12/15/2003","12/18/2003","06/17/2004","99.505","No","","","No","","12/18/2003","$14,000,000,000","No","No","$19,286,520,000"
"912828BR0","Note","9-Year 11-Month","12/11/2003","12/15/2003","11/15/2013","99.076","No","","","No","4.250%","","$12,000,000,000","Yes","No","$12,000,001,000"
"912828BT6","Note","5-Year","12/10/2003","12/15/2003","12/15/2008","100.000","No","","","No","3.375%","","$16,000,000,000","No","No","$16,000,064,000"
"912795PE5","Bill","4-Week","12/09/2003","12/11/2003","01/08/2004","99.930","No","","","No","","12/11/2003","$15,000,000,000","Yes","No","$18,004,561,000"
"912795PP0","Bill","13-Week","12/08/2003","12/11/2003","03/11/2004","99.773","No","","","No","","12/11/2003","$16,000,000,000","Yes","No","$21,781,674,000"
"912795QC8","Bill","26-Week","12/08/2003","12/11/2003","06/10/2004","99.494","No","","","No","","12/11/2003","$16,000,000,000","No","No","$21,822,076,000"
"912795PD7","Bill","4-Week","12/02/2003","12/04/2003","01/02/2004","99.925","No","","","No","","12/04/2003","$20,000,000,000","Yes","No","$23,150,104,000"
"912795QJ3","Bill","12-Day","12/02/2003","12/03/2003","12/15/2003","99.968","Yes","","","No","","","$32,000,000,000","No","No","$32,000,500,000"
"912795PN5","Bill","13-Week","12/01/2003","12/04/2003","03/04/2004","99.766","No","","","No","","12/04/2003","$16,000,000,000","Yes","No","$21,825,962,000"
"912795QB0","Bill","26-Week","12/01/2003","12/04/2003","06/03/2004","99.479","No","","","No","","12/04/2003","$16,000,000,000","No","No","$21,856,248,000"
"912828BS8","Note","2-Year","11/26/2003","12/01/2003","11/30/2005","99.875","No","","","No","1.875%","11/30/2003","$26,000,000,000","No","No","$32,200,815,000"
"912795PC9","Bill","4-Week","11/25/2003","11/28/2003","12/26/2003","99.927","No","","","No","","11/28/2003","$23,000,000,000","Yes","No","$25,561,356,000"
"912795PM7","Bill","13-Week","11/24/2003","11/28/2003","02/26/2004","99.768","No","","","No","","11/28/2003","$16,000,000,000","Yes","No","$21,968,509,000"
"912795QA2","Bill","26-Week","11/24/2003","11/28/2003","05/27/2004","99.492","No","","","No","","11/28/2003","$16,000,000,000","No","No","$21,867,186,000"
"912795PB1","Bill","4-Week","11/18/2003","11/20/2003","12/18/2003","99.928","No","","","No","","11/20/2003","$19,000,000,000","Yes","No","$21,635,464,000"
"912795PL9","Bill","13-Week","11/17/2003","11/20/2003","02/19/2004","99.764","No","","","No","","11/20/2003","$16,000,000,000","Yes","No","$22,053,273,000"
"912795PZ8","Bill","26-Week","11/17/2003","11/20/2003","05/20/2004","99.489","No","","","No","","11/20/2003","$16,000,000,000","No","No","$21,893,360,000"
"912828BR0","Note","10-Year","11/13/2003","11/17/2003","11/15/2013","99.116","No","","","No","4.250%","11/15/2003","$17,000,000,000","No","No","$18,633,901,000"
"912828BQ2","Note","5-Year","11/12/2003","11/17/2003","11/15/2008","99.749","No","","","No","3.375%","11/15/2003","$16,000,000,000","No","No","$18,178,532,000"
"912795PA3","Bill","4-Week","11/12/2003","11/13/2003","12/11/2003","99.931","No","","","No","","11/13/2003","$14,000,000,000","Yes","No","$16,555,711,000"
"912828BP4","Note","3-Year","11/10/2003","11/17/2003","11/15/2006","100.000","No","","","No","2.625%","11/15/2003","$24,000,000,000","No","No","$26,537,998,000"
"912795PK1","Bill","13-Week","11/10/2003","11/13/2003","02/12/2004","99.764","No","","","No","","11/13/2003","$16,000,000,000","Yes","No","$21,510,086,000"
"912795PY1","Bill","26-Week","11/10/2003","11/13/2003","05/13/2004","99.474","No","","","No","","11/13/2003","$16,000,000,000","No","No","$21,598,322,000"
"912795NZ0","Bill","4-Week","11/04/2003","11/06/2003","12/04/2003","99.927","No","","","No","","11/06/2003","$17,000,000,000","Yes","No","$19,577,819,000"
"912795PJ4","Bill","13-Week","11/03/2003","11/06/2003","02/05/2004","99.762","No","","","No","","11/06/2003","$17,000,000,000","Yes","No","$22,766,210,000"
"912795PX3","Bill","26-Week","11/03/2003","11/06/2003","05/06/2004","99.482","No","","","No","","11/06/2003","$17,000,000,000","No","No","$22,887,188,000"
"912828BN9","Note","2-Year","10/29/2003","10/31/2003","10/31/2005","99.781","No","","","No","1.625%","10/31/2003","$26,000,000,000","No","No","$32,367,662,000"
"912795NY3","Bill","4-Week","10/28/2003","10/30/2003","11/28/2003","99.923","No","","","No","","10/30/2003","$21,000,000,000","Yes","No","$23,864,298,000"
"912795PH8","Bill","13-Week","10/27/2003","10/30/2003","01/29/2004","99.762","No","","","No","","10/30/2003","$17,000,000,000","Yes","No","$22,960,885,000"
"912795PW5","Bill","26-Week","10/27/2003","10/30/2003","04/29/2004","99.484","No","","","No","","10/30/2003","$17,000,000,000","No","No","$22,997,352,000"
"912795NX5","Bill","4-Week","10/21/2003","10/23/2003","11/20/2003","99.930","No","","","No","","10/23/2003","$17,000,000,000","Yes","No","$19,998,776,000"
"912795PG0","Bill","13-Week","10/20/2003","10/23/2003","01/22/2004","99.767","No","","","No","","10/23/2003","$17,000,000,000","Yes","No","$22,941,007,000"
"912795PV7","Bill","26-Week","10/20/2003","10/23/2003","04/22/2004","99.487","No","","","No","","10/23/2003","$17,000,000,000","No","No","$23,071,664,000"
"912795NW7","Bill","4-Week","10/15/2003","10/16/2003","11/13/2003","99.932","No","","","No","","10/16/2003","$15,000,000,000","Yes","No","$18,224,111,000"
"912795PF2","Bill","13-Week","10/14/2003","10/16/2003","01/15/2004","99.771","No","","","No","","10/16/2003","$17,000,000,000","Yes","No","$22,989,863,000"
"912795PU9","Bill","26-Week","10/14/2003","10/16/2003","04/15/2004","99.502","No","","","No","","10/16/2003","$17,000,000,000","No","No","$22,984,213,000"
"912828BD1","Note","9-Year 9-Month","10/09/2003","10/15/2003","07/15/2013","97.201","No","","","No","1.875%","","$9,000,000,000","Yes","Yes","$9,000,001,000"
"912828BM1","Note","5-Year","10/08/2003","10/15/2003","10/15/2008","99.936","No","","","No","3.125%","","$16,000,000,000","No","No","$16,000,058,000"
"912795NV9","Bill","4-Week","10/07/2003","10/09/2003","11/06/2003","99.934","No","","","No","","10/09/2003","$15,000,000,000","Yes","No","$18,403,157,000"
"912795PE5","Bill","13-Week","10/06/2003","10/09/2003","01/08/2004","99.767","No","","","No","","10/09/2003","$16,000,000,000","Yes","No","$22,101,915,000"
"912795PT2","Bill","26-Week","10/06/2003","10/09/2003","04/08/2004","99.497","No","","","No","","10/09/2003","$16,000,000,000","No","No","$21,730,637,000"
"912795QH7","Bill","12-Day","10/02/2003","10/03/2003","10/15/2003","99.969","Yes","","","No","","","$20,000,000,000","No","No","$20,001,115,000"
"912795NU1","Bill","4-Week","09/30/2003","10/02/2003","10/30/2003","99.934","No","","","No","","10/02/2003","$13,000,000,000","Yes","No","$16,472,206,000"
"912795PD7","Bill","13-Week","09/29/2003","10/02/2003","01/02/2004","99.761","No","","","No","","10/02/2003","$16,000,000,000","Yes","No","$22,015,407,000"
"912795PS4","Bill","26-Week","09/29/2003","10/02/2003","04/01/2004","99.492","No","","","No","","10/02/2003","$16,000,000,000","No","No","$21,815,881,000"
"912828BL3","Note","2-Year","09/24/2003","09/30/2003","09/30/2005","99.863","No","","","No","1.625%","09/30/2003","$25,000,000,000","No","No","$31,535,174,000"
"912795NT4","Bill","4-Week","09/23/2003","09/25/2003","10/23/2003","99.933","No","","","No","","09/25/2003","$12,000,000,000","Yes","No","$15,703,331,000"
"912795PC9","Bill","13-Week","09/22/2003","09/25/2003","12/26/2003","99.761","No","","","No","","09/25/2003","$15,000,000,000","Yes","No","$20,962,169,000"
"912795PR6","Bill","26-Week","09/22/2003","09/25/2003","03/25/2004","99.489","No","","","No","","09/25/2003","$15,000,000,000","No","No","$20,690,418,000"
"912795NS6","Bill","4-Week","09/16/2003","09/18/2003","10/16/2003","99.932","No","","","No","","09/18/2003","$9,000,000,000","Yes","No","$13,393,739,000"
"912795PB1","Bill","13-Week","09/15/2003","09/18/2003","12/18/2003","99.765","No","","","No","","09/18/2003","$14,000,000,000","Yes","No","$19,727,081,000"
"912795PQ8","Bill","26-Week","09/15/2003","09/18/2003","03/18/2004","99.497","No","","","No","","09/18/2003","$14,000,000,000","No","No","$19,351,186,000"
"912828BH2","Note","9-Year 11-Month","09/11/2003","09/15/2003","08/15/2013","99.275","No","","","No","4.250%","","$13,000,000,000","Yes","No","$13,000,127,000"
"912828BK5","Note","5-Year","09/10/2003","09/15/2003","09/15/2008","99.519","No","","","No","3.125%","","$16,000,000,000","No","No","$16,000,271,000"
"912795QG9","Bill","4-Day","09/10/2003","09/11/2003","09/15/2003","99.990","Yes","","","No","","","$10,000,000,000","Yes","No","$10,000,089,000"
"912795NR8","Bill","4-Week","09/09/2003","09/11/2003","10/09/2003","99.929","No","","","No","","09/11/2003","$11,000,000,000","Yes","No","$15,059,599,000"
"912795PA3","Bill","13-Week","09/08/2003","09/11/2003","12/11/2003","99.764","No","","","No","","09/11/2003","$15,000,000,000","Yes","No","$20,565,364,000"
"912795PP0","Bill","26-Week","09/08/2003","09/11/2003","03/11/2004","99.489","No","","","No","","09/11/2003","$15,000,000,000","No","No","$20,460,780,000"
"912795NQ0","Bill","4-Week","09/03/2003","09/04/2003","10/02/2003","99.926","No","","","No","","09/04/2003","$17,000,000,000","Yes","No","$20,451,727,000"
"912795NZ0","Bill","13-Week","09/02/2003","09/04/2003","12/04/2003","99.755","No","","","No","","09/04/2003","$16,000,000,000","Yes","No","$21,695,372,000"
"912795PN5","Bill","26-Week","09/02/2003","09/04/2003","03/04/2004","99.474","No","","","No","","09/04/2003","$16,000,000,000","No","No","$21,777,309,000"
"912795QG9","Bill","12-Day","09/02/2003","09/03/2003","09/15/2003","99.967","Yes","","","No","","","$23,000,000,000","No","No","$23,000,412,000"
"912828BJ8","Note","2-Year","08/27/2003","09/02/2003","08/31/2005","99.922","No","","","No","2.000%","08/31/2003","$25,000,000,000","No","No","$30,589,929,000"
"912795NP2","Bill","4-Week","08/26/2003","08/28/2003","09/25/2003","99.923","No","","","No","","08/28/2003","$26,000,000,000","Yes","No","$29,286,088,000"
"912795NY3","Bill","13-Week","08/25/2003","08/28/2003","11/28/2003","99.750","No","","","No","","08/28/2003","$16,000,000,000","Yes","No","$21,570,451,000"
"912795PM7","Bill","26-Week","08/25/2003","08/28/2003","02/26/2004","99.474","No","","","No","","08/28/2003","$16,000,000,000","No","No","$21,736,178,000"
"912795NN7","Bill","4-Week","08/19/2003","08/21/2003","09/18/2003","99.927","No","","","No","","08/21/2003","$18,000,000,000","Yes","No","$21,106,233,000"
"912795NX5","Bill","13-Week","08/18/2003","08/21/2003","11/20/2003","99.761","No","","","No","","08/21/2003","$16,000,000,000","Yes","No","$21,475,942,000"
"912795PL9","Bill","26-Week","08/18/2003","08/21/2003","02/19/2004","99.477","No","","","No","","08/21/2003","$16,000,000,000","No","No","$21,721,380,000"
"912795NM9","Bill","4-Week","08/12/2003","08/14/2003","09/11/2003","99.929","No","","","No","","08/14/2003","$15,000,000,000","Yes","No","$17,964,604,000"
"912795NW7","Bill","13-Week","08/11/2003","08/14/2003","11/13/2003","99.762","No","","","No","","08/14/2003","$16,000,000,000","Yes","No","$20,986,601,000"
"912795PK1","Bill","26-Week","08/11/2003","08/14/2003","02/12/2004","99.479","No","","","No","","08/14/2003","$16,000,000,000","No","No","$21,530,059,000"
"912828BH2","Note","10-Year","08/07/2003","08/15/2003","08/15/2013","99.036","No","","","No","4.250%","08/15/2003","$18,000,000,000","No","No","$20,515,216,000"
"912828BG4","Note","5-Year","08/06/2003","08/15/2003","08/15/2008","99.771","No","","","No","3.250%","08/15/2003","$18,000,000,000","No","No","$21,353,791,000"
"912828BF6","Note","3-Year","08/05/2003","08/15/2003","08/15/2006","99.865","No","","","No","2.375%","08/15/2003","$24,000,000,000","No","No","$27,907,020,000"
"912795NL1","Bill","4-Week","08/05/2003","08/07/2003","09/04/2003","99.929","No","","","No","","08/07/2003","$17,000,000,000","Yes","No","$19,832,098,000"
"912795NV9","Bill","13-Week","08/04/2003","08/07/2003","11/06/2003","99.761","No","","","No","","08/07/2003","$16,000,000,000","Yes","No","$20,953,912,000"
"912795PJ4","Bill","26-Week","08/04/2003","08/07/2003","02/05/2004","99.482","No","","","No","","08/07/2003","$17,000,000,000","No","No","$22,936,922,000"
"912795NK3","Bill","4-Week","07/29/2003","07/31/2003","08/28/2003","99.925","No","","","No","","07/31/2003","$20,000,000,000","Yes","No","$22,642,894,000"
"912795NU1","Bill","13-Week","07/28/2003","07/31/2003","10/30/2003","99.761","No","","","No","","07/31/2003","$16,000,000,000","Yes","No","$21,256,033,000"
"912795PH8","Bill","26-Week","07/28/2003","07/31/2003","01/29/2004","99.505","No","","","No","","07/31/2003","$17,000,000,000","No","No","$22,950,492,000"
"912828BE9","Note","2-Year","07/23/2003","07/31/2003","07/31/2005","99.980","No","","","No","1.500%","07/31/2003","$25,000,000,000","No","No","$29,996,323,000"
"912795NJ6","Bill","4-Week","07/22/2003","07/24/2003","08/21/2003","99.932","No","","","No","","07/24/2003","$10,000,000,000","Yes","No","$12,717,699,000"
"912795NT4","Bill","13-Week","07/21/2003","07/24/2003","10/23/2003","99.774","No","","","No","","07/24/2003","$15,000,000,000","Yes","No","$19,802,674,000"
"912795PG0","Bill","26-Week","07/21/2003","07/24/2003","01/22/2004","99.520","No","","","No","","07/24/2003","$17,000,000,000","No","No","$23,072,140,000"
"912795NH0","Bill","4-Week","07/15/2003","07/17/2003","08/14/2003","99.935","No","","","No","","07/17/2003","$8,000,000,000","Yes","No","$10,224,211,000"
"912795NS6","Bill","13-Week","07/14/2003","07/17/2003","10/16/2003","99.778","No","","","No","","07/17/2003","$16,000,000,000","Yes","No","$21,219,033,000"
"912795PF2","Bill","26-Week","07/14/2003","07/17/2003","01/15/2004","99.530","No","","","No","","07/17/2003","$18,000,000,000","No","No","$24,240,812,000"
"912828BD1","Note","10-Year","07/09/2003","07/15/2003","07/15/2013","98.881","No","","","No","1.875%","","$11,000,000,000","No","Yes","$11,000,001,000"
"912795NG2","Bill","4-Week","07/08/2003","07/10/2003","08/07/2003","99.931","No","","","No","","07/10/2003","$17,000,000,000","Yes","No","$18,825,847,000"
"912795NR8","Bill","13-Week","07/07/2003","07/10/2003","10/09/2003","99.775","No","","","No","","07/10/2003","$17,000,000,000","Yes","No","$22,511,008,000"
"912795PE5","Bill","26-Week","07/07/2003","07/10/2003","01/08/2004","99.525","No","","","No","","07/10/2003","$18,000,000,000","No","No","$24,056,731,000"
"912795NF4","Bill","4-Week","07/01/2003","07/03/2003","07/31/2003","99.933","No","","","No","","07/03/2003","$17,000,000,000","Yes","No","$19,427,138,000"
"912795NQ0","Bill","13-Week","06/30/2003","07/03/2003","10/02/2003","99.776","No","","","No","","07/03/2003","$17,000,000,000","Yes","No","$22,313,786,000"
"912795PD7","Bill","26-Week","06/30/2003","07/03/2003","01/02/2004","99.517","No","","","No","","07/03/2003","$18,000,000,000","No","No","$24,286,198,000"
"912828BC3","Note","2-Year","06/25/2003","06/30/2003","06/30/2005","99.894","No","","","No","1.125%","06/30/2003","$25,000,000,000","No","No","$31,700,305,000"
"912795NE7","Bill","4-Week","06/24/2003","06/26/2003","07/24/2003","99.938","No","","","No","","06/26/2003","$12,000,000,000","Yes","No","$14,356,292,000"
"912795NP2","Bill","13-Week","06/23/2003","06/26/2003","09/25/2003","99.794","No","","","No","","06/26/2003","$17,000,000,000","Yes","No","$23,131,623,000"
"912795PC9","Bill","26-Week","06/23/2003","06/26/2003","12/26/2003","99.573","No","","","No","","06/26/2003","$18,000,000,000","No","No","$24,417,440,000"
"912795ND9","Bill","4-Week","06/17/2003","06/19/2003","07/17/2003","99.930","No","","","No","","06/19/2003","$13,000,000,000","Yes","No","$15,976,400,000"
"912795NN7","Bill","13-Week","06/16/2003","06/19/2003","09/18/2003","99.788","No","","","No","","06/19/2003","$18,000,000,000","Yes","No","$24,034,501,000"
"912795PB1","Bill","26-Week","06/16/2003","06/19/2003","12/18/2003","99.573","No","","","No","","06/19/2003","$18,000,000,000","No","No","$24,361,450,000"
"912828AZ3","Note","4-Year 11-Month","06/11/2003","06/16/2003","05/15/2008","102.437","No","","","No","2.625%","","$15,000,000,000","Yes","No","$15,000,128,000"
"912795NC1","Bill","4-Week","06/10/2003","06/12/2003","07/10/2003","99.916","No","","","No","","06/12/2003","$22,000,000,000","Yes","No","$24,855,749,000"
"912795NM9","Bill","13-Week","06/09/2003","06/12/2003","09/11/2003","99.746","No","","","No","","06/12/2003","$18,000,000,000","Yes","No","$24,203,780,000"
"912795PA3","Bill","26-Week","06/09/2003","06/12/2003","12/11/2003","99.505","No","","","No","","06/12/2003","$18,000,000,000","No","No","$24,226,073,000"
"912795QF1","Bill","8-Day","06/04/2003","06/05/2003","06/13/2003","99.974","Yes","","","No","","","$18,000,000,000","Yes","No","$18,000,000,000"
"912795NB3","Bill","4-Week","06/03/2003","06/05/2003","07/03/2003","99.911","No","","","No","","06/05/2003","$18,000,000,000","Yes","No","$20,283,295,000"
"912795NL1","Bill","13-Week","06/02/2003","06/05/2003","09/04/2003","99.719","No","","","No","","06/05/2003","$18,000,000,000","Yes","No","$24,479,347,000"
"912795NZ0","Bill","26-Week","06/02/2003","06/05/2003","12/04/2003","99.446","No","","","No","","06/05/2003","$18,000,000,000","No","No","$24,382,333,000"
"912795MQ1","Bill","2-Day","06/02/2003","06/03/2003","06/05/2003","99.993","Yes","","","No","","","$24,000,000,000","Yes","No","$24,002,600,000"
"912828BB5","Note","2-Year","05/29/2003","06/02/2003","05/31/2005","99.892","No","","","No","1.250%","05/31/2003","$25,000,000,000","No","No","$31,020,297,000"
"912795MT5","Bill","4-Week","05/28/2003","05/29/2003","06/26/2003","99.908","No","","","No","","05/29/2003","$25,000,000,000","Yes","No","$28,539,048,000"
"912795NK3","Bill","13-Week","05/28/2003","05/29/2003","08/28/2003","99.722","No","","","No","","05/29/2003","$16,000,000,000","Yes","No","$21,995,548,000"
"912795NY3","Bill","26-Week","05/28/2003","05/29/2003","11/28/2003","99.451","No","","","No","","05/29/2003","$16,000,000,000","No","No","$21,765,460,000"
"912795QF1","Bill","16-Day","05/27/2003","05/28/2003","06/13/2003","99.948","Yes","","","No","","","$4,000,000,000","No","No","$4,000,152,000"
"912795MS7","Bill","4-Week","05/21/2003","05/22/2003","06/19/2003","99.915","No","","","No","","05/22/2003","$22,000,000,000","Yes","No","$26,397,916,000"
"912795NJ6","Bill","13-Week","05/20/2003","05/22/2003","08/21/2003","99.742","No","","","No","","05/22/2003","$16,000,000,000","Yes","No","$20,956,370,000"
"912795NX5","Bill","26-Week","05/20/2003","05/22/2003","11/20/2003","99.484","No","","","No","","05/22/2003","$16,000,000,000","No","No","$21,929,778,000"
"912795NA5","Bill","6-Day","05/20/2003","05/21/2003","05/27/2003","99.981","Yes","","","No","","","$4,000,000,000","No","No","$4,000,025,000"
"912795MR9","Bill","4-Week","05/13/2003","05/15/2003","06/12/2003","99.922","No","","","No","","05/15/2003","$6,000,000,000","Yes","No","$10,535,072,000"
"912795NH0","Bill","13-Week","05/12/2003","05/15/2003","08/14/2003","99.730","No","","","No","","05/15/2003","$14,000,000,000","Yes","No","$19,427,678,000"
"912795NW7","Bill","26-Week","05/12/2003","05/15/2003","11/13/2003","99.444","No","","","No","","05/15/2003","$14,000,000,000","No","No","$19,268,175,000"
"912795MM0","Bill","2-Day","05/12/2003","05/13/2003","05/15/2003","99.993","Yes","","","No","","","$15,000,000,000","Yes","No","$15,000,145,000"
"912828BA7","Note","10-Year","05/08/2003","05/15/2003","05/15/2013","99.378","No","","","No","3.625%","05/15/2003","$18,000,000,000","No","No","$18,251,867,000"
"912828AZ3","Note","5-Year","05/07/2003","05/15/2003","05/15/2008","99.744","No","","","No","2.625%","05/15/2003","$18,000,000,000","No","No","$18,335,842,000"
"912795MZ1","Bill","5-Day","05/07/2003","05/08/2003","05/13/2003","99.984","Yes","","","No","","","$10,000,000,000","No","No","$10,000,160,000"
"912828AY6","Note","3-Year","05/06/2003","05/15/2003","05/15/2006","99.974","No","","","No","2.000%","05/15/2003","$22,000,000,000","No","No","$22,391,033,000"
"912795MQ1","Bill","4-Week","05/06/2003","05/08/2003","06/05/2003","99.919","No","","","No","","05/08/2003","$6,000,000,000","Yes","No","$10,143,434,000"
"912795NG2","Bill","13-Week","05/05/2003","05/08/2003","08/07/2003","99.723","No","","","No","","05/08/2003","$15,000,000,000","Yes","No","$20,614,533,000"
"912795NV9","Bill","26-Week","05/05/2003","05/08/2003","11/06/2003","99.429","No","","","No","","05/08/2003","$15,000,000,000","No","No","$20,600,203,000"
"912795MP3","Bill","4-Week","04/29/2003","05/01/2003","05/29/2003","99.914","No","","","No","","05/01/2003","$11,000,000,000","Yes","No","$15,133,004,000"
"912795NF4","Bill","13-Week","04/28/2003","05/01/2003","07/31/2003","99.717","No","","","No","","05/01/2003","$15,000,000,000","Yes","No","$20,190,535,000"
"912795NU1","Bill","26-Week","04/28/2003","05/01/2003","10/30/2003","99.424","No","","","No","","05/01/2003","$16,000,000,000","No","No","$21,859,797,000"
"912828AX8","Note","2-Year","04/23/2003","04/30/2003","04/30/2005","99.845","No","","","No","1.625%","04/30/2003","$27,000,000,000","No","No","$34,293,046,000"
"912795MN8","Bill","4-Week","04/22/2003","04/24/2003","05/22/2003","99.913","No","","","No","","04/24/2003","$13,000,000,000","Yes","No","$16,241,471,000"
"912795NE7","Bill","13-Week","04/21/2003","04/24/2003","07/24/2003","99.707","No","","","No","","04/24/2003","$15,000,000,000","Yes","No","$19,763,507,000"
"912795NT4","Bill","26-Week","04/21/2003","04/24/2003","10/23/2003","99.401","No","","","No","","04/24/2003","$16,000,000,000","No","No","$22,068,915,000"
"912795MM0","Bill","4-Week","04/15/2003","04/17/2003","05/15/2003","99.910","No","","","No","","04/17/2003","$16,000,000,000","Yes","No","$18,915,602,000"
"912795ND9","Bill","13-Week","04/14/2003","04/17/2003","07/17/2003","99.706","No","","","No","","04/17/2003","$15,000,000,000","Yes","No","$19,863,051,000"
"912795NS6","Bill","26-Week","04/14/2003","04/17/2003","10/16/2003","99.406","No","","","No","","04/17/2003","$15,000,000,000","No","No","$20,336,500,000"
"912795ML2","Bill","4-Week","04/08/2003","04/10/2003","05/08/2003","99.909","No","","","No","","04/10/2003","$19,000,000,000","Yes","No","$21,123,941,000"
"912795MY4","Bill","6-Day","04/08/2003","04/09/2003","04/15/2003","99.980","Yes","","","No","","","$8,000,000,000","Yes","No","$8,000,304,000"
"912795NC1","Bill","13-Week","04/07/2003","04/10/2003","07/10/2003","99.713","No","","","No","","04/10/2003","$15,000,000,000","Yes","No","$19,717,849,000"
"912795NR8","Bill","26-Week","04/07/2003","04/10/2003","10/09/2003","99.426","No","","","No","","04/10/2003","$16,000,000,000","No","No","$21,509,431,000"
"912795MY4","Bill","12-Day","04/02/2003","04/03/2003","04/15/2003","99.961","Yes","","","No","","","$20,000,000,000","No","No","$20,000,072,000"
"912795MK4","Bill","4-Week","04/01/2003","04/03/2003","05/01/2003","99.910","No","","","No","","04/03/2003","$19,000,000,000","Yes","No","$21,005,354,000"
"912795NB3","Bill","13-Week","03/31/2003","04/03/2003","07/03/2003","99.722","No","","","No","","04/03/2003","$16,000,000,000","Yes","No","$20,380,534,000"
"912795NQ0","Bill","26-Week","03/31/2003","04/03/2003","10/02/2003","99.449","No","","","No","","04/03/2003","$17,000,000,000","No","No","$22,912,821,000"
"912828AW0","Note","2-Year","03/26/2003","03/31/2003","03/31/2005","99.869","No","","","No","1.625%","03/31/2003","$27,000,000,000","No","No","$35,210,859,000"
"912795MJ7","Bill","4-Week","03/25/2003","03/27/2003","04/24/2003","99.908","No","","","No","","03/27/2003","$23,000,000,000","Yes","No","$24,299,097,000"
"912795MT5","Bill","13-Week","03/24/2003","03/27/2003","06/26/2003","99.709","No","","","No","","03/27/2003","$17,000,000,000","Yes","No","$21,846,491,000"
"912795NP2","Bill","26-Week","03/24/2003","03/27/2003","09/25/2003","99.419","No","","","No","","03/27/2003","$17,000,000,000","No","No","$22,760,446,000"
"912795MH1","Bill","4-Week","03/18/2003","03/20/2003","04/17/2003","99.909","No","","","No","","03/20/2003","$27,000,000,000","Yes","No","$28,510,613,000"
"912795MS7","Bill","13-Week","03/17/2003","03/20/2003","06/19/2003","99.718","No","","","No","","03/20/2003","$17,000,000,000","Yes","No","$21,537,479,000"
"912795NN7","Bill","26-Week","03/17/2003","03/20/2003","09/18/2003","99.439","No","","","No","","03/20/2003","$17,000,000,000","No","No","$22,589,202,000"
"912795MG3","Bill","4-Week","03/11/2003","03/13/2003","04/10/2003","99.913","No","","","No","","03/13/2003","$22,000,000,000","Yes","No","$23,460,113,000"
"912795MR9","Bill","13-Week","03/10/2003","03/13/2003","06/12/2003","99.733","No","","","No","","03/13/2003","$17,000,000,000","Yes","No","$21,754,672,000"
"912795NM9","Bill","26-Week","03/10/2003","03/13/2003","09/11/2003","99.479","No","","","No","","03/13/2003","$17,000,000,000","No","No","$22,550,314,000"
"912795MF5","Bill","4-Week","03/04/2003","03/06/2003","04/03/2003","99.907","No","","","No","","03/06/2003","$25,000,000,000","Yes","No","$26,861,320,000"
"912795MQ1","Bill","13-Week","03/03/2003","03/06/2003","06/05/2003","99.703","No","","","No","","03/06/2003","$17,000,000,000","Yes","No","$21,929,090,000"
"912795NL1","Bill","26-Week","03/03/2003","03/06/2003","09/04/2003","99.409","No","","","No","","03/06/2003","$16,000,000,000","No","No","$21,328,717,000"
"912795MX6","Bill","14-Day","02/27/2003","03/03/2003","03/17/2003","99.952","Yes","","","No","","","$26,000,000,000","No","No","$26,000,384,000"
"912828AV2","Note","2-Year","02/26/2003","02/28/2003","02/28/2005","99.853","No","","","No","1.500%","02/28/2003","$27,000,000,000","No","No","$35,332,941,000"
"912795ME8","Bill","4-Week","02/25/2003","02/27/2003","03/27/2003","99.905","No","","","No","","02/27/2003","$25,000,000,000","Yes","No","$26,877,992,000"
"912795MP3","Bill","13-Week","02/24/2003","02/27/2003","05/29/2003","99.703","No","","","No","","02/27/2003","$18,000,000,000","Yes","No","$23,346,644,000"
"912795NK3","Bill","26-Week","02/24/2003","02/27/2003","08/28/2003","99.406","No","","","No","","02/27/2003","$17,000,000,000","No","No","$22,636,977,000"
"912795MD0","Bill","4-Week","02/19/2003","02/20/2003","03/20/2003","99.910","No","","","No","","02/20/2003","$20,000,000,000","Yes","No","$21,511,373,000"
"912795MN8","Bill","13-Week","02/18/2003","02/20/2003","05/22/2003","99.707","No","","","No","","02/20/2003","$17,000,000,000","Yes","No","$22,828,937,000"
"912795NJ6","Bill","26-Week","02/18/2003","02/20/2003","08/21/2003","99.403","No","","","No","","02/20/2003","$16,000,000,000","No","No","$21,667,313,000"
"912828AU4","Note","10-Year","02/12/2003","02/18/2003","02/15/2013","99.304","No","","","No","3.875%","02/15/2003","$18,000,000,000","No","No","$19,496,544,000"
"912828AT7","Note","5-Year","02/11/2003","02/18/2003","02/15/2008","99.866","No","","","No","3.000%","02/15/2003","$24,000,000,000","No","No","$27,483,982,000"
"912795MC2","Bill","4-Week","02/11/2003","02/13/2003","03/13/2003","99.910","No","","","No","","02/13/2003","$20,000,000,000","Yes","No","$21,651,207,000"
"912795MM0","Bill","13-Week","02/10/2003","02/13/2003","05/15/2003","99.709","No","","","No","","02/13/2003","$18,000,000,000","Yes","No","$24,306,725,000"
"912795NH0","Bill","26-Week","02/10/2003","02/13/2003","08/14/2003","99.411","No","","","No","","02/13/2003","$16,000,000,000","No","No","$21,702,475,000"
"912795MB4","Bill","4-Week","02/04/2003","02/06/2003","03/06/2003","99.911","No","","","No","","02/06/2003","$22,000,000,000","Yes","No","$23,607,524,000"
"912795ML2","Bill","13-Week","02/03/2003","02/06/2003","05/08/2003","99.708","No","","","No","","02/06/2003","$19,000,000,000","Yes","No","$25,670,586,000"
"912795NG2","Bill","26-Week","02/03/2003","02/06/2003","08/07/2003","99.401","No","","","No","","02/06/2003","$17,000,000,000","No","No","$23,057,718,000"
"912828AS9","Note","2-Year","01/29/2003","01/31/2003","01/31/2005","99.834","No","","","No","1.625%","01/31/2003","$27,000,000,000","No","No","$33,834,307,000"
"912795MA6","Bill","4-Week","01/28/2003","01/30/2003","02/27/2003","99.910","No","","","No","","01/30/2003","$16,000,000,000","Yes","No","$18,060,192,000"
"912795MK4","Bill","13-Week","01/27/2003","01/30/2003","05/01/2003","99.712","No","","","No","","01/30/2003","$18,000,000,000","Yes","No","$24,823,714,000"
"912795NF4","Bill","26-Week","01/27/2003","01/30/2003","07/31/2003","99.414","No","","","No","","01/30/2003","$16,000,000,000","No","No","$21,881,053,000"
"912795LZ2","Bill","4-Week","01/22/2003","01/23/2003","02/20/2003","99.912","No","","","No","","01/23/2003","$14,000,000,000","Yes","No","$16,398,092,000"
"912795MJ7","Bill","13-Week","01/21/2003","01/23/2003","04/24/2003","99.707","No","","","No","","01/23/2003","$17,000,000,000","Yes","No","$23,699,766,000"
"912795NE7","Bill","26-Week","01/21/2003","01/23/2003","07/24/2003","99.398","No","","","No","","01/23/2003","$15,000,000,000","No","No","$20,588,589,000"
"912795LY5","Bill","4-Week","01/14/2003","01/16/2003","02/13/2003","99.912","No","","","No","","01/16/2003","$11,000,000,000","Yes","No","$13,442,690,000"
"912795MH1","Bill","13-Week","01/13/2003","01/16/2003","04/17/2003","99.702","No","","","No","","01/16/2003","$16,000,000,000","Yes","No","$22,183,411,000"
"912795ND9","Bill","26-Week","01/13/2003","01/16/2003","07/17/2003","99.378","No","","","No","","01/16/2003","$15,000,000,000","No","No","$20,555,518,000"
"912828AF7","Note","9-Year 6-Month","01/08/2003","01/15/2003","07/15/2012","106.474","No","","","No","3.000%","","$6,000,000,000","Yes","Yes","$6,000,109,000"
"912795LX7","Bill","4-Week","01/07/2003","01/09/2003","02/06/2003","99.911","No","","","No","","01/09/2003","$13,000,000,000","Yes","No","$15,454,557,000"
"912795MG3","Bill","13-Week","01/06/2003","01/09/2003","04/10/2003","99.700","No","","","No","","01/09/2003","$15,000,000,000","Yes","No","$20,576,631,000"
"912795NC1","Bill","26-Week","01/06/2003","01/09/2003","07/10/2003","99.373","No","","","No","","01/09/2003","$15,000,000,000","No","No","$20,541,613,000"
"912795LW9","Bill","4-Week","12/31/2002","01/02/2003","01/30/2003","99.909","No","","","No","","01/02/2003","$16,000,000,000","Yes","No","$18,798,333,000"
"912795MF5","Bill","13-Week","12/30/2002","01/02/2003","04/03/2003","99.700","No","","","No","","01/02/2003","$14,000,000,000","Yes","No","$19,156,182,000"
"912795NB3","Bill","26-Week","12/30/2002","01/02/2003","07/03/2003","99.383","No","","","No","","01/02/2003","$16,000,000,000","No","No","$21,917,541,000"
"912795LV1","Bill","4-Week","12/24/2002","12/26/2002","01/23/2003","99.911","No","","","No","","12/26/2002","$16,000,000,000","Yes","No","$18,813,845,000"
"912828AR1","Note","2-Year","12/23/2002","12/31/2002","12/31/2004","99.863","No","","","No","1.750%","12/31/2002","$27,000,000,000","No","No","$33,195,093,000"
"912795ME8","Bill","13-Week","12/23/2002","12/26/2002","03/27/2003","99.700","No","","","No","","12/26/2002","$14,000,000,000","Yes","No","$18,909,133,000"
"912795MT5","Bill","26-Week","12/23/2002","12/26/2002","06/26/2003","99.373","No","","","No","","12/26/2002","$16,000,000,000","No","No","$21,881,771,000"
"912795LU3","Bill","4-Week","12/17/2002","12/19/2002","01/16/2003","99.907","No","","","No","","12/19/2002","$16,000,000,000","Yes","No","$18,608,783,000"
"912795MD0","Bill","13-Week","12/16/2002","12/19/2002","03/20/2003","99.697","No","","","No","","12/19/2002","$14,000,000,000","Yes","No","$19,064,120,000"
"912795MS7","Bill","26-Week","12/16/2002","12/19/2002","06/19/2003","99.363","No","","","No","","12/19/2002","$16,000,000,000","No","No","$21,911,139,000"
"912795LT6","Bill","4-Week","12/10/2002","12/12/2002","01/09/2003","99.906","No","","","No","","12/12/2002","$16,000,000,000","Yes","No","$18,381,512,000"
"912795MC2","Bill","13-Week","12/09/2002","12/12/2002","03/13/2003","99.698","No","","","No","","12/12/2002","$14,000,000,000","Yes","No","$19,215,031,000"
"912795MR9","Bill","26-Week","12/09/2002","12/12/2002","06/12/2003","99.371","No","","","No","","12/12/2002","$15,000,000,000","No","No","$20,617,739,000"
"912795MW8","Bill","6-Day","12/09/2002","12/10/2002","12/16/2002","99.979","Yes","","","No","","","$13,000,000,000","No","No","$13,001,053,000"
"912795LS8","Bill","4-Week","12/03/2002","12/05/2002","01/02/2003","99.906","No","","","No","","12/05/2002","$21,000,000,000","Yes","No","$23,303,498,000"
"912795MB4","Bill","13-Week","12/02/2002","12/05/2002","03/06/2003","99.694","No","","","No","","12/05/2002","$14,000,000,000","Yes","No","$19,041,968,000"
"912795MQ1","Bill","26-Week","12/02/2002","12/05/2002","06/05/2003","99.348","No","","","No","","12/05/2002","$15,000,000,000","No","No","$20,629,748,000"
"912828AQ3","Note","2-Year","11/27/2002","12/02/2002","11/30/2004","99.767","No","","","No","2.000%","11/30/2002","$27,000,000,000","No","No","$32,863,976,000"
"912795LR0","Bill","4-Week","11/26/2002","11/29/2002","12/26/2002","99.906","No","","","No","","11/29/2002","$22,000,000,000","Yes","No","$23,828,585,000"
"912795MA6","Bill","13-Week","11/25/2002","11/29/2002","02/27/2003","99.698","No","","","No","","11/29/2002","$15,000,000,000","Yes","No","$20,289,877,000"
"912795MP3","Bill","26-Week","11/25/2002","11/29/2002","05/29/2003","99.364","No","","","No","","11/29/2002","$15,000,000,000","No","No","$20,589,637,000"
"912795LQ2","Bill","4-Week","11/19/2002","11/21/2002","12/19/2002","99.907","No","","","No","","11/21/2002","$20,000,000,000","Yes","No","$21,868,422,000"
"912795LZ2","Bill","13-Week","11/18/2002","11/21/2002","02/20/2003","99.695","No","","","No","","11/21/2002","$15,000,000,000","Yes","No","$20,008,719,000"
"912795MN8","Bill","26-Week","11/18/2002","11/21/2002","05/22/2003","99.371","No","","","No","","11/21/2002","$15,000,000,000","No","No","$20,505,717,000"
"912795LP4","Bill","4-Week","11/13/2002","11/14/2002","12/12/2002","99.907","No","","","No","","11/14/2002","$20,000,000,000","Yes","No","$21,771,340,000"
"912795LY5","Bill","13-Week","11/12/2002","11/14/2002","02/13/2003","99.699","No","","","No","","11/14/2002","$16,000,000,000","Yes","No","$21,438,335,000"
"912795MM0","Bill","26-Week","11/12/2002","11/14/2002","05/15/2003","99.381","No","","","No","","11/14/2002","$16,000,000,000","No","No","$21,812,777,000"
"912828AP5","Note","10-Year","11/06/2002","11/15/2002","11/15/2012","99.227","No","","","No","4.000%","11/15/2002","$18,000,000,000","No","No","$18,110,960,000"
"912828AN0","Note","5-Year","11/05/2002","11/15/2002","11/15/2007","99.862","No","","","No","3.000%","11/15/2002","$22,000,000,000","No","No","$23,308,184,000"
"912795LN9","Bill","4-Week","11/05/2002","11/07/2002","12/05/2002","99.889","No","","","No","","11/07/2002","$16,000,000,000","Yes","No","$17,328,226,000"
"912795LX7","Bill","13-Week","11/04/2002","11/07/2002","02/06/2003","99.644","No","","","No","","11/07/2002","$17,000,000,000","Yes","No","$22,795,921,000"
"912795ML2","Bill","26-Week","11/04/2002","11/07/2002","05/08/2003","99.295","No","","","No","","11/07/2002","$17,000,000,000","No","No","$23,158,101,000"
"912795LM1","Bill","4-Week","10/29/2002","10/31/2002","11/29/2002","99.875","No","","","No","","10/31/2002","$18,000,000,000","Yes","No","$18,938,426,000"
"912795LW9","Bill","13-Week","10/28/2002","10/31/2002","01/30/2003","99.608","No","","","No","","10/31/2002","$18,000,000,000","Yes","No","$23,908,812,000"
"912795MK4","Bill","26-Week","10/28/2002","10/31/2002","05/01/2003","99.234","No","","","No","","10/31/2002","$17,000,000,000","No","No","$22,998,527,000"
"912828AM2","Note","2-Year","10/23/2002","10/31/2002","10/31/2004","99.971","No","","","No","2.125%","10/31/2002","$27,000,000,000","No","No","$32,434,883,000"
"912795LL3","Bill","4-Week","10/22/2002","10/24/2002","11/21/2002","99.870","No","","","No","","10/24/2002","$18,000,000,000","Yes","No","$18,836,398,000"
"912795LV1","Bill","13-Week","10/21/2002","10/24/2002","01/23/2003","99.579","No","","","No","","10/24/2002","$18,000,000,000","Yes","No","$24,195,831,000"
"912795MJ7","Bill","26-Week","10/21/2002","10/24/2002","04/24/2003","99.158","No","","","No","","10/24/2002","$16,000,000,000","No","No","$21,596,496,000"
"912795LK5","Bill","4-Week","10/16/2002","10/17/2002","11/14/2002","99.873","No","","","No","","10/17/2002","$14,000,000,000","Yes","No","$15,405,921,000"
"912795LU3","Bill","13-Week","10/15/2002","10/17/2002","01/16/2003","99.588","No","","","No","","10/17/2002","$17,000,000,000","Yes","No","$22,453,766,000"
"912795MH1","Bill","26-Week","10/15/2002","10/17/2002","04/17/2003","99.176","No","","","No","","10/17/2002","$15,000,000,000","No","No","$20,299,922,000"
"912828AF7","Note","9-Year 9-Month","10/09/2002","10/15/2002","07/15/2012","106.777","No","","","No","3.000%","","$7,000,000,000","Yes","Yes","$7,000,047,000"
"912795LJ8","Bill","4-Week","10/08/2002","10/10/2002","11/07/2002","99.876","No","","","No","","10/10/2002","$14,000,000,000","Yes","No","$16,154,094,000"
"912795LT6","Bill","13-Week","10/07/2002","10/10/2002","01/09/2003","99.599","No","","","No","","10/10/2002","$16,000,000,000","Yes","No","$21,099,596,000"
"912795MG3","Bill","26-Week","10/07/2002","10/10/2002","04/10/2003","99.227","No","","","No","","10/10/2002","$14,000,000,000","No","No","$19,138,857,000"
"912795LH2","Bill","4-Week","10/01/2002","10/03/2002","10/31/2002","99.876","No","","","No","","10/03/2002","$16,000,000,000","Yes","No","$17,839,227,000"
"912795LS8","Bill","13-Week","09/30/2002","10/03/2002","01/02/2003","99.611","No","","","No","","10/03/2002","$16,000,000,000","Yes","No","$21,883,344,000"
"912795MF5","Bill","26-Week","09/30/2002","10/03/2002","04/03/2003","99.254","No","","","No","","10/03/2002","$14,000,000,000","No","No","$19,200,833,000"
"912828AL4","Note","2-Year","09/25/2002","09/30/2002","09/30/2004","99.834","No","","","No","1.875%","09/30/2002","$27,000,000,000","No","No","$34,652,350,000"
"912795LG4","Bill","4-Week","09/24/2002","09/26/2002","10/24/2002","99.874","No","","","No","","09/26/2002","$18,000,000,000","Yes","No","$21,075,649,000"
"912795LR0","Bill","13-Week","09/23/2002","09/26/2002","12/26/2002","99.593","No","","","No","","09/26/2002","$16,000,000,000","Yes","No","$21,536,414,000"
"912795ME8","Bill","26-Week","09/23/2002","09/26/2002","03/27/2003","99.201","No","","","No","","09/26/2002","$13,000,000,000","No","No","$18,018,844,000"
"912795LF6","Bill","4-Week","09/17/2002","09/19/2002","10/17/2002","99.871","No","","","No","","09/19/2002","$18,000,000,000","Yes","No","$20,774,055,000"
"912795LQ2","Bill","13-Week","09/16/2002","09/19/2002","12/19/2002","99.580","No","","","No","","09/19/2002","$16,000,000,000","Yes","No","$22,063,960,000"
"912795MD0","Bill","26-Week","09/16/2002","09/19/2002","03/20/2003","99.171","No","","","No","","09/19/2002","$13,000,000,000","No","No","$17,912,098,000"
"912795LE9","Bill","4-Week","09/10/2002","09/12/2002","10/10/2002","99.869","No","","","No","","09/12/2002","$18,000,000,000","Yes","No","$20,850,126,000"
"912795MV0","Bill","5-Day","09/10/2002","09/11/2002","09/16/2002","99.976","Yes","","","No","","","$9,000,000,000","No","No","$9,000,100,000"
"912795LP4","Bill","13-Week","09/09/2002","09/12/2002","12/12/2002","99.584","No","","","No","","09/12/2002","$16,000,000,000","Yes","No","$21,185,446,000"
"912795MC2","Bill","26-Week","09/09/2002","09/12/2002","03/13/2003","99.173","No","","","No","","09/12/2002","$13,000,000,000","No","No","$17,898,789,000"
"912795LD1","Bill","4-Week","09/04/2002","09/05/2002","10/03/2002","99.871","No","","","No","","09/05/2002","$22,000,000,000","Yes","No","$23,739,227,000"
"912795LN9","Bill","13-Week","09/03/2002","09/05/2002","12/05/2002","99.593","No","","","No","","09/05/2002","$15,000,000,000","Yes","No","$20,793,029,000"
"912795MB4","Bill","26-Week","09/03/2002","09/05/2002","03/06/2003","99.201","No","","","No","","09/05/2002","$14,000,000,000","No","No","$19,468,857,000"
"912828AK6","Note","2-Year","08/28/2002","09/03/2002","08/31/2004","99.816","No","","","No","2.125%","08/31/2002","$27,000,000,000","No","No","$34,536,730,000"
"912795LC3","Bill","4-Week","08/27/2002","08/29/2002","09/26/2002","99.869","No","","","No","","08/29/2002","$25,000,000,000","Yes","No","$27,375,152,000"
"912795LM1","Bill","13-Week","08/26/2002","08/29/2002","11/29/2002","99.583","No","","","No","","08/29/2002","$15,000,000,000","Yes","No","$20,755,424,000"
"912795MA6","Bill","26-Week","08/26/2002","08/29/2002","02/27/2003","99.173","No","","","No","","08/29/2002","$14,000,000,000","No","No","$19,490,987,000"
"912795LB5","Bill","4-Week","08/20/2002","08/22/2002","09/19/2002","99.871","No","","","No","","08/22/2002","$26,000,000,000","Yes","No","$28,308,093,000"
"912795LL3","Bill","13-Week","08/19/2002","08/22/2002","11/21/2002","99.588","No","","","No","","08/22/2002","$15,000,000,000","Yes","No","$20,088,451,000"
"912795LZ2","Bill","26-Week","08/19/2002","08/22/2002","02/20/2003","99.176","No","","","No","","08/22/2002","$14,000,000,000","No","No","$19,500,644,000"
"912795LA7","Bill","4-Week","08/13/2002","08/15/2002","09/12/2002","99.870","No","","","No","","08/15/2002","$26,000,000,000","Yes","No","$27,024,243,000"
"912795LK5","Bill","13-Week","08/12/2002","08/15/2002","11/14/2002","99.588","No","","","No","","08/15/2002","$16,000,000,000","Yes","No","$21,868,503,000"
"912795LY5","Bill","26-Week","08/12/2002","08/15/2002","02/13/2003","99.196","No","","","No","","08/15/2002","$15,000,000,000","No","No","$20,649,004,000"
"912828AJ9","Note","10-Year","08/07/2002","08/15/2002","08/15/2012","99.880","No","","","No","4.375%","08/15/2002","$18,000,000,000","No","No","$19,644,624,000"
"912828AH3","Note","5-Year","08/06/2002","08/15/2002","08/15/2007","99.552","No","","","No","3.250%","08/15/2002","$22,000,000,000","No","No","$25,395,876,000"
"912795KZ3","Bill","4-Week","08/06/2002","08/08/2002","09/05/2002","99.870","No","","","No","","08/08/2002","$22,000,000,000","Yes","No","$23,446,800,000"
"912795LJ8","Bill","13-Week","08/05/2002","08/08/2002","11/07/2002","99.596","No","","","No","","08/08/2002","$16,000,000,000","Yes","No","$20,543,462,000"
"912795LX7","Bill","26-Week","08/05/2002","08/08/2002","02/06/2003","99.214","No","","","No","","08/08/2002","$16,000,000,000","No","No","$21,872,990,000"
"912795KY6","Bill","4-Week","07/30/2002","08/01/2002","08/29/2002","99.868","No","","","No","","08/01/2002","$20,000,000,000","Yes","No","$20,874,819,000"
"912795LH2","Bill","13-Week","07/29/2002","08/01/2002","10/31/2002","99.575","No","","","No","","08/01/2002","$16,000,000,000","Yes","No","$21,322,089,000"
"912795LW9","Bill","26-Week","07/29/2002","08/01/2002","01/30/2003","99.146","No","","","No","","08/01/2002","$16,000,000,000","No","No","$21,965,174,000"
"912828AG5","Note","2-Year","07/24/2002","07/31/2002","07/31/2004","99.961","No","","","No","2.250%","07/31/2002","$27,000,000,000","No","No","$33,236,962,000"
"912795KX8","Bill","4-Week","07/23/2002","07/25/2002","08/22/2002","99.868","No","","","No","","07/25/2002","$20,000,000,000","Yes","No","$20,784,260,000"
"912795LG4","Bill","13-Week","07/22/2002","07/25/2002","10/24/2002","99.580","No","","","No","","07/25/2002","$16,000,000,000","Yes","No","$20,821,193,000"
"912795LV1","Bill","26-Week","07/22/2002","07/25/2002","01/23/2003","99.153","No","","","No","","07/25/2002","$16,000,000,000","No","No","$21,613,937,000"
"912795KW0","Bill","4-Week","07/16/2002","07/18/2002","08/15/2002","99.868","No","","","No","","07/18/2002","$20,000,000,000","Yes","No","$20,660,985,000"
"912795LF6","Bill","13-Week","07/15/2002","07/18/2002","10/17/2002","99.575","No","","","No","","07/18/2002","$17,000,000,000","Yes","No","$21,663,532,000"
"912795LU3","Bill","26-Week","07/15/2002","07/18/2002","01/16/2003","99.153","No","","","No","","07/18/2002","$16,000,000,000","No","No","$21,492,380,000"
"912828AF7","Note","10-Year","07/10/2002","07/15/2002","07/15/2012","99.154","No","","","No","3.000%","07/15/2002","$9,000,000,000","No","Yes","$10,010,395,000"
"912795KV2","Bill","4-Week","07/09/2002","07/11/2002","08/08/2002","99.868","No","","","No","","07/11/2002","$20,000,000,000","Yes","No","$20,097,930,000"
"912795LE9","Bill","13-Week","07/08/2002","07/11/2002","10/10/2002","99.572","No","","","No","","07/11/2002","$17,000,000,000","Yes","No","$22,603,327,000"
"912795LT6","Bill","26-Week","07/08/2002","07/11/2002","01/09/2003","99.123","No","","","No","","07/11/2002","$15,000,000,000","No","No","$20,324,516,000"
"912795KU4","Bill","4-Week","07/02/2002","07/05/2002","08/01/2002","99.873","No","","","No","","07/05/2002","$18,000,000,000","Yes","No","$18,894,957,000"
"912795LD1","Bill","13-Week","07/01/2002","07/05/2002","10/03/2002","99.578","No","","","No","","07/05/2002","$17,000,000,000","Yes","No","$23,238,812,000"
"912795LS8","Bill","26-Week","07/01/2002","07/05/2002","01/02/2003","99.130","No","","","No","","07/05/2002","$15,000,000,000","No","No","$20,635,460,000"
"912828AE0","Note","2-Year","06/28/2002","07/01/2002","06/30/2004","99.817","No","","","No","2.875%","06/30/2002","$27,000,000,000","No","No","$34,046,543,000"
"912795KT7","Bill","4-Week","06/25/2002","06/27/2002","07/25/2002","99.868","No","","","No","","06/27/2002","$16,000,000,000","Yes","No","$17,126,439,000"
"912795LC3","Bill","13-Week","06/24/2002","06/27/2002","09/26/2002","99.575","No","","","No","","06/27/2002","$17,000,000,000","Yes","No","$23,265,073,000"
"912795LR0","Bill","26-Week","06/24/2002","06/27/2002","12/26/2002","99.108","No","","","No","","06/27/2002","$15,000,000,000","No","No","$20,739,293,000"
"912795KS9","Bill","4-Week","06/18/2002","06/20/2002","07/18/2002","99.868","No","","","No","","06/20/2002","$18,000,000,000","Yes","No","$19,665,368,000"
"912795LB5","Bill","13-Week","06/17/2002","06/20/2002","09/19/2002","99.570","No","","","No","","06/20/2002","$17,000,000,000","Yes","No","$22,720,820,000"
"912795LQ2","Bill","26-Week","06/17/2002","06/20/2002","12/19/2002","99.090","No","","","No","","06/20/2002","$15,000,000,000","No","No","$20,650,577,000"
"912795KR1","Bill","4-Week","06/11/2002","06/13/2002","07/11/2002","99.867","No","","","No","","06/13/2002","$18,000,000,000","Yes","No","$19,895,035,000"
"912795MU2","Bill","6-Day","06/11/2002","06/12/2002","06/18/2002","99.971","Yes","","","No","","","$21,000,000,000","No","No","$21,001,330,000"
"912795LA7","Bill","13-Week","06/10/2002","06/13/2002","09/12/2002","99.565","No","","","No","","06/13/2002","$17,000,000,000","Yes","No","$22,600,907,000"
"912795LP4","Bill","26-Week","06/10/2002","06/13/2002","12/12/2002","99.065","No","","","No","","06/13/2002","$15,000,000,000","No","No","$20,623,026,000"
"912795KQ3","Bill","4-Week","06/04/2002","06/06/2002","07/05/2002","99.862","No","","","No","","06/06/2002","$18,000,000,000","Yes","No","$19,732,335,000"
"912795KZ3","Bill","13-Week","06/03/2002","06/06/2002","09/05/2002","99.565","No","","","No","","06/06/2002","$17,000,000,000","Yes","No","$23,330,255,000"
"912795LN9","Bill","26-Week","06/03/2002","06/06/2002","12/05/2002","99.052","No","","","No","","06/06/2002","$15,000,000,000","No","No","$20,667,819,000"
"912795KP5","Bill","9-Day","05/31/2002","06/03/2002","06/12/2002","99.957","Yes","","","No","","","$20,000,000,000","No","No","$20,000,192,000"
"912828AD2","Note","2-Year","05/29/2002","05/31/2002","05/31/2004","99.954","No","","","No","3.250%","05/31/2002","$27,000,000,000","No","No","$33,298,408,000"
"912795KA8","Bill","4-Week","05/29/2002","05/30/2002","06/27/2002","99.869","No","","","No","","05/30/2002","$16,000,000,000","Yes","No","$18,384,690,000"
"912795KY6","Bill","13-Week","05/28/2002","05/30/2002","08/29/2002","99.563","No","","","No","","05/30/2002","$17,000,000,000","Yes","No","$23,441,132,000"
"912795LM1","Bill","26-Week","05/28/2002","05/30/2002","11/29/2002","99.039","No","","","No","","05/30/2002","$15,000,000,000","No","No","$21,014,267,000"
"912795JZ5","Bill","4-Week","05/21/2002","05/23/2002","06/20/2002","99.869","No","","","No","","05/23/2002","$18,000,000,000","Yes","No","$20,458,880,000"
"912795KX8","Bill","13-Week","05/20/2002","05/23/2002","08/22/2002","99.563","No","","","No","","05/23/2002","$17,000,000,000","Yes","No","$23,913,118,000"
"912795LL3","Bill","26-Week","05/20/2002","05/23/2002","11/21/2002","99.039","No","","","No","","05/23/2002","$15,000,000,000","No","No","$20,846,098,000"
"912795JY8","Bill","4-Week","05/14/2002","05/16/2002","06/13/2002","99.864","No","","","No","","05/16/2002","$25,000,000,000","Yes","No","$27,534,298,000"
"912795KW0","Bill","13-Week","05/13/2002","05/16/2002","08/15/2002","99.558","No","","","No","","05/16/2002","$17,000,000,000","Yes","No","$23,299,522,000"
"912795LK5","Bill","26-Week","05/13/2002","05/16/2002","11/14/2002","99.055","No","","","No","","05/16/2002","$15,000,000,000","No","No","$20,668,140,000"
"912795KN0","Bill","7-Day","05/09/2002","05/10/2002","05/17/2002","99.966","Yes","","","No","","","$12,000,000,000","No","No","$12,000,090,000"
"9128277L0","Note","9-Year 9-Month","05/08/2002","05/15/2002","02/15/2012","97.746","No","","","No","4.875%","05/15/2002","$11,000,000,000","Yes","No","$11,391,634,000"
"912828AC4","Note","5-Year","05/07/2002","05/15/2002","05/15/2007","99.556","No","","","No","4.375%","05/15/2002","$22,000,000,000","No","No","$24,340,976,000"
"912795JX0","Bill","4-Week","05/07/2002","05/09/2002","06/06/2002","99.866","No","","","No","","05/09/2002","$20,000,000,000","Yes","No","$22,893,285,000"
"912795KV2","Bill","13-Week","05/06/2002","05/09/2002","08/08/2002","99.560","No","","","No","","05/09/2002","$15,000,000,000","Yes","No","$20,197,723,000"
"912795LJ8","Bill","26-Week","05/06/2002","05/09/2002","11/07/2002","99.065","No","","","No","","05/09/2002","$15,000,000,000","No","No","$20,759,834,000"
"912795JW2","Bill","4-Week","04/30/2002","05/02/2002","05/30/2002","99.865","No","","","No","","05/02/2002","$16,000,000,000","Yes","No","$17,818,739,000"
"912795KU4","Bill","13-Week","04/29/2002","05/02/2002","08/01/2002","99.563","No","","","No","","05/02/2002","$13,000,000,000","Yes","No","$18,501,754,000"
"912795LH2","Bill","26-Week","04/29/2002","05/02/2002","10/31/2002","99.050","No","","","No","","05/02/2002","$13,000,000,000","No","No","$18,249,743,000"
"912828AB6","Note","2-Year","04/24/2002","04/30/2002","04/30/2004","100.000","No","","","No","3.375%","04/30/2002","$25,000,000,000","No","No","$32,648,157,000"
"912795JV4","Bill","4-Week","04/23/2002","04/25/2002","05/23/2002","99.872","No","","","No","","04/25/2002","$9,000,000,000","Yes","No","$12,822,927,000"
"912795KT7","Bill","13-Week","04/22/2002","04/25/2002","07/25/2002","99.573","No","","","No","","04/25/2002","$11,000,000,000","Yes","No","$15,734,120,000"
"912795LG4","Bill","26-Week","04/22/2002","04/25/2002","10/24/2002","99.050","No","","","No","","04/25/2002","$11,000,000,000","No","No","$15,430,445,000"
"912795JU6","Bill","4-Week","04/16/2002","04/18/2002","05/16/2002","99.869","No","","","No","","04/18/2002","$14,000,000,000","Yes","No","$16,810,459,000"
"912795KS9","Bill","13-Week","04/15/2002","04/18/2002","07/18/2002","99.575","No","","","No","","04/18/2002","$10,000,000,000","Yes","No","$14,219,741,000"
"912795LF6","Bill","26-Week","04/15/2002","04/18/2002","10/17/2002","99.037","No","","","No","","04/18/2002","$10,000,000,000","No","No","$13,898,887,000"
"912795KM2","Bill","4-Day","04/10/2002","04/11/2002","04/15/2002","99.981","Yes","","","No","","","$16,000,000,000","No","No","$16,000,200,000"
"912795JT9","Bill","4-Week","04/09/2002","04/11/2002","05/09/2002","99.869","No","","","No","","04/11/2002","$14,000,000,000","Yes","No","$16,839,186,000"
"912795KR1","Bill","13-Week","04/08/2002","04/11/2002","07/11/2002","99.568","No","","","No","","04/11/2002","$10,000,000,000","Yes","No","$13,642,415,000"
"912795LE9","Bill","26-Week","04/08/2002","04/11/2002","10/10/2002","99.002","No","","","No","","04/11/2002","$10,000,000,000","No","No","$13,821,556,000"
"912795KL4","Bill","12-Day","04/03/2002","04/04/2002","04/16/2002","99.941","Yes","","","No","","","$23,000,000,000","No","No","$23,000,440,000"
"912795JS1","Bill","4-Week","04/02/2002","04/04/2002","05/02/2002","99.864","No","","","No","","04/04/2002","$19,000,000,000","Yes","No","$21,051,487,000"
"912795KK6","Bill","19-Day","04/02/2002","04/03/2002","04/22/2002","99.906","Yes","","","No","","","$23,000,000,000","No","No","$23,000,410,000"
"912795KQ3","Bill","13-Week","04/01/2002","04/04/2002","07/05/2002","99.543","No","","","No","","04/04/2002","$11,000,000,000","Yes","No","$16,086,236,000"
"912795LD1","Bill","26-Week","04/01/2002","04/04/2002","10/03/2002","98.933","No","","","No","","04/04/2002","$11,000,000,000","No","No","$15,020,461,000"
"912828AA8","Note","2-Year","03/27/2002","04/01/2002","03/31/2004","99.847","No","","","No","3.625%","03/31/2002","$25,000,000,000","No","No","$32,873,496,000"
"912795JR3","Bill","4-Week","03/26/2002","03/28/2002","04/25/2002","99.862","No","","","No","","03/28/2002","$19,000,000,000","Yes","No","$22,308,571,000"
"912795KA8","Bill","13-Week","03/25/2002","03/28/2002","06/27/2002","99.540","No","","","No","","03/28/2002","$12,000,000,000","Yes","No","$17,150,774,000"
"912795LC3","Bill","26-Week","03/25/2002","03/28/2002","09/26/2002","98.933","No","","","No","","03/28/2002","$12,000,000,000","No","No","$16,737,094,000"
"912795JQ5","Bill","4-Week","03/19/2002","03/21/2002","04/18/2002","99.862","No","","","No","","03/21/2002","$19,000,000,000","Yes","No","$20,669,090,000"
"912795JZ5","Bill","13-Week","03/18/2002","03/21/2002","06/20/2002","99.535","No","","","No","","03/21/2002","$13,000,000,000","Yes","No","$17,834,836,000"
"912795LB5","Bill","26-Week","03/18/2002","03/21/2002","09/19/2002","98.954","No","","","No","","03/21/2002","$13,000,000,000","No","No","$17,714,705,000"
"912795JP7","Bill","4-Week","03/12/2002","03/14/2002","04/11/2002","99.862","No","","","No","","03/14/2002","$23,000,000,000","Yes","No","$25,100,182,000"
"912795JY8","Bill","13-Week","03/11/2002","03/14/2002","06/13/2002","99.539","No","","","No","","03/14/2002","$13,000,000,000","Yes","No","$17,770,804,000"
"912795LA7","Bill","26-Week","03/11/2002","03/14/2002","09/12/2002","98.979","No","","","No","","03/14/2002","$13,000,000,000","No","No","$17,660,936,000"
"912795JN2","Bill","4-Week","03/05/2002","03/07/2002","04/04/2002","99.864","No","","","No","","03/07/2002","$21,000,000,000","Yes","No","$23,748,920,000"
"912795JX0","Bill","13-Week","03/04/2002","03/07/2002","06/06/2002","99.555","No","","","No","","03/07/2002","$14,000,000,000","Yes","No","$19,149,418,000"
"912795KZ3","Bill","26-Week","03/04/2002","03/07/2002","09/05/2002","99.045","No","","","No","","03/07/2002","$13,000,000,000","No","No","$17,640,720,000"
"9128277M8","Note","2-Year","02/27/2002","02/28/2002","02/29/2004","99.886","No","","","No","3.000%","02/28/2002","$25,000,000,000","No","No","$31,734,810,000"
"912795JM4","Bill","4-Week","02/26/2002","02/28/2002","03/28/2002","99.864","No","","","No","","02/28/2002","$23,000,000,000","Yes","No","$26,880,113,000"
"912795JW2","Bill","13-Week","02/25/2002","02/28/2002","05/30/2002","99.561","No","","","No","","02/28/2002","$15,000,000,000","Yes","No","$21,754,525,000"
"912795KY6","Bill","26-Week","02/25/2002","02/28/2002","08/29/2002","99.065","No","","","No","","02/28/2002","$14,000,000,000","No","No","$19,810,390,000"
"912795JL6","Bill","4-Week","02/20/2002","02/21/2002","03/21/2002","99.866","No","","","No","","02/21/2002","$23,000,000,000","Yes","No","$25,135,570,000"
"912795JV4","Bill","13-Week","02/19/2002","02/21/2002","05/23/2002","99.563","No","","","No","","02/21/2002","$16,000,000,000","Yes","No","$21,772,282,000"
"912795KX8","Bill","26-Week","02/19/2002","02/21/2002","08/22/2002","99.075","No","","","No","","02/21/2002","$14,000,000,000","No","No","$18,950,615,000"
"912795JK8","Bill","4-Week","02/12/2002","02/14/2002","03/14/2002","99.866","No","","","No","","02/14/2002","$18,000,000,000","Yes","No","$20,221,039,000"
"912795JU6","Bill","13-Week","02/11/2002","02/14/2002","05/16/2002","99.566","No","","","No","","02/14/2002","$16,000,000,000","Yes","No","$21,446,283,000"
"912795KW0","Bill","26-Week","02/11/2002","02/14/2002","08/15/2002","99.085","No","","","No","","02/14/2002","$14,000,000,000","No","No","$19,110,084,000"
"9128277L0","Note","10-Year","02/06/2002","02/15/2002","02/15/2012","99.961","No","","","No","4.875%","02/15/2002","$13,000,000,000","No","No","$13,752,839,000"
"9128277F3","Note","4-Year 9-Month","02/05/2002","02/15/2002","11/15/2006","96.780","No","","","No","3.500%","02/15/2002","$16,000,000,000","Yes","No","$16,944,334,000"
"912795JJ1","Bill","4-Week","02/05/2002","02/07/2002","03/07/2002","99.868","No","","","No","","02/07/2002","$14,000,000,000","Yes","No","$16,523,773,000"
"912795JT9","Bill","13-Week","02/04/2002","02/07/2002","05/09/2002","99.561","No","","","No","","02/07/2002","$16,000,000,000","Yes","No","$20,964,622,000"
"912795KV2","Bill","26-Week","02/04/2002","02/07/2002","08/08/2002","99.075","No","","","No","","02/07/2002","$14,000,000,000","No","No","$19,052,666,000"
"912795HJ3","Bill","4-Week","01/29/2002","01/31/2002","02/28/2002","99.869","No","","","No","","01/31/2002","$10,000,000,000","Yes","No","$11,667,128,000"
"912795JS1","Bill","13-Week","01/28/2002","01/31/2002","05/02/2002","99.566","No","","","No","","01/31/2002","$15,000,000,000","Yes","No","$20,010,388,000"
"912795KU4","Bill","26-Week","01/28/2002","01/31/2002","08/01/2002","99.075","No","","","No","","01/31/2002","$14,000,000,000","No","No","$19,131,976,000"
"9128277K2","Note","2-Year","01/23/2002","01/31/2002","01/31/2004","99.925","No","","","No","3.000%","01/31/2002","$25,000,000,000","No","No","$30,766,423,000"
"912795JH5","Bill","4-Week","01/23/2002","01/24/2002","02/21/2002","99.871","No","","","No","","01/24/2002","$6,000,000,000","Yes","No","$8,537,829,000"
"912795JR3","Bill","13-Week","01/22/2002","01/24/2002","04/25/2002","99.578","No","","","No","","01/24/2002","$14,000,000,000","Yes","No","$18,820,302,000"
"912795KT7","Bill","26-Week","01/22/2002","01/24/2002","07/25/2002","99.123","No","","","No","","01/24/2002","$13,000,000,000","No","No","$17,673,112,000"
"912795JG7","Bill","4-Week","01/15/2002","01/17/2002","02/14/2002","99.875","No","","","No","","01/17/2002","$6,000,000,000","Yes","No","$8,526,726,000"
"912795JQ5","Bill","13-Week","01/14/2002","01/17/2002","04/18/2002","99.613","No","","","No","","01/17/2002","$13,000,000,000","Yes","No","$16,830,254,000"
"912795KS9","Bill","26-Week","01/14/2002","01/17/2002","07/18/2002","99.201","No","","","No","","01/17/2002","$13,000,000,000","No","No","$17,639,427,000"
"9128277J5","Note","10-Year","01/09/2002","01/15/2002","01/15/2012","99.120","No","","","No","3.375%","","$6,000,000,000","No","Yes","$6,000,004,000"
"912795JF9","Bill","4-Week","01/08/2002","01/10/2002","02/07/2002","99.871","No","","","No","","01/10/2002","$6,000,000,000","Yes","No","$7,802,771,000"
"912795JP7","Bill","13-Week","01/07/2002","01/10/2002","04/11/2002","99.582","No","","","No","","01/10/2002","$12,000,000,000","Yes","No","$15,550,229,000"
"912795KR1","Bill","26-Week","01/07/2002","01/10/2002","07/11/2002","99.115","No","","","No","","01/10/2002","$14,000,000,000","No","No","$18,887,684,000"
"912795JE2","Bill","4-Week","01/02/2002","01/03/2002","01/31/2002","99.868","No","","","No","","01/03/2002","$7,000,000,000","Yes","No","$8,574,472,000"
"912795JN2","Bill","13-Week","12/31/2001","01/03/2002","04/04/2002","99.568","No","","","No","","01/03/2002","$13,000,000,000","Yes","No","$16,786,735,000"
"912795KQ3","Bill","26-Week","12/31/2001","01/03/2002","07/05/2002","99.085","No","","","No","","01/03/2002","$15,000,000,000","No","No","$20,083,811,000"
"9128277H9","Note","2-Year","12/27/2001","12/31/2001","12/31/2003","99.904","No","","","No","3.250%","12/31/2001","$23,000,000,000","No","No","$29,666,268,000"
"912795JD4","Bill","4-Week","12/26/2001","12/27/2001","01/24/2002","99.864","No","","","No","","12/27/2001","$10,000,000,000","Yes","No","$11,753,156,000"
"912795JM4","Bill","13-Week","12/26/2001","12/27/2001","03/28/2002","99.565","No","","","No","","12/27/2001","$14,000,000,000","Yes","No","$18,599,564,000"
"912795KA8","Bill","26-Week","12/26/2001","12/27/2001","06/27/2002","99.065","No","","","No","","12/27/2001","$15,000,000,000","No","No","$20,340,767,000"
"912795JC6","Bill","4-Week","12/18/2001","12/20/2001","01/17/2002","99.868","No","","","No","","12/20/2001","$12,000,000,000","Yes","No","$13,129,789,000"
"912795JL6","Bill","13-Week","12/17/2001","12/20/2001","03/21/2002","99.563","No","","","No","","12/20/2001","$14,000,000,000","Yes","No","$18,288,091,000"
"912795JZ5","Bill","26-Week","12/17/2001","12/20/2001","06/20/2002","99.070","No","","","No","","12/20/2001","$15,000,000,000","No","No","$20,183,422,000"
"912795JB8","Bill","4-Week","12/11/2001","12/13/2001","01/10/2002","99.870","No","","","No","","12/13/2001","$15,000,000,000","Yes","No","$15,762,603,000"
"912795JK8","Bill","13-Week","12/10/2001","12/13/2001","03/14/2002","99.577","No","","","No","","12/13/2001","$14,000,000,000","Yes","No","$18,370,889,000"
"912795JY8","Bill","26-Week","12/10/2001","12/13/2001","06/13/2002","99.108","No","","","No","","12/13/2001","$16,000,000,000","No","No","$21,512,420,000"
"912795JA0","Bill","4-Week","12/04/2001","12/06/2001","01/03/2002","99.862","No","","","No","","12/06/2001","$19,000,000,000","Yes","No","$19,777,827,000"
"912795JJ1","Bill","13-Week","12/03/2001","12/06/2001","03/07/2002","99.561","No","","","No","","12/06/2001","$16,000,000,000","Yes","No","$20,615,625,000"
"912795JX0","Bill","26-Week","12/03/2001","12/06/2001","06/06/2002","99.108","No","","","No","","12/06/2001","$16,000,000,000","No","No","$21,437,905,000"
"9128277G1","Note","2-Year","11/28/2001","11/30/2001","11/30/2003","99.985","No","","","No","3.000%","11/30/2001","$21,000,000,000","No","No","$26,167,440,000"
"912795HZ7","Bill","4-Week","11/27/2001","11/29/2001","12/27/2001","99.845","No","","","No","","11/29/2001","$20,000,000,000","Yes","No","$21,376,984,000"
"912795HJ3","Bill","13-Week","11/26/2001","11/29/2001","02/28/2002","99.515","No","","","No","","11/29/2001","$16,000,000,000","Yes","No","$22,914,836,000"
"912795JW2","Bill","26-Week","11/26/2001","11/29/2001","05/30/2002","98.994","No","","","No","","11/29/2001","$16,000,000,000","No","No","$22,011,599,000"
"912795HY0","Bill","4-Week","11/20/2001","11/23/2001","12/20/2001","99.850","No","","","No","","11/23/2001","$23,000,000,000","Yes","No","$23,753,941,000"
"912795JH5","Bill","13-Week","11/19/2001","11/23/2001","02/21/2002","99.525","No","","","No","","11/23/2001","$16,000,000,000","Yes","No","$20,862,532,000"
"912795JV4","Bill","26-Week","11/19/2001","11/23/2001","05/23/2002","99.015","No","","","No","","11/23/2001","$16,000,000,000","No","No","$21,403,776,000"
"912795HX2","Bill","4-Week","11/14/2001","11/15/2001","12/13/2001","99.847","No","","","No","","11/15/2001","$19,000,000,000","Yes","No","$19,977,497,000"
"912795JG7","Bill","13-Week","11/13/2001","11/15/2001","02/14/2002","99.541","No","","","No","","11/15/2001","$16,000,000,000","Yes","No","$20,837,696,000"
"912795JU6","Bill","26-Week","11/13/2001","11/15/2001","05/16/2002","99.080","No","","","No","","11/15/2001","$16,000,000,000","No","No","$21,431,506,000"
"9128277B2","Note","9-Year 9-Month","11/07/2001","11/15/2001","08/15/2011","106.170","No","","","No","5.000%","11/15/2001","$7,000,000,000","Yes","No","$8,591,710,000"
"9128277F3","Note","5-Year","11/06/2001","11/15/2001","11/15/2006","99.469","No","","","No","3.500%","11/15/2001","$16,000,000,000","No","No","$18,799,456,000"
"912795GU9","Bill","4-Week","11/06/2001","11/08/2001","12/06/2001","99.834","No","","","No","","11/08/2001","$16,000,000,000","Yes","No","$16,972,737,000"
"912795JF9","Bill","13-Week","11/05/2001","11/08/2001","02/07/2002","99.501","No","","","No","","11/08/2001","$16,000,000,000","Yes","No","$21,108,425,000"
"912795JT9","Bill","26-Week","11/05/2001","11/08/2001","05/09/2002","99.029","No","","","No","","11/08/2001","$15,000,000,000","No","No","$20,366,688,000"
"912795HM6","Bill","4-Week","10/30/2001","11/01/2001","11/29/2001","99.834","No","","","No","","11/01/2001","$12,000,000,000","Yes","No","$12,996,320,000"
"912795JE2","Bill","13-Week","10/29/2001","11/01/2001","01/31/2002","99.482","No","","","No","","11/01/2001","$15,000,000,000","Yes","No","$20,384,528,000"
"912795JS1","Bill","26-Week","10/29/2001","11/01/2001","05/02/2002","98.986","No","","","No","","11/01/2001","$14,000,000,000","No","No","$18,894,831,000"
"9128277E6","Note","2-Year","10/24/2001","10/31/2001","10/31/2003","99.961","No","","","No","2.750%","10/31/2001","$19,000,000,000","No","No","$25,142,691,000"
"912795HW4","Bill","4-Week","10/23/2001","10/25/2001","11/23/2001","99.816","No","","","No","","10/25/2001","$8,000,000,000","Yes","No","$10,022,340,000"
"912795JD4","Bill","13-Week","10/22/2001","10/25/2001","01/24/2002","99.451","No","","","No","","10/25/2001","$14,000,000,000","Yes","No","$18,482,930,000"
"912795JR3","Bill","26-Week","10/22/2001","10/25/2001","04/25/2002","98.923","No","","","No","","10/25/2001","$13,000,000,000","No","No","$17,750,571,000"
"912795HV6","Bill","4-Week","10/16/2001","10/18/2001","11/15/2001","99.823","No","","","No","","10/18/2001","$6,000,000,000","Yes","No","$8,406,365,000"
"912795JC6","Bill","13-Week","10/15/2001","10/18/2001","01/17/2002","99.444","No","","","No","","10/18/2001","$13,000,000,000","Yes","No","$17,313,705,000"
"912795JQ5","Bill","26-Week","10/15/2001","10/18/2001","04/18/2002","98.908","No","","","No","","10/18/2001","$12,000,000,000","No","No","$16,559,320,000"
"912810FQ6","Bond","30-Year 6-Month","10/10/2001","10/15/2001","04/15/2032","98.314","No","","","No","3.375%","","$5,000,000,000","No","Yes","$5,000,011,000"
"912795GT2","Bill","4-Week","10/10/2001","10/11/2001","11/08/2001","99.825","No","","","No","","","$6,000,000,000","Yes","No","$7,359,302,000"
"912795JB8","Bill","13-Week","10/09/2001","10/11/2001","01/10/2002","99.449","No","","","No","","10/11/2001","$12,000,000,000","Yes","No","$16,122,260,000"
"912795JP7","Bill","26-Week","10/09/2001","10/11/2001","04/11/2002","98.913","No","","","No","","10/11/2001","$11,000,000,000","No","No","$15,280,507,000"
"9128277B2","Note","9-Year 10-Month","10/04/2001","10/05/2001","08/15/2011","103.783","No","","","No","5.000%","","$6,000,000,000","Yes","No","$6,000,038,000"
"912795HU8","Bill","4-Week","10/02/2001","10/04/2001","11/01/2001","99.823","No","","","No","","10/04/2001","$8,000,000,000","Yes","No","$11,361,665,000"
"912795JA0","Bill","13-Week","10/01/2001","10/04/2001","01/03/2002","99.414","No","","","No","","10/04/2001","$13,000,000,000","Yes","No","$17,312,009,000"
"912795JN2","Bill","26-Week","10/01/2001","10/04/2001","04/04/2002","98.825","No","","","No","","10/04/2001","$11,000,000,000","No","No","$15,162,389,000"
"9128277D8","Note","2-Year","09/26/2001","10/01/2001","09/30/2003","99.770","No","","","No","2.750%","09/30/2001","$17,000,000,000","No","No","$22,666,754,000"
"912795HT1","Bill","4-Week","09/25/2001","09/27/2001","10/25/2001","99.809","No","","","No","","09/27/2001","$10,000,000,000","Yes","No","$12,077,297,000"
"912795HZ7","Bill","13-Week","09/24/2001","09/27/2001","12/27/2001","99.398","No","","","No","","09/27/2001","$14,000,000,000","Yes","No","$18,546,073,000"
"912795JM4","Bill","26-Week","09/24/2001","09/27/2001","03/28/2002","98.807","No","","","No","","09/27/2001","$12,000,000,000","No","No","$16,509,517,000"
"912795HS3","Bill","4-Week","09/18/2001","09/20/2001","10/18/2001","99.825","No","","","No","","09/20/2001","$12,000,000,000","Yes","No","$13,730,508,000"
"912795HY0","Bill","13-Week","09/17/2001","09/20/2001","12/20/2001","99.353","No","","","No","","09/20/2001","$14,000,000,000","Yes","No","$18,321,527,000"
"912795JL6","Bill","26-Week","09/17/2001","09/20/2001","03/21/2002","98.701","No","","","No","","09/20/2001","$12,000,000,000","No","No","$16,523,408,000"
"912795GS4","Bill","4-Week","09/11/2001","09/13/2001","10/11/2001","","No","","","No","","09/13/2001","$10,000,000,000","Yes","No",""
"912795HX2","Bill","13-Week","09/10/2001","09/13/2001","12/13/2001","99.196","No","","","No","","09/13/2001","$14,000,000,000","Yes","No","$18,399,522,000"
"912795JK8","Bill","26-Week","09/10/2001","09/13/2001","03/14/2002","98.423","No","","","No","","09/13/2001","$12,000,000,000","No","No","$16,526,938,000"
"912795HR5","Bill","4-Week","09/05/2001","09/06/2001","10/04/2001","99.733","No","","","No","","09/06/2001","$12,000,000,000","Yes","No","$14,008,473,000"
"912795GU9","Bill","13-Week","09/04/2001","09/06/2001","12/06/2001","99.151","No","","","No","","09/06/2001","$14,000,000,000","Yes","No","$18,483,227,000"
"912795JJ1","Bill","26-Week","09/04/2001","09/06/2001","03/07/2002","98.327","No","","","No","","09/06/2001","$13,000,000,000","No","No","$18,142,782,000"
"9128277C0","Note","2-Year","08/29/2001","08/31/2001","08/31/2003","99.885","No","","","No","3.625%","08/31/2001","$14,000,000,000","No","No","$18,666,698,000"
"912795HQ7","Bill","4-Week","08/28/2001","08/30/2001","09/27/2001","99.730","No","","","No","","08/30/2001","$14,000,000,000","Yes","No","$15,050,890,000"
"912795HM6","Bill","13-Week","08/27/2001","08/30/2001","11/29/2001","99.153","No","","","No","","08/30/2001","$15,000,000,000","Yes","No","$21,852,437,000"
"912795HJ3","Bill","26-Week","08/27/2001","08/30/2001","02/28/2002","98.337","No","","","No","","08/30/2001","$13,000,000,000","Yes","No","$17,942,171,000"
"912795HP9","Bill","4-Week","08/21/2001","08/23/2001","09/20/2001","99.735","No","","","No","","","$13,000,000,000","Yes","No","$14,330,339,000"
"912795HW4","Bill","13-Week","08/20/2001","08/23/2001","11/23/2001","99.149","No","","","No","","08/23/2001","$15,000,000,000","Yes","No","$19,087,680,000"
"912795JH5","Bill","26-Week","08/20/2001","08/23/2001","02/21/2002","98.337","No","","","No","","08/23/2001","$14,000,000,000","No","No","$19,216,599,000"
"912795GR6","Bill","4-Week","08/14/2001","08/16/2001","09/13/2001","99.730","No","","","No","","","$11,000,000,000","Yes","No","$11,916,410,000"
"912795HV6","Bill","13-Week","08/13/2001","08/16/2001","11/15/2001","99.153","No","","","No","","08/16/2001","$15,000,000,000","Yes","No","$19,158,060,000"
"912795JG7","Bill","26-Week","08/13/2001","08/16/2001","02/14/2002","98.352","No","","","No","","08/16/2001","$14,000,000,000","No","No","$19,210,180,000"
"912810FP8","Bond","29-Year 6-Month","08/09/2001","08/15/2001","02/15/2031","97.900","No","","","No","5.375%","08/15/2001","$5,000,000,000","Yes","No","$5,540,257,000"
"9128277B2","Note","10-Year","08/08/2001","08/15/2001","08/15/2011","99.394","No","","","No","5.000%","08/15/2001","$11,000,000,000","No","No","$12,043,085,000"
"9128276X5","Note","4-Year 9-Month","08/07/2001","08/15/2001","05/15/2006","99.797","No","","","No","4.625%","08/15/2001","$11,000,000,000","Yes","No","$11,623,510,000"
"912795HN4","Bill","4-Week","08/07/2001","08/09/2001","09/06/2001","99.723","No","","","No","","","$10,000,000,000","Yes","No","$10,503,650,000"
"912795GT2","Bill","13-Week","08/06/2001","08/09/2001","11/08/2001","99.133","No","","","No","","08/09/2001","$15,000,000,000","Yes","No","$19,650,564,000"
"912795JF9","Bill","26-Week","08/06/2001","08/09/2001","02/07/2002","98.306","No","","","No","","08/09/2001","$14,000,000,000","No","No","$19,539,137,000"
"912795HL8","Bill","4-Week","07/31/2001","08/02/2001","08/30/2001","99.721","No","","","No","","","$10,000,000,000","Yes","No","$12,689,595,000"
"912795HU8","Bill","13-Week","07/30/2001","08/02/2001","11/01/2001","99.120","No","","","No","","08/02/2001","$15,000,000,000","Yes","No","$18,396,938,000"
"912795JE2","Bill","26-Week","07/30/2001","08/02/2001","01/31/2002","98.291","No","","","No","","08/02/2001","$14,000,000,000","No","No","$18,688,955,000"
"9128277A4","Note","2-Year","07/25/2001","07/31/2001","07/31/2003","99.829","No","","","No","3.875%","07/31/2001","$12,000,000,000","No","No","$16,000,048,000"
"912795HT1","Bill","13-Week","07/23/2001","07/26/2001","10/25/2001","99.120","No","","","No","","07/26/2001","$15,000,000,000","Yes","No","$19,868,477,000"
"912795JD4","Bill","26-Week","07/23/2001","07/26/2001","01/24/2002","98.261","No","","","No","","07/26/2001","$14,000,000,000","No","No","$19,579,139,000"
"912795HS3","Bill","13-Week","07/16/2001","07/19/2001","10/18/2001","99.103","No","","","No","","07/19/2001","$15,000,000,000","Yes","No","$20,196,791,000"
"912795JC6","Bill","26-Week","07/16/2001","07/19/2001","01/17/2002","98.236","No","","","No","","07/19/2001","$13,000,000,000","No","No","$18,364,311,000"
"9128276R8","Note","9-Year 6-Month","07/11/2001","07/16/2001","01/15/2011","101.863","No","","","No","3.500%","","$5,000,000,000","Yes","Yes","$5,000,004,000"
"912795GS4","Bill","13-Week","07/09/2001","07/12/2001","10/11/2001","99.100","No","","","No","","07/12/2001","$15,000,000,000","Yes","No","$20,414,194,000"
"912795JB8","Bill","26-Week","07/09/2001","07/12/2001","01/10/2002","98.231","No","","","No","","07/12/2001","$12,000,000,000","No","No","$17,071,010,000"
"912795HR5","Bill","13-Week","07/02/2001","07/05/2001","10/04/2001","99.095","No","","","No","","07/05/2001","$15,000,000,000","Yes","No","$20,429,165,000"
"912795JA0","Bill","26-Week","07/02/2001","07/05/2001","01/03/2002","98.231","No","","","No","","07/05/2001","$12,000,000,000","No","No","$17,079,356,000"
"912795HC8","Bill","9-Day","07/02/2001","07/03/2001","07/12/2001","99.906","Yes","","","No","","","$13,000,000,000","Yes","No","$13,000,103,000"
"9128276Z0","Note","2-Year","06/27/2001","07/02/2001","06/30/2003","99.781","No","","","No","3.875%","06/30/2001","$11,000,000,000","No","No","$14,666,746,000"
"912795HQ7","Bill","13-Week","06/25/2001","06/28/2001","09/27/2001","99.147","No","","","No","","06/28/2001","$15,000,000,000","Yes","No","$20,156,289,000"
"912795HZ7","Bill","26-Week","06/25/2001","06/28/2001","12/27/2001","98.311","No","","","No","","06/28/2001","$12,000,000,000","No","No","$16,895,431,000"
"912795HP9","Bill","13-Week","06/18/2001","06/21/2001","09/20/2001","99.132","No","","","No","","06/21/2001","$14,000,000,000","Yes","No","$18,759,340,000"
"912795HY0","Bill","26-Week","06/18/2001","06/21/2001","12/20/2001","98.291","No","","","No","","06/21/2001","$12,000,000,000","No","No","$16,908,584,000"
"912795GR6","Bill","13-Week","06/11/2001","06/14/2001","09/13/2001","99.113","No","","","No","","06/14/2001","$12,500,000,000","Yes","No","$17,248,500,000"
"912795HX2","Bill","26-Week","06/11/2001","06/14/2001","12/13/2001","98.226","No","","","No","","06/14/2001","$11,500,000,000","No","No","$16,618,747,000"
"912795HN4","Bill","13-Week","06/04/2001","06/07/2001","09/06/2001","99.093","No","","","No","","06/07/2001","$12,500,000,000","Yes","No","$18,137,248,000"
"912795GU9","Bill","26-Week","06/04/2001","06/07/2001","12/06/2001","98.220","No","","","No","","06/07/2001","$10,500,000,000","No","No","$15,640,485,000"
"912795KJ9","Bill","14-Day","05/31/2001","06/01/2001","06/15/2001","99.846","Yes","","","No","","","$35,000,000,000","No","No","$35,000,000,000"
"912795GL9","Bill","14-Day","05/30/2001","05/31/2001","06/14/2001","99.846","Yes","","","No","","","$20,000,000,000","Yes","No","$20,000,740,000"
"9128276Y3","Note","2-Year","05/30/2001","05/31/2001","05/31/2003","99.854","No","","","No","4.250%","05/31/2001","$10,000,000,000","No","No","$13,333,342,000"
"912795HL8","Bill","13-Week","05/29/2001","05/31/2001","08/30/2001","99.089","No","","","No","","05/31/2001","$12,000,000,000","Yes","No","$16,494,858,000"
"912795HM6","Bill","26-Week","05/29/2001","05/31/2001","11/29/2001","98.205","No","","","No","","05/31/2001","$10,000,000,000","Yes","No","$13,848,634,000"
"912795HH7","Bill","13-Week","05/21/2001","05/24/2001","08/23/2001","99.105","No","","","No","","05/24/2001","$11,500,000,000","Yes","No","$16,733,665,000"
"912795HW4","Bill","26-Week","05/21/2001","05/24/2001","11/23/2001","98.150","No","","","No","","05/24/2001","$9,500,000,000","No","No","$14,056,262,000"
"912795GQ8","Bill","13-Week","05/14/2001","05/17/2001","08/16/2001","99.082","No","","","No","","05/17/2001","$11,000,000,000","Yes","No","$16,145,317,000"
"912795HV6","Bill","26-Week","05/14/2001","05/17/2001","11/15/2001","98.160","No","","","No","","05/17/2001","$9,000,000,000","No","No","$13,277,671,000"
"9128276T4","Note","9-Year 9-Month","05/09/2001","05/15/2001","02/15/2011","98.551","No","","","No","5.000%","05/15/2001","$9,000,000,000","Yes","No","$11,457,320,000"
"9128276X5","Note","5-Year","05/08/2001","05/15/2001","05/15/2006","99.845","No","","","No","4.625%","05/15/2001","$13,000,000,000","No","No","$16,174,918,000"
"912795HG9","Bill","13-Week","05/07/2001","05/10/2001","08/09/2001","99.075","No","","","No","","05/10/2001","$10,000,000,000","Yes","No","$15,550,409,000"
"912795GT2","Bill","26-Week","05/07/2001","05/10/2001","11/08/2001","98.170","No","","","No","","05/10/2001","$9,000,000,000","No","No","$13,846,339,000"
"912795HE4","Bill","13-Week","04/30/2001","05/03/2001","08/02/2001","99.018","No","","","No","","05/03/2001","$9,000,000,000","Yes","No","$13,852,038,000"
"912795HU8","Bill","26-Week","04/30/2001","05/03/2001","11/01/2001","98.049","No","","","No","","05/03/2001","$8,000,000,000","No","No","$12,307,709,000"
"9128276W7","Note","2-Year","04/25/2001","04/30/2001","04/30/2003","99.764","No","","","No","4.000%","04/30/2001","$10,000,000,000","No","No","$13,335,524,000"
"912795HD6","Bill","13-Week","04/23/2001","04/26/2001","07/26/2001","99.076","No","","","No","","04/26/2001","$9,000,000,000","Yes","No","$14,274,929,000"
"912795HT1","Bill","26-Week","04/23/2001","04/26/2001","10/25/2001","98.147","No","","","No","","04/26/2001","$8,000,000,000","No","No","$12,251,958,000"
"912795KH3","Bill","4-Day","04/18/2001","04/19/2001","04/23/2001","99.950","Yes","","","No","","","$39,000,000,000","No","No","$39,000,000,000"
"912795GP0","Bill","13-Week","04/16/2001","04/19/2001","07/19/2001","98.976","No","","","No","","04/19/2001","$9,000,000,000","Yes","No","$14,635,756,000"
"912795HS3","Bill","26-Week","04/16/2001","04/19/2001","10/18/2001","97.947","No","","","No","","04/19/2001","$8,000,000,000","No","No","$12,170,910,000"
"912795HC8","Bill","13-Week","04/09/2001","04/12/2001","07/12/2001","99.034","No","","","No","","04/12/2001","$9,000,000,000","Yes","No","$14,529,212,000"
"912795GS4","Bill","26-Week","04/09/2001","04/12/2001","10/11/2001","98.071","No","","","No","","04/12/2001","$8,000,000,000","No","No","$12,309,205,000"
"912795HA2","Bill","13-Week","04/02/2001","04/05/2001","07/05/2001","98.957","No","","","No","","04/05/2001","$9,000,000,000","Yes","No","$13,855,958,000"
"912795HR5","Bill","26-Week","04/02/2001","04/05/2001","10/04/2001","97.968","No","","","No","","04/05/2001","$8,000,000,000","No","No","$12,309,261,000"
"912795KG5","Bill","13-Day","04/02/2001","04/03/2001","04/16/2001","99.819","Yes","","","No","","","$35,000,000,000","No","No","$35,048,825,000"
"9128276V9","Note","2-Year","03/28/2001","04/02/2001","03/31/2003","99.905","No","","","No","4.250%","03/31/2001","$11,000,000,000","No","No","$14,673,572,000"
"912795GC9","Bill","21-Day","03/27/2001","03/29/2001","04/19/2001","99.712","Yes","","","No","","","$40,000,000,000","Yes","No","$40,009,800,000"
"912795GN5","Bill","13-Week","03/26/2001","03/29/2001","06/28/2001","98.938","No","","","No","","03/29/2001","$9,000,000,000","Yes","No","$14,361,825,000"
"912795HQ7","Bill","26-Week","03/26/2001","03/29/2001","09/27/2001","97.917","No","","","No","","03/29/2001","$8,000,000,000","No","No","$12,204,514,000"
"912795GM7","Bill","13-Week","03/19/2001","03/22/2001","06/21/2001","98.895","No","","","No","","03/22/2001","$10,000,000,000","Yes","No","$15,067,924,000"
"912795HP9","Bill","26-Week","03/19/2001","03/22/2001","09/20/2001","97.867","No","","","No","","03/22/2001","$8,000,000,000","No","No","$11,854,976,000"
"912795GL9","Bill","13-Week","03/12/2001","03/15/2001","06/14/2001","98.857","No","","","No","","03/15/2001","$10,000,000,000","Yes","No","$15,107,606,000"
"912795GR6","Bill","26-Week","03/12/2001","03/15/2001","09/13/2001","97.765","No","","","No","","03/15/2001","$9,000,000,000","No","No","$13,428,644,000"
"912795GK1","Bill","13-Week","03/05/2001","03/08/2001","06/07/2001","98.812","No","","","No","","03/08/2001","$10,000,000,000","Yes","No","$15,400,750,000"
"912795HN4","Bill","26-Week","03/05/2001","03/08/2001","09/06/2001","97.710","No","","","No","","03/08/2001","$10,000,000,000","No","No","$15,388,322,000"
"912795FX4","Bill","13-Day","02/28/2001","03/02/2001","03/15/2001","99.805","Yes","","","No","","","$26,000,000,000","Yes","No","$26,027,135,000"
"912795HJ3","Bill","52-Week","02/27/2001","03/01/2001","02/28/2002","95.713","No","","","No","","03/01/2001","$10,000,000,000","No","No","$12,759,295,000"
"912795GC9","Bill","50-Day","02/27/2001","02/28/2001","04/19/2001","99.313","Yes","","","No","","","$28,000,000,000","Yes","No","$28,036,000,000"
"912795GJ4","Bill","13-Week","02/26/2001","03/01/2001","05/31/2001","98.809","No","","","No","","03/01/2001","$10,000,000,000","Yes","No","$13,216,067,000"
"912795HL8","Bill","26-Week","02/26/2001","03/01/2001","08/30/2001","97.728","No","","","No","","03/01/2001","$10,000,000,000","Yes","No","$11,977,281,000"
"9128276U1","Note","2-Year","02/21/2001","02/28/2001","02/28/2003","99.887","No","","","No","4.625%","02/28/2001","$11,000,000,000","No","No","$14,675,223,000"
"912795GH8","Bill","13-Week","02/20/2001","02/22/2001","05/24/2001","98.760","No","","","No","","02/22/2001","$10,000,000,000","Yes","No","$14,770,358,000"
"912795HH7","Bill","26-Week","02/20/2001","02/22/2001","08/23/2001","97.589","No","","","No","","02/22/2001","$10,000,000,000","No","No","$14,857,827,000"
"912795GG0","Bill","13-Week","02/12/2001","02/15/2001","05/17/2001","98.761","No","","","No","","02/15/2001","$11,000,000,000","Yes","No","$15,721,638,000"
"912795GQ8","Bill","26-Week","02/12/2001","02/15/2001","08/16/2001","97.601","No","","","No","","02/15/2001","$10,000,000,000","No","No","$14,468,741,000"
"912810FP8","Bond","30-Year","02/08/2001","02/15/2001","02/15/2031","98.753","No","","","No","5.375%","02/15/2001","$10,000,000,000","No","No","$10,886,589,000"
"9128276T4","Note","10-Year","02/07/2001","02/15/2001","02/15/2011","99.479","No","","","No","5.000%","02/15/2001","$11,000,000,000","No","No","$11,974,691,000"
"9128276N7","Note","4-Year 9-Month","02/06/2001","02/15/2001","11/15/2005","103.527","No","","","No","5.750%","02/15/2001","$11,000,000,000","Yes","No","$12,278,682,000"
"912795GF2","Bill","13-Week","02/05/2001","02/08/2001","05/10/2001","98.756","No","","","No","","02/08/2001","$12,000,000,000","Yes","No","$17,823,802,000"
"912795HG9","Bill","26-Week","02/05/2001","02/08/2001","08/09/2001","97.596","No","","","No","","02/08/2001","$10,000,000,000","No","No","$14,989,243,000"
"912795GE5","Bill","13-Week","01/29/2001","02/01/2001","05/03/2001","98.741","No","","","No","","02/01/2001","$13,000,000,000","Yes","No","$20,277,777,000"
"912795HE4","Bill","26-Week","01/29/2001","02/01/2001","08/02/2001","97.553","No","","","No","","02/01/2001","$11,000,000,000","No","No","$16,928,152,000"
"9128276S6","Note","2-Year","01/24/2001","01/31/2001","01/31/2003","99.981","No","","","No","4.750%","01/31/2001","$10,000,000,000","No","No","$15,437,052,000"
"912795GD7","Bill","13-Week","01/22/2001","01/25/2001","04/26/2001","98.713","No","","","No","","01/25/2001","$13,000,000,000","Yes","No","$17,429,460,000"
"912795HD6","Bill","26-Week","01/22/2001","01/25/2001","07/26/2001","97.513","No","","","No","","01/25/2001","$11,000,000,000","No","No","$15,561,540,000"
"912795GC9","Bill","13-Week","01/16/2001","01/18/2001","04/19/2001","98.681","No","","","No","","01/18/2001","$13,000,000,000","Yes","No","$17,358,567,000"
"912795GP0","Bill","26-Week","01/16/2001","01/18/2001","07/19/2001","97.444","No","","","No","","01/18/2001","$11,000,000,000","No","No","$15,510,020,000"
"9128276R8","Note","10-Year","01/10/2001","01/16/2001","01/15/2011","99.818","No","","","No","3.500%","","$6,000,000,000","No","Yes","$6,000,430,000"
"912795GB1","Bill","13-Week","01/08/2001","01/11/2001","04/12/2001","98.723","No","","","No","","01/11/2001","$12,500,000,000","Yes","No","$17,639,184,000"
"912795HC8","Bill","26-Week","01/08/2001","01/11/2001","07/12/2001","97.561","No","","","No","","01/11/2001","$10,500,000,000","No","No","$15,416,202,000"
"912795GA3","Bill","13-Week","01/02/2001","01/04/2001","04/05/2001","98.559","No","","","No","","01/04/2001","$12,500,000,000","Yes","No","$19,739,188,000"
"912795HA2","Bill","26-Week","01/02/2001","01/04/2001","07/05/2001","97.290","No","","","No","","01/04/2001","$10,500,000,000","No","No","$16,163,321,000"
"912795KF7","Bill","14-Day","01/02/2001","01/02/2001","01/16/2001","99.750","Yes","","","No","","","$30,000,000,000","No","No","$30,013,000,000"
"9128276Q0","Note","2-Year","12/27/2000","01/02/2001","12/31/2002","99.990","No","","","No","5.125%","12/31/2000","$10,000,000,000","No","No","$14,833,574,000"
"912795FZ9","Bill","13-Week","12/26/2000","12/28/2000","03/29/2001","98.559","No","","","No","","12/28/2000","$12,000,000,000","Yes","No","$16,675,151,000"
"912795GN5","Bill","26-Week","12/26/2000","12/28/2000","06/28/2001","97.219","No","","","No","","12/28/2000","$10,000,000,000","No","No","$14,504,602,000"
"912795FY2","Bill","13-Week","12/18/2000","12/21/2000","03/22/2001","98.541","No","","","No","","12/21/2000","$12,000,000,000","Yes","No","$16,474,486,000"
"912795GM7","Bill","26-Week","12/18/2000","12/21/2000","06/21/2001","97.139","No","","","No","","12/21/2000","$10,000,000,000","No","No","$14,363,985,000"
"912795FX4","Bill","13-Week","12/11/2000","12/14/2000","03/15/2001","98.509","No","","","No","","12/14/2000","$12,000,000,000","Yes","No","$16,769,882,000"
"912795GL9","Bill","26-Week","12/11/2000","12/14/2000","06/14/2001","97.073","No","","","No","","12/14/2000","$10,000,000,000","No","No","$14,561,427,000"
"912795FW6","Bill","13-Week","12/04/2000","12/07/2000","03/08/2001","98.493","No","","","No","","12/07/2000","$12,000,000,000","Yes","No","$18,755,584,000"
"912795GK1","Bill","26-Week","12/04/2000","12/07/2000","06/07/2001","97.048","No","","","No","","12/07/2000","$10,000,000,000","No","No","$15,385,502,000"
"912795KE0","Bill","14-Day","11/30/2000","12/01/2000","12/15/2000","99.749","Yes","","","No","","","$36,000,000,000","No","No","$36,032,900,000"
"9128276P2","Note","2-Year","11/29/2000","11/30/2000","11/30/2002","99.869","No","","","No","5.625%","11/30/2000","$10,000,000,000","No","No","$15,047,553,000"
"912795HM6","Bill","52-Week","11/28/2000","11/30/2000","11/29/2001","94.227","No","","","No","","11/30/2000","$10,000,000,000","No","No","$12,512,138,000"
"912795FV8","Bill","13-Week","11/27/2000","11/30/2000","03/01/2001","98.443","No","","","No","","11/30/2000","$12,000,000,000","Yes","No","$13,931,258,000"
"912795GJ4","Bill","26-Week","11/27/2000","11/30/2000","05/31/2001","96.944","No","","","No","","11/30/2000","$10,000,000,000","Yes","No","$11,011,666,000"
"912795FU0","Bill","13-Week","11/20/2000","11/24/2000","02/22/2001","98.456","No","","","No","","11/24/2000","$11,000,000,000","Yes","No","$15,962,753,000"
"912795GH8","Bill","26-Week","11/20/2000","11/24/2000","05/24/2001","96.958","No","","","No","","11/24/2000","$10,000,000,000","No","No","$14,915,674,000"
"912795KD2","Bill","33-Day","11/14/2000","11/15/2000","12/18/2000","99.416","Yes","","","No","","","$12,000,000,000","No","No","$12,035,425,000"
"912795FT3","Bill","13-Week","11/13/2000","11/16/2000","02/15/2001","98.437","No","","","No","","11/16/2000","$11,000,000,000","Yes","No","$15,579,759,000"
"912795GG0","Bill","26-Week","11/13/2000","11/16/2000","05/17/2001","96.931","No","","","No","","11/16/2000","$10,000,000,000","No","No","$14,583,708,000"
"9128276J6","Note","9-Year 9-Month","11/08/2000","11/15/2000","08/15/2010","99.134","No","","","No","5.750%","11/15/2000","$8,000,000,000","Yes","No","$10,075,194,000"
"9128276N7","Note","5-Year","11/07/2000","11/15/2000","11/15/2005","99.486","No","","","No","5.750%","11/15/2000","$12,000,000,000","No","No","$15,804,415,000"
"912795FS5","Bill","13-Week","11/06/2000","11/09/2000","02/08/2001","98.428","No","","","No","","11/09/2000","$11,000,000,000","Yes","No","$17,834,161,000"
"912795GF2","Bill","26-Week","11/06/2000","11/09/2000","05/10/2001","96.914","No","","","No","","11/09/2000","$10,000,000,000","No","No","$16,174,863,000"
"912795FL0","Bill","50-Day","10/31/2000","11/01/2000","12/21/2000","99.114","Yes","","","No","","","$32,000,000,000","Yes","No","$32,020,525,000"
"912795FR7","Bill","13-Week","10/30/2000","11/02/2000","02/01/2001","98.438","No","","","No","","11/02/2000","$11,000,000,000","Yes","No","$15,805,248,000"
"912795GE5","Bill","26-Week","10/30/2000","11/02/2000","05/03/2001","96.929","No","","","No","","11/02/2000","$10,000,000,000","No","No","$14,531,505,000"
"9128273L4","Note","2-Year","10/25/2000","10/31/2000","10/31/2002","99.823","No","","","No","5.750%","10/31/2000","$10,000,000,000","Yes","No","$14,839,335,000"
"912795FQ9","Bill","13-Week","10/23/2000","10/26/2000","01/25/2001","98.443","No","","","No","","10/26/2000","$11,000,000,000","Yes","No","$15,952,453,000"
"912795GD7","Bill","26-Week","10/23/2000","10/26/2000","04/26/2001","96.941","No","","","No","","10/26/2000","$10,000,000,000","No","No","$14,645,316,000"
"912795FP1","Bill","13-Week","10/16/2000","10/19/2000","01/18/2001","98.463","No","","","No","","10/19/2000","$11,000,000,000","Yes","No","$15,407,889,000"
"912795GC9","Bill","26-Week","10/16/2000","10/19/2000","04/19/2001","96.972","No","","","No","","10/19/2000","$10,000,000,000","No","No","$14,593,748,000"
"912810FH6","Bond","28-Year 6-Month","10/11/2000","10/16/2000","04/15/2029","103.628","No","","","No","3.875%","","$5,000,000,000","Yes","Yes","$5,000,084,000"
"912795FN6","Bill","13-Week","10/10/2000","10/12/2000","01/11/2001","98.464","No","","","No","","10/12/2000","$11,000,000,000","Yes","No","$17,028,099,000"
"912795GB1","Bill","26-Week","10/10/2000","10/12/2000","04/12/2001","96.939","No","","","No","","10/12/2000","$10,000,000,000","No","No","$16,028,345,000"
"912795ES6","Bill","13-Week","10/02/2000","10/05/2000","01/04/2001","98.464","No","","","No","","10/05/2000","$10,500,000,000","Yes","No","$14,423,162,000"
"912795GA3","Bill","26-Week","10/02/2000","10/05/2000","04/05/2001","96.946","No","","","No","","10/05/2000","$9,500,000,000","No","No","$13,751,100,000"
"9128276L1","Note","2-Year","09/27/2000","10/02/2000","09/30/2002","99.995","No","","","No","6.000%","09/30/2000","$10,000,000,000","No","No","$15,184,475,000"
"912795FM8","Bill","13-Week","09/25/2000","09/28/2000","12/28/2000","98.482","No","","","No","","09/28/2000","$9,500,000,000","Yes","No","$14,625,917,000"
"912795FZ9","Bill","26-Week","09/25/2000","09/28/2000","03/29/2001","96.974","No","","","No","","09/28/2000","$8,500,000,000","No","No","$13,129,964,000"
"912795FL0","Bill","13-Week","09/18/2000","09/21/2000","12/21/2000","98.493","No","","","No","","09/21/2000","$9,500,000,000","Yes","No","$14,048,141,000"
"912795FY2","Bill","26-Week","09/18/2000","09/21/2000","03/22/2001","97.000","No","","","No","","09/21/2000","$8,500,000,000","No","No","$12,782,176,000"
"912795FK2","Bill","13-Week","09/11/2000","09/14/2000","12/14/2000","98.497","No","","","No","","09/14/2000","$9,500,000,000","Yes","No","$14,853,566,000"
"912795FX4","Bill","26-Week","09/11/2000","09/14/2000","03/15/2001","96.989","No","","","No","","09/14/2000","$8,500,000,000","No","No","$13,082,307,000"
"912795EJ6","Bill","13-Week","09/05/2000","09/07/2000","12/07/2000","98.467","No","","","No","","09/07/2000","$9,500,000,000","Yes","No","$13,974,418,000"
"912795FW6","Bill","26-Week","09/05/2000","09/07/2000","03/08/2001","96.952","No","","","No","","09/07/2000","$8,500,000,000","No","No","$12,623,986,000"
"912795GZ8","Bill","14-Day","08/31/2000","09/01/2000","09/15/2000","99.750","Yes","","","No","","","$25,000,000,000","No","No","$25,011,000,000"
"912795HL8","Bill","52-Week","08/29/2000","08/31/2000","08/30/2001","94.055","No","","","No","","08/31/2000","$10,000,000,000","No","No","$13,032,887,000"
"912795FJ5","Bill","13-Week","08/28/2000","08/31/2000","11/30/2000","98.448","No","","","No","","08/31/2000","$9,500,000,000","Yes","No","$11,896,491,000"
"912795FV8","Bill","26-Week","08/28/2000","08/31/2000","03/01/2001","96.916","No","","","No","","08/31/2000","$8,500,000,000","Yes","No","$9,545,638,000"
"9128276K3","Note","2-Year","08/23/2000","08/31/2000","08/31/2002","99.854","No","","","No","6.125%","08/31/2000","$10,000,000,000","No","No","$15,037,514,000"
"912795FH9","Bill","13-Week","08/21/2000","08/24/2000","11/24/2000","98.439","No","","","No","","08/24/2000","$9,500,000,000","Yes","No","$14,852,254,000"
"912795FU0","Bill","26-Week","08/21/2000","08/24/2000","02/22/2001","96.921","No","","","No","","08/24/2000","$8,500,000,000","No","No","$13,311,598,000"
"912795FG1","Bill","13-Week","08/14/2000","08/17/2000","11/16/2000","98.461","No","","","No","","08/17/2000","$9,500,000,000","Yes","No","$14,855,031,000"
"912795FT3","Bill","26-Week","08/14/2000","08/17/2000","02/15/2001","96.929","No","","","No","","08/17/2000","$8,500,000,000","No","No","$13,568,686,000"
"912795FA4","Bill","37-Day","08/14/2000","08/15/2000","09/21/2000","99.347","Yes","","","No","","","$21,000,000,000","Yes","No","$21,018,290,000"
"912810FM5","Bond","29-Year 9-Month","08/10/2000","08/15/2000","05/15/2030","107.860","No","","","No","6.250%","08/15/2000","$5,000,000,000","Yes","No","$5,774,346,000"
"9128276J6","Note","10-Year","08/09/2000","08/15/2000","08/15/2010","99.326","No","","","No","5.750%","08/15/2000","$10,000,000,000","No","No","$12,356,702,000"
"9128276D9","Note","4-Year 9-Month","08/08/2000","08/15/2000","05/15/2005","102.787","No","","","No","6.750%","08/15/2000","$10,000,000,000","Yes","No","$13,189,107,000"
"912795EH0","Bill","13-Week","08/07/2000","08/10/2000","11/09/2000","98.459","No","","","No","","08/10/2000","$9,500,000,000","Yes","No","$13,543,951,000"
"912795FS5","Bill","26-Week","08/07/2000","08/10/2000","02/08/2001","96.936","No","","","No","","08/10/2000","$8,500,000,000","No","No","$13,044,051,000"
"912795FF3","Bill","13-Week","07/31/2000","08/03/2000","11/02/2000","98.461","No","","","No","","08/03/2000","$9,500,000,000","Yes","No","$13,833,279,000"
"912795FR7","Bill","26-Week","07/31/2000","08/03/2000","02/01/2001","96.909","No","","","No","","08/03/2000","$8,500,000,000","Yes","No","$12,709,156,000"
"9128276H0","Note","2-Year","07/26/2000","07/31/2000","07/31/2002","99.937","No","","","No","6.250%","07/31/2000","$10,000,000,000","No","No","$15,037,258,000"
"912795FE6","Bill","13-Week","07/24/2000","07/27/2000","10/26/2000","98.481","No","","","No","","07/27/2000","$8,500,000,000","Yes","No","$13,085,047,000"
"912795FQ9","Bill","26-Week","07/24/2000","07/27/2000","01/25/2001","96.962","No","","","No","","07/27/2000","$7,500,000,000","No","No","$12,358,954,000"
"912795FD8","Bill","13-Week","07/17/2000","07/20/2000","10/19/2000","98.493","No","","","No","","07/20/2000","$8,500,000,000","Yes","No","$13,729,954,000"
"912795FP1","Bill","26-Week","07/17/2000","07/20/2000","01/18/2001","96.959","No","","","No","","07/20/2000","$7,500,000,000","No","No","$12,425,916,000"
"9128275W8","Note","9-Year 6-Month","07/12/2000","07/17/2000","01/15/2010","103.539","No","","","No","4.250%","","$5,000,000,000","Yes","Yes","$5,001,620,000"
"912795EG2","Bill","13-Week","07/10/2000","07/13/2000","10/12/2000","98.509","No","","","No","","07/13/2000","$8,500,000,000","Yes","No","$12,485,445,000"
"912795FN6","Bill","26-Week","07/10/2000","07/13/2000","01/11/2001","96.994","No","","","No","","07/13/2000","$7,500,000,000","No","No","$11,665,273,000"
"912795FC0","Bill","13-Week","07/03/2000","07/06/2000","10/05/2000","98.526","No","","","No","","07/06/2000","$8,500,000,000","Yes","No","$12,919,354,000"
"912795ES6","Bill","26-Week","07/03/2000","07/06/2000","01/04/2001","96.979","No","","","No","","07/06/2000","$7,500,000,000","Yes","No","$11,301,212,000"
"9128276F4","Note","2-Year","06/28/2000","06/30/2000","06/30/2002","99.800","No","","","No","6.375%","06/30/2000","$10,000,000,000","No","No","$14,310,797,000"
"912795FB2","Bill","13-Week","06/26/2000","06/29/2000","09/28/2000","98.564","No","","","No","","06/29/2000","$8,500,000,000","Yes","No","$13,390,850,000"
"912795FM8","Bill","26-Week","06/26/2000","06/29/2000","12/28/2000","96.989","No","","","No","","06/29/2000","$7,500,000,000","No","No","$11,543,069,000"
"912795FA4","Bill","13-Week","06/19/2000","06/22/2000","09/21/2000","98.562","No","","","No","","06/22/2000","$8,500,000,000","Yes","No","$14,066,810,000"
"912795FL0","Bill","26-Week","06/19/2000","06/22/2000","12/21/2000","97.007","No","","","No","","06/22/2000","$7,500,000,000","No","No","$11,591,727,000"
"912795EF4","Bill","13-Week","06/12/2000","06/15/2000","09/14/2000","98.540","No","","","No","","06/15/2000","$8,500,000,000","Yes","No","$13,212,136,000"
"912795FK2","Bill","26-Week","06/12/2000","06/15/2000","12/14/2000","96.964","No","","","No","","06/15/2000","$7,500,000,000","No","No","$11,705,102,000"
"912795EZ0","Bill","13-Week","06/05/2000","06/08/2000","09/07/2000","98.534","No","","","No","","06/08/2000","$8,500,000,000","Yes","No","$13,244,651,000"
"912795EJ6","Bill","26-Week","06/05/2000","06/08/2000","12/07/2000","96.946","No","","","No","","06/08/2000","$7,500,000,000","Yes","No","$11,552,026,000"
"912795GY1","Bill","12-Day","06/01/2000","06/02/2000","06/14/2000","99.827","Yes","","","No","","","$7,000,000,000","No","No","$7,018,488,000"
"912795GJ4","Bill","52-Week","05/31/2000","06/01/2000","05/31/2001","93.933","No","","","No","","06/01/2000","$10,000,000,000","No","No","$13,617,655,000"
"912795EY3","Bill","13-Week","05/30/2000","06/01/2000","08/31/2000","98.552","No","","","No","","06/01/2000","$8,500,000,000","Yes","No","$10,855,389,000"
"912795FJ5","Bill","26-Week","05/30/2000","06/01/2000","11/30/2000","96.891","No","","","No","","06/01/2000","$7,500,000,000","No","No","$10,207,397,000"
"9128276E7","Note","2-Year","05/24/2000","05/31/2000","05/31/2002","99.772","No","","","No","6.625%","05/31/2000","$10,000,000,000","No","No","$14,838,111,000"
"912795EX5","Bill","13-Week","05/22/2000","05/25/2000","08/24/2000","98.531","No","","","No","","05/25/2000","$8,500,000,000","Yes","No","$14,667,255,000"
"912795FH9","Bill","26-Week","05/22/2000","05/25/2000","11/24/2000","96.886","No","","","No","","05/25/2000","$7,500,000,000","No","No","$13,265,410,000"
"912795EE7","Bill","13-Week","05/15/2000","05/18/2000","08/17/2000","98.467","No","","","No","","05/18/2000","$8,500,000,000","Yes","No","$13,068,232,000"
"912795FG1","Bill","26-Week","05/15/2000","05/18/2000","11/16/2000","96.840","No","","","No","","05/18/2000","$7,500,000,000","No","No","$11,280,632,000"
"9128275Z1","Note","9-Year 9-Month","05/10/2000","05/15/2000","02/15/2010","100.153","No","","","No","6.500%","05/15/2000","$8,000,000,000","Yes","No","$11,075,987,000"
"9128276D9","Note","5-Year","05/09/2000","05/15/2000","05/15/2005","99.837","No","","","No","6.750%","05/15/2000","$12,000,000,000","No","No","$15,458,197,000"
"912795EW7","Bill","13-Week","05/08/2000","05/11/2000","08/10/2000","98.478","No","","","No","","05/11/2000","$8,500,000,000","Yes","No","$12,632,934,000"
"912795EH0","Bill","26-Week","05/08/2000","05/11/2000","11/09/2000","96.891","No","","","No","","05/11/2000","$7,500,000,000","Yes","No","$11,779,308,000"
"912795EV9","Bill","13-Week","05/01/2000","05/04/2000","08/03/2000","98.540","No","","","No","","05/04/2000","$8,500,000,000","Yes","No","$13,356,999,000"
"912795FF3","Bill","26-Week","05/01/2000","05/04/2000","11/02/2000","97.000","No","","","No","","05/04/2000","$7,500,000,000","No","No","$11,660,475,000"
"9128276C1","Note","2-Year","04/26/2000","05/01/2000","04/30/2002","99.798","No","","","No","6.375%","04/30/2000","$12,000,000,000","No","No","$17,371,508,000"
"912795EU1","Bill","13-Week","04/24/2000","04/27/2000","07/27/2000","98.579","No","","","No","","04/27/2000","$8,500,000,000","Yes","No","$15,318,315,000"
"912795FE6","Bill","26-Week","04/24/2000","04/27/2000","10/26/2000","97.096","No","","","No","","04/27/2000","$7,500,000,000","No","No","$14,282,888,000"
"912795ED9","Bill","13-Week","04/17/2000","04/20/2000","07/20/2000","98.573","No","","","No","","04/20/2000","$8,500,000,000","Yes","No","$13,057,726,000"
"912795FD8","Bill","26-Week","04/17/2000","04/20/2000","10/19/2000","97.085","No","","","No","","04/20/2000","$7,500,000,000","No","No","$11,954,140,000"
"912795ET4","Bill","13-Week","04/10/2000","04/13/2000","07/13/2000","98.564","No","","","No","","04/13/2000","$8,500,000,000","Yes","No","$12,472,943,000"
"912795EG2","Bill","26-Week","04/10/2000","04/13/2000","10/12/2000","97.040","No","","","No","","04/13/2000","$7,500,000,000","Yes","No","$12,533,155,000"
"912795ER8","Bill","13-Week","04/03/2000","04/06/2000","07/06/2000","98.557","No","","","No","","04/06/2000","$8,500,000,000","Yes","No","$12,891,294,000"
"912795FC0","Bill","26-Week","04/03/2000","04/06/2000","10/05/2000","97.017","No","","","No","","04/06/2000","$7,500,000,000","No","No","$11,765,971,000"
"9128276B3","Note","2-Year","03/29/2000","03/31/2000","03/31/2002","99.852","No","","","No","6.500%","03/31/2000","$12,000,000,000","No","No","$17,219,611,000"
"912795GX3","Bill","19-Day","03/29/2000","03/30/2000","04/18/2000","99.683","Yes","","","No","","","$30,000,000,000","No","No","$30,070,700,000"
"912795DS7","Bill","21-Day","03/28/2000","03/30/2000","04/20/2000","99.651","Yes","","","No","","","$35,000,000,000","Yes","No","$35,002,645,000"
"912795EC1","Bill","13-Week","03/27/2000","03/30/2000","06/29/2000","98.554","No","","","No","","03/30/2000","$8,500,000,000","Yes","No","$15,834,491,000"
"912795FB2","Bill","26-Week","03/27/2000","03/30/2000","09/28/2000","97.015","No","","","No","","03/30/2000","$7,500,000,000","No","No","$14,852,020,000"
"912795EB3","Bill","13-Week","03/20/2000","03/23/2000","06/22/2000","98.539","No","","","No","","03/23/2000","$8,500,000,000","Yes","No","$12,426,037,000"
"912795FA4","Bill","26-Week","03/20/2000","03/23/2000","09/21/2000","97.020","No","","","No","","03/23/2000","$7,500,000,000","No","No","$11,104,361,000"
"912795EA5","Bill","13-Week","03/13/2000","03/16/2000","06/15/2000","98.552","No","","","No","","03/16/2000","$8,500,000,000","Yes","No","$12,749,269,000"
"912795EF4","Bill","26-Week","03/13/2000","03/16/2000","09/14/2000","97.037","No","","","No","","03/16/2000","$7,500,000,000","Yes","No","$10,898,958,000"
"912795DZ1","Bill","13-Week","03/06/2000","03/09/2000","06/08/2000","98.562","No","","","No","","03/09/2000","$9,000,000,000","Yes","No","$13,487,206,000"
"912795EZ0","Bill","26-Week","03/06/2000","03/09/2000","09/07/2000","97.055","No","","","No","","03/09/2000","$8,000,000,000","No","No","$12,958,648,000"
"912795DM0","Bill","13-Day","03/02/2000","03/03/2000","03/16/2000","99.795","Yes","","","No","","","$25,000,000,000","Yes","No","$25,014,180,000"
"912795FV8","Bill","52-Week","02/29/2000","03/02/2000","03/01/2001","94.095","No","","","No","","03/02/2000","$10,000,000,000","No","No","$15,611,851,000"
"912795DY4","Bill","13-Week","02/28/2000","03/02/2000","06/01/2000","98.567","No","","","No","","03/02/2000","$9,000,000,000","Yes","No","$13,542,830,000"
"912795EY3","Bill","26-Week","02/28/2000","03/02/2000","08/31/2000","97.085","No","","","No","","03/02/2000","$8,000,000,000","No","No","$12,534,777,000"
"9128276A5","Note","2-Year","02/23/2000","02/29/2000","02/28/2002","99.834","No","","","No","6.500%","02/29/2000","$12,000,000,000","No","No","$16,527,931,000"
"912795DX6","Bill","13-Week","02/22/2000","02/24/2000","05/25/2000","98.574","No","","","No","","02/24/2000","$9,000,000,000","Yes","No","$13,183,629,000"
"912795EX5","Bill","26-Week","02/22/2000","02/24/2000","08/24/2000","97.085","No","","","No","","02/24/2000","$8,000,000,000","No","No","$11,943,327,000"
"912795DT5","Bill","69-Day","02/17/2000","02/18/2000","04/27/2000","98.908","Yes","","","No","","","$30,000,000,000","Yes","No","$30,005,920,000"
"912795DW8","Bill","13-Week","02/14/2000","02/17/2000","05/18/2000","98.607","No","","","No","","02/17/2000","$9,000,000,000","Yes","No","$13,519,992,000"
"912795EE7","Bill","26-Week","02/14/2000","02/17/2000","08/17/2000","97.088","No","","","No","","02/17/2000","$8,000,000,000","Yes","No","$11,813,912,000"
"912810FM5","Bond","30-Year 3-Month","02/10/2000","02/15/2000","05/15/2030","98.771","No","","","No","6.250%","02/15/2000","$10,000,000,000","No","No","$11,271,239,000"
"9128275Z1","Note","10-Year","02/09/2000","02/15/2000","02/15/2010","99.710","No","","","No","6.500%","02/15/2000","$10,000,000,000","No","No","$12,270,123,000"
"9128275S7","Note","4-Year 9-Month","02/08/2000","02/15/2000","11/15/2004","96.505","No","","","No","5.875%","02/15/2000","$12,000,000,000","Yes","No","$14,230,043,000"
"912795DV0","Bill","13-Week","02/07/2000","02/10/2000","05/11/2000","98.598","No","","","No","","02/10/2000","$9,000,000,000","Yes","No","$13,555,340,000"
"912795EW7","Bill","26-Week","02/07/2000","02/10/2000","08/10/2000","97.083","No","","","No","","02/10/2000","$8,000,000,000","No","No","$11,970,181,000"
"912795FR7","Bill","52-Week","02/01/2000","02/03/2000","02/01/2001","94.029","No","","","No","","02/03/2000","$10,000,000,000","No","No","$16,224,184,000"
"912795DU2","Bill","13-Week","01/31/2000","02/03/2000","05/04/2000","98.595","No","","","No","","02/03/2000","$7,500,000,000","Yes","No","$12,551,458,000"
"912795EV9","Bill","26-Week","01/31/2000","02/03/2000","08/03/2000","97.116","No","","","No","","02/03/2000","$6,500,000,000","No","No","$10,585,918,000"
"9128275X6","Note","2-Year","01/26/2000","01/31/2000","01/31/2002","99.891","No","","","No","6.375%","01/31/2000","$14,000,000,000","No","No","$19,346,847,000"
"912795DT5","Bill","13-Week","01/24/2000","01/27/2000","04/27/2000","98.639","No","","","No","","01/27/2000","$7,500,000,000","Yes","No","$12,165,025,000"
"912795EU1","Bill","26-Week","01/24/2000","01/27/2000","07/27/2000","97.209","No","","","No","","01/27/2000","$6,500,000,000","No","No","$9,691,888,000"
"912795DS7","Bill","13-Week","01/18/2000","01/20/2000","04/20/2000","98.648","No","","","No","","01/20/2000","$7,500,000,000","Yes","No","$11,778,061,000"
"912795ED9","Bill","26-Week","01/18/2000","01/20/2000","07/20/2000","97.202","No","","","No","","01/20/2000","$6,500,000,000","Yes","No","$9,786,344,000"
"9128275W8","Note","10-Year","01/12/2000","01/18/2000","01/15/2010","99.298","No","","","No","4.250%","","$6,000,000,000","No","Yes","$6,316,921,000"
"912795DR9","Bill","13-Week","01/10/2000","01/13/2000","04/13/2000","98.677","No","","","No","","01/13/2000","$7,500,000,000","Yes","No","$12,465,423,000"
"912795ET4","Bill","26-Week","01/10/2000","01/13/2000","07/13/2000","97.260","No","","","No","","01/13/2000","$6,500,000,000","No","No","$10,240,307,000"
"912795ES6","Bill","52-Week","01/04/2000","01/06/2000","01/04/2001","94.292","No","","","No","","01/06/2000","$10,000,000,000","No","No","$14,940,866,000"
"912795DQ1","Bill","13-Week","01/03/2000","01/06/2000","04/06/2000","98.645","No","","","No","","01/06/2000","$8,000,000,000","Yes","No","$12,571,648,000"
"912795ER8","Bill","26-Week","01/03/2000","01/06/2000","07/06/2000","97.176","No","","","No","","01/06/2000","$7,000,000,000","No","No","$10,452,663,000"
"912795DP3","Bill","13-Week","12/27/1999","12/30/1999","03/30/2000","98.660","No","","","No","","12/30/1999","$9,000,000,000","Yes","No","$12,768,752,000"
"912795EC1","Bill","26-Week","12/27/1999","12/30/1999","06/29/2000","97.217","No","","","No","","12/30/1999","$8,000,000,000","No","No","$11,672,261,000"
"9128272E1","Note","2-Year","12/22/1999","12/31/1999","12/31/2001","99.800","No","","","No","6.125%","12/31/1999","$15,000,000,000","Yes","No","$17,176,006,000"
"912795DN8","Bill","13-Week","12/20/1999","12/23/1999","03/23/2000","98.635","No","","","No","","12/23/1999","$9,000,000,000","Yes","No","$12,589,260,000"
"912795EB3","Bill","26-Week","12/20/1999","12/23/1999","06/22/2000","97.169","No","","","No","","12/23/1999","$8,000,000,000","Yes","No","$11,167,560,000"
"912795DC2","Bill","23-Day","12/20/1999","12/21/1999","01/13/2000","99.652","Yes","","","No","","","$10,000,000,000","Yes","No","$10,004,000,000"
"912795DM0","Bill","13-Week","12/13/1999","12/16/1999","03/16/2000","98.683","No","","","No","","12/16/1999","$9,000,000,000","Yes","No","$12,731,468,000"
"912795EA5","Bill","26-Week","12/13/1999","12/16/1999","06/15/2000","97.265","No","","","No","","12/16/1999","$8,000,000,000","No","No","$11,698,147,000"
"912795EJ6","Bill","52-Week","12/07/1999","12/09/1999","12/07/2000","94.591","No","","","No","","12/09/1999","$10,000,000,000","No","No","$14,815,325,000"
"912795DL2","Bill","13-Week","12/06/1999","12/09/1999","03/09/2000","98.723","No","","","No","","12/09/1999","$9,000,000,000","Yes","No","$13,344,324,000"
"912795DZ1","Bill","26-Week","12/06/1999","12/09/1999","06/08/2000","97.326","No","","","No","","12/09/1999","$8,000,000,000","No","No","$11,862,041,000"
"912795DC2","Bill","43-Day","11/30/1999","12/01/1999","01/13/2000","99.367","Yes","","","No","","","$28,000,000,000","Yes","No","$28,005,500,000"
"912795DK4","Bill","13-Week","11/29/1999","12/02/1999","03/02/2000","98.686","No","","","No","","12/02/1999","$9,000,000,000","Yes","No","$13,068,561,000"
"912795DY4","Bill","26-Week","11/29/1999","12/02/1999","06/01/2000","97.305","No","","","No","","12/02/1999","$8,000,000,000","No","No","$12,367,741,000"
"9128272C5","Note","2-Year","11/23/1999","11/30/1999","11/30/2001","99.868","No","","","No","5.875%","11/30/1999","$15,000,000,000","Yes","No","$19,445,775,000"
"912795DJ7","Bill","13-Week","11/22/1999","11/26/1999","02/24/2000","98.724","No","","","No","","11/26/1999","$9,000,000,000","Yes","No","$13,154,956,000"
"912795DX6","Bill","26-Week","11/22/1999","11/26/1999","05/25/2000","97.368","No","","","No","","11/26/1999","$8,000,000,000","Yes","No","$11,640,034,000"
"912795DH1","Bill","13-Week","11/15/1999","11/18/1999","02/17/2000","98.707","No","","","No","","11/18/1999","$9,000,000,000","Yes","No","$13,244,584,000"
"912795DW8","Bill","26-Week","11/15/1999","11/18/1999","05/18/2000","97.364","No","","","No","","11/18/1999","$8,000,000,000","No","No","$11,953,135,000"
"912795DD0","Bill","66-Day","11/10/1999","11/15/1999","01/20/2000","99.052","Yes","","","No","","","$16,000,000,000","Yes","No","$16,042,385,000"
"9128275N8","Note","9-Year 9-Month","11/10/1999","11/15/1999","08/15/2009","99.927","No","","","No","6.000%","11/15/1999","$10,000,000,000","Yes","No","$12,639,913,000"
"9128275S7","Note","5-Year","11/09/1999","11/15/1999","11/15/2004","99.944","No","","","No","5.875%","11/15/1999","$15,000,000,000","No","No","$18,390,728,000"
"912795EH0","Bill","52-Week","11/09/1999","11/12/1999","11/09/2000","94.787","No","","","No","","11/12/1999","$10,000,000,000","No","No","$15,448,425,000"
"912795DG3","Bill","13-Week","11/08/1999","11/12/1999","02/10/2000","98.743","No","","","No","","11/12/1999","$10,000,000,000","Yes","No","$14,563,631,000"
"912795DV0","Bill","26-Week","11/08/1999","11/12/1999","05/11/2000","97.426","No","","","No","","11/12/1999","$8,000,000,000","No","No","$11,666,529,000"
"912795DF5","Bill","13-Week","11/01/1999","11/04/1999","02/03/2000","98.737","No","","","No","","11/04/1999","$10,000,000,000","Yes","No","$14,572,060,000"
"912795DU2","Bill","26-Week","11/01/1999","11/04/1999","05/04/2000","97.427","No","","","No","","11/04/1999","$8,000,000,000","No","No","$13,066,313,000"
"9128275R9","Note","2-Year","10/27/1999","11/01/1999","10/31/2001","99.888","No","","","No","5.875%","10/31/1999","$15,000,000,000","No","No","$19,187,385,000"
"912795DE8","Bill","13-Week","10/25/1999","10/28/1999","01/27/2000","98.737","No","","","No","","10/28/1999","$10,000,000,000","Yes","No","$14,277,200,000"
"912795DT5","Bill","26-Week","10/25/1999","10/28/1999","04/27/2000","97.414","No","","","No","","10/28/1999","$8,000,000,000","Yes","No","$11,084,969,000"
"912795DD0","Bill","13-Week","10/18/1999","10/21/1999","01/20/2000","98.739","No","","","No","","10/21/1999","$9,000,000,000","Yes","No","$12,913,916,000"
"912795DS7","Bill","26-Week","10/18/1999","10/21/1999","04/20/2000","97.472","No","","","No","","10/21/1999","$8,000,000,000","No","No","$12,195,914,000"
"912795EG2","Bill","52-Week","10/13/1999","10/14/1999","10/12/2000","94.828","No","","","No","","10/14/1999","$10,000,000,000","No","No","$16,734,077,000"
"912795DC2","Bill","13-Week","10/12/1999","10/14/1999","01/13/2000","98.792","No","","","No","","10/14/1999","$9,000,000,000","Yes","No","$13,784,837,000"
"912795DR9","Bill","26-Week","10/12/1999","10/14/1999","04/13/2000","97.508","No","","","No","","10/14/1999","$8,000,000,000","No","No","$11,965,496,000"
"912810FH6","Bond","29-Year 6-Month","10/06/1999","10/15/1999","04/15/2029","96.989","No","","","No","3.875%","","$7,000,000,000","Yes","Yes","$7,368,469,000"
"912795DB4","Bill","13-Week","10/04/1999","10/07/1999","01/06/2000","98.804","No","","","No","","10/07/1999","$8,500,000,000","Yes","No","$12,430,629,000"
"912795DQ1","Bill","26-Week","10/04/1999","10/07/1999","04/06/2000","97.538","No","","","No","","10/07/1999","$7,500,000,000","No","No","$11,938,144,000"
"9128275Q1","Note","2-Year","09/29/1999","09/30/1999","09/30/2001","99.925","No","","","No","5.625%","09/30/1999","$15,000,000,000","No","No","$18,782,508,000"
"912795DA6","Bill","13-Week","09/27/1999","09/30/1999","12/30/1999","98.807","No","","","No","","09/30/1999","$6,500,000,000","Yes","No","$10,303,988,000"
"912795DP3","Bill","26-Week","09/27/1999","09/30/1999","03/30/2000","97.568","No","","","No","","09/30/1999","$7,500,000,000","Yes","No","$11,181,559,000"
"912795CZ2","Bill","13-Week","09/20/1999","09/23/1999","12/23/1999","98.822","No","","","No","","09/23/1999","$6,500,000,000","Yes","No","$9,838,570,000"
"912795DN8","Bill","26-Week","09/20/1999","09/23/1999","03/23/2000","97.528","No","","","No","","09/23/1999","$7,500,000,000","No","No","$11,437,204,000"
"912795EF4","Bill","52-Week","09/14/1999","09/16/1999","09/14/2000","94.944","No","","","No","","09/16/1999","$10,000,000,000","No","No","$15,540,235,000"
"912795CY5","Bill","13-Week","09/13/1999","09/16/1999","12/16/1999","98.822","No","","","No","","09/16/1999","$6,500,000,000","Yes","No","$10,165,239,000"
"912795DM0","Bill","26-Week","09/13/1999","09/16/1999","03/16/2000","97.510","No","","","No","","09/16/1999","$7,500,000,000","No","No","$11,380,904,000"
"912795CE9","Bill","13-Week","09/07/1999","09/09/1999","12/09/1999","98.807","No","","","No","","09/09/1999","$6,500,000,000","Yes","No","$10,373,518,000"
"912795DL2","Bill","26-Week","09/07/1999","09/09/1999","03/09/2000","97.498","No","","","No","","09/09/1999","$7,500,000,000","No","No","$11,864,600,000"
"912795CX7","Bill","13-Week","08/30/1999","09/02/1999","12/02/1999","98.768","No","","","No","","09/02/1999","$7,500,000,000","Yes","No","$11,462,156,000"
"912795DK4","Bill","26-Week","08/30/1999","09/02/1999","03/02/2000","97.477","No","","","No","","09/02/1999","$7,500,000,000","Yes","No","$12,040,550,000"
"912795GW5","Bill","15-Day","08/26/1999","08/31/1999","09/15/1999","99.784","Yes","","","No","","","$33,000,000,000","No","No","$33,011,100,000"
"9128275P3","Note","2-Year","08/25/1999","08/31/1999","08/31/2001","99.893","No","","","No","5.500%","08/31/1999","$15,000,000,000","No","No","$20,106,327,000"
"912795CW9","Bill","13-Week","08/23/1999","08/26/1999","11/26/1999","98.761","No","","","No","","08/26/1999","$7,500,000,000","Yes","No","$11,440,924,000"
"912795DJ7","Bill","26-Week","08/23/1999","08/26/1999","02/24/2000","97.498","No","","","No","","08/26/1999","$7,500,000,000","No","No","$11,372,412,000"
"912795EE7","Bill","52-Week","08/17/1999","08/19/1999","08/17/2000","95.000","No","","","No","","08/19/1999","$10,000,000,000","No","No","$15,042,095,000"
"912795CV1","Bill","13-Week","08/16/1999","08/19/1999","11/18/1999","98.817","No","","","No","","08/19/1999","$8,000,000,000","Yes","No","$12,198,411,000"
"912795DH1","Bill","26-Week","08/16/1999","08/19/1999","02/17/2000","97.523","No","","","No","","08/19/1999","$8,000,000,000","No","No","$12,330,152,000"
"912810FJ2","Bond","30-Year","08/12/1999","08/16/1999","08/15/2029","99.741","No","","","No","6.125%","08/15/1999","$10,000,000,000","No","No","$11,176,260,000"
"9128275N8","Note","10-Year","08/11/1999","08/16/1999","08/15/2009","99.370","No","","","No","6.000%","08/15/1999","$12,000,000,000","No","No","$14,746,238,000"
"9128275M0","Note","5-Year","08/10/1999","08/16/1999","08/15/2004","99.940","No","","","No","6.000%","08/15/1999","$15,000,000,000","No","No","$18,070,773,000"
"912795CD1","Bill","13-Week","08/09/1999","08/12/1999","11/12/1999","98.776","No","","","No","","08/12/1999","$8,000,000,000","Yes","No","$11,804,839,000"
"912795DG3","Bill","26-Week","08/09/1999","08/12/1999","02/10/2000","97.515","No","","","No","","08/12/1999","$8,000,000,000","No","No","$12,289,063,000"
"912795CU3","Bill","13-Week","08/02/1999","08/05/1999","11/04/1999","98.813","No","","","No","","08/05/1999","$8,000,000,000","Yes","No","$12,392,414,000"
"912795DF5","Bill","26-Week","08/02/1999","08/05/1999","02/03/2000","97.599","No","","","No","","08/05/1999","$8,000,000,000","Yes","No","$12,470,298,000"
"9128275L2","Note","2-Year","07/28/1999","08/02/1999","07/31/2001","99.917","No","","","No","5.500%","07/31/1999","$15,000,000,000","No","No","$20,510,933,000"
"912795CT6","Bill","13-Week","07/26/1999","07/29/1999","10/28/1999","98.854","No","","","No","","07/29/1999","$7,500,000,000","Yes","No","$11,213,770,000"
"912795DE8","Bill","26-Week","07/26/1999","07/29/1999","01/27/2000","97.715","No","","","No","","07/29/1999","$7,500,000,000","No","No","$11,540,202,000"
"912795ED9","Bill","52-Week","07/20/1999","07/22/1999","07/20/2000","95.238","No","","","No","","07/22/1999","$10,000,000,000","No","No","$15,368,822,000"
"912795CS8","Bill","13-Week","07/19/1999","07/22/1999","10/21/1999","98.857","No","","","No","","07/22/1999","$7,500,000,000","Yes","No","$11,269,693,000"
"912795DD0","Bill","26-Week","07/19/1999","07/22/1999","01/20/2000","97.730","No","","","No","","07/22/1999","$7,500,000,000","No","No","$11,642,238,000"
"912795CC3","Bill","13-Week","07/12/1999","07/15/1999","10/14/1999","98.837","No","","","No","","07/15/1999","$7,500,000,000","Yes","No","$11,353,634,000"
"912795DC2","Bill","26-Week","07/12/1999","07/15/1999","01/13/2000","97.705","No","","","No","","07/15/1999","$7,500,000,000","No","No","$12,523,771,000"
"9128274Y5","Note","9-Year 6-Month","07/07/1999","07/15/1999","01/15/2009","100.033","No","","","No","3.875%","","$7,000,000,000","Yes","Yes","$7,368,472,000"
"912795CR0","Bill","13-Week","07/06/1999","07/08/1999","10/07/1999","98.840","No","","","No","","07/08/1999","$7,500,000,000","Yes","No","$10,959,483,000"
"912795DB4","Bill","26-Week","07/06/1999","07/08/1999","01/06/2000","97.680","No","","","No","","07/08/1999","$7,500,000,000","Yes","No","$12,168,429,000"
"912795CQ2","Bill","13-Week","06/28/1999","07/01/1999","09/30/1999","98.799","No","","","No","","07/01/1999","$7,500,000,000","Yes","No","$11,277,691,000"
"912795DA6","Bill","26-Week","06/28/1999","07/01/1999","12/30/1999","97.492","No","","","No","","07/01/1999","$7,500,000,000","No","No","$12,604,215,000"
"9128275J7","Note","2-Year","06/23/1999","06/30/1999","06/30/2001","99.993","No","","","No","5.750%","06/30/1999","$15,000,000,000","No","No","$18,985,769,000"
"912795EB3","Bill","52-Week","06/22/1999","06/24/1999","06/22/2000","95.056","No","","","No","","06/24/1999","$10,000,000,000","No","No","$14,848,638,000"
"912795CP4","Bill","13-Week","06/21/1999","06/24/1999","09/23/1999","98.835","No","","","No","","06/24/1999","$7,500,000,000","Yes","No","$10,885,290,000"
"912795CZ2","Bill","26-Week","06/21/1999","06/24/1999","12/23/1999","97.548","No","","","No","","06/24/1999","$7,500,000,000","No","No","$11,067,840,000"
"912795CB5","Bill","13-Week","06/14/1999","06/17/1999","09/16/1999","98.832","No","","","No","","06/17/1999","$7,500,000,000","Yes","No","$11,605,229,000"
"912795CY5","Bill","26-Week","06/14/1999","06/17/1999","12/16/1999","97.546","No","","","No","","06/17/1999","$7,500,000,000","No","No","$11,589,255,000"
"912795CN9","Bill","13-Week","06/07/1999","06/10/1999","09/09/1999","98.860","No","","","No","","06/10/1999","$7,500,000,000","Yes","No","$11,571,380,000"
"912795CE9","Bill","26-Week","06/07/1999","06/10/1999","12/09/1999","97.594","No","","","No","","06/10/1999","$7,500,000,000","Yes","No","$11,481,479,000"
"912795GV7","Bill","12-Day","06/02/1999","06/03/1999","06/15/1999","99.843","Yes","","","No","","","$20,000,000,000","Yes","No","$20,006,850,000"
"912795CM1","Bill","13-Week","06/01/1999","06/03/1999","09/02/1999","98.832","No","","","No","","06/03/1999","$7,500,000,000","Yes","No","$11,604,130,000"
"912795CX7","Bill","26-Week","06/01/1999","06/03/1999","12/02/1999","97.599","No","","","No","","06/03/1999","$7,500,000,000","No","No","$11,650,558,000"
"912795GV7","Bill","14-Day","05/27/1999","06/01/1999","06/15/1999","99.816","Yes","","","No","","","$11,000,000,000","No","No","$11,029,682,000"
"9128275H1","Note","2-Year","05/26/1999","06/01/1999","05/31/2001","99.878","No","","","No","5.250%","05/31/1999","$15,000,000,000","No","No","$19,869,692,000"
"912795DX6","Bill","52-Week","05/25/1999","05/27/1999","05/25/2000","95.319","No","","","No","","05/27/1999","$10,000,000,000","No","No","$15,288,078,000"
"912795CL3","Bill","13-Week","05/24/1999","05/27/1999","08/26/1999","98.864","No","","","No","","05/27/1999","$7,500,000,000","Yes","No","$11,487,522,000"
"912795CW9","Bill","26-Week","05/24/1999","05/27/1999","11/26/1999","97.677","No","","","No","","05/27/1999","$7,500,000,000","No","No","$11,553,737,000"
"912795CA7","Bill","13-Week","05/17/1999","05/20/1999","08/19/1999","98.845","No","","","No","","05/20/1999","$7,500,000,000","Yes","No","$11,592,612,000"
"912795CV1","Bill","26-Week","05/17/1999","05/20/1999","11/18/1999","97.659","No","","","No","","05/20/1999","$7,500,000,000","No","No","$11,902,370,000"
"9128275G3","Note","10-Year","05/12/1999","05/17/1999","05/15/2009","99.923","No","","","No","5.500%","05/15/1999","$12,000,000,000","No","No","$14,798,359,000"
"9128275F5","Note","5-Year","05/11/1999","05/17/1999","05/15/2004","99.493","No","","","No","5.250%","05/15/1999","$15,000,000,000","No","No","$18,912,293,000"
"912795CK5","Bill","13-Week","05/10/1999","05/13/1999","08/12/1999","98.868","No","","","No","","05/13/1999","$7,500,000,000","Yes","No","$11,348,255,000"
"912795CD1","Bill","26-Week","05/10/1999","05/13/1999","11/12/1999","97.707","No","","","No","","05/13/1999","$7,500,000,000","Yes","No","$11,317,304,000"
"912795CJ8","Bill","13-Week","05/03/1999","05/06/1999","08/05/1999","98.868","No","","","No","","05/06/1999","$7,500,000,000","Yes","No","$12,075,580,000"
"912795CU3","Bill","26-Week","05/03/1999","05/06/1999","11/04/1999","97.728","No","","","No","","05/06/1999","$7,500,000,000","No","No","$11,599,908,000"
"9128275E8","Note","2-Year","04/28/1999","04/30/1999","04/30/2001","99.968","No","","","No","5.000%","04/30/1999","$15,000,000,000","No","No","$21,027,026,000"
"912795DT5","Bill","52-Week","04/27/1999","04/29/1999","04/27/2000","95.460","No","","","No","","04/29/1999","$10,000,000,000","No","No","$15,017,148,000"
"912795CH2","Bill","13-Week","04/26/1999","04/29/1999","07/29/1999","98.904","No","","","No","","04/29/1999","$7,500,000,000","Yes","No","$11,320,625,000"
"912795CT6","Bill","26-Week","04/26/1999","04/29/1999","10/28/1999","97.771","No","","","No","","04/29/1999","$7,500,000,000","No","No","$11,570,708,000"
"912795EQ0","Bill","1-Day","04/22/1999","04/22/1999","04/23/1999","99.987","Yes","","","No","","","$8,000,000,000","No","No","$8,020,000,000"
"912795BZ3","Bill","13-Week","04/19/1999","04/22/1999","07/22/1999","98.931","No","","","No","","04/22/1999","$7,500,000,000","Yes","No","$11,306,177,000"
"912795CS8","Bill","26-Week","04/19/1999","04/22/1999","10/21/1999","97.791","No","","","No","","04/22/1999","$7,500,000,000","No","No","$11,160,593,000"
"912795CG4","Bill","13-Week","04/12/1999","04/15/1999","07/15/1999","98.941","No","","","No","","04/15/1999","$6,500,000,000","Yes","No","$10,268,178,000"
"912795CC3","Bill","26-Week","04/12/1999","04/15/1999","10/14/1999","97.816","No","","","No","","04/15/1999","$7,500,000,000","Yes","No","$11,824,899,000"
"912810FH6","Bond","30-Year","04/07/1999","04/15/1999","04/15/2029","99.578","No","","","No","3.875%","","$7,000,000,000","No","Yes","$7,350,408,000"
"912795CF6","Bill","13-Week","04/05/1999","04/08/1999","07/08/1999","98.922","No","","","No","","04/08/1999","$6,500,000,000","Yes","No","$10,259,876,000"
"912795CR0","Bill","26-Week","04/05/1999","04/08/1999","10/07/1999","97.803","No","","","No","","04/08/1999","$7,500,000,000","No","No","$11,497,026,000"
"912795BH3","Bill","14-Day","03/31/1999","04/01/1999","04/15/1999","99.811","Yes","","","No","","","$26,000,000,000","Yes","No","$26,023,709,000"
"912795DP3","Bill","52-Week","03/30/1999","04/01/1999","03/30/2000","95.455","No","","","No","","04/01/1999","$10,000,000,000","No","No","$15,884,229,000"
"912795EP2","Bill","19-Day","03/30/1999","03/31/1999","04/19/1999","99.745","Yes","","","No","","","$20,000,000,000","No","No","$20,025,000,000"
"912795BR1","Bill","13-Week","03/29/1999","04/01/1999","07/01/1999","98.893","No","","","No","","04/01/1999","$6,500,000,000","Yes","No","$10,173,426,000"
"912795CQ2","Bill","26-Week","03/29/1999","04/01/1999","09/30/1999","97.806","No","","","No","","04/01/1999","$7,500,000,000","No","No","$11,639,514,000"
"9128275D0","Note","2-Year","03/24/1999","03/31/1999","03/31/2001","99.774","No","","","No","4.875%","03/31/1999","$15,000,000,000","No","No","$21,587,982,000"
"912795BY6","Bill","13-Week","03/22/1999","03/25/1999","06/24/1999","98.894","No","","","No","","03/25/1999","$6,500,000,000","Yes","No","$9,943,555,000"
"912795CP4","Bill","26-Week","03/22/1999","03/25/1999","09/23/1999","97.765","No","","","No","","03/25/1999","$7,500,000,000","No","No","$11,075,503,000"
"912795BQ3","Bill","13-Week","03/15/1999","03/18/1999","06/17/1999","98.870","No","","","No","","03/18/1999","$7,500,000,000","Yes","No","$11,582,566,000"
"912795CB5","Bill","26-Week","03/15/1999","03/18/1999","09/16/1999","97.710","No","","","No","","03/18/1999","$7,500,000,000","Yes","No","$11,104,213,000"
"912795BP5","Bill","13-Week","03/08/1999","03/11/1999","06/10/1999","98.860","No","","","No","","03/11/1999","$7,500,000,000","Yes","No","$11,526,860,000"
"912795CN9","Bill","26-Week","03/08/1999","03/11/1999","09/09/1999","97.705","No","","","No","","03/11/1999","$7,500,000,000","No","No","$11,585,509,000"
"912795DK4","Bill","52-Week","03/02/1999","03/04/1999","03/02/2000","95.283","No","","","No","","03/04/1999","$10,000,000,000","No","No","$15,344,591,000"
"912795EN7","Bill","12-Day","03/02/1999","03/03/1999","03/15/1999","99.840","Yes","","","No","","","$19,000,000,000","No","No","$19,041,000,000"
"912795BN0","Bill","13-Week","03/01/1999","03/04/1999","06/03/1999","98.845","No","","","No","","03/04/1999","$7,500,000,000","Yes","No","$11,705,869,000"
"912795CM1","Bill","26-Week","03/01/1999","03/04/1999","09/02/1999","97.682","No","","","No","","03/04/1999","$7,500,000,000","No","No","$11,504,226,000"
"912795BJ9","Bill","52-Day","02/25/1999","03/01/1999","04/22/1999","99.315","Yes","","","No","","","$42,000,000,000","Yes","No","$42,000,425,000"
"9128275C2","Note","2-Year","02/24/1999","03/01/1999","02/28/2001","99.983","No","","","No","5.000%","02/28/1999","$15,000,000,000","No","No","$19,575,998,000"
"912795BX8","Bill","13-Week","02/22/1999","02/25/1999","05/27/1999","98.855","No","","","No","","02/25/1999","$7,500,000,000","Yes","No","$11,425,783,000"
"912795CL3","Bill","26-Week","02/22/1999","02/25/1999","08/26/1999","97.760","No","","","No","","02/25/1999","$7,500,000,000","No","No","$11,410,231,000"
"912795BM2","Bill","13-Week","02/16/1999","02/18/1999","05/20/1999","98.878","No","","","No","","02/18/1999","$7,500,000,000","Yes","No","$11,650,048,000"
"912795CA7","Bill","26-Week","02/16/1999","02/18/1999","08/19/1999","97.740","No","","","No","","02/18/1999","$7,500,000,000","Yes","No","$11,154,945,000"
"912795BJ9","Bill","65-Day","02/11/1999","02/16/1999","04/22/1999","99.191","Yes","","","No","","","$8,000,000,000","Yes","No","$8,027,500,000"
"912810FG8","Bond","30-Year","02/11/1999","02/16/1999","02/15/2029","99.282","No","","","No","5.250%","02/15/1999","$10,000,000,000","No","No","$11,349,444,000"
"9128274V1","Note","9-Year 9-Month","02/10/1999","02/16/1999","11/15/2008","98.735","No","","","No","4.750%","02/15/1999","$10,000,000,000","Yes","No","$11,592,934,000"
"9128275A6","Note","5-Year","02/09/1999","02/16/1999","02/15/2004","99.925","No","","","No","4.750%","02/15/1999","$15,000,000,000","No","No","$17,815,315,000"
"912795BL4","Bill","13-Week","02/08/1999","02/11/1999","05/13/1999","98.883","No","","","No","","02/11/1999","$7,500,000,000","Yes","No","$11,445,925,000"
"912795CK5","Bill","26-Week","02/08/1999","02/11/1999","08/12/1999","97.765","No","","","No","","02/11/1999","$7,500,000,000","No","No","$11,623,303,000"
"912795DF5","Bill","52-Week","02/02/1999","02/04/1999","02/03/2000","95.581","No","","","No","","02/04/1999","$10,000,000,000","No","No","$15,401,445,000"
"912795BK6","Bill","13-Week","02/01/1999","02/04/1999","05/06/1999","98.888","No","","","No","","02/04/1999","$7,500,000,000","Yes","No","$12,162,261,000"
"912795CJ8","Bill","26-Week","02/01/1999","02/04/1999","08/05/1999","97.781","No","","","No","","02/04/1999","$7,500,000,000","No","No","$12,802,076,000"
"9128274Z2","Note","2-Year","01/27/1999","02/01/1999","01/31/2001","99.858","No","","","No","4.500%","01/31/1999","$15,000,000,000","No","No","$19,772,324,000"
"912795BW0","Bill","13-Week","01/25/1999","01/28/1999","04/29/1999","98.912","No","","","No","","01/28/1999","$7,500,000,000","Yes","No","$11,280,922,000"
"912795CH2","Bill","26-Week","01/25/1999","01/28/1999","07/29/1999","97.836","No","","","No","","01/28/1999","$7,500,000,000","No","No","$11,074,043,000"
"912795BJ9","Bill","13-Week","01/19/1999","01/21/1999","04/22/1999","98.918","No","","","No","","01/21/1999","$7,500,000,000","Yes","No","$11,256,075,000"
"912795BZ3","Bill","26-Week","01/19/1999","01/21/1999","07/22/1999","97.821","No","","","No","","01/21/1999","$7,500,000,000","Yes","No","$10,813,516,000"
"912795BH3","Bill","13-Week","01/11/1999","01/14/1999","04/15/1999","98.890","No","","","No","","01/14/1999","$7,500,000,000","Yes","No","$11,506,483,000"
"912795CG4","Bill","26-Week","01/11/1999","01/14/1999","07/15/1999","97.773","No","","","No","","01/14/1999","$7,500,000,000","No","No","$11,565,132,000"
"9128274Y5","Note","10-Year","01/06/1999","01/15/1999","01/15/2009","99.811","No","","","No","3.875%","","$8,000,000,000","No","Yes","$8,530,979,000"
"912795DB4","Bill","52-Week","01/05/1999","01/07/1999","01/06/2000","95.617","No","","","No","","01/07/1999","$10,000,000,000","No","No","$15,841,662,000"
"912795BG5","Bill","13-Week","01/04/1999","01/07/1999","04/08/1999","98.893","No","","","No","","01/07/1999","$7,500,000,000","Yes","No","$11,620,494,000"
"912795CF6","Bill","26-Week","01/04/1999","01/07/1999","07/08/1999","97.765","No","","","No","","01/07/1999","$7,500,000,000","No","No","$11,359,303,000"
"9128274X7","Note","2-Year","12/29/1998","12/31/1998","12/31/2000","99.877","No","","","No","4.625%","12/31/1998","$15,000,000,000","No","No","$19,466,121,000"
"912795BV2","Bill","13-Week","12/28/1998","12/31/1998","04/01/1999","98.857","No","","","No","","12/31/1998","$7,500,000,000","Yes","No","$11,469,964,000"
"912795BR1","Bill","26-Week","12/28/1998","12/31/1998","07/01/1999","97.712","No","","","No","","12/31/1998","$7,500,000,000","No","No","$11,051,287,000"
"912795BF7","Bill","13-Week","12/21/1998","12/24/1998","03/25/1999","98.878","No","","","No","","12/24/1998","$7,500,000,000","Yes","No","$11,191,314,000"
"912795BY6","Bill","26-Week","12/21/1998","12/24/1998","06/24/1999","97.755","No","","","No","","12/24/1998","$7,500,000,000","Yes","No","$10,549,004,000"
"912795BE0","Bill","13-Week","12/14/1998","12/17/1998","03/18/1999","98.892","No","","","No","","12/17/1998","$8,000,000,000","Yes","No","$11,464,387,000"
"912795BQ3","Bill","26-Week","12/14/1998","12/17/1998","06/17/1999","97.781","No","","","No","","12/17/1998","$8,000,000,000","No","No","$12,112,229,000"
"912795CE9","Bill","52-Week","12/08/1998","12/10/1998","12/09/1999","95.647","No","","","No","","12/10/1998","$11,000,000,000","No","No","$16,363,843,000"
"912795BD2","Bill","13-Week","12/07/1998","12/10/1998","03/11/1999","98.908","No","","","No","","12/10/1998","$8,000,000,000","Yes","No","$12,010,855,000"
"912795BP5","Bill","26-Week","12/07/1998","12/10/1998","06/10/1999","97.788","No","","","No","","12/10/1998","$8,000,000,000","No","No","$12,602,719,000"
"912795BU4","Bill","13-Week","11/30/1998","12/03/1998","03/04/1999","98.879","No","","","No","","12/03/1998","$8,000,000,000","Yes","No","$11,085,094,000"
"912795BN0","Bill","26-Week","11/30/1998","12/03/1998","06/03/1999","97.771","No","","","No","","12/03/1998","$8,000,000,000","No","No","$11,854,312,000"
"912795EM9","Bill","14-Day","11/30/1998","12/01/1998","12/15/1998","99.811","Yes","","","No","","","$23,000,000,000","No","No","$23,012,050,000"
"9128274W9","Note","2-Year","11/24/1998","11/30/1998","11/30/2000","99.992","No","","","No","4.625%","11/30/1998","$16,000,000,000","No","No","$20,146,545,000"
"912795BC4","Bill","13-Week","11/23/1998","11/27/1998","02/25/1999","98.888","No","","","No","","11/27/1998","$8,000,000,000","Yes","No","$11,663,765,000"
"912795BX8","Bill","26-Week","11/23/1998","11/27/1998","05/27/1999","97.773","No","","","No","","11/27/1998","$8,000,000,000","Yes","No","$11,601,528,000"
"912795BB6","Bill","13-Week","11/16/1998","11/19/1998","02/18/1999","98.888","No","","","No","","11/19/1998","$8,000,000,000","Yes","No","$11,607,309,000"
"912795BM2","Bill","26-Week","11/16/1998","11/19/1998","05/20/1999","97.760","No","","","No","","11/19/1998","$8,000,000,000","No","No","$11,863,868,000"
"912795BA8","Bill","13-Week","11/09/1998","11/12/1998","02/11/1999","98.870","No","","","No","","11/12/1998","$8,000,000,000","Yes","No","$11,954,196,000"
"912795BL4","Bill","26-Week","11/09/1998","11/12/1998","05/13/1999","97.725","No","","","No","","11/12/1998","$8,000,000,000","No","No","$11,810,743,000"
"912795CD1","Bill","52-Week","11/09/1998","11/12/1998","11/12/1999","95.539","No","","","No","","11/12/1998","$11,000,000,000","No","No","$16,241,229,000"
"912810FF0","Bond","30-Year","11/05/1998","11/16/1998","11/15/2028","99.253","No","","","No","5.250%","11/15/1998","$10,000,000,000","No","No","$10,946,164,000"
"9128274V1","Note","10-Year","11/04/1998","11/16/1998","11/15/2008","99.410","No","","","No","4.750%","11/15/1998","$12,000,000,000","No","No","$13,485,708,000"
"9128274U3","Note","5-Year","11/03/1998","11/16/1998","11/15/2003","99.599","No","","","No","4.250%","11/15/1998","$16,000,000,000","No","No","$18,619,933,000"
"912795BT7","Bill","13-Week","11/02/1998","11/05/1998","02/04/1999","98.881","No","","","No","","11/05/1998","$8,000,000,000","Yes","No","$11,390,402,000"
"912795BK6","Bill","26-Week","11/02/1998","11/05/1998","05/06/1999","97.796","No","","","No","","11/05/1998","$8,000,000,000","No","No","$12,245,634,000"
"912795AY7","Bill","79-Day","11/02/1998","11/03/1998","01/21/1999","98.975","Yes","","","No","","","$25,000,000,000","Yes","No","$25,000,370,000"
"9128274T6","Note","2-Year","10/28/1998","11/02/1998","10/31/2000","99.952","No","","","No","4.000%","10/31/1998","$16,000,000,000","No","No","$20,514,660,000"
"912795AZ4","Bill","13-Week","10/26/1998","10/29/1998","01/28/1999","","No","","","No","","10/29/1998","$8,000,000,000","Yes","No","$11,581,371,000"
"912795BW0","Bill","26-Week","10/26/1998","10/29/1998","04/29/1999","","No","","","No","","10/29/1998","$8,000,000,000","Yes","No","$11,276,047,000"
"912795AY7","Bill","13-Week","10/19/1998","10/22/1998","01/21/1999","","No","","","No","","10/22/1998","$8,000,000,000","Yes","No","$11,228,838,000"
"912795BJ9","Bill","26-Week","10/19/1998","10/22/1998","04/22/1999","","No","","","No","","10/22/1998","$8,000,000,000","No","No","$11,696,397,000"
"912795AX9","Bill","13-Week","10/13/1998","10/15/1998","01/14/1999","","No","","","No","","10/15/1998","$8,000,000,000","Yes","No","$11,959,954,000"
"912795BH3","Bill","26-Week","10/13/1998","10/15/1998","04/15/1999","","No","","","No","","10/15/1998","$8,000,000,000","No","No","$12,180,385,000"
"912795CC3","Bill","52-Week","10/13/1998","10/15/1998","10/14/1999","","No","","","No","","10/15/1998","$11,000,000,000","No","No","$16,654,384,000"
"9128273T7","Note","9-Year 3-Month","10/07/1998","10/15/1998","01/15/2008","100.869","No","","","No","3.625%","","$8,000,000,000","Yes","Yes","$8,400,538,000"
"912795BS9","Bill","13-Week","10/05/1998","10/08/1998","01/07/1999","","No","","","No","","10/08/1998","$8,000,000,000","Yes","No","$10,928,661,000"
"912795BG5","Bill","26-Week","10/05/1998","10/08/1998","04/08/1999","","No","","","No","","10/08/1998","$8,000,000,000","No","No","$11,647,353,000"
"912795AW1","Bill","13-Week","09/28/1998","10/01/1998","12/31/1998","","No","","","No","","10/01/1998","$8,000,000,000","Yes","No","$11,843,656,000"
"912795BV2","Bill","26-Week","09/28/1998","10/01/1998","04/01/1999","","No","","","No","","10/01/1998","$8,000,000,000","Yes","No","$11,242,061,000"
"9128274R0","Note","2-Year","09/23/1998","09/30/1998","09/30/2000","99.783","No","","","No","4.500%","09/30/1998","$15,000,000,000","No","No","$19,244,412,000"
"912795AV3","Bill","13-Week","09/21/1998","09/24/1998","12/24/1998","","No","","","No","","09/24/1998","$8,000,000,000","Yes","No","$11,134,088,000"
"912795BF7","Bill","26-Week","09/21/1998","09/24/1998","03/25/1999","","No","","","No","","09/24/1998","$8,000,000,000","No","No","$11,280,987,000"
"912795CB5","Bill","52-Week","09/15/1998","09/17/1998","09/16/1999","","No","","","No","","09/17/1998","$10,000,000,000","No","No","$15,424,871,000"
"912795AU5","Bill","13-Week","09/14/1998","09/17/1998","12/17/1998","","No","","","No","","09/17/1998","$5,750,000,000","Yes","No","$9,288,075,000"
"912795BE0","Bill","26-Week","09/14/1998","09/17/1998","03/18/1999","","No","","","No","","09/17/1998","$7,250,000,000","No","No","$11,354,485,000"
"9127945C4","Bill","13-Week","09/08/1998","09/10/1998","12/10/1998","","No","","","No","","09/10/1998","$5,750,000,000","Yes","No","$9,024,171,000"
"912795BD2","Bill","26-Week","09/08/1998","09/10/1998","03/11/1999","","No","","","No","","09/10/1998","$7,250,000,000","No","No","$11,294,684,000"
"912795AT8","Bill","13-Week","08/31/1998","09/03/1998","12/03/1998","","No","","","No","","09/03/1998","$5,750,000,000","Yes","No","$8,873,381,000"
"912795BU4","Bill","26-Week","08/31/1998","09/03/1998","03/04/1999","","No","","","No","","09/03/1998","$7,250,000,000","Yes","No","$11,664,253,000"
"912795EL1","Bill","15-Day","08/27/1998","08/31/1998","09/15/1998","","Yes","","","No","","","$40,000,000,000","No","No","$40,010,000,000"
"9128274Q2","Note","2-Year","08/26/1998","08/31/1998","08/31/2000","100.000","No","","","No","5.125%","08/31/1998","$15,000,000,000","No","No","$20,000,505,000"
"912795AS0","Bill","13-Week","08/24/1998","08/27/1998","11/27/1998","","No","","","No","","08/27/1998","$5,750,000,000","Yes","No","$9,036,273,000"
"912795BC4","Bill","26-Week","08/24/1998","08/27/1998","02/25/1999","","No","","","No","","08/27/1998","$7,250,000,000","No","No","$11,278,967,000"
"912795CA7","Bill","52-Week","08/18/1998","08/20/1998","08/19/1999","","No","","","No","","08/20/1998","$10,000,000,000","No","No","$15,743,199,000"
"912795AR2","Bill","13-Week","08/17/1998","08/20/1998","11/19/1998","","No","","","No","","08/20/1998","$5,750,000,000","Yes","No","$9,525,978,000"
"912795BB6","Bill","26-Week","08/17/1998","08/20/1998","02/18/1999","","No","","","No","","08/20/1998","$7,250,000,000","No","No","$11,840,019,000"
"912810FE3","Bond","30-Year","08/13/1998","08/17/1998","08/15/2028","","No","","","No","5.500%","08/15/1998","$10,000,000,000","No","No","$11,775,053,000"
"9128274F6","Note","9-Year 9-Month","08/12/1998","08/17/1998","05/15/2008","","No","","","No","5.625%","08/15/1998","$11,000,000,000","Yes","No","$12,414,466,000"
"9128274N9","Note","5-Year","08/11/1998","08/17/1998","08/15/2003","99.665","No","","","No","5.250%","08/15/1998","$16,000,000,000","No","No","$19,834,766,000"
"9127945B6","Bill","13-Week","08/10/1998","08/13/1998","11/12/1998","","No","","","No","","08/13/1998","$5,750,000,000","Yes","No","$8,807,771,000"
"912795BA8","Bill","26-Week","08/10/1998","08/13/1998","02/11/1999","","No","","","No","","08/13/1998","$7,250,000,000","No","No","$11,434,011,000"
"912795AQ4","Bill","13-Week","08/03/1998","08/06/1998","11/05/1998","","No","","","No","","08/06/1998","$5,750,000,000","Yes","No","$9,114,950,000"
"912795BT7","Bill","26-Week","08/03/1998","08/06/1998","02/04/1999","","No","","","No","","08/06/1998","$7,250,000,000","Yes","No","$11,940,627,000"
"9128274M1","Note","2-Year","07/29/1998","07/31/1998","07/31/2000","99.813","No","","","No","5.375%","07/31/1998","$15,000,000,000","No","No","$18,642,381,000"