"CUSIP","Security Type","Security Term","Auction Date","Issue Date","Maturity Date","Price per $100","Cash Management Bill (CMB)","Currently Outstanding","Estimated Amount of Publicly Held Maturing Securities by Type","Floating Rate","Interest Rate","Maturing Date","Offering Amount","Reopening","TIPS","Total Accepted"
"912796VX4","Bill","8-Week","08/01/2019","08/06/2019","10/01/2019","99.673333","No","","$74,996,000,000","No","","08/06/2019","$35,000,000,000","No","No","$35,000,232,300"
"912796XK0","Bill","45-Day","08/01/2019","08/02/2019","09/16/2019","99.736250","Yes","","","No","","08/02/2019","$35,000,000,000","No","No","$35,000,221,000"
"912796SQ3","Bill","13-Week","07/29/2019","08/01/2019","10/31/2019","99.476750","No","$35,999,000,000","$78,001,000,000","No","","08/01/2019","$36,000,000,000","Yes","No","$36,000,343,600"
"912796RY7","Bill","26-Week","07/29/2019","08/01/2019","01/30/2020","98.971194","No","$26,000,000,000","$78,001,000,000","No","","08/01/2019","$36,000,000,000","Yes","No","$36,000,039,000"
"912828Y95","Note","7-Year","07/25/2019","07/31/2019","07/31/2026","99.401112","No","","$115,866,000,000","No","1.875%","07/31/2019","$32,000,000,000","No","No","$33,271,236,300"
"912796VS5","Bill","4-Week","07/25/2019","07/30/2019","08/27/2019","99.835889","No","$35,000,000,000","$74,993,000,000","No","","07/30/2019","$35,000,000,000","Yes","No","$35,000,311,400"
"912796VW6","Bill","8-Week","07/25/2019","07/30/2019","09/24/2019","99.667111","No","","$74,993,000,000","No","","07/30/2019","$35,000,000,000","No","No","$35,000,164,700"
"9128287G9","Note","2-Year","07/24/2019","07/31/2019","07/31/2021","100.000000","No","","$115,866,000,000","Yes","","07/31/2019","$20,000,000,000","No","No","$20,794,664,700"
"912828Y87","Note","5-Year","07/24/2019","07/31/2019","07/31/2024","99.647902","No","","$115,866,000,000","No","1.750%","07/31/2019","$41,000,000,000","No","No","$42,628,824,700"
"9128287F1","Note","2-Year","07/23/2019","07/31/2019","07/31/2021","99.853360","No","","$115,866,000,000","No","1.750%","07/31/2019","$40,000,000,000","No","No","$41,589,175,600"
"912796SP5","Bill","13-Week","07/22/2019","07/25/2019","10/24/2019","99.484333","No","$36,000,000,000","$81,007,000,000","No","","07/25/2019","$36,000,000,000","Yes","No","$36,000,159,700"
"912796TC3","Bill","26-Week","07/22/2019","07/25/2019","01/23/2020","98.983833","No","","$81,007,000,000","No","","07/25/2019","$36,000,000,000","No","No","$36,000,498,800"
"9128287D6","Note","10-Year","07/18/2019","07/31/2019","07/15/2029","99.795681","No","","$115,866,000,000","No","0.250%","07/31/2019","$14,000,000,000","No","Yes","$14,556,159,100"
"912796VR7","Bill","4-Week","07/18/2019","07/23/2019","08/20/2019","99.837444","No","$35,002,000,000","$74,998,000,000","No","","07/23/2019","$35,000,000,000","Yes","No","$35,000,102,600"
"912796VV8","Bill","8-Week","07/18/2019","07/23/2019","09/17/2019","99.670222","No","","$74,998,000,000","No","","07/23/2019","$35,000,000,000","No","No","$35,000,082,900"
"912796SZ3","Bill","52-Week","07/16/2019","07/18/2019","07/16/2020","98.063722","No","","$104,009,000,000","No","","07/18/2019","$26,000,000,000","No","No","$26,000,053,100"
"912796SN0","Bill","13-Week","07/15/2019","07/18/2019","10/17/2019","99.465375","No","$36,000,000,000","$104,009,000,000","No","","07/18/2019","$36,000,000,000","Yes","No","$36,000,094,100"
"912796TB5","Bill","26-Week","07/15/2019","07/18/2019","01/16/2020","98.983833","No","","$104,009,000,000","No","","07/18/2019","$36,000,000,000","No","No","$36,000,377,600"
"912796VQ9","Bill","4-Week","07/11/2019","07/16/2019","08/13/2019","99.833944","No","$35,000,000,000","$74,991,000,000","No","","07/16/2019","$35,000,000,000","Yes","No","$35,000,277,500"
"912796VU0","Bill","8-Week","07/11/2019","07/16/2019","09/10/2019","99.668667","No","","$74,991,000,000","No","","07/16/2019","$35,000,000,000","No","No","$35,000,130,100"
"912810SH2","Bond","29-Year 10-Month","07/11/2019","07/15/2019","05/15/2049","104.742265","No","$41,472,000,000","$41,549,000,000","No","2.875%","07/15/2019","$16,000,000,000","Yes","No","$16,136,224,700"
"9128286T2","Note","9-Year 10-Month","07/10/2019","07/15/2019","05/15/2029","102.752671","No","$60,223,000,000","$41,549,000,000","No","2.375%","07/15/2019","$24,000,000,000","Yes","No","$24,204,348,800"
"9128287C8","Note","3-Year","07/09/2019","07/15/2019","07/15/2022","99.689179","No","","$41,549,000,000","No","1.750%","07/15/2019","$38,000,000,000","No","No","$38,323,614,100"
"912796RF8","Bill","13-Week","07/08/2019","07/11/2019","10/10/2019","99.441361","No","$61,995,000,000","$77,986,000,000","No","","07/11/2019","$36,000,000,000","Yes","No","$36,000,193,600"
"912796TA7","Bill","26-Week","07/08/2019","07/11/2019","01/09/2020","98.950972","No","","$77,986,000,000","No","","07/11/2019","$36,000,000,000","No","No","$36,000,328,700"
"912796VP1","Bill","4-Week","07/03/2019","07/09/2019","08/06/2019","99.828111","No","$35,003,000,000","$74,999,000,000","No","","07/09/2019","$40,000,000,000","Yes","No","$40,000,065,500"
"912796VT3","Bill","8-Week","07/03/2019","07/09/2019","09/03/2019","99.664778","No","","$74,999,000,000","No","","07/09/2019","$35,000,000,000","No","No","$35,000,109,700"
"912796SL4","Bill","13-Week","07/01/2019","07/05/2019","10/03/2019","99.463750","No","$39,002,000,000","$80,999,000,000","No","","07/05/2019","$36,000,000,000","Yes","No","$36,000,062,700"
"912796RT8","Bill","26-Week","07/01/2019","07/05/2019","01/02/2020","98.974333","No","$26,000,000,000","$80,999,000,000","No","","07/05/2019","$36,000,000,000","Yes","No","$36,000,119,200"
"912796VN6","Bill","4-Week","06/27/2019","07/02/2019","07/30/2019","99.833167","No","$35,000,000,000","$74,996,000,000","No","","07/02/2019","$40,000,000,000","Yes","No","$40,000,046,500"
"912796VS5","Bill","8-Week","06/27/2019","07/02/2019","08/27/2019","99.670222","No","","$74,996,000,000","No","","07/02/2019","$35,000,000,000","No","No","$35,000,366,300"
"9128287B0","Note","7-Year","06/27/2019","07/01/2019","06/30/2026","99.908592","No","","$71,993,000,000","No","1.875%","06/30/2019","$32,000,000,000","No","No","$33,830,122,200"
"9128286Z8","Note","5-Year","06/26/2019","07/01/2019","06/30/2024","99.804805","No","","$71,993,000,000","No","1.750%","06/30/2019","$41,000,000,000","No","No","$43,344,827,600"
"9128286Q8","Note","1-Year 10-Month","06/26/2019","06/28/2019","04/30/2021","99.869789","No","$40,145,000,000","$0","Yes","","06/28/2019","$18,000,000,000","Yes","No","$18,000,075,100"
"9128287A2","Note","2-Year","06/25/2019","07/01/2019","06/30/2021","99.863062","No","","$71,993,000,000","No","1.625%","06/30/2019","$40,000,000,000","No","No","$42,287,660,200"
"912796SK6","Bill","13-Week","06/24/2019","06/27/2019","09/26/2019","99.472958","No","$38,999,000,000","$84,006,000,000","No","","06/27/2019","$36,000,000,000","Yes","No","$36,000,050,400"
"912796SY6","Bill","26-Week","06/24/2019","06/27/2019","12/26/2019","98.973722","No","","$84,006,000,000","No","","06/27/2019","$36,000,000,000","No","No","$36,000,306,800"
"9128286T2","Note","9-Year 11-Month","06/21/2019","06/26/2019","05/15/2029","102.757204","No","$60,198,000,000","$0","No","2.375%","06/15/2019","$25,000,000","Yes","No","$25,000,400"
"9128286N5","Note","4-Year 10-Month","06/20/2019","06/28/2019","04/15/2024","102.955042","No","$17,211,000,000","$0","No","0.500%","06/28/2019","$15,000,000,000","Yes","Yes","$15,000,001,500"
"912796VM8","Bill","4-Week","06/20/2019","06/25/2019","07/23/2019","99.833556","No","$35,000,000,000","$80,001,000,000","No","","06/25/2019","$40,000,000,000","Yes","No","$40,000,047,000"
"912796VR7","Bill","8-Week","06/20/2019","06/25/2019","08/20/2019","99.672556","No","","$80,001,000,000","No","","06/25/2019","$35,000,000,000","No","No","$35,000,535,200"
"912796SV2","Bill","52-Week","06/18/2019","06/20/2019","06/18/2020","97.992944","No","","$110,012,000,000","No","","06/20/2019","$26,000,000,000","No","No","$26,000,031,700"
"912796SJ9","Bill","13-Week","06/17/2019","06/20/2019","09/19/2019","99.451472","No","$39,000,000,000","$110,012,000,000","No","","06/20/2019","$36,000,000,000","Yes","No","$36,000,120,500"
"912796SX8","Bill","26-Week","06/17/2019","06/20/2019","12/19/2019","98.923167","No","","$110,012,000,000","No","","06/20/2019","$36,000,000,000","No","No","$36,000,025,100"
"912796VL0","Bill","4-Week","06/13/2019","06/18/2019","07/16/2019","99.827722","No","$35,000,000,000","$84,946,000,000","No","","06/18/2019","$40,000,000,000","Yes","No","$40,000,002,400"
"912796VQ9","Bill","8-Week","06/13/2019","06/18/2019","08/13/2019","99.657778","No","","$84,946,000,000","No","","06/18/2019","$35,000,000,000","No","No","$35,000,604,500"
"912810SH2","Bond","29-Year 11-Month","06/13/2019","06/17/2019","05/15/2049","105.539994","No","$25,472,000,000","$24,000,000,000","No","2.875%","06/15/2019","$16,000,000,000","Yes","No","$16,000,010,400"
"9128286T2","Note","9-Year 11-Month","06/12/2019","06/17/2019","05/15/2029","102.176713","No","$36,198,000,000","$24,000,000,000","No","2.375%","06/15/2019","$24,000,000,000","Yes","No","$24,000,002,600"
"9128286Y1","Note","3-Year","06/11/2019","06/17/2019","06/15/2022","99.678063","No","","$24,000,000,000","No","1.750%","06/15/2019","$38,000,000,000","No","No","$38,000,208,300"
"912796RA9","Bill","13-Week","06/10/2019","06/13/2019","09/12/2019","99.433778","No","$65,000,000,000","$104,002,000,000","No","","06/13/2019","$36,000,000,000","Yes","No","$36,000,004,300"
"912796SW0","Bill","26-Week","06/10/2019","06/13/2019","12/12/2019","98.918111","No","","$104,002,000,000","No","","06/13/2019","$36,000,000,000","No","No","$36,000,576,800"
"912796VK2","Bill","4-Week","06/06/2019","06/11/2019","07/09/2019","99.821889","No","$35,004,000,000","$84,984,000,000","No","","06/11/2019","$40,000,000,000","Yes","No","$40,002,734,800"
"912796VP1","Bill","8-Week","06/06/2019","06/11/2019","08/06/2019","99.642222","No","","$84,984,000,000","No","","06/11/2019","$35,000,000,000","No","No","$35,002,353,200"
"912796SG5","Bill","13-Week","06/03/2019","06/06/2019","09/05/2019","99.418611","No","$38,992,000,000","$84,003,000,000","No","","06/06/2019","$36,000,000,000","Yes","No","$36,000,070,100"
"912796RN1","Bill","26-Week","06/03/2019","06/06/2019","12/05/2019","98.859972","No","$25,999,000,000","$84,003,000,000","No","","06/06/2019","$36,000,000,000","Yes","No","$36,000,142,800"
"912796VJ5","Bill","4-Week","05/30/2019","06/04/2019","07/02/2019","99.818778","No","$34,999,000,000","$84,992,000,000","No","","06/04/2019","$40,000,000,000","Yes","No","$40,000,379,300"
"912796VN6","Bill","8-Week","05/30/2019","06/04/2019","07/30/2019","99.637556","No","","$84,992,000,000","No","","06/04/2019","$35,000,000,000","No","No","$35,000,527,500"
"9128286Q8","Note","1-Year 11-Month","05/29/2019","05/31/2019","04/30/2021","99.997198","No","$20,255,000,000","$73,083,000,000","Yes","","05/31/2019","$18,000,000,000","Yes","No","$19,890,932,700"
"9128286X3","Note","7-Year","05/29/2019","05/31/2019","05/31/2026","99.877109","No","","$73,083,000,000","No","2.125%","05/31/2019","$32,000,000,000","No","No","$35,361,557,000"
"9128286V7","Note","2-Year","05/28/2019","05/31/2019","05/31/2021","100.000000","No","","$73,083,000,000","No","2.125%","05/31/2019","$40,000,000,000","No","No","$44,201,927,600"
"912828XT2","Note","5-Year","05/28/2019","05/31/2019","05/31/2024","99.692719","No","","$73,083,000,000","No","2.000%","05/31/2019","$41,000,000,000","Yes","No","$45,307,118,300"
"912796SF7","Bill","13-Week","05/28/2019","05/30/2019","08/29/2019","99.416083","No","$39,005,000,000","$84,001,000,000","No","","05/30/2019","$36,000,000,000","Yes","No","$36,000,077,100"
"912796SU4","Bill","26-Week","05/28/2019","05/30/2019","11/29/2019","98.820667","No","","$84,001,000,000","No","","05/30/2019","$36,000,000,000","No","No","$36,000,213,000"
"9128285W6","Note","9-Year 8-Month","05/23/2019","05/31/2019","01/15/2029","103.554563","No","$24,000,000,000","$73,083,000,000","No","0.875%","05/31/2019","$11,000,000,000","Yes","Yes","$12,155,529,400"
"912796VH9","Bill","4-Week","05/23/2019","05/28/2019","06/25/2019","99.818389","No","$34,999,000,000","$84,994,000,000","No","","05/28/2019","$45,000,000,000","Yes","No","$45,000,177,500"
"912796VM8","Bill","8-Week","05/23/2019","05/28/2019","07/23/2019","99.637556","No","","$84,994,000,000","No","","05/28/2019","$35,000,000,000","No","No","$35,000,044,900"
"912796SR1","Bill","52-Week","05/21/2019","05/23/2019","05/21/2020","97.694667","No","","$107,002,000,000","No","","05/23/2019","$26,000,000,000","No","No","$26,000,117,000"
"912796SE0","Bill","13-Week","05/20/2019","05/23/2019","08/22/2019","99.409764","No","$39,004,000,000","$107,002,000,000","No","","05/23/2019","$36,000,000,000","Yes","No","$36,000,201,600"
"912796ST7","Bill","26-Week","05/20/2019","05/23/2019","11/21/2019","98.817000","No","","$107,002,000,000","No","","05/23/2019","$36,000,000,000","No","No","$36,000,133,800"
"912796VG1","Bill","4-Week","05/16/2019","05/21/2019","06/18/2019","99.816056","No","$35,000,000,000","$85,000,000,000","No","","05/21/2019","$50,000,000,000","Yes","No","$50,000,328,400"
"912796VL0","Bill","8-Week","05/16/2019","05/21/2019","07/16/2019","99.633667","No","","$85,000,000,000","No","","05/21/2019","$35,000,000,000","No","No","$35,000,452,100"
"912796QV4","Bill","13-Week","05/13/2019","05/16/2019","08/15/2019","99.403444","No","$64,994,000,000","$83,999,000,000","No","","05/16/2019","$39,000,000,000","Yes","No","$39,000,725,400"
"912796SS9","Bill","26-Week","05/13/2019","05/16/2019","11/14/2019","98.809417","No","","$83,999,000,000","No","","05/16/2019","$36,000,000,000","No","No","$36,000,011,800"
"912810SH2","Bond","30-Year","05/09/2019","05/15/2019","05/15/2049","99.660573","No","","$55,363,000,000","No","2.875%","05/15/2019","$19,000,000,000","No","No","$25,472,499,400"
"912796VF3","Bill","4-Week","05/09/2019","05/14/2019","06/11/2019","99.814500","No","$34,999,000,000","$84,992,000,000","No","","05/14/2019","$50,000,000,000","Yes","No","$50,000,367,700"
"912796VK2","Bill","8-Week","05/09/2019","05/14/2019","07/09/2019","99.629778","No","","$84,992,000,000","No","","05/14/2019","$35,000,000,000","No","No","$35,000,211,600"
"9128286T2","Note","10-Year","05/08/2019","05/15/2019","05/15/2029","99.083877","No","","$55,363,000,000","No","2.375%","05/15/2019","$27,000,000,000","No","No","$36,197,798,200"
"9128286U9","Note","3-Year","05/07/2019","05/15/2019","05/15/2022","99.645092","No","","$55,363,000,000","No","2.125%","05/15/2019","$38,000,000,000","No","No","$50,945,077,900"
"912796SC4","Bill","13-Week","05/06/2019","05/09/2019","08/08/2019","99.398389","No","$38,993,000,000","$83,999,000,000","No","","05/09/2019","$39,000,000,000","Yes","No","$39,000,509,700"
"912796RM3","Bill","26-Week","05/06/2019","05/09/2019","11/07/2019","98.796778","No","$25,999,000,000","$83,999,000,000","No","","05/09/2019","$36,000,000,000","Yes","No","$36,000,251,900"
"912796VE6","Bill","4-Week","05/02/2019","05/07/2019","06/04/2019","99.814111","No","$34,997,000,000","$84,985,000,000","No","","05/07/2019","$50,000,000,000","Yes","No","$50,000,282,400"
"912796RU5","Bill","37-Day","05/02/2019","05/07/2019","06/13/2019","99.754875","Yes","$84,002,000,000","","No","","05/07/2019","$20,000,000,000","Yes","No","$20,000,087,000"
"912796VJ5","Bill","8-Week","05/02/2019","05/07/2019","07/02/2019","99.628222","No","","$84,985,000,000","No","","05/07/2019","$35,000,000,000","No","No","$35,000,357,800"
"912796SB6","Bill","13-Week","04/29/2019","05/02/2019","08/01/2019","99.397125","No","$39,013,000,000","$81,005,000,000","No","","05/02/2019","$39,000,000,000","Yes","No","$39,000,650,300"
"912796SQ3","Bill","26-Week","04/29/2019","05/02/2019","10/31/2019","98.789194","No","","$81,005,000,000","No","","05/02/2019","$36,000,000,000","No","No","$36,000,319,600"
"912796VD8","Bill","4-Week","04/25/2019","04/30/2019","05/28/2019","99.814111","No","$34,999,000,000","$85,003,000,000","No","","04/30/2019","$50,000,000,000","Yes","No","$50,000,830,200"
"912796VH9","Bill","8-Week","04/25/2019","04/30/2019","06/25/2019","99.629778","No","","$85,003,000,000","No","","04/30/2019","$35,000,000,000","No","No","$35,000,880,100"
"9128286S4","Note","7-Year","04/25/2019","04/30/2019","04/30/2026","99.673481","No","","$107,208,000,000","No","2.375%","04/30/2019","$32,000,000,000","No","No","$32,408,620,100"
"9128286Q8","Note","2-Year","04/24/2019","04/30/2019","04/30/2021","100.000000","No","","$107,208,000,000","Yes","","04/30/2019","$20,000,000,000","No","No","$20,255,375,900"
"9128286R6","Note","5-Year","04/24/2019","04/30/2019","04/30/2024","99.694767","No","","$107,208,000,000","No","2.250%","04/30/2019","$41,000,000,000","No","No","$41,523,527,200"
"912828WG1","Note","2-Year","04/23/2019","04/30/2019","04/30/2021","99.796039","No","","$107,208,000,000","No","2.250%","04/30/2019","$40,000,000,000","Yes","No","$40,510,736,100"
"912796SM2","Bill","52-Week","04/23/2019","04/25/2019","04/23/2020","97.613778","No","","$107,010,000,000","No","","04/25/2019","$26,000,000,000","No","No","$26,000,353,200"
"912796SA8","Bill","13-Week","04/22/2019","04/25/2019","07/25/2019","99.393333","No","$39,001,000,000","$107,010,000,000","No","","04/25/2019","$42,000,000,000","Yes","No","$42,000,865,900"
"912796SP5","Bill","26-Week","04/22/2019","04/25/2019","10/24/2019","98.786667","No","","$107,010,000,000","No","","04/25/2019","$36,000,000,000","No","No","$36,000,046,500"
"9128286N5","Note","5-Year","04/18/2019","04/30/2019","04/15/2024","100.137446","No","","$107,208,000,000","No","0.500%","04/30/2019","$17,000,000,000","No","Yes","$17,217,057,200"
"912796VC0","Bill","4-Week","04/18/2019","04/23/2019","05/21/2019","99.813333","No","$35,002,000,000","$94,999,000,000","No","","04/23/2019","$50,000,000,000","Yes","No","$50,000,232,800"
"912796VG1","Bill","8-Week","04/18/2019","04/23/2019","06/18/2019","99.628222","No","","$94,999,000,000","No","","04/23/2019","$35,000,000,000","No","No","$35,000,320,000"
"912796QR3","Bill","13-Week","04/15/2019","04/18/2019","07/18/2019","99.398389","No","$62,003,000,000","$108,002,000,000","No","","04/18/2019","$42,000,000,000","Yes","No","$42,000,179,800"
"912796SN0","Bill","26-Week","04/15/2019","04/18/2019","10/17/2019","98.791722","No","","$108,002,000,000","No","","04/18/2019","$36,000,000,000","No","No","$36,000,817,600"
"912796VB2","Bill","4-Week","04/11/2019","04/16/2019","05/14/2019","99.815278","No","$34,999,000,000","$94,994,000,000","No","","04/16/2019","$50,000,000,000","Yes","No","$50,000,083,900"
"912796VF3","Bill","8-Week","04/11/2019","04/16/2019","06/11/2019","99.630556","No","","$94,994,000,000","No","","04/16/2019","$35,000,000,000","No","No","$35,000,382,700"
"912810SF6","Bond","29-Year 10-Month","04/11/2019","04/15/2019","02/15/2049","101.381292","No","$39,574,000,000","$77,805,000,000","No","3.000%","04/15/2019","$16,000,000,000","Yes","No","$16,002,247,400"
"9128286B1","Note","9-Year 10-Month","04/10/2019","04/15/2019","02/15/2029","101.377878","No","$57,502,000,000","$77,805,000,000","No","2.625%","04/15/2019","$24,000,000,000","Yes","No","$24,003,370,500"
"9128286M7","Note","3-Year","04/09/2019","04/15/2019","04/15/2022","99.852977","No","","$77,805,000,000","No","2.250%","04/15/2019","$38,000,000,000","No","No","$38,005,305,000"
"912796RZ4","Bill","13-Week","04/08/2019","04/11/2019","07/11/2019","99.399653","No","$35,994,000,000","$104,009,000,000","No","","04/11/2019","$42,000,000,000","Yes","No","$42,000,054,800"
"912796RF8","Bill","26-Week","04/08/2019","04/11/2019","10/10/2019","98.789194","No","$25,997,000,000","$104,009,000,000","No","","04/11/2019","$36,000,000,000","Yes","No","$36,000,108,500"
"912796VA4","Bill","4-Week","04/04/2019","04/09/2019","05/07/2019","99.814111","No","$34,999,000,000","$94,989,000,000","No","","04/09/2019","$50,000,000,000","Yes","No","$50,000,531,800"
"912796VE6","Bill","8-Week","04/04/2019","04/09/2019","06/04/2019","99.629778","No","","$94,989,000,000","No","","04/09/2019","$35,000,000,000","No","No","$35,000,180,200"
"912796RW1","Bill","13-Week","04/01/2019","04/04/2019","07/05/2019","99.391778","No","$35,999,000,000","$81,005,000,000","No","","04/04/2019","$45,000,000,000","Yes","No","$45,000,307,900"
"912796SL4","Bill","26-Week","04/01/2019","04/04/2019","10/03/2019","98.796778","No","","$81,005,000,000","No","","04/04/2019","$39,000,000,000","No","No","$39,000,440,600"
"912796UZ0","Bill","4-Week","03/28/2019","04/02/2019","04/30/2019","99.813333","No","$35,004,000,000","$95,003,000,000","No","","04/02/2019","$50,000,000,000","Yes","No","$50,000,846,600"
"912796VD8","Bill","8-Week","03/28/2019","04/02/2019","05/28/2019","99.627444","No","","$95,003,000,000","No","","04/02/2019","$35,000,000,000","No","No","$35,000,253,200"
"9128286L9","Note","7-Year","03/28/2019","04/01/2019","03/31/2026","99.800487","No","","$71,457,000,000","No","2.250%","03/31/2019","$32,000,000,000","No","No","$32,000,000,900"
"912828W71","Note","5-Year","03/27/2019","04/01/2019","03/31/2024","99.778500","No","","$71,457,000,000","No","2.125%","03/31/2019","$41,000,000,000","Yes","No","$41,000,021,100"
"9128285Y2","Note","1-Year 10-Month","03/27/2019","03/29/2019","01/31/2021","99.880671","No","$37,995,000,000","$0","Yes","","03/29/2019","$18,000,000,000","Yes","No","$18,000,386,600"
"912828C57","Note","2-Year","03/26/2019","04/01/2019","03/31/2021","99.978568","No","","$71,457,000,000","No","2.250%","03/31/2019","$40,000,000,000","Yes","No","$40,000,023,200"
"912796SH3","Bill","52-Week","03/26/2019","03/28/2019","03/26/2020","97.613778","No","","$104,995,000,000","No","","03/28/2019","$26,000,000,000","No","No","$26,000,351,000"
"912796RV3","Bill","13-Week","03/25/2019","03/28/2019","06/27/2019","99.390806","No","$36,005,000,000","$104,995,000,000","No","","03/28/2019","$48,000,000,000","Yes","No","$48,000,376,300"
"912796SK6","Bill","26-Week","03/25/2019","03/28/2019","09/26/2019","98.779083","No","","$104,995,000,000","No","","03/28/2019","$39,000,000,000","No","No","$39,000,322,300"
"9128285W6","Note","9-Year 10-Month","03/21/2019","03/29/2019","01/15/2029","102.484664","No","$13,000,000,000","$0","No","0.875%","03/29/2019","$11,000,000,000","Yes","Yes","$11,000,005,100"
"912796UY3","Bill","4-Week","03/21/2019","03/26/2019","04/23/2019","99.807889","No","$35,006,000,000","$84,999,000,000","No","","03/26/2019","$60,000,000,000","Yes","No","$60,000,508,000"
"912796VC0","Bill","8-Week","03/21/2019","03/26/2019","05/21/2019","99.623556","No","","$84,999,000,000","No","","03/26/2019","$35,000,000,000","No","No","$35,000,492,200"
"912796QM4","Bill","13-Week","03/18/2019","03/21/2019","06/20/2019","99.390806","No","$62,013,000,000","$81,000,000,000","No","","03/21/2019","$48,000,000,000","Yes","No","$48,000,099,000"
"912796SJ9","Bill","26-Week","03/18/2019","03/21/2019","09/19/2019","98.761389","No","","$81,000,000,000","No","","03/21/2019","$39,000,000,000","No","No","$39,000,688,400"
"912796UX5","Bill","4-Week","03/14/2019","03/19/2019","04/16/2019","99.811778","No","$34,999,000,000","$79,989,000,000","No","","03/19/2019","$60,000,000,000","Yes","No","$60,000,007,700"
"912796VB2","Bill","8-Week","03/14/2019","03/19/2019","05/14/2019","99.626667","No","","$79,989,000,000","No","","03/19/2019","$35,000,000,000","No","No","$35,000,207,400"
"912810SF6","Bond","29-Year 11-Month","03/13/2019","03/15/2019","02/15/2049","99.722351","No","$23,575,000,000","$24,001,000,000","No","3.000%","03/15/2019","$16,000,000,000","Yes","No","$16,000,010,200"
"9128286B1","Note","9-Year 11-Month","03/12/2019","03/15/2019","02/15/2029","100.084685","No","$33,502,000,000","$24,001,000,000","No","2.625%","03/15/2019","$24,000,000,000","Yes","No","$24,000,129,600"
"9128286H8","Note","3-Year","03/11/2019","03/15/2019","03/15/2022","99.790084","No","","$24,001,000,000","No","2.375%","03/15/2019","$38,000,000,000","No","No","$38,000,072,100"
"912796RU5","Bill","13-Week","03/11/2019","03/14/2019","06/13/2019","99.392069","No","$35,999,000,000","$81,003,000,000","No","","03/14/2019","$48,000,000,000","Yes","No","$48,000,307,900"
"912796RA9","Bill","26-Week","03/11/2019","03/14/2019","09/12/2019","98.758861","No","$26,000,000,000","$81,003,000,000","No","","03/14/2019","$39,000,000,000","Yes","No","$39,000,464,900"
"912796UW7","Bill","4-Week","03/07/2019","03/12/2019","04/09/2019","99.812944","No","$34,997,000,000","$79,994,000,000","No","","03/12/2019","$60,000,000,000","Yes","No","$60,000,218,900"
"912796VA4","Bill","8-Week","03/07/2019","03/12/2019","05/07/2019","99.626667","No","","$79,994,000,000","No","","03/12/2019","$35,000,000,000","No","No","$35,000,942,400"
"912796RH4","Bill","42-Day","03/05/2019","03/07/2019","04/18/2019","99.718833","Yes","$78,002,000,000","","No","","03/07/2019","$30,000,000,000","Yes","No","$30,000,005,000"
"912796RS0","Bill","13-Week","03/04/2019","03/07/2019","06/06/2019","99.390806","No","$36,002,000,000","$81,000,000,000","No","","03/07/2019","$48,000,000,000","Yes","No","$48,000,338,100"
"912796SG5","Bill","26-Week","03/04/2019","03/07/2019","09/05/2019","98.756333","No","","$81,000,000,000","No","","03/07/2019","$39,000,000,000","No","No","$39,000,669,400"
"912796UV9","Bill","4-Week","02/28/2019","03/05/2019","04/02/2019","99.812556","No","$35,000,000,000","$80,007,000,000","No","","03/05/2019","$60,000,000,000","Yes","No","$60,000,250,300"
"912796UZ0","Bill","8-Week","02/28/2019","03/05/2019","04/30/2019","99.625111","No","","$80,007,000,000","No","","03/05/2019","$35,000,000,000","No","No","$35,000,079,000"
"912796RG6","Bill","41-Day","02/28/2019","03/01/2019","04/11/2019","99.726667","Yes","$81,009,000,000","","No","","03/01/2019","$23,000,000,000","Yes","No","$23,000,325,000"
"912796SD2","Bill","52-Week","02/26/2019","02/28/2019","02/27/2020","97.502556","No","","$106,002,000,000","No","","02/28/2019","$26,000,000,000","No","No","$26,000,131,000"
"9128286F2","Note","7-Year","02/26/2019","02/28/2019","02/28/2026","99.757691","No","","$81,578,000,000","No","2.500%","02/28/2019","$32,000,000,000","No","No","$33,540,102,000"
"912796RR2","Bill","13-Week","02/25/2019","02/28/2019","05/30/2019","99.392069","No","$36,000,000,000","$106,002,000,000","No","","02/28/2019","$48,000,000,000","Yes","No","$48,000,627,000"
"912796SF7","Bill","26-Week","02/25/2019","02/28/2019","08/29/2019","98.758861","No","","$106,002,000,000","No","","02/28/2019","$39,000,000,000","No","No","$39,000,588,300"
"9128286D7","Note","2-Year","02/25/2019","02/28/2019","02/28/2021","99.994183","No","","$81,578,000,000","No","2.500%","02/28/2019","$40,000,000,000","No","No","$41,925,084,100"
"9128286G0","Note","5-Year","02/25/2019","02/28/2019","02/29/2024","99.467149","No","","$81,578,000,000","No","2.375%","02/28/2019","$41,000,000,000","No","No","$42,973,156,300"
"912810SG4","Bond","30-Year","02/21/2019","02/28/2019","02/15/2049","97.483490","No","","$81,578,000,000","No","1.000%","02/28/2019","$8,000,000,000","No","Yes","$8,385,013,000"
"912796UU1","Bill","4-Week","02/21/2019","02/26/2019","03/26/2019","99.814111","No","$35,001,000,000","$74,998,000,000","No","","02/26/2019","$50,000,000,000","Yes","No","$50,001,051,200"
"912796UY3","Bill","8-Week","02/21/2019","02/26/2019","04/23/2019","99.626667","No","","$74,998,000,000","No","","02/26/2019","$35,000,000,000","No","No","$35,000,868,800"
"9128285Y2","Note","1-Year 11-Month","02/20/2019","02/22/2019","01/31/2021","99.934172","No","$20,000,000,000","$0","Yes","","02/22/2019","$18,000,000,000","Yes","No","$18,000,006,600"
"912796QH5","Bill","13-Week","02/19/2019","02/21/2019","05/23/2019","99.394597","No","$61,998,000,000","$87,005,000,000","No","","02/21/2019","$45,000,000,000","Yes","No","$45,000,155,200"
"912796SE0","Bill","26-Week","02/19/2019","02/21/2019","08/22/2019","98.758861","No","","$87,005,000,000","No","","02/21/2019","$39,000,000,000","No","No","$39,000,099,300"
"912796UT4","Bill","4-Week","02/14/2019","02/19/2019","03/19/2019","99.813722","No","$30,000,000,000","$69,997,000,000","No","","02/19/2019","$50,000,000,000","Yes","No","$50,000,265,700"
"912796UX5","Bill","8-Week","02/14/2019","02/19/2019","04/16/2019","99.626667","No","","$69,997,000,000","No","","02/19/2019","$35,000,000,000","No","No","$35,000,065,900"
"912796RQ4","Bill","13-Week","02/11/2019","02/14/2019","05/16/2019","99.393333","No","$38,998,000,000","$89,995,000,000","No","","02/14/2019","$45,000,000,000","Yes","No","$45,000,236,200"
"912796QV4","Bill","26-Week","02/11/2019","02/14/2019","08/15/2019","98.761389","No","$25,999,000,000","$89,995,000,000","No","","02/14/2019","$39,000,000,000","Yes","No","$39,000,662,600"
"912810SF6","Bond","30-Year","02/07/2019","02/15/2019","02/15/2049","99.568039","No","","$54,129,000,000","No","3.000%","02/15/2019","$19,000,000,000","No","No","$23,575,631,600"
"912796US6","Bill","4-Week","02/07/2019","02/12/2019","03/12/2019","99.814111","No","$29,999,000,000","$70,003,000,000","No","","02/12/2019","$50,000,000,000","Yes","No","$50,000,156,900"
"912796UW7","Bill","8-Week","02/07/2019","02/12/2019","04/09/2019","99.629000","No","","$70,003,000,000","No","","02/12/2019","$35,000,000,000","No","No","$35,000,446,400"
"9128286B1","Note","10-Year","02/06/2019","02/15/2019","02/15/2029","99.442089","No","","$54,129,000,000","No","2.625%","02/15/2019","$27,000,000,000","No","No","$33,502,200,100"
"912796XJ3","Bill","18-Day","02/06/2019","02/11/2019","03/01/2019","99.880250","Yes","","","No","","02/11/2019","$50,000,000,000","No","No","$50,000,294,000"
"9128286C9","Note","3-Year","02/05/2019","02/15/2019","02/15/2022","99.994254","No","","$54,129,000,000","No","2.500%","02/15/2019","$38,000,000,000","No","No","$47,151,292,800"
"912796RP6","Bill","13-Week","02/04/2019","02/07/2019","05/09/2019","99.397125","No","$38,996,000,000","$90,002,000,000","No","","02/07/2019","$45,000,000,000","Yes","No","$45,000,122,800"
"912796SC4","Bill","26-Week","02/04/2019","02/07/2019","08/08/2019","98.766444","No","","$90,002,000,000","No","","02/07/2019","$39,000,000,000","No","No","$39,000,209,800"
"912796UR8","Bill","4-Week","01/31/2019","02/05/2019","03/05/2019","99.814111","No","$30,009,000,000","$70,010,000,000","No","","02/05/2019","$50,000,000,000","Yes","No","$50,000,033,500"
"912796UV9","Bill","8-Week","01/31/2019","02/05/2019","04/02/2019","99.626667","No","","$70,010,000,000","No","","02/05/2019","$35,000,000,000","No","No","$35,000,103,600"
"912796RY7","Bill","52-Week","01/29/2019","01/31/2019","01/30/2020","97.457056","No","","$109,998,000,000","No","","01/31/2019","$26,000,000,000","No","No","$26,000,000,000"
"9128285Y2","Note","2-Year","01/29/2019","01/31/2019","01/31/2021","100.000000","No","","$121,531,000,000","Yes","","01/31/2019","$20,000,000,000","No","No","$20,000,181,600"
"9128286A3","Note","7-Year","01/29/2019","01/31/2019","01/31/2026","100.000000","No","","$121,531,000,000","No","2.625%","01/31/2019","$32,000,000,000","No","No","$32,000,106,200"
"912796RJ0","Bill","13-Week","01/28/2019","01/31/2019","05/02/2019","99.399653","No","$39,009,000,000","$109,998,000,000","No","","01/31/2019","$42,000,000,000","Yes","No","$42,000,466,500"
"912796SB6","Bill","26-Week","01/28/2019","01/31/2019","08/01/2019","98.761389","No","","$109,998,000,000","No","","01/31/2019","$39,000,000,000","No","No","$39,000,454,700"
"9128285X4","Note","2-Year","01/28/2019","01/31/2019","01/31/2021","99.806335","No","","$121,531,000,000","No","2.500%","01/31/2019","$40,000,000,000","No","No","$40,000,052,800"
"9128285Z9","Note","5-Year","01/28/2019","01/31/2019","01/31/2024","99.645588","No","","$121,531,000,000","No","2.500%","01/31/2019","$41,000,000,000","No","No","$41,000,065,400"
"912796UQ0","Bill","4-Week","01/24/2019","01/29/2019","02/26/2019","99.816833","No","$29,998,000,000","$69,999,000,000","No","","01/29/2019","$45,000,000,000","Yes","No","$45,000,037,500"
"912796UU1","Bill","8-Week","01/24/2019","01/29/2019","03/26/2019","99.631333","No","","$69,999,000,000","No","","01/29/2019","$35,000,000,000","No","No","$35,000,154,800"
"912796QC6","Bill","13-Week","01/22/2019","01/24/2019","04/25/2019","99.395861","No","$64,997,000,000","$90,023,000,000","No","","01/24/2019","$42,000,000,000","Yes","No","$42,000,029,000"
"912796SA8","Bill","26-Week","01/22/2019","01/24/2019","07/25/2019","98.761389","No","","$90,023,000,000","No","","01/24/2019","$39,000,000,000","No","No","$39,000,803,800"
"9128285W6","Note","10-Year","01/17/2019","01/31/2019","01/15/2029","99.409861","No","","$121,531,000,000","No","0.875%","01/31/2019","$13,000,000,000","No","Yes","$13,000,009,700"
"912796UP2","Bill","4-Week","01/17/2019","01/22/2019","02/19/2019","99.815667","No","$30,005,000,000","$69,999,000,000","No","","01/22/2019","$40,000,000,000","Yes","No","$40,000,351,800"
"912796UT4","Bill","8-Week","01/17/2019","01/22/2019","03/19/2019","99.632111","No","","$69,999,000,000","No","","01/22/2019","$30,000,000,000","No","No","$30,000,331,700"
"912796RH4","Bill","13-Week","01/14/2019","01/17/2019","04/18/2019","99.392069","No","$39,001,000,000","$89,998,000,000","No","","01/17/2019","$39,000,000,000","Yes","No","$39,000,110,400"
"912796QR3","Bill","26-Week","01/14/2019","01/17/2019","07/18/2019","98.756333","No","$25,997,000,000","$89,998,000,000","No","","01/17/2019","$36,000,000,000","Yes","No","$36,000,014,000"
"912796UN7","Bill","4-Week","01/10/2019","01/15/2019","02/12/2019","99.814889","No","$30,001,000,000","$69,986,000,000","No","","01/15/2019","$40,000,000,000","Yes","No","$40,000,012,000"
"912796US6","Bill","8-Week","01/10/2019","01/15/2019","03/12/2019","99.628222","No","","$69,986,000,000","No","","01/15/2019","$30,000,000,000","No","No","$30,000,171,500"
"912810SE9","Bond","29-Year 10-Month","01/10/2019","01/15/2019","11/15/2048","106.635985","No","$38,874,000,000","$39,244,000,000","No","3.375%","01/15/2019","$16,000,000,000","Yes","No","$16,000,003,500"
"9128285M8","Note","9-Year 10-Month","01/09/2019","01/15/2019","11/15/2028","103.398824","No","$56,506,000,000","$39,244,000,000","No","3.125%","01/15/2019","$24,000,000,000","Yes","No","$24,000,004,600"
"9128285V8","Note","3-Year","01/08/2019","01/15/2019","01/15/2022","99.830664","No","","$39,244,000,000","No","2.500%","01/15/2019","$38,000,000,000","No","No","$38,000,062,100"
"912796RG6","Bill","13-Week","01/07/2019","01/10/2019","04/11/2019","99.390806","No","$41,999,000,000","$89,993,000,000","No","","01/10/2019","$39,000,000,000","Yes","No","$39,000,180,000"
"912796RZ4","Bill","26-Week","01/07/2019","01/10/2019","07/11/2019","98.751278","No","","$89,993,000,000","No","","01/10/2019","$36,000,000,000","No","No","$36,000,257,600"
"912796UM9","Bill","4-Week","01/03/2019","01/08/2019","02/05/2019","99.814111","No","$30,000,000,000","$69,993,000,000","No","","01/08/2019","$40,000,000,000","Yes","No","$40,000,277,600"
"912796UR8","Bill","8-Week","01/03/2019","01/08/2019","03/05/2019","99.630556","No","","$69,993,000,000","No","","01/08/2019","$30,000,000,000","No","No","$30,000,214,700"
"912796RD3","Bill","13-Week","12/31/2018","01/03/2019","04/04/2019","99.376903","No","$42,001,000,000","$109,982,000,000","No","","01/03/2019","$39,000,000,000","Yes","No","$39,000,298,600"
"912796RW1","Bill","26-Week","12/31/2018","01/03/2019","07/05/2019","98.726625","No","","$109,982,000,000","No","","01/03/2019","$36,000,000,000","No","No","$36,000,001,000"
"912796RT8","Bill","52-Week","12/31/2018","01/03/2019","01/02/2020","97.426722","No","","$109,982,000,000","No","","01/03/2019","$26,000,000,000","No","No","$26,000,091,400"
"912796UL1","Bill","4-Week","12/27/2018","01/02/2019","01/29/2019","99.820000","No","$30,000,000,000","$70,002,000,000","No","","01/02/2019","$40,000,000,000","Yes","No","$40,000,395,400"
"912796UQ0","Bill","8-Week","12/27/2018","01/02/2019","02/26/2019","99.630278","No","","$70,002,000,000","No","","01/02/2019","$30,000,000,000","No","No","$30,000,181,500"
"9128285T3","Note","7-Year","12/27/2018","12/31/2018","12/31/2025","99.651077","No","","$76,180,000,000","No","2.625%","12/31/2018","$32,000,000,000","No","No","$32,000,158,000"
"9128285U0","Note","5-Year","12/26/2018","12/31/2018","12/31/2023","99.874345","No","","$76,180,000,000","No","2.625%","12/31/2018","$41,000,000,000","No","No","$41,000,018,600"
"9128285H9","Note","1-Year 10-Month","12/26/2018","12/28/2018","10/31/2020","99.808012","No","$38,581,000,000","$0","Yes","","12/28/2018","$18,000,000,000","Yes","No","$18,000,034,800"
"9128285S5","Note","2-Year","12/24/2018","12/31/2018","12/31/2020","99.769592","No","","$76,180,000,000","No","2.500%","12/31/2018","$40,000,000,000","No","No","$40,000,083,900"
"912796PX1","Bill","13-Week","12/24/2018","12/27/2018","03/28/2019","99.389542","No","$65,999,000,000","$89,994,000,000","No","","12/27/2018","$39,000,000,000","Yes","No","$39,000,127,800"
"912796RV3","Bill","26-Week","12/24/2018","12/27/2018","06/27/2019","98.746222","No","","$89,994,000,000","No","","12/27/2018","$36,000,000,000","No","No","$36,000,040,800"
"9128284H0","Note","4-Year 4-Month","12/20/2018","12/31/2018","04/15/2023","99.660353","No","$33,028,000,000","$76,180,000,000","No","0.625%","12/31/2018","$14,000,000,000","Yes","Yes","$14,000,017,000"
"912796UK3","Bill","4-Week","12/20/2018","12/26/2018","01/22/2019","99.823000","No","$30,001,000,000","$74,998,000,000","No","","12/26/2018","$40,000,000,000","Yes","No","$40,000,486,900"
"912796UP2","Bill","8-Week","12/20/2018","12/26/2018","02/19/2019","99.637153","No","","$74,998,000,000","No","","12/26/2018","$30,000,000,000","No","No","$30,000,143,800"
"912796RC5","Bill","13-Week","12/17/2018","12/20/2018","03/21/2019","99.399653","No","$42,000,000,000","$90,000,000,000","No","","12/20/2018","$39,000,000,000","Yes","No","$39,000,009,800"
"912796QM4","Bill","26-Week","12/17/2018","12/20/2018","06/20/2019","98.743694","No","$26,000,000,000","$90,000,000,000","No","","12/20/2018","$36,000,000,000","Yes","No","$36,000,013,600"
"912796UJ6","Bill","4-Week","12/13/2018","12/18/2018","01/15/2019","99.819167","No","$30,000,000,000","$74,998,000,000","No","","12/18/2018","$40,000,000,000","Yes","No","$40,000,096,800"
"912796UN7","Bill","8-Week","12/13/2018","12/18/2018","02/12/2019","99.632889","No","","$74,998,000,000","No","","12/18/2018","$30,000,000,000","No","No","$30,000,709,500"
"912810SE9","Bond","29-Year 11-Month","12/13/2018","12/17/2018","11/15/2048","104.037595","No","$22,874,000,000","$23,994,000,000","No","3.375%","12/15/2018","$16,000,000,000","Yes","No","$16,000,009,200"
"9128285M8","Note","9-Year 11-Month","12/12/2018","12/17/2018","11/15/2028","101.793273","No","$32,507,000,000","$23,994,000,000","No","3.125%","12/15/2018","$24,000,000,000","Yes","No","$24,000,064,500"
"9128285R7","Note","3-Year","12/11/2018","12/17/2018","12/15/2021","99.648536","No","","$23,994,000,000","No","2.625%","12/15/2018","$38,000,000,000","No","No","$38,000,030,400"
"912796RB7","Bill","13-Week","12/10/2018","12/13/2018","03/14/2019","99.399653","No","$42,005,000,000","$90,007,000,000","No","","12/13/2018","$39,000,000,000","Yes","No","$39,000,090,500"
"912796RU5","Bill","26-Week","12/10/2018","12/13/2018","06/13/2019","98.746222","No","","$90,007,000,000","No","","12/13/2018","$36,000,000,000","No","No","$36,000,029,000"
"912796UH0","Bill","4-Week","12/06/2018","12/11/2018","01/08/2019","99.816056","No","$30,000,000,000","$75,102,000,000","No","","12/11/2018","$40,000,000,000","Yes","No","$40,000,013,700"
"912796UM9","Bill","8-Week","12/06/2018","12/11/2018","02/05/2019","99.628222","No","","$75,102,000,000","No","","12/11/2018","$30,000,000,000","No","No","$30,000,056,800"
"912796UG2","Bill","4-Week","12/04/2018","12/06/2018","01/02/2019","99.826000","No","$30,001,000,000","$160,005,000,000","No","","12/06/2018","$40,000,000,000","Yes","No","$40,000,332,600"
"912796UL1","Bill","8-Week","12/04/2018","12/06/2018","01/29/2019","99.646000","No","","$160,005,000,000","No","","12/06/2018","$30,000,000,000","No","No","$30,000,066,100"
"912796RN1","Bill","52-Week","12/04/2018","12/06/2018","12/05/2019","97.335722","No","","$160,005,000,000","No","","12/06/2018","$26,000,000,000","No","No","$26,000,041,600"
"912796QZ5","Bill","13-Week","12/03/2018","12/06/2018","03/07/2019","99.402181","No","$42,001,000,000","$160,005,000,000","No","","12/06/2018","$39,000,000,000","Yes","No","$39,000,097,600"
"912796RS0","Bill","26-Week","12/03/2018","12/06/2018","06/06/2019","98.738639","No","","$160,005,000,000","No","","12/06/2018","$36,000,000,000","No","No","$36,000,131,000"
"9128285H9","Note","1-Year 11-Month","11/28/2018","11/30/2018","10/31/2020","99.989687","No","$19,000,000,000","$69,157,000,000","Yes","","11/30/2018","$18,000,000,000","Yes","No","$19,580,708,100"
"9128285N6","Note","7-Year","11/28/2018","11/30/2018","11/30/2025","99.378525","No","","$69,157,000,000","No","2.875%","11/30/2018","$32,000,000,000","No","No","$34,810,090,800"
"9128285P1","Note","5-Year","11/27/2018","11/30/2018","11/30/2023","99.976871","No","","$69,157,000,000","No","2.875%","11/30/2018","$40,000,000,000","No","No","$43,512,625,200"
"912796UF4","Bill","4-Week","11/27/2018","11/29/2018","12/26/2018","99.829750","No","$25,000,000,000","$137,999,000,000","No","","11/29/2018","$50,000,000,000","Yes","No","$50,000,273,400"
"912796UK3","Bill","8-Week","11/27/2018","11/29/2018","01/22/2019","99.652750","No","","$137,999,000,000","No","","11/29/2018","$30,000,000,000","No","No","$30,000,107,200"
"9128285Q9","Note","2-Year","11/26/2018","11/30/2018","11/30/2020","99.833929","No","","$69,157,000,000","No","2.750%","11/30/2018","$39,000,000,000","No","No","$42,424,857,200"
"912796PT0","Bill","13-Week","11/26/2018","11/29/2018","02/28/2019","99.400917","No","$66,999,000,000","$137,999,000,000","No","","11/29/2018","$39,000,000,000","Yes","No","$39,001,350,400"
"912796RR2","Bill","26-Week","11/26/2018","11/29/2018","05/30/2019","98.748750","No","","$137,999,000,000","No","","11/29/2018","$36,000,000,000","No","No","$36,000,671,400"
"912828Y38","Note","9-Year 8-Month","11/21/2018","11/30/2018","07/15/2028","97.275351","No","$24,706,000,000","$69,157,000,000","No","0.750%","11/30/2018","$11,000,000,000","Yes","Yes","$11,965,978,500"
"912796UE7","Bill","4-Week","11/20/2018","11/23/2018","12/18/2018","99.847222","No","$25,000,000,000","$132,990,000,000","No","","11/23/2018","$50,000,000,000","Yes","No","$50,000,734,900"
"912796UJ6","Bill","8-Week","11/20/2018","11/23/2018","01/15/2019","99.661389","No","","$132,990,000,000","No","","11/23/2018","$30,000,000,000","No","No","$30,000,160,400"
"912796QY8","Bill","13-Week","11/19/2018","11/23/2018","02/21/2019","99.413750","No","$45,004,000,000","$132,990,000,000","No","","11/23/2018","$42,000,000,000","Yes","No","$42,000,045,000"
"912796QH5","Bill","26-Week","11/19/2018","11/23/2018","05/23/2019","98.765681","No","$26,003,000,000","$132,990,000,000","No","","11/23/2018","$36,000,000,000","Yes","No","$36,000,025,400"
"912796UD9","Bill","4-Week","11/13/2018","11/15/2018","12/11/2018","99.841111","No","$25,000,000,000","$132,998,000,000","No","","11/15/2018","$50,000,000,000","Yes","No","$50,000,763,800"
"912796UH0","Bill","8-Week","11/13/2018","11/15/2018","01/08/2019","99.657250","No","","$132,998,000,000","No","","11/15/2018","$30,000,000,000","No","No","$30,000,077,500"
"912796QX0","Bill","13-Week","11/13/2018","11/15/2018","02/14/2019","99.408500","No","$44,998,000,000","$132,998,000,000","No","","11/15/2018","$45,000,000,000","Yes","No","$45,000,097,900"
"912796RQ4","Bill","26-Week","11/13/2018","11/15/2018","05/16/2019","98.753806","No","","$132,998,000,000","No","","11/15/2018","$39,000,000,000","No","No","$39,000,016,300"
"912810SE9","Bond","30-Year","11/07/2018","11/15/2018","11/15/2048","99.197082","No","","$54,344,000,000","No","3.375%","11/15/2018","$19,000,000,000","No","No","$22,874,685,200"
"9128285M8","Note","10-Year","11/06/2018","11/15/2018","11/15/2028","99.286291","No","","$54,344,000,000","No","3.125%","11/15/2018","$27,000,000,000","No","No","$32,506,247,900"
"912796PE3","Bill","4-Week","11/06/2018","11/08/2018","12/06/2018","99.828889","No","$110,004,000,000","$152,965,000,000","No","","11/08/2018","$50,000,000,000","Yes","No","$50,000,437,900"
"912796UG2","Bill","8-Week","11/06/2018","11/08/2018","01/02/2019","99.657778","No","","$152,965,000,000","No","","11/08/2018","$30,000,000,000","No","No","$30,000,352,700"
"912796RM3","Bill","52-Week","11/06/2018","11/08/2018","11/07/2019","97.325611","No","","$152,965,000,000","No","","11/08/2018","$26,000,000,000","No","No","$26,000,124,800"
"9128285L0","Note","3-Year","11/05/2018","11/15/2018","11/15/2021","99.692263","No","","$54,344,000,000","No","2.875%","11/15/2018","$37,000,000,000","No","No","$44,545,606,000"
"912796QW2","Bill","13-Week","11/05/2018","11/08/2018","02/07/2019","99.413556","No","$45,000,000,000","$152,965,000,000","No","","11/08/2018","$45,000,000,000","Yes","No","$45,000,243,000"
"912796RP6","Bill","26-Week","11/05/2018","11/08/2018","05/09/2019","98.761389","No","","$152,965,000,000","No","","11/08/2018","$39,000,000,000","No","No","$39,000,179,200"
"912796QL6","Bill","4-Week","10/30/2018","11/01/2018","11/29/2018","99.831611","No","$93,005,000,000","$132,997,000,000","No","","11/01/2018","$45,000,000,000","Yes","No","$45,000,196,700"
"912796UF4","Bill","8-Week","10/30/2018","11/01/2018","12/26/2018","99.663125","No","","$132,997,000,000","No","","11/01/2018","$25,000,000,000","No","No","$25,000,087,300"
"912796PP8","Bill","13-Week","10/29/2018","11/01/2018","01/31/2019","99.417347","No","$64,992,000,000","$132,997,000,000","No","","11/01/2018","$45,000,000,000","Yes","No","$45,000,641,900"
"912796RJ0","Bill","26-Week","10/29/2018","11/01/2018","05/02/2019","98.771500","No","","$132,997,000,000","No","","11/01/2018","$39,000,000,000","No","No","$39,000,686,700"
"9128285J5","Note","7-Year","10/25/2018","10/31/2018","10/31/2025","99.537120","No","","$110,747,000,000","No","3.000%","10/31/2018","$31,000,000,000","No","No","$31,000,000,300"
"9128285H9","Note","2-Year","10/24/2018","10/31/2018","10/31/2020","100.000000","No","","$110,747,000,000","Yes","","10/31/2018","$19,000,000,000","No","No","$19,000,368,500"
"9128285K2","Note","5-Year","10/24/2018","10/31/2018","10/31/2023","99.529382","No","","$110,747,000,000","No","2.875%","10/31/2018","$39,000,000,000","No","No","$39,000,005,200"
"9128285G1","Note","2-Year","10/23/2018","10/31/2018","10/31/2020","99.990350","No","","$110,747,000,000","No","2.875%","10/31/2018","$38,000,000,000","No","No","$38,000,195,100"
"912796QK8","Bill","4-Week","10/23/2018","10/25/2018","11/23/2018","99.824389","No","$93,002,000,000","$133,005,000,000","No","","10/25/2018","$40,000,000,000","Yes","No","$40,000,154,900"
"912796UE7","Bill","8-Week","10/23/2018","10/25/2018","12/18/2018","99.673000","No","","$133,005,000,000","No","","10/25/2018","$25,000,000,000","No","No","$25,000,105,500"
"912796QU6","Bill","13-Week","10/22/2018","10/25/2018","01/24/2019","99.418611","No","$44,999,000,000","$133,005,000,000","No","","10/25/2018","$45,000,000,000","Yes","No","$45,000,053,700"
"912796QC6","Bill","26-Week","10/22/2018","10/25/2018","04/25/2019","98.774028","No","$26,001,000,000","$133,005,000,000","No","","10/25/2018","$39,000,000,000","Yes","No","$39,000,074,600"
"912810SB5","Bond","29-Year 4-Month","10/18/2018","10/31/2018","02/15/2048","96.357546","No","$13,707,000,000","$110,747,000,000","No","1.000%","10/31/2018","$5,000,000,000","Yes","Yes","$5,000,003,100"
"912796QJ1","Bill","4-Week","10/16/2018","10/18/2018","11/15/2018","99.832389","No","$93,000,000,000","$133,000,000,000","No","","10/18/2018","$40,000,000,000","Yes","No","$40,000,042,300"
"912796UD9","Bill","8-Week","10/16/2018","10/18/2018","12/11/2018","99.674500","No","","$133,000,000,000","No","","10/18/2018","$25,000,000,000","No","No","$25,000,172,500"
"912796QT9","Bill","13-Week","10/15/2018","10/18/2018","01/17/2019","99.426194","No","$44,997,000,000","$133,000,000,000","No","","10/18/2018","$45,000,000,000","Yes","No","$45,000,425,500"
"912796RH4","Bill","26-Week","10/15/2018","10/18/2018","04/18/2019","98.779083","No","","$133,000,000,000","No","","10/18/2018","$39,000,000,000","No","No","$39,000,054,600"
"912810SD1","Bond","29-Year 10-Month","10/11/2018","10/15/2018","08/15/2048","93.532007","No","$35,415,000,000","$24,000,000,000","No","3.000%","10/15/2018","$15,000,000,000","Yes","No","$15,000,000,400"
"9128285F3","Note","3-Year","10/10/2018","10/15/2018","10/15/2021","99.675199","No","","$24,000,000,000","No","2.875%","10/15/2018","$36,000,000,000","No","No","$36,000,081,000"
"9128284V9","Note","9-Year 10-Month","10/10/2018","10/15/2018","08/15/2028","97.065145","No","$52,495,000,000","$24,000,000,000","No","2.875%","10/15/2018","$23,000,000,000","Yes","No","$23,000,049,000"
"912796PD5","Bill","4-Week","10/09/2018","10/11/2018","11/08/2018","99.833944","No","$112,999,000,000","$154,972,000,000","No","","10/11/2018","$40,000,000,000","Yes","No","$40,026,028,000"
"912796QS1","Bill","13-Week","10/09/2018","10/11/2018","01/10/2019","99.438833","No","$41,994,000,000","$154,972,000,000","No","","10/11/2018","$48,000,000,000","Yes","No","$48,000,704,500"
"912796RG6","Bill","26-Week","10/09/2018","10/11/2018","04/11/2019","98.796778","No","","$154,972,000,000","No","","10/11/2018","$42,000,000,000","No","No","$42,000,221,500"
"912796RF8","Bill","52-Week","10/09/2018","10/11/2018","10/10/2019","97.391333","No","","$154,972,000,000","No","","10/11/2018","$26,000,000,000","No","No","$26,000,237,500"
"912796QF9","Bill","4-Week","10/02/2018","10/04/2018","11/01/2018","99.836278","No","$92,999,000,000","$144,953,000,000","No","","10/04/2018","$40,000,000,000","Yes","No","$40,000,051,900"
"912796PK9","Bill","13-Week","10/01/2018","10/04/2018","01/03/2019","99.450208","No","$61,979,000,000","$144,953,000,000","No","","10/04/2018","$48,000,000,000","Yes","No","$48,000,048,400"
"912796RD3","Bill","26-Week","10/01/2018","10/04/2018","04/04/2019","98.819528","No","","$144,953,000,000","No","","10/04/2018","$42,000,000,000","No","No","$42,000,030,000"
"9128285C0","Note","7-Year","09/27/2018","10/01/2018","09/30/2025","99.786973","No","","$73,480,000,000","No","3.000%","09/30/2018","$31,000,000,000","No","No","$31,000,048,300"
"9128285D8","Note","5-Year","09/25/2018","10/01/2018","09/30/2023","99.437571","No","","$73,480,000,000","No","2.875%","09/30/2018","$38,000,000,000","No","No","$38,000,046,700"
"912828Y53","Note","1-Year 10-Month","09/25/2018","09/28/2018","07/31/2020","99.986524","No","$37,171,000,000","$0","Yes","","09/28/2018","$17,000,000,000","Yes","No","$17,000,058,900"
"912796QE2","Bill","4-Week","09/25/2018","09/27/2018","10/25/2018","99.838222","No","$93,007,000,000","$157,997,000,000","No","","09/27/2018","$40,000,000,000","Yes","No","$40,000,148,000"
"9128285B2","Note","2-Year","09/24/2018","10/01/2018","09/30/2020","99.847531","No","","$73,480,000,000","No","2.750%","09/30/2018","$37,000,000,000","No","No","$37,000,075,500"
"912796QQ5","Bill","13-Week","09/24/2018","09/27/2018","12/27/2018","99.448944","No","$41,999,000,000","$157,997,000,000","No","","09/27/2018","$48,000,000,000","Yes","No","$48,000,238,500"
"912796PX1","Bill","26-Week","09/24/2018","09/27/2018","03/28/2019","98.827111","No","$23,999,000,000","$157,997,000,000","No","","09/27/2018","$42,000,000,000","Yes","No","$42,000,495,500"
"912828Y38","Note","9-Year 10-Month","09/20/2018","09/28/2018","07/15/2028","98.890361","No","$13,706,000,000","$0","No","0.750%","09/28/2018","$11,000,000,000","Yes","Yes","$11,000,007,500"
"912796QD4","Bill","4-Week","09/18/2018","09/20/2018","10/18/2018","99.842889","No","$93,003,000,000","$162,998,000,000","No","","09/20/2018","$40,000,000,000","Yes","No","$40,000,479,200"
"912796QP7","Bill","13-Week","09/17/2018","09/20/2018","12/20/2018","99.462847","No","$42,000,000,000","$162,998,000,000","No","","09/20/2018","$48,000,000,000","Yes","No","$48,000,062,300"
"912796RC5","Bill","26-Week","09/17/2018","09/20/2018","03/21/2019","98.842278","No","","$162,998,000,000","No","","09/20/2018","$42,000,000,000","No","No","$42,000,198,600"
"912810SD1","Bond","29-Year 11-Month","09/13/2018","09/17/2018","08/15/2048","98.286448","No","$20,415,000,000","$24,000,000,000","No","3.000%","09/15/2018","$15,000,000,000","Yes","No","$15,000,011,400"
"9128284V9","Note","9-Year 11-Month","09/12/2018","09/17/2018","08/15/2028","99.296918","No","$29,495,000,000","$24,000,000,000","No","2.875%","09/15/2018","$23,000,000,000","Yes","No","$23,000,004,800"
"9128285A4","Note","3-Year","09/11/2018","09/17/2018","09/15/2021","99.797279","No","","$24,000,000,000","No","2.750%","09/15/2018","$35,000,000,000","No","No","$35,000,019,100"
"912796NZ8","Bill","4-Week","09/11/2018","09/13/2018","10/11/2018","99.846389","No","$110,003,000,000","$182,998,000,000","No","","09/13/2018","$45,000,000,000","Yes","No","$45,000,074,600"
"912796RA9","Bill","52-Week","09/11/2018","09/13/2018","09/12/2019","97.507611","No","","$182,998,000,000","No","","09/13/2018","$26,000,000,000","No","No","$26,000,254,400"
"912796QN2","Bill","13-Week","09/10/2018","09/13/2018","12/13/2018","99.466639","No","$42,001,000,000","$182,998,000,000","No","","09/13/2018","$48,000,000,000","Yes","No","$48,000,144,400"
"912796RB7","Bill","26-Week","09/10/2018","09/13/2018","03/14/2019","98.854917","No","","$182,998,000,000","No","","09/13/2018","$42,000,000,000","No","No","$42,000,073,300"
"912796QB8","Bill","4-Week","09/04/2018","09/06/2018","10/04/2018","99.846778","No","$89,959,000,000","$162,988,000,000","No","","09/06/2018","$55,000,000,000","Yes","No","$55,000,477,600"
"912796PE3","Bill","13-Week","09/04/2018","09/06/2018","12/06/2018","99.470431","No","$62,001,000,000","$162,988,000,000","No","","09/06/2018","$48,000,000,000","Yes","No","$48,000,170,300"
"912796QZ5","Bill","26-Week","09/04/2018","09/06/2018","03/07/2019","98.867556","No","","$162,988,000,000","No","","09/06/2018","$42,000,000,000","No","No","$42,000,123,400"
"912828Y53","Note","1-Year 11-Month","08/29/2018","08/31/2018","07/31/2020","99.991756","No","$18,978,000,000","$71,733,000,000","Yes","","08/31/2018","$17,000,000,000","Yes","No","$18,198,222,700"
"9128284Z0","Note","7-Year","08/29/2018","08/31/2018","08/31/2025","99.407159","No","","$71,733,000,000","No","2.750%","08/31/2018","$31,000,000,000","No","No","$33,184,943,100"
"9128284X5","Note","5-Year","08/28/2018","08/31/2018","08/31/2023","99.930401","No","","$71,733,000,000","No","2.750%","08/31/2018","$37,000,000,000","No","No","$39,607,828,100"
"912796QA0","Bill","4-Week","08/28/2018","08/30/2018","09/27/2018","99.849889","No","$92,997,000,000","$158,007,000,000","No","","08/30/2018","$65,000,000,000","Yes","No","$65,000,463,200"
"9128284Y3","Note","2-Year","08/27/2018","08/31/2018","08/31/2020","99.941940","No","","$71,733,000,000","No","2.625%","08/31/2018","$36,000,000,000","No","No","$38,537,491,100"
"912796QL6","Bill","13-Week","08/27/2018","08/30/2018","11/29/2018","99.474222","No","$42,002,000,000","$158,007,000,000","No","","08/30/2018","$51,000,000,000","Yes","No","$51,000,092,100"
"912796PT0","Bill","26-Week","08/27/2018","08/30/2018","02/28/2019","98.882722","No","$22,000,000,000","$158,007,000,000","No","","08/30/2018","$45,000,000,000","Yes","No","$45,000,296,700"
"9128284H0","Note","4-Year 8-Month","08/23/2018","08/31/2018","04/15/2023","100.986989","No","$18,042,000,000","$71,733,000,000","No","0.625%","08/31/2018","$14,000,000,000","Yes","Yes","$14,986,736,700"
"912796PZ6","Bill","4-Week","08/21/2018","08/23/2018","09/20/2018","99.851444","No","$92,996,000,000","$147,992,000,000","No","","08/23/2018","$70,000,000,000","Yes","No","$70,000,660,500"
"912796QK8","Bill","13-Week","08/20/2018","08/23/2018","11/23/2018","99.479944","No","$41,992,000,000","$147,992,000,000","No","","08/23/2018","$51,000,000,000","Yes","No","$51,000,242,700"
"912796QY8","Bill","26-Week","08/20/2018","08/23/2018","02/21/2019","98.895361","No","","$147,992,000,000","No","","08/23/2018","$45,000,000,000","No","No","$45,000,196,500"
"912796NV7","Bill","4-Week","08/14/2018","08/16/2018","09/13/2018","99.851444","No","$113,000,000,000","$154,996,000,000","No","","08/16/2018","$70,000,000,000","Yes","No","$70,000,117,000"
"912796QV4","Bill","52-Week","08/14/2018","08/16/2018","08/15/2019","97.608722","No","","$154,996,000,000","No","","08/16/2018","$26,000,000,000","No","No","$26,000,160,000"
"912796QJ1","Bill","13-Week","08/13/2018","08/16/2018","11/15/2018","99.486861","No","$42,001,000,000","$154,996,000,000","No","","08/16/2018","$51,000,000,000","Yes","No","$51,000,203,000"
"912796QX0","Bill","26-Week","08/13/2018","08/16/2018","02/14/2019","98.897889","No","","$154,996,000,000","No","","08/16/2018","$45,000,000,000","No","No","$45,000,336,300"
"912810SD1","Bond","30-Year","08/09/2018","08/15/2018","08/15/2048","98.248216","No","","$38,216,000,000","No","3.000%","08/15/2018","$18,000,000,000","No","No","$20,419,916,800"
"9128284V9","Note","10-Year","08/08/2018","08/15/2018","08/15/2028","99.268892","No","","$38,216,000,000","No","2.875%","08/15/2018","$26,000,000,000","No","No","$29,495,528,000"
"9128284W7","Note","3-Year","08/07/2018","08/15/2018","08/15/2021","99.957100","No","","$38,216,000,000","No","2.750%","08/15/2018","$34,000,000,000","No","No","$38,570,974,200"
"912796PY9","Bill","4-Week","08/07/2018","08/09/2018","09/06/2018","99.851833","No","$92,995,000,000","$124,993,000,000","No","","08/09/2018","$70,000,000,000","Yes","No","$70,000,187,000"
"912796PD5","Bill","13-Week","08/06/2018","08/09/2018","11/08/2018","99.491917","No","$62,001,000,000","$124,993,000,000","No","","08/09/2018","$51,000,000,000","Yes","No","$51,000,824,800"
"912796QW2","Bill","26-Week","08/06/2018","08/09/2018","02/07/2019","98.897889","No","","$124,993,000,000","No","","08/09/2018","$45,000,000,000","No","No","$45,000,197,500"
"912796PW3","Bill","4-Week","07/31/2018","08/02/2018","08/30/2018","99.851444","No","$93,007,000,000","$124,991,000,000","No","","08/02/2018","$65,000,000,000","Yes","No","$65,000,383,500"
"912796QF9","Bill","13-Week","07/30/2018","08/02/2018","11/01/2018","99.494444","No","$41,996,000,000","$124,991,000,000","No","","08/02/2018","$51,000,000,000","Yes","No","$51,000,745,800"
"912796PP8","Bill","26-Week","07/30/2018","08/02/2018","01/31/2019","98.908000","No","$19,995,000,000","$124,991,000,000","No","","08/02/2018","$45,000,000,000","Yes","No","$45,000,421,400"
"912828Y79","Note","7-Year","07/26/2018","07/31/2018","07/31/2025","99.654192","No","","$105,217,000,000","No","2.875%","07/31/2018","$30,000,000,000","No","No","$31,629,113,100"
"912828Y53","Note","2-Year","07/25/2018","07/31/2018","07/31/2020","100.000000","No","","$105,217,000,000","Yes","","07/31/2018","$18,000,000,000","No","No","$18,977,701,600"
"912828Y61","Note","5-Year","07/25/2018","07/31/2018","07/31/2023","99.698805","No","","$105,217,000,000","No","2.750%","07/31/2018","$36,000,000,000","No","No","$37,954,982,400"
"912828Y46","Note","2-Year","07/24/2018","07/31/2018","07/31/2020","99.938070","No","","$105,217,000,000","No","2.625%","07/31/2018","$35,000,000,000","No","No","$36,900,694,700"
"912796PV5","Bill","4-Week","07/24/2018","07/26/2018","08/23/2018","99.853778","No","$92,993,000,000","$124,997,000,000","No","","07/26/2018","$55,000,000,000","Yes","No","$55,000,121,200"
"912796QE2","Bill","13-Week","07/23/2018","07/26/2018","10/25/2018","99.502028","No","$41,999,000,000","$124,997,000,000","No","","07/26/2018","$51,000,000,000","Yes","No","$51,000,564,700"
"912796QU6","Bill","26-Week","07/23/2018","07/26/2018","01/24/2019","98.918111","No","","$124,997,000,000","No","","07/26/2018","$45,000,000,000","No","No","$45,000,169,300"
"912828Y38","Note","10-Year","07/19/2018","07/31/2018","07/15/2028","100.098792","No","","$105,217,000,000","No","0.750%","07/31/2018","$13,000,000,000","No","Yes","$13,705,922,200"
"912796NQ8","Bill","4-Week","07/17/2018","07/19/2018","08/16/2018","99.853778","No","$109,999,000,000","$145,003,000,000","No","","07/19/2018","$45,000,000,000","Yes","No","$45,000,113,700"
"912796QR3","Bill","52-Week","07/17/2018","07/19/2018","07/18/2019","97.639056","No","","$145,003,000,000","No","","07/19/2018","$26,000,000,000","No","No","$26,000,129,900"
"912796QD4","Bill","13-Week","07/16/2018","07/19/2018","10/18/2018","99.499500","No","$42,003,000,000","$145,003,000,000","No","","07/19/2018","$51,000,000,000","Yes","No","$51,000,283,100"
"912796QT9","Bill","26-Week","07/16/2018","07/19/2018","01/17/2019","98.918111","No","","$145,003,000,000","No","","07/19/2018","$45,000,000,000","No","No","$45,000,055,300"
"912810SC3","Bond","29-Year 10-Month","07/12/2018","07/16/2018","05/15/2048","103.289415","No","$35,098,000,000","$40,292,000,000","No","3.125%","07/15/2018","$14,000,000,000","Yes","No","$14,054,415,600"
"9128284N7","Note","9-Year 10-Month","07/11/2018","07/16/2018","05/15/2028","100.131750","No","$53,027,000,000","$40,292,000,000","No","2.875%","07/15/2018","$22,000,000,000","Yes","No","$22,085,574,700"
"912828Y20","Note","3-Year","07/10/2018","07/16/2018","07/15/2021","99.828219","No","","$40,292,000,000","No","2.625%","07/15/2018","$33,000,000,000","No","No","$33,128,311,900"
"912796PU7","Bill","4-Week","07/10/2018","07/12/2018","08/09/2018","99.856111","No","$89,997,000,000","$124,995,000,000","No","","07/12/2018","$35,000,000,000","Yes","No","$35,000,303,300"
"912796NZ8","Bill","13-Week","07/09/2018","07/12/2018","10/11/2018","99.508347","No","$62,003,000,000","$124,995,000,000","No","","07/12/2018","$48,000,000,000","Yes","No","$48,000,208,000"
"912796QS1","Bill","26-Week","07/09/2018","07/12/2018","01/10/2019","98.938333","No","","$124,995,000,000","No","","07/12/2018","$42,000,000,000","No","No","$42,000,137,500"
"912796PS2","Bill","4-Week","07/02/2018","07/05/2018","08/02/2018","99.855333","No","$90,005,000,000","$124,999,000,000","No","","07/05/2018","$35,000,000,000","Yes","No","$35,000,369,300"
"912796QB8","Bill","13-Week","07/02/2018","07/05/2018","10/04/2018","99.509611","No","$42,000,000,000","$124,999,000,000","No","","07/05/2018","$48,000,000,000","Yes","No","$48,000,224,000"
"912796PK9","Bill","26-Week","07/02/2018","07/05/2018","01/03/2019","98.945917","No","$20,000,000,000","$124,999,000,000","No","","07/05/2018","$42,000,000,000","Yes","No","$42,000,042,900"
"912828XZ8","Note","7-Year","06/28/2018","07/02/2018","06/30/2025","99.627486","No","","$64,272,000,000","No","2.750%","06/30/2018","$30,000,000,000","No","No","$33,736,074,500"
"9128284U1","Note","5-Year","06/27/2018","07/02/2018","06/30/2023","99.563565","No","","$64,272,000,000","No","2.625%","06/30/2018","$36,000,000,000","No","No","$40,483,394,000"
"9128284K3","Note","1-Year 10-Month","06/27/2018","06/29/2018","04/30/2020","99.983009","No","$35,170,000,000","$0","Yes","","06/29/2018","$16,000,000,000","Yes","No","$16,000,077,700"
"912828XY1","Note","2-Year","06/26/2018","07/02/2018","06/30/2020","99.926377","No","","$64,272,000,000","No","2.500%","06/30/2018","$34,000,000,000","No","No","$38,234,251,300"
"912796PR4","Bill","4-Week","06/26/2018","06/28/2018","07/26/2018","99.862333","No","$89,999,000,000","$129,988,000,000","No","","06/28/2018","$35,000,000,000","Yes","No","$35,000,368,100"
"912796QA0","Bill","13-Week","06/25/2018","06/28/2018","09/27/2018","99.519722","No","$44,998,000,000","$129,988,000,000","No","","06/28/2018","$48,000,000,000","Yes","No","$48,000,669,900"
"912796QQ5","Bill","26-Week","06/25/2018","06/28/2018","12/27/2018","98.945917","No","","$129,988,000,000","No","","06/28/2018","$42,000,000,000","No","No","$42,000,373,500"
"912810SB5","Bond","29-Year 8-Month","06/21/2018","06/29/2018","02/15/2048","103.306254","No","$8,707,000,000","$0","No","1.000%","06/29/2018","$5,000,000,000","Yes","Yes","$5,000,001,200"
"912796MK2","Bill","4-Week","06/19/2018","06/21/2018","07/19/2018","99.858833","No","$110,012,000,000","$155,009,000,000","No","","06/21/2018","$35,000,000,000","Yes","No","$35,000,053,100"
"912796QM4","Bill","52-Week","06/19/2018","06/21/2018","06/20/2019","97.699722","No","","$155,009,000,000","No","","06/21/2018","$26,000,000,000","No","No","$26,000,161,200"
"912796PZ6","Bill","13-Week","06/18/2018","06/21/2018","09/20/2018","99.519722","No","$45,001,000,000","$155,009,000,000","No","","06/21/2018","$48,000,000,000","Yes","No","$48,000,211,900"
"912796QP7","Bill","26-Week","06/18/2018","06/21/2018","12/20/2018","98.950972","No","","$155,009,000,000","No","","06/21/2018","$42,000,000,000","No","No","$42,000,007,800"
"912810SC3","Bond","29-Year 11-Month","06/12/2018","06/15/2018","05/15/2048","100.481809","No","$21,098,000,000","$24,000,000,000","No","3.125%","06/15/2018","$14,000,000,000","Yes","No","$14,000,008,100"
"912796PQ6","Bill","4-Week","06/12/2018","06/14/2018","07/12/2018","99.860778","No","$89,997,000,000","$134,993,000,000","No","","06/14/2018","$35,000,000,000","Yes","No","$35,000,150,500"
"9128284T4","Note","3-Year","06/11/2018","06/15/2018","06/15/2021","99.888266","No","","$24,000,000,000","No","2.625%","06/15/2018","$32,000,000,000","No","No","$32,000,118,800"
"9128284N7","Note","9-Year 11-Month","06/11/2018","06/15/2018","05/15/2028","99.254212","No","$31,027,000,000","$24,000,000,000","No","2.875%","06/15/2018","$22,000,000,000","Yes","No","$22,000,050,600"
"912796NV7","Bill","13-Week","06/11/2018","06/14/2018","09/13/2018","99.517194","No","$64,994,000,000","$134,993,000,000","No","","06/14/2018","$48,000,000,000","Yes","No","$48,000,303,900"
"912796QN2","Bill","26-Week","06/11/2018","06/14/2018","12/13/2018","98.950972","No","","$134,993,000,000","No","","06/14/2018","$42,000,000,000","No","No","$42,000,034,800"
"912796PN3","Bill","4-Week","06/05/2018","06/07/2018","07/05/2018","99.861556","No","$90,001,000,000","$131,994,000,000","No","","06/07/2018","$35,000,000,000","Yes","No","$35,000,079,100"
"912796PY9","Bill","13-Week","06/04/2018","06/07/2018","09/06/2018","99.517194","No","$44,996,000,000","$131,994,000,000","No","","06/07/2018","$48,000,000,000","Yes","No","$48,000,024,400"
"912796PE3","Bill","26-Week","06/04/2018","06/07/2018","12/06/2018","98.953500","No","$19,999,000,000","$131,994,000,000","No","","06/07/2018","$42,000,000,000","Yes","No","$42,000,421,400"
"912796PM5","Bill","4-Week","05/29/2018","05/31/2018","06/28/2018","99.863889","No","$89,996,000,000","$132,001,000,000","No","","05/31/2018","$40,000,000,000","Yes","No","$40,000,142,200"
"912796PW3","Bill","13-Week","05/29/2018","05/31/2018","08/30/2018","99.520986","No","$45,003,000,000","$132,001,000,000","No","","05/31/2018","$48,000,000,000","Yes","No","$48,000,212,100"
"912796QL6","Bill","26-Week","05/29/2018","05/31/2018","11/29/2018","98.973722","No","","$132,001,000,000","No","","05/31/2018","$42,000,000,000","No","No","$42,000,028,900"
"9128284R8","Note","7-Year","05/24/2018","05/31/2018","05/31/2025","99.654192","No","","$70,592,000,000","No","2.875%","05/31/2018","$30,000,000,000","No","No","$35,211,597,100"
"9128284S6","Note","5-Year","05/23/2018","05/31/2018","05/31/2023","99.472437","No","","$70,592,000,000","No","2.750%","05/31/2018","$36,000,000,000","No","No","$42,253,698,300"
"9128284K3","Note","1-Year 11-Month","05/23/2018","05/25/2018","04/30/2020","100.009127","No","$19,170,000,000","$0","Yes","","05/25/2018","$16,000,000,000","Yes","No","$16,000,041,600"
"9128284Q0","Note","2-Year","05/22/2018","05/31/2018","05/31/2020","99.825680","No","","$70,592,000,000","No","2.500%","05/31/2018","$33,000,000,000","No","No","$38,732,492,100"
"912796MF3","Bill","4-Week","05/22/2018","05/24/2018","06/21/2018","99.866222","No","$110,002,000,000","$151,996,000,000","No","","05/24/2018","$45,000,000,000","Yes","No","$45,000,042,900"
"912796QH5","Bill","52-Week","05/22/2018","05/24/2018","05/23/2019","97.699722","No","","$151,996,000,000","No","","05/24/2018","$26,000,000,000","No","No","$26,000,269,300"
"912796PV5","Bill","13-Week","05/21/2018","05/24/2018","08/23/2018","99.520986","No","$45,000,000,000","$151,996,000,000","No","","05/24/2018","$48,000,000,000","Yes","No","$48,000,074,600"
"912796QK8","Bill","26-Week","05/21/2018","05/24/2018","11/23/2018","98.942667","No","","$151,996,000,000","No","","05/24/2018","$42,000,000,000","No","No","$42,000,311,900"
"9128283R9","Note","9-Year 8-Month","05/17/2018","05/31/2018","01/15/2028","97.131469","No","$25,909,000,000","$70,592,000,000","No","0.500%","05/31/2018","$11,000,000,000","Yes","Yes","$12,910,859,800"
"912796PL7","Bill","4-Week","05/15/2018","05/17/2018","06/14/2018","99.871278","No","$89,999,000,000","$128,999,000,000","No","","05/17/2018","$45,000,000,000","Yes","No","$45,000,219,000"
"912796NQ8","Bill","13-Week","05/14/2018","05/17/2018","08/16/2018","99.522250","No","$62,000,000,000","$128,999,000,000","No","","05/17/2018","$48,000,000,000","Yes","No","$48,000,066,600"
"912796QJ1","Bill","26-Week","05/14/2018","05/17/2018","11/15/2018","98.971194","No","","$128,999,000,000","No","","05/17/2018","$42,000,000,000","No","No","$42,000,271,600"
"912810SC3","Bond","30-Year","05/10/2018","05/15/2018","05/15/2048","99.903175","No","","$39,110,000,000","No","3.125%","05/15/2018","$17,000,000,000","No","No","$21,098,197,100"
"9128284N7","Note","10-Year","05/09/2018","05/15/2018","05/15/2028","98.969628","No","","$39,110,000,000","No","2.875%","05/15/2018","$25,000,000,000","No","No","$31,026,732,300"
"9128284P2","Note","3-Year","05/08/2018","05/15/2018","05/15/2021","99.888266","No","","$39,110,000,000","No","2.625%","05/15/2018","$31,000,000,000","No","No","$38,473,125,500"
"912796PJ2","Bill","4-Week","05/08/2018","05/10/2018","06/07/2018","99.870889","No","$86,997,000,000","$128,992,000,000","No","","05/10/2018","$45,000,000,000","Yes","No","$45,000,566,500"
"912796PU7","Bill","13-Week","05/07/2018","05/10/2018","08/09/2018","99.534889","No","$42,000,000,000","$128,992,000,000","No","","05/10/2018","$48,000,000,000","Yes","No","$48,000,011,300"
"912796PD5","Bill","26-Week","05/07/2018","05/10/2018","11/08/2018","98.988889","No","$20,000,000,000","$128,992,000,000","No","","05/10/2018","$42,000,000,000","Yes","No","$42,000,511,800"
"912796PH6","Bill","4-Week","05/01/2018","05/03/2018","05/31/2018","99.871667","No","$87,001,000,000","$139,003,000,000","No","","05/03/2018","$45,000,000,000","Yes","No","$45,000,437,100"
"912796PS2","Bill","13-Week","04/30/2018","05/03/2018","08/02/2018","99.536153","No","$42,003,000,000","$139,003,000,000","No","","05/03/2018","$48,000,000,000","Yes","No","$48,000,039,400"
"912796QF9","Bill","26-Week","04/30/2018","05/03/2018","11/01/2018","98.993944","No","","$139,003,000,000","No","","05/03/2018","$42,000,000,000","No","No","$42,000,089,500"
"9128284M9","Note","7-Year","04/26/2018","04/30/2018","04/30/2025","99.516250","No","","$109,374,000,000","No","2.875%","04/30/2018","$29,000,000,000","No","No","$32,701,509,600"
"9128284K3","Note","2-Year","04/25/2018","04/30/2018","04/30/2020","100.000000","No","","$109,374,000,000","Yes","","04/30/2018","$17,000,000,000","No","No","$19,169,908,300"
"9128284L1","Note","5-Year","04/25/2018","04/30/2018","04/30/2023","99.597097","No","","$109,374,000,000","No","2.750%","04/30/2018","$35,000,000,000","No","No","$39,467,309,000"
"9128284J6","Note","2-Year","04/24/2018","04/30/2018","04/30/2020","99.761494","No","","$109,374,000,000","No","2.375%","04/30/2018","$32,000,000,000","No","No","$36,084,396,900"
"912796MB2","Bill","4-Week","04/24/2018","04/26/2018","05/24/2018","99.869333","No","$106,998,000,000","$168,997,000,000","No","","04/26/2018","$45,000,000,000","Yes","No","$45,000,401,100"
"912796QC6","Bill","52-Week","04/24/2018","04/26/2018","04/25/2019","97.775556","No","","$168,997,000,000","No","","04/26/2018","$26,000,000,000","No","No","$26,000,439,900"
"912796PR4","Bill","13-Week","04/23/2018","04/26/2018","07/26/2018","99.537417","No","$41,999,000,000","$168,997,000,000","No","","04/26/2018","$48,000,000,000","Yes","No","$48,000,350,500"
"912796QE2","Bill","26-Week","04/23/2018","04/26/2018","10/25/2018","98.996472","No","","$168,997,000,000","No","","04/26/2018","$42,000,000,000","No","No","$42,000,244,700"
"9128284H0","Note","5-Year","04/19/2018","04/30/2018","04/15/2023","100.196611","No","","$109,374,000,000","No","0.625%","04/30/2018","$16,000,000,000","No","Yes","$18,042,280,700"
"912796PG8","Bill","4-Week","04/17/2018","04/19/2018","05/17/2018","99.873222","No","$84,000,000,000","$178,987,000,000","No","","04/19/2018","$45,000,000,000","Yes","No","$45,000,214,200"
"912796MK2","Bill","13-Week","04/16/2018","04/19/2018","07/19/2018","99.555111","No","$62,000,000,000","$178,987,000,000","No","","04/19/2018","$48,000,000,000","Yes","No","$48,000,192,700"
"912796QD4","Bill","26-Week","04/16/2018","04/19/2018","10/18/2018","99.016694","No","","$178,987,000,000","No","","04/19/2018","$42,000,000,000","No","No","$42,000,207,900"
"912810SA7","Bond","29-Year 10-Month","04/12/2018","04/16/2018","02/15/2048","99.136422","No","$32,022,000,000","$77,491,000,000","No","3.000%","04/15/2018","$13,000,000,000","Yes","No","$13,022,289,700"
"9128283W8","Note","9-Year 10-Month","04/11/2018","04/16/2018","02/15/2028","99.611154","No","$49,536,000,000","$77,491,000,000","No","2.750%","04/15/2018","$21,000,000,000","Yes","No","$21,036,051,300"
"9128284G2","Note","3-Year","04/10/2018","04/16/2018","04/15/2021","99.784450","No","","$77,491,000,000","No","2.375%","04/15/2018","$30,000,000,000","No","No","$30,051,494,400"
"912796PF0","Bill","4-Week","04/10/2018","04/12/2018","05/10/2018","99.874000","No","$84,000,000,000","$198,998,000,000","No","","04/12/2018","$45,000,000,000","Yes","No","$45,000,135,500"
"912796PQ6","Bill","13-Week","04/09/2018","04/12/2018","07/12/2018","99.566486","No","$41,997,000,000","$198,998,000,000","No","","04/12/2018","$48,000,000,000","Yes","No","$48,000,176,200"
"912796NZ8","Bill","26-Week","04/09/2018","04/12/2018","10/11/2018","99.049556","No","$20,000,000,000","$198,998,000,000","No","","04/12/2018","$42,000,000,000","Yes","No","$42,000,025,400"
"912796PC7","Bill","4-Week","04/03/2018","04/05/2018","05/03/2018","99.868167","No","$84,007,000,000","$148,999,000,000","No","","04/05/2018","$55,000,000,000","Yes","No","$55,000,399,600"
"912796PN3","Bill","13-Week","04/02/2018","04/05/2018","07/05/2018","99.560167","No","$42,001,000,000","$148,999,000,000","No","","04/05/2018","$48,000,000,000","Yes","No","$48,000,442,900"
"912796QB8","Bill","26-Week","04/02/2018","04/05/2018","10/04/2018","99.036917","No","","$148,999,000,000","No","","04/05/2018","$42,000,000,000","No","No","$42,000,398,400"
"9128283T5","Note","1-Year 10-Month","03/28/2018","04/02/2018","01/31/2020","99.910268","No","$32,206,000,000","$0","Yes","","04/02/2018","$15,000,000,000","Yes","No","$17,642,362,900"
"9128284F4","Note","7-Year","03/28/2018","04/02/2018","03/31/2025","99.398415","No","","$66,294,000,000","No","2.625%","03/31/2018","$29,000,000,000","No","No","$34,108,590,900"
"9128284D9","Note","5-Year","03/27/2018","04/02/2018","03/31/2023","99.478566","No","","$66,294,000,000","No","2.500%","03/31/2018","$35,000,000,000","No","No","$41,165,536,500"
"912796LX5","Bill","4-Week","03/27/2018","03/29/2018","04/26/2018","99.867389","No","$103,998,000,000","$161,008,000,000","No","","03/29/2018","$65,000,000,000","Yes","No","$65,000,070,400"
"912796PX1","Bill","52-Week","03/27/2018","03/29/2018","03/28/2019","97.907000","No","","$161,008,000,000","No","","03/29/2018","$24,000,000,000","No","No","$24,000,018,500"
"9128284C1","Note","2-Year","03/26/2018","04/02/2018","03/31/2020","99.883557","No","","$66,294,000,000","No","2.250%","03/31/2018","$30,000,000,000","No","No","$35,284,834,700"
"912796PM5","Bill","13-Week","03/26/2018","03/29/2018","06/28/2018","99.555111","No","$38,997,000,000","$161,008,000,000","No","","03/29/2018","$51,000,000,000","Yes","No","$51,000,026,100"
"912796QA0","Bill","26-Week","03/26/2018","03/29/2018","09/27/2018","99.041972","No","","$161,008,000,000","No","","03/29/2018","$45,000,000,000","No","No","$45,000,033,100"
"9128283R9","Note","9-Year 10-Month","03/22/2018","03/29/2018","01/15/2028","97.935177","No","$14,911,000,000","$0","No","0.500%","03/29/2018","$11,000,000,000","Yes","Yes","$11,000,002,700"
"912796PB9","Bill","4-Week","03/20/2018","03/22/2018","04/19/2018","99.866222","No","$113,993,000,000","$135,994,000,000","No","","03/22/2018","$65,000,000,000","Yes","No","$65,000,237,200"
"912796MF3","Bill","13-Week","03/19/2018","03/22/2018","06/21/2018","99.550056","No","$58,998,000,000","$135,994,000,000","No","","03/22/2018","$51,000,000,000","Yes","No","$51,000,805,500"
"912796PZ6","Bill","26-Week","03/19/2018","03/22/2018","09/20/2018","99.014167","No","","$135,994,000,000","No","","03/22/2018","$45,000,000,000","No","No","$45,000,123,700"
"912796PA1","Bill","4-Week","03/13/2018","03/15/2018","04/12/2018","99.871667","No","$133,998,000,000","$127,997,000,000","No","","03/15/2018","$65,000,000,000","Yes","No","$65,000,659,000"
"912810SA7","Bond","29-Year 11-Month","03/13/2018","03/15/2018","02/15/2048","97.883828","No","$19,022,000,000","$24,000,000,000","No","3.000%","03/15/2018","$13,000,000,000","Yes","No","$13,000,001,700"
"912796PL7","Bill","13-Week","03/12/2018","03/15/2018","06/14/2018","99.577861","No","$39,000,000,000","$127,997,000,000","No","","03/15/2018","$51,000,000,000","Yes","No","$51,000,382,800"
"912796NV7","Bill","26-Week","03/12/2018","03/15/2018","09/13/2018","99.064722","No","$19,999,000,000","$127,997,000,000","No","","03/15/2018","$45,000,000,000","Yes","No","$45,000,382,000"
"9128284B3","Note","3-Year","03/12/2018","03/15/2018","03/15/2021","99.824555","No","","$24,000,000,000","No","2.375%","03/15/2018","$28,000,000,000","No","No","$28,000,025,100"
"9128283W8","Note","9-Year 11-Month","03/12/2018","03/15/2018","02/15/2028","98.805633","No","$28,536,000,000","$24,000,000,000","No","2.750%","03/15/2018","$21,000,000,000","Yes","No","$21,000,005,900"
"912796NY1","Bill","4-Week","03/06/2018","03/08/2018","04/05/2018","99.879444","No","$84,000,000,000","$90,001,000,000","No","","03/08/2018","$65,000,000,000","Yes","No","$65,000,523,200"
"912796PJ2","Bill","13-Week","03/05/2018","03/08/2018","06/07/2018","99.580389","No","$36,000,000,000","$90,001,000,000","No","","03/08/2018","$51,000,000,000","Yes","No","$51,000,199,400"
"912796PY9","Bill","26-Week","03/05/2018","03/08/2018","09/06/2018","99.074833","No","","$90,001,000,000","No","","03/08/2018","$45,000,000,000","No","No","$45,000,585,700"
"912796LS6","Bill","4-Week","02/27/2018","03/01/2018","03/29/2018","99.883722","No","$101,002,000,000","$119,991,000,000","No","","03/01/2018","$60,000,000,000","Yes","No","$60,000,010,100"
"912796PT0","Bill","52-Week","02/27/2018","03/01/2018","02/28/2019","97.957556","No","","$119,991,000,000","No","","03/01/2018","$22,000,000,000","No","No","$22,000,143,100"
"912796PH6","Bill","13-Week","02/26/2018","03/01/2018","05/31/2018","99.584181","No","$36,000,000,000","$119,991,000,000","No","","03/01/2018","$51,000,000,000","Yes","No","$51,000,273,700"
"912796PW3","Bill","26-Week","02/26/2018","03/01/2018","08/30/2018","99.074833","No","","$119,991,000,000","No","","03/01/2018","$45,000,000,000","No","No","$45,000,056,900"
"9128283Z1","Note","7-Year","02/22/2018","02/28/2018","02/28/2025","99.438593","No","","$68,245,000,000","No","2.750%","02/28/2018","$29,000,000,000","No","No","$36,070,110,200"
"9128284A5","Note","5-Year","02/21/2018","02/28/2018","02/28/2023","99.846446","No","","$68,245,000,000","No","2.625%","02/28/2018","$35,000,000,000","No","No","$43,532,854,900"
"9128283T5","Note","1-Year 11-Month","02/21/2018","02/23/2018","01/31/2020","99.968842","No","$17,205,000,000","$0","Yes","","02/23/2018","$15,000,000,000","Yes","No","$15,000,012,400"
"9128283Y4","Note","2-Year","02/20/2018","02/28/2018","02/29/2020","99.990276","No","","$68,245,000,000","No","2.250%","02/28/2018","$28,000,000,000","No","No","$34,826,345,700"
"912796NX3","Bill","4-Week","02/20/2018","02/22/2018","03/22/2018","99.892667","No","$80,997,000,000","$109,987,000,000","No","","02/22/2018","$55,000,000,000","Yes","No","$55,000,166,700"
"912796MB2","Bill","13-Week","02/20/2018","02/22/2018","05/24/2018","99.587972","No","$56,000,000,000","$109,987,000,000","No","","02/22/2018","$51,000,000,000","Yes","No","$51,000,030,400"
"912796PV5","Bill","26-Week","02/20/2018","02/22/2018","08/23/2018","99.079889","No","","$109,987,000,000","No","","02/22/2018","$45,000,000,000","No","No","$45,000,458,500"
"912810SB5","Bond","30-Year","02/15/2018","02/28/2018","02/15/2048","99.895379","No","","$68,245,000,000","No","1.000%","02/28/2018","$7,000,000,000","No","Yes","$8,706,576,400"
"912796PA1","Bill","55-Day","02/13/2018","02/16/2018","04/12/2018","99.761667","Yes","$83,998,000,000","","No","","02/16/2018","$50,000,000,000","Yes","No","$50,000,563,100"
"912796NW5","Bill","4-Week","02/13/2018","02/15/2018","03/15/2018","99.894222","No","$78,000,000,000","$119,989,000,000","No","","02/15/2018","$50,000,000,000","Yes","No","$50,000,064,200"
"912796PG8","Bill","13-Week","02/12/2018","02/15/2018","05/17/2018","99.603139","No","$35,999,000,000","$119,989,000,000","No","","02/15/2018","$48,000,000,000","Yes","No","$48,001,400,300"
"912796NQ8","Bill","26-Week","02/12/2018","02/15/2018","08/16/2018","99.097583","No","$20,000,000,000","$119,989,000,000","No","","02/15/2018","$42,000,000,000","Yes","No","$42,000,085,300"
"912810SA7","Bond","30-Year","02/08/2018","02/15/2018","02/15/2048","97.654131","No","","$46,643,000,000","No","3.000%","02/15/2018","$16,000,000,000","No","No","$19,024,077,000"
"9128283W8","Note","10-Year","02/07/2018","02/15/2018","02/15/2028","99.471446","No","","$46,643,000,000","No","2.750%","02/15/2018","$24,000,000,000","No","No","$28,536,158,300"
"9128283X6","Note","3-Year","02/06/2018","02/15/2018","02/15/2021","99.913485","No","","$46,643,000,000","No","2.250%","02/15/2018","$26,000,000,000","No","No","$30,914,178,300"
"912796NU9","Bill","4-Week","02/06/2018","02/08/2018","03/08/2018","99.884889","No","$75,003,000,000","$124,997,000,000","No","","02/08/2018","$15,000,000,000","Yes","No","$15,000,049,800"
"912796PB9","Bill","70-Day","02/06/2018","02/08/2018","04/19/2018","99.720000","Yes","$83,992,000,000","","No","","02/08/2018","$30,000,000,000","Yes","No","$30,000,579,000"
"912796PF0","Bill","13-Week","02/05/2018","02/08/2018","05/10/2018","99.620833","No","$35,999,000,000","$124,997,000,000","No","","02/08/2018","$48,000,000,000","Yes","No","$48,000,400,200"
"912796PU7","Bill","26-Week","02/05/2018","02/08/2018","08/09/2018","99.165833","No","","$124,997,000,000","No","","02/08/2018","$42,000,000,000","No","No","$42,000,096,000"
"912796LN7","Bill","4-Week","01/30/2018","02/01/2018","03/01/2018","99.888000","No","$94,991,000,000","$144,999,000,000","No","","02/01/2018","$25,000,000,000","Yes","No","$25,000,098,300"
"912796PP8","Bill","52-Week","01/30/2018","02/01/2018","01/31/2019","98.149667","No","","$144,999,000,000","No","","02/01/2018","$20,000,000,000","No","No","$20,000,333,600"
"912796PC7","Bill","13-Week","01/29/2018","02/01/2018","05/03/2018","99.639792","No","$36,001,000,000","$144,999,000,000","No","","02/01/2018","$48,000,000,000","Yes","No","$48,000,221,200"
"912796PS2","Bill","26-Week","01/29/2018","02/01/2018","08/02/2018","99.178472","No","","$144,999,000,000","No","","02/01/2018","$42,000,000,000","No","No","$42,000,410,300"
"9128283V0","Note","7-Year","01/25/2018","01/31/2018","01/31/2025","99.585928","No","","$104,464,000,000","No","2.500%","01/31/2018","$28,000,000,000","No","No","$32,115,171,200"
"9128283T5","Note","2-Year","01/24/2018","01/31/2018","01/31/2020","100.000000","No","","$104,464,000,000","Yes","","01/31/2018","$15,000,000,000","No","No","$17,204,781,800"
"9128283U2","Note","5-Year","01/24/2018","01/31/2018","01/31/2023","99.723821","No","","$104,464,000,000","No","2.375%","01/31/2018","$34,000,000,000","No","No","$38,997,034,500"
"9128283S7","Note","2-Year","01/23/2018","01/31/2018","01/31/2020","99.871340","No","","$104,464,000,000","No","2.000%","01/31/2018","$26,000,000,000","No","No","$29,821,227,800"
"912796NT2","Bill","4-Week","01/23/2018","01/25/2018","02/22/2018","99.904333","No","$74,984,000,000","$125,020,000,000","No","","01/25/2018","$35,000,000,000","Yes","No","$35,000,543,000"
"912796LX5","Bill","13-Week","01/22/2018","01/25/2018","04/26/2018","99.638528","No","$55,998,000,000","$124,995,000,000","No","","01/25/2018","$48,000,000,000","Yes","No","$48,000,375,400"
"912796PR4","Bill","26-Week","01/22/2018","01/25/2018","07/26/2018","99.183528","No","","$124,995,000,000","No","","01/25/2018","$42,000,000,000","No","No","$42,000,379,500"
"912796NP0","Bill","6-Day","01/19/2018","01/19/2018","01/25/2018","99.979833","Yes","$124,995,000,000","","No","","01/19/2018","$25,000,000","Yes","No","$25,000,100"
"9128283R9","Note","10-Year","01/18/2018","01/31/2018","01/15/2028","99.536480","No","","$104,464,000,000","No","0.500%","01/31/2018","$13,000,000,000","No","Yes","$14,910,648,600"
"912796NS4","Bill","4-Week","01/16/2018","01/18/2018","02/15/2018","99.899278","No","$74,990,000,000","$133,993,000,000","No","","01/18/2018","$45,000,000,000","Yes","No","$45,000,040,300"
"912796PB9","Bill","13-Week","01/16/2018","01/18/2018","04/19/2018","99.638528","No","$36,000,000,000","$133,993,000,000","No","","01/18/2018","$48,000,000,000","Yes","No","$48,000,844,000"
"912796MK2","Bill","26-Week","01/16/2018","01/18/2018","07/19/2018","99.191111","No","$19,999,000,000","$133,993,000,000","No","","01/18/2018","$42,000,000,000","Yes","No","$42,000,089,500"
"912810RZ3","Bond","29-Year 10-Month","01/11/2018","01/16/2018","11/15/2047","97.660428","No","$28,823,000,000","$40,231,000,000","No","2.750%","01/15/2018","$12,000,000,000","Yes","No","$12,406,398,400"
"9128283F5","Note","9-Year 10-Month","01/10/2018","01/16/2018","11/15/2027","97.156278","No","$45,797,000,000","$40,231,000,000","No","2.250%","01/15/2018","$20,000,000,000","Yes","No","$20,677,365,100"
"9128283Q1","Note","3-Year","01/09/2018","01/16/2018","01/15/2021","99.768648","No","","$40,231,000,000","No","2.000%","01/15/2018","$24,000,000,000","No","No","$24,812,807,800"
"912796NR6","Bill","4-Week","01/09/2018","01/11/2018","02/08/2018","99.900444","No","$74,999,000,000","$120,000,000,000","No","","01/11/2018","$50,000,000,000","Yes","No","$50,000,116,400"
"912796PA1","Bill","13-Week","01/08/2018","01/11/2018","04/12/2018","99.638528","No","$36,000,000,000","$120,000,000,000","No","","01/11/2018","$48,000,000,000","Yes","No","$48,000,428,700"
"912796PQ6","Bill","26-Week","01/08/2018","01/11/2018","07/12/2018","99.203750","No","","$120,000,000,000","No","","01/11/2018","$42,000,000,000","No","No","$42,000,106,200"
"912796LJ6","Bill","4-Week","01/02/2018","01/04/2018","02/01/2018","99.901222","No","$95,000,000,000","$129,991,000,000","No","","01/04/2018","$50,000,000,000","Yes","No","$50,000,086,600"
"912796NY1","Bill","13-Week","01/02/2018","01/04/2018","04/05/2018","99.637264","No","$35,999,000,000","$129,991,000,000","No","","01/04/2018","$48,000,000,000","Yes","No","$48,001,502,300"
"912796PN3","Bill","26-Week","01/02/2018","01/04/2018","07/05/2018","99.203750","No","","$129,991,000,000","No","","01/04/2018","$42,000,000,000","No","No","$42,000,469,900"
"912796PK9","Bill","52-Week","01/02/2018","01/04/2018","01/03/2019","98.200222","No","","$129,991,000,000","No","","01/04/2018","$20,000,000,000","No","No","$20,000,117,700"
"9128283P3","Note","7-Year","12/28/2017","01/02/2018","12/31/2024","99.230576","No","","$73,948,000,000","No","2.250%","12/31/2017","$28,000,000,000","No","No","$31,660,304,600"
"912828N30","Note","5-Year","12/27/2017","01/02/2018","12/31/2022","99.435896","No","","$73,948,000,000","No","2.125%","12/31/2017","$34,000,000,000","Yes","No","$38,444,665,200"
"9128283B4","Note","1-Year 10-Month","12/27/2017","12/29/2017","10/31/2019","100.023603","No","$28,368,000,000","$0","Yes","","12/29/2017","$13,000,000,000","Yes","No","$13,000,051,100"
"9128283N8","Note","2-Year","12/26/2017","01/02/2018","12/31/2019","99.908366","No","","$73,948,000,000","No","1.875%","12/31/2017","$26,000,000,000","No","No","$29,398,819,700"
"912796NP0","Bill","4-Week","12/26/2017","12/28/2017","01/25/2018","99.903167","No","$74,996,000,000","$119,993,000,000","No","","12/28/2017","$50,000,000,000","Yes","No","$50,000,084,600"
"912796LS6","Bill","13-Week","12/26/2017","12/28/2017","03/29/2018","99.634736","No","$56,001,000,000","$119,993,000,000","No","","12/28/2017","$45,000,000,000","Yes","No","$45,000,036,100"
"912796PM5","Bill","26-Week","12/26/2017","12/28/2017","06/28/2018","99.226500","No","","$119,993,000,000","No","","12/28/2017","$39,000,000,000","No","No","$39,000,561,900"
"912828X39","Note","4-Year 4-Month","12/21/2017","12/29/2017","04/15/2022","100.374263","No","$30,435,000,000","$0","No","0.125%","12/29/2017","$14,000,000,000","Yes","Yes","$14,000,003,400"
"912796NN5","Bill","4-Week","12/19/2017","12/21/2017","01/18/2018","99.903167","No","$83,994,000,000","$119,987,000,000","No","","12/21/2017","$50,000,000,000","Yes","No","$50,000,279,900"
"912796NX3","Bill","13-Week","12/18/2017","12/21/2017","03/22/2018","99.657486","No","$36,001,000,000","$119,987,000,000","No","","12/21/2017","$45,000,000,000","Yes","No","$45,000,084,700"
"912796MF3","Bill","26-Week","12/18/2017","12/21/2017","06/21/2018","99.251778","No","$19,998,000,000","$119,987,000,000","No","","12/21/2017","$39,000,000,000","Yes","No","$39,000,071,500"
"912810RZ3","Bond","29-Year 11-Month","12/12/2017","12/15/2017","11/15/2047","98.908728","No","$16,824,000,000","$25,000,000,000","No","2.750%","12/15/2017","$12,000,000,000","Yes","No","$12,000,011,800"
"912796ML0","Bill","4-Week","12/12/2017","12/14/2017","01/11/2018","99.903556","No","$74,999,000,000","$121,995,000,000","No","","12/14/2017","$45,000,000,000","Yes","No","$45,000,306,800"
"9128283L2","Note","3-Year","12/11/2017","12/15/2017","12/15/2020","99.834636","No","","$25,000,000,000","No","1.875%","12/15/2017","$24,000,000,000","No","No","$24,000,009,500"
"9128283F5","Note","9-Year 11-Month","12/11/2017","12/15/2017","11/15/2027","98.820844","No","$25,797,000,000","$25,000,000,000","No","2.250%","12/15/2017","$20,000,000,000","Yes","No","$20,000,012,700"
"912796NW5","Bill","13-Week","12/11/2017","12/14/2017","03/15/2018","99.666333","No","$33,001,000,000","$121,995,000,000","No","","12/14/2017","$45,000,000,000","Yes","No","$45,000,441,200"
"912796PL7","Bill","26-Week","12/11/2017","12/14/2017","06/14/2018","99.261889","No","","$121,995,000,000","No","","12/14/2017","$39,000,000,000","No","No","$39,000,297,400"
"912796NN5","Bill","41-Day","12/08/2017","12/08/2017","01/18/2018","99.866750","Yes","$74,994,000,000","","No","","12/08/2017","$9,000,000,000","Yes","No","$9,000,066,000"
"912796LC1","Bill","4-Week","12/05/2017","12/07/2017","01/04/2018","99.908222","No","$94,995,000,000","$141,990,000,000","No","","12/07/2017","$35,000,000,000","Yes","No","$35,000,190,200"
"912796PE3","Bill","52-Week","12/05/2017","12/07/2017","12/06/2018","98.331667","No","","$141,990,000,000","No","","12/07/2017","$20,000,000,000","No","No","$20,000,209,900"
"912796NU9","Bill","13-Week","12/04/2017","12/07/2017","03/08/2018","99.673917","No","$33,000,000,000","$141,990,000,000","No","","12/07/2017","$42,000,000,000","Yes","No","$42,000,339,000"
"912796PJ2","Bill","26-Week","12/04/2017","12/07/2017","06/07/2018","99.266944","No","","$141,990,000,000","No","","12/07/2017","$36,000,000,000","No","No","$36,000,284,700"
"912796MJ5","Bill","4-Week","11/28/2017","11/30/2017","12/28/2017","99.909000","No","$74,994,000,000","$121,999,000,000","No","","11/30/2017","$45,000,000,000","Yes","No","$45,000,217,500"
"9128283J7","Note","7-Year","11/28/2017","11/30/2017","11/30/2024","99.322976","No","","$83,274,000,000","No","2.125%","11/30/2017","$28,000,000,000","No","No","$29,519,458,000"
"912796LN7","Bill","13-Week","11/27/2017","11/30/2017","03/01/2018","99.675181","No","$52,996,000,000","$121,999,000,000","No","","11/30/2017","$42,000,000,000","Yes","No","$42,000,135,000"
"912796PH6","Bill","26-Week","11/27/2017","11/30/2017","05/31/2018","99.274528","No","","$121,999,000,000","No","","11/30/2017","$36,000,000,000","No","No","$36,000,431,200"
"9128283H1","Note","2-Year","11/27/2017","11/30/2017","11/30/2019","99.970650","No","","$83,274,000,000","No","1.750%","11/30/2017","$26,000,000,000","No","No","$27,410,954,500"
"912828M80","Note","5-Year","11/27/2017","11/30/2017","11/30/2022","99.688000","No","","$83,274,000,000","No","2.000%","11/30/2017","$34,000,000,000","Yes","No","$35,845,019,800"
"912796MH9","Bill","4-Week","11/21/2017","11/24/2017","12/21/2017","99.915250","No","$74,996,000,000","$116,992,000,000","No","","11/24/2017","$45,000,000,000","Yes","No","$45,000,100,600"
"9128283B4","Note","1-Year 11-Month","11/21/2017","11/24/2017","10/31/2019","100.024939","No","$15,375,000,000","$0","Yes","","11/24/2017","$13,000,000,000","Yes","No","$13,000,127,900"
"912796NT2","Bill","13-Week","11/20/2017","11/24/2017","02/22/2018","99.678750","No","$32,983,000,000","$116,992,000,000","No","","11/24/2017","$42,000,000,000","Yes","No","$42,000,417,900"
"912796MB2","Bill","26-Week","11/20/2017","11/24/2017","05/24/2018","99.288569","No","$20,000,000,000","$116,992,000,000","No","","11/24/2017","$36,000,000,000","Yes","No","$36,000,163,000"
"9128282L3","Note","9-Year 8-Month","11/16/2017","11/30/2017","07/15/2027","99.585502","No","$25,320,000,000","$83,274,000,000","No","0.375%","11/30/2017","$11,000,000,000","Yes","Yes","$11,596,917,300"
"912796MG1","Bill","4-Week","11/14/2017","11/16/2017","12/14/2017","99.918722","No","$71,997,000,000","$111,997,000,000","No","","11/16/2017","$50,000,000,000","Yes","No","$50,000,240,800"
"912796NS4","Bill","13-Week","11/13/2017","11/16/2017","02/15/2018","99.686556","No","$32,999,000,000","$111,997,000,000","No","","11/16/2017","$42,000,000,000","Yes","No","$42,000,346,200"
"912796PG8","Bill","26-Week","11/13/2017","11/16/2017","05/17/2018","99.312444","No","","$111,997,000,000","No","","11/16/2017","$36,000,000,000","No","No","$36,000,021,800"
"912810RZ3","Bond","30-Year","11/09/2017","11/15/2017","11/15/2047","98.969630","No","","$42,666,000,000","No","2.750%","11/15/2017","$15,000,000,000","No","No","$16,823,982,700"
"9128283F5","Note","10-Year","11/08/2017","11/15/2017","11/15/2027","99.431569","No","","$42,666,000,000","No","2.250%","11/15/2017","$23,000,000,000","No","No","$25,796,784,000"
"9128283G3","Note","3-Year","11/07/2017","11/15/2017","11/15/2020","100.000000","No","","$42,666,000,000","No","1.750%","11/15/2017","$24,000,000,000","No","No","$26,918,433,500"
"912796LB3","Bill","4-Week","11/07/2017","11/09/2017","12/07/2017","99.919500","No","$92,000,000,000","$126,998,000,000","No","","11/09/2017","$50,000,000,000","Yes","No","$50,000,105,900"
"912796PD5","Bill","52-Week","11/07/2017","11/09/2017","11/08/2018","98.498500","No","","$126,998,000,000","No","","11/09/2017","$20,000,000,000","No","No","$20,000,038,100"
"912796NR6","Bill","13-Week","11/06/2017","11/09/2017","02/08/2018","99.700458","No","$33,000,000,000","$126,998,000,000","No","","11/09/2017","$42,000,000,000","Yes","No","$42,000,237,700"
"912796PF0","Bill","26-Week","11/06/2017","11/09/2017","05/10/2018","99.342778","No","","$126,998,000,000","No","","11/09/2017","$36,000,000,000","No","No","$36,000,081,400"
"912796ME6","Bill","4-Week","10/31/2017","11/02/2017","11/30/2017","99.920667","No","$72,000,000,000","$106,996,000,000","No","","11/02/2017","$50,000,000,000","Yes","No","$50,000,401,100"
"912796LJ6","Bill","13-Week","10/30/2017","11/02/2017","02/01/2018","99.714361","No","$53,001,000,000","$106,996,000,000","No","","11/02/2017","$42,000,000,000","Yes","No","$42,000,005,800"
"912796PC7","Bill","26-Week","10/30/2017","11/02/2017","05/03/2018","99.363000","No","","$106,996,000,000","No","","11/02/2017","$36,000,000,000","No","No","$36,000,355,000"
"912796RX9","Bill","37-Day","10/30/2017","11/01/2017","12/08/2017","99.894139","Yes","","","No","","11/01/2017","$50,000,000,000","No","No","$50,000,494,500"
"9128283D0","Note","7-Year","10/26/2017","10/31/2017","10/31/2024","99.806914","No","","$122,888,000,000","No","2.250%","10/31/2017","$28,000,000,000","No","No","$28,700,455,100"
"9128283B4","Note","2-Year","10/25/2017","10/31/2017","10/31/2019","100.000000","No","","$122,888,000,000","Yes","","10/31/2017","$15,000,000,000","No","No","$15,375,300,700"
"9128283C2","Note","5-Year","10/25/2017","10/31/2017","10/31/2022","99.725759","No","","$122,888,000,000","No","2.000%","10/31/2017","$34,000,000,000","No","No","$34,850,476,900"
"912828F62","Note","2-Year","10/24/2017","10/31/2017","10/31/2019","99.811770","No","","$122,888,000,000","No","1.500%","10/31/2017","$26,000,000,000","Yes","No","$26,650,436,300"
"912796MD8","Bill","4-Week","10/24/2017","10/26/2017","11/24/2017","99.919042","No","$71,992,000,000","$107,002,000,000","No","","10/26/2017","$45,000,000,000","Yes","No","$45,000,054,700"
"912796NP0","Bill","13-Week","10/23/2017","10/26/2017","01/25/2018","99.720681","No","$33,001,000,000","$107,002,000,000","No","","10/26/2017","$42,000,000,000","Yes","No","$42,000,076,800"
"912796LX5","Bill","26-Week","10/23/2017","10/26/2017","04/26/2018","99.370583","No","$19,998,000,000","$107,002,000,000","No","","10/26/2017","$36,000,000,000","Yes","No","$36,000,038,000"
"912810RW0","Bond","29-Year 4-Month","10/19/2017","10/31/2017","02/15/2047","100.838047","No","$13,576,000,000","$122,888,000,000","No","0.875%","10/31/2017","$5,000,000,000","Yes","Yes","$5,125,070,200"
"912796MC0","Bill","4-Week","10/17/2017","10/19/2017","11/16/2017","99.922611","No","$71,995,000,000","$106,988,000,000","No","","10/19/2017","$40,000,000,000","Yes","No","$40,000,165,700"
"912796NN5","Bill","13-Week","10/16/2017","10/19/2017","01/18/2018","99.724472","No","$32,998,000,000","$106,988,000,000","No","","10/19/2017","$42,000,000,000","Yes","No","$42,000,292,200"
"912796PB9","Bill","26-Week","10/16/2017","10/19/2017","04/19/2018","99.373111","No","","$106,988,000,000","No","","10/19/2017","$36,000,000,000","No","No","$36,000,343,500"
"912810RY6","Bond","29-Year 10-Month","10/12/2017","10/16/2017","08/15/2047","97.601366","No","$31,513,000,000","$27,000,000,000","No","2.750%","10/15/2017","$12,000,000,000","Yes","No","$12,000,002,900"
"9128282Z2","Note","3-Year","10/11/2017","10/16/2017","10/15/2020","99.906770","No","","$27,000,000,000","No","1.625%","10/15/2017","$24,000,000,000","No","No","$24,000,066,200"
"9128282R0","Note","9-Year 10-Month","10/11/2017","10/16/2017","08/15/2027","99.158502","No","$49,920,000,000","$27,000,000,000","No","2.250%","10/15/2017","$20,000,000,000","Yes","No","$20,000,021,500"
"912796KX6","Bill","4-Week","10/10/2017","10/12/2017","11/09/2017","99.921056","No","$91,998,000,000","$126,997,000,000","No","","10/12/2017","$35,000,000,000","Yes","No","$35,000,026,900"
"912796ML0","Bill","13-Week","10/10/2017","10/12/2017","01/11/2018","99.725736","No","$33,000,000,000","$126,997,000,000","No","","10/12/2017","$42,000,000,000","Yes","No","$42,000,316,100"
"912796PA1","Bill","26-Week","10/10/2017","10/12/2017","04/12/2018","99.383222","No","","$126,997,000,000","No","","10/12/2017","$36,000,000,000","No","No","$36,000,360,000"
"912796NZ8","Bill","52-Week","10/10/2017","10/12/2017","10/11/2018","98.619833","No","","$126,997,000,000","No","","10/12/2017","$20,000,000,000","No","No","$20,000,056,100"
"912796MA4","Bill","4-Week","10/03/2017","10/05/2017","11/02/2017","99.923778","No","$72,000,000,000","$92,007,000,000","No","","10/05/2017","$35,000,000,000","Yes","No","$35,000,350,000"
"912796LC1","Bill","13-Week","10/02/2017","10/05/2017","01/04/2018","99.734583","No","$52,995,000,000","$92,007,000,000","No","","10/05/2017","$42,000,000,000","Yes","No","$42,000,056,800"
"912796NY1","Bill","26-Week","10/02/2017","10/05/2017","04/05/2018","99.398389","No","","$92,007,000,000","No","","10/05/2017","$36,000,000,000","No","No","$36,000,286,400"
"9128282Y5","Note","7-Year","09/28/2017","10/02/2017","09/30/2024","99.967545","No","","$79,967,000,000","No","2.125%","09/30/2017","$28,000,000,000","No","No","$31,483,105,600"
"9128282W9","Note","5-Year","09/27/2017","10/02/2017","09/30/2022","99.829191","No","","$79,967,000,000","No","1.875%","09/30/2017","$34,000,000,000","No","No","$38,229,432,500"
"9128282M1","Note","1-Year 10-Month","09/27/2017","09/29/2017","07/31/2019","100.009018","No","$29,525,000,000","$0","Yes","","09/29/2017","$13,000,000,000","Yes","No","$13,000,463,400"
"9128282X7","Note","2-Year","09/26/2017","10/02/2017","09/30/2019","99.829541","No","","$79,967,000,000","No","1.375%","09/30/2017","$26,000,000,000","No","No","$29,234,491,500"
"912796LZ0","Bill","4-Week","09/26/2017","09/28/2017","10/26/2017","99.924556","No","$72,004,000,000","$96,989,000,000","No","","09/28/2017","$35,000,000,000","Yes","No","$35,000,206,100"
"912796MJ5","Bill","13-Week","09/25/2017","09/28/2017","12/28/2017","99.734583","No","$32,995,000,000","$96,989,000,000","No","","09/28/2017","$42,000,000,000","Yes","No","$42,000,519,500"
"912796LS6","Bill","26-Week","09/25/2017","09/28/2017","03/29/2018","99.408500","No","$20,000,000,000","$96,989,000,000","No","","09/28/2017","$36,000,000,000","Yes","No","$36,000,632,800"
"9128282L3","Note","9-Year 10-Month","09/21/2017","09/29/2017","07/15/2027","99.354592","No","$14,322,000,000","$0","No","0.375%","09/29/2017","$11,000,000,000","Yes","Yes","$11,000,003,900"
"912796LY3","Bill","4-Week","09/19/2017","09/21/2017","10/19/2017","99.925333","No","$71,992,000,000","$101,996,000,000","No","","09/21/2017","$35,000,000,000","Yes","No","$35,000,314,400"
"912796MH9","Bill","13-Week","09/18/2017","09/21/2017","12/21/2017","99.735847","No","$33,000,000,000","$101,996,000,000","No","","09/21/2017","$42,000,000,000","Yes","No","$42,000,411,800"
"912796NX3","Bill","26-Week","09/18/2017","09/21/2017","03/22/2018","99.403444","No","","$101,996,000,000","No","","09/21/2017","$36,000,000,000","No","No","$36,000,337,300"
"912810RY6","Bond","29-Year 11-Month","09/13/2017","09/15/2017","08/15/2047","99.189503","No","$19,513,000,000","$27,005,000,000","No","2.750%","09/15/2017","$12,000,000,000","Yes","No","$12,000,001,700"
"9128282R0","Note","9-Year 11-Month","09/12/2017","09/15/2017","08/15/2027","100.619500","No","$29,920,000,000","$27,005,000,000","No","2.250%","09/15/2017","$20,000,000,000","Yes","No","$20,000,010,700"
"912796KR9","Bill","4-Week","09/12/2017","09/14/2017","10/12/2017","99.924556","No","$91,994,000,000","$123,997,000,000","No","","09/14/2017","$35,000,000,000","Yes","No","$35,000,263,000"
"912796NV7","Bill","52-Week","09/12/2017","09/14/2017","09/13/2018","98.746222","No","","$123,997,000,000","No","","09/14/2017","$20,000,000,000","No","No","$20,000,305,500"
"9128282V1","Note","3-Year","09/11/2017","09/15/2017","09/15/2020","99.830281","No","","$27,005,000,000","No","1.375%","09/15/2017","$24,000,000,000","No","No","$24,000,020,800"
"912796MG1","Bill","13-Week","09/11/2017","09/14/2017","12/14/2017","99.738375","No","$33,000,000,000","$123,997,000,000","No","","09/14/2017","$39,000,000,000","Yes","No","$39,000,560,800"
"912796NW5","Bill","26-Week","09/11/2017","09/14/2017","03/15/2018","99.423667","No","","$123,997,000,000","No","","09/14/2017","$33,000,000,000","No","No","$33,000,394,900"
"912796RL5","Bill","7-Day","09/08/2017","09/08/2017","09/15/2017","99.980361","Yes","$25,000,000,000","","No","","09/08/2017","$20,000,000,000","Yes","No","$20,000,250,000"
"912796RL5","Bill","8-Day","09/05/2017","09/07/2017","09/15/2017","99.977556","Yes","","","No","","09/07/2017","$25,000,000,000","No","No","$25,000,358,000"
"912796LW7","Bill","4-Week","09/05/2017","09/07/2017","10/05/2017","99.898889","No","$71,999,000,000","$108,001,000,000","No","","09/07/2017","$20,000,000,000","Yes","No","$20,000,002,500"
"912796LB3","Bill","13-Week","09/05/2017","09/07/2017","12/07/2017","99.742167","No","$53,001,000,000","$108,001,000,000","No","","09/07/2017","$39,000,000,000","Yes","No","$39,000,018,400"
"912796NU9","Bill","26-Week","09/05/2017","09/07/2017","03/08/2018","99.436306","No","","$108,001,000,000","No","","09/07/2017","$33,000,000,000","No","No","$33,000,280,900"
"912796RK7","Bill","123-Day","08/29/2017","09/01/2017","01/02/2018","99.637833","Yes","","","No","","09/01/2017","$40,000,000,000","No","No","$40,000,684,000"
"912796LV9","Bill","4-Week","08/29/2017","08/31/2017","09/28/2017","99.925333","No","$71,993,000,000","$111,995,000,000","No","","08/31/2017","$25,000,000,000","Yes","No","$25,000,123,800"
"9128282U3","Note","7-Year","08/29/2017","08/31/2017","08/31/2024","99.569957","No","","$87,508,000,000","No","1.875%","08/31/2017","$28,000,000,000","No","No","$28,877,628,800"
"912796ME6","Bill","13-Week","08/28/2017","08/31/2017","11/30/2017","99.742167","No","$33,000,000,000","$111,995,000,000","No","","08/31/2017","$39,000,000,000","Yes","No","$39,000,554,700"
"912796LN7","Bill","26-Week","08/28/2017","08/31/2017","03/01/2018","99.436306","No","$19,999,000,000","$111,995,000,000","No","","08/31/2017","$33,000,000,000","Yes","No","$33,000,254,600"
"9128282T6","Note","2-Year","08/28/2017","08/31/2017","08/31/2019","99.813152","No","","$87,508,000,000","No","1.250%","08/31/2017","$26,000,000,000","No","No","$26,814,999,800"
"9128282S8","Note","5-Year","08/28/2017","08/31/2017","08/31/2022","99.442075","No","","$87,508,000,000","No","1.625%","08/31/2017","$34,000,000,000","No","No","$35,065,701,200"
"912828X39","Note","4-Year 8-Month","08/24/2017","08/31/2017","04/15/2022","100.758133","No","$15,998,000,000","$87,508,000,000","No","0.125%","08/31/2017","$14,000,000,000","Yes","Yes","$14,438,855,000"
"9128282M1","Note","1-Year 11-Month","08/23/2017","08/25/2017","07/31/2019","99.999848","No","$16,525,000,000","$0","Yes","","08/25/2017","$13,000,000,000","Yes","No","$13,000,065,300"
"912796LU1","Bill","4-Week","08/22/2017","08/24/2017","09/21/2017","99.926889","No","$72,003,000,000","$111,992,000,000","No","","08/24/2017","$30,000,000,000","Yes","No","$30,000,210,800"
"912796MD8","Bill","13-Week","08/21/2017","08/24/2017","11/24/2017","99.744444","No","$33,000,000,000","$111,992,000,000","No","","08/24/2017","$39,000,000,000","Yes","No","$39,000,606,600"
"912796NT2","Bill","26-Week","08/21/2017","08/24/2017","02/22/2018","99.436306","No","","$111,992,000,000","No","","08/24/2017","$33,000,000,000","No","No","$33,000,037,600"
"912796KL2","Bill","4-Week","08/15/2017","08/17/2017","09/14/2017","99.926889","No","$88,999,000,000","$131,994,000,000","No","","08/17/2017","$35,000,000,000","Yes","No","$35,000,160,400"
"912796NQ8","Bill","52-Week","08/15/2017","08/17/2017","08/16/2018","98.756333","No","","$131,994,000,000","No","","08/17/2017","$20,000,000,000","No","No","$20,000,099,900"
"912796MC0","Bill","13-Week","08/14/2017","08/17/2017","11/16/2017","99.743431","No","$33,000,000,000","$131,994,000,000","No","","08/17/2017","$39,000,000,000","Yes","No","$39,000,962,300"
"912796NS4","Bill","26-Week","08/14/2017","08/17/2017","02/15/2018","99.436306","No","","$131,994,000,000","No","","08/17/2017","$33,000,000,000","No","No","$33,000,053,200"
"912810RY6","Bond","30-Year","08/10/2017","08/15/2017","08/15/2047","98.629206","No","","$47,313,000,000","No","2.750%","08/15/2017","$15,000,000,000","No","No","$19,513,311,500"
"9128282R0","Note","10-Year","08/09/2017","08/15/2017","08/15/2027","100.000000","No","","$47,313,000,000","No","2.250%","08/15/2017","$23,000,000,000","No","No","$29,920,439,700"
"9128282Q2","Note","3-Year","08/08/2017","08/15/2017","08/15/2020","99.941564","No","","$47,313,000,000","No","1.500%","08/15/2017","$24,000,000,000","No","No","$31,221,297,500"
"912796LT4","Bill","4-Week","08/08/2017","08/10/2017","09/07/2017","99.923389","No","$63,000,000,000","$107,005,000,000","No","","08/10/2017","$45,000,000,000","Yes","No","$45,000,064,500"
"912796KX6","Bill","13-Week","08/07/2017","08/10/2017","11/09/2017","99.737111","No","$52,997,000,000","$107,005,000,000","No","","08/10/2017","$39,000,000,000","Yes","No","$39,001,463,300"
"912796NR6","Bill","26-Week","08/07/2017","08/10/2017","02/08/2018","99.423667","No","","$107,005,000,000","No","","08/10/2017","$33,000,000,000","No","No","$33,000,179,700"
"912796LR8","Bill","4-Week","08/01/2017","08/03/2017","08/31/2017","99.923000","No","$67,001,000,000","$107,000,000,000","No","","08/03/2017","$45,000,000,000","Yes","No","$45,000,412,100"
"912796MA4","Bill","13-Week","07/31/2017","08/03/2017","11/02/2017","99.729528","No","$32,999,000,000","$107,000,000,000","No","","08/03/2017","$39,000,000,000","Yes","No","$39,000,406,800"
"912796LJ6","Bill","26-Week","07/31/2017","08/03/2017","02/01/2018","99.428722","No","$20,000,000,000","$107,000,000,000","No","","08/03/2017","$33,000,000,000","Yes","No","$33,000,379,700"
"912796RE1","Bill","14-Day","07/27/2017","08/01/2017","08/15/2017","99.960722","Yes","","","No","","08/01/2017","$20,000,000,000","No","No","$20,000,164,000"
"9128282N9","Note","7-Year","07/27/2017","07/31/2017","07/31/2024","99.993528","No","","$120,158,000,000","No","2.125%","07/31/2017","$28,000,000,000","No","No","$30,846,902,400"
"9128282M1","Note","2-Year","07/26/2017","07/31/2017","07/31/2019","100.000000","No","","$120,158,000,000","Yes","","07/31/2017","$15,000,000,000","No","No","$16,525,444,600"
"9128282P4","Note","5-Year","07/26/2017","07/31/2017","07/31/2022","99.957246","No","","$120,158,000,000","No","1.875%","07/31/2017","$34,000,000,000","No","No","$37,457,038,900"
"9128282K5","Note","2-Year","07/25/2017","07/31/2017","07/31/2019","99.960688","No","","$120,158,000,000","No","1.375%","07/31/2017","$26,000,000,000","No","No","$28,643,560,700"
"912796LQ0","Bill","4-Week","07/25/2017","07/27/2017","08/24/2017","99.923778","No","$66,999,000,000","$106,998,000,000","No","","07/27/2017","$45,000,000,000","Yes","No","$45,000,058,700"
"912796LZ0","Bill","13-Week","07/24/2017","07/27/2017","10/26/2017","99.701722","No","$33,005,000,000","$106,998,000,000","No","","07/27/2017","$39,000,000,000","Yes","No","$39,000,064,400"
"912796NP0","Bill","26-Week","07/24/2017","07/27/2017","01/25/2018","99.428722","No","","$106,998,000,000","No","","07/27/2017","$33,000,000,000","No","No","$33,000,014,500"
"9128282L3","Note","10-Year","07/20/2017","07/31/2017","07/15/2027","98.936936","No","","$120,158,000,000","No","0.375%","07/31/2017","$13,000,000,000","No","Yes","$14,321,777,400"
"912796KF5","Bill","4-Week","07/18/2017","07/20/2017","08/17/2017","99.925722","No","$87,000,000,000","$121,992,000,000","No","","07/20/2017","$45,000,000,000","Yes","No","$45,000,090,400"
"912796MK2","Bill","52-Week","07/18/2017","07/20/2017","07/19/2018","98.796778","No","","$121,992,000,000","No","","07/20/2017","$20,000,000,000","No","No","$20,000,064,700"
"912796LY3","Bill","13-Week","07/17/2017","07/20/2017","10/19/2017","99.734583","No","$32,998,000,000","$121,992,000,000","No","","07/20/2017","$39,000,000,000","Yes","No","$39,000,403,700"
"912796NN5","Bill","26-Week","07/17/2017","07/20/2017","01/18/2018","99.441361","No","","$121,992,000,000","No","","07/20/2017","$33,000,000,000","No","No","$33,000,445,100"
"912810RX8","Bond","29-Year 10-Month","07/13/2017","07/17/2017","05/15/2047","101.261161","No","$31,950,000,000","$42,244,000,000","No","3.000%","07/15/2017","$12,000,000,000","Yes","No","$12,273,921,200"
"912828X88","Note","9-Year 10-Month","07/12/2017","07/17/2017","05/15/2027","100.434016","No","$50,594,000,000","$42,244,000,000","No","2.375%","07/15/2017","$20,000,000,000","Yes","No","$20,456,565,100"
"9128282J8","Note","3-Year","07/11/2017","07/17/2017","07/15/2020","99.787217","No","","$42,244,000,000","No","1.500%","07/15/2017","$24,000,000,000","No","No","$24,547,823,000"
"912796LP2","Bill","4-Week","07/11/2017","07/13/2017","08/10/2017","99.926111","No","$66,999,000,000","$101,999,000,000","No","","07/13/2017","$40,000,000,000","Yes","No","$40,000,475,500"
"912796KR9","Bill","13-Week","07/10/2017","07/13/2017","10/12/2017","99.737111","No","$52,995,000,000","$101,999,000,000","No","","07/13/2017","$39,000,000,000","Yes","No","$39,000,110,900"
"912796ML0","Bill","26-Week","07/10/2017","07/13/2017","01/11/2018","99.431250","No","","$101,999,000,000","No","","07/13/2017","$33,000,000,000","No","No","$33,000,075,800"
"912796LM9","Bill","4-Week","07/03/2017","07/06/2017","08/03/2017","99.926111","No","$67,000,000,000","$106,995,000,000","No","","07/06/2017","$40,000,000,000","Yes","No","$40,000,255,400"
"912796LW7","Bill","13-Week","07/03/2017","07/06/2017","10/05/2017","99.735847","No","$32,999,000,000","$106,995,000,000","No","","07/06/2017","$39,000,000,000","Yes","No","$39,000,108,800"
"912796LC1","Bill","26-Week","07/03/2017","07/06/2017","01/04/2018","99.428722","No","$19,995,000,000","$106,995,000,000","No","","07/06/2017","$33,000,000,000","Yes","No","$33,000,066,000"
"912828X54","Note","1-Year 10-Month","06/28/2017","06/30/2017","04/30/2019","99.981468","No","$30,047,000,000","$79,364,000,000","Yes","","06/30/2017","$13,000,000,000","Yes","No","$14,580,256,200"
"912828XX3","Note","7-Year","06/28/2017","06/30/2017","06/30/2024","99.636636","No","","$79,364,000,000","No","2.000%","06/30/2017","$28,000,000,000","No","No","$31,403,567,900"
"912828XW5","Note","5-Year","06/27/2017","06/30/2017","06/30/2022","99.628909","No","","$79,364,000,000","No","1.750%","06/30/2017","$34,000,000,000","No","No","$38,132,873,500"
"912796LL1","Bill","4-Week","06/27/2017","06/29/2017","07/27/2017","99.930778","No","$67,000,000,000","$111,999,000,000","No","","06/29/2017","$40,000,000,000","Yes","No","$40,000,012,900"
"912828XV7","Note","2-Year","06/26/2017","06/30/2017","06/30/2019","99.807259","No","","$79,364,000,000","No","1.250%","06/30/2017","$26,000,000,000","No","No","$29,160,503,600"
"912796LV9","Bill","13-Week","06/26/2017","06/29/2017","09/28/2017","99.747222","No","$32,996,000,000","$111,999,000,000","No","","06/29/2017","$39,000,000,000","Yes","No","$39,000,069,400"
"912796MJ5","Bill","26-Week","06/26/2017","06/29/2017","12/28/2017","99.438833","No","","$111,999,000,000","No","","06/29/2017","$33,000,000,000","No","No","$33,000,238,300"
"912810RW0","Bond","29-Year 8-Month","06/22/2017","06/30/2017","02/15/2047","101.154806","No","$7,969,000,000","$79,364,000,000","No","0.875%","06/30/2017","$5,000,000,000","Yes","Yes","$5,607,779,400"
"912796KB4","Bill","4-Week","06/20/2017","06/22/2017","07/20/2017","99.933889","No","$86,993,000,000","$142,000,000,000","No","","06/22/2017","$35,000,000,000","Yes","No","$35,000,269,400"
"912796MF3","Bill","52-Week","06/20/2017","06/22/2017","06/21/2018","98.771500","No","","$142,000,000,000","No","","06/22/2017","$20,000,000,000","No","No","$20,000,000,100"
"912796LU1","Bill","13-Week","06/19/2017","06/22/2017","09/21/2017","99.744694","No","$32,997,000,000","$142,000,000,000","No","","06/22/2017","$39,000,000,000","Yes","No","$39,000,375,300"
"912796MH9","Bill","26-Week","06/19/2017","06/22/2017","12/21/2017","99.433778","No","","$142,000,000,000","No","","06/22/2017","$33,000,000,000","No","No","$33,000,070,600"
"912796LK3","Bill","4-Week","06/13/2017","06/15/2017","07/13/2017","99.931167","No","$67,001,000,000","$144,001,000,000","No","","06/15/2017","$35,000,000,000","Yes","No","$35,000,011,500"
"912810RX8","Bond","29-Year 11-Month","06/13/2017","06/15/2017","05/15/2047","102.595435","No","$19,951,000,000","$28,000,000,000","No","3.000%","06/15/2017","$12,000,000,000","Yes","No","$12,000,003,200"
"912796KL2","Bill","13-Week","06/12/2017","06/15/2017","09/14/2017","99.749750","No","$50,000,000,000","$144,001,000,000","No","","06/15/2017","$39,000,000,000","Yes","No","$39,000,272,500"
"912796MG1","Bill","26-Week","06/12/2017","06/15/2017","12/14/2017","99.443889","No","","$144,001,000,000","No","","06/15/2017","$33,000,000,000","No","No","$33,000,002,700"
"912828XU9","Note","3-Year","06/12/2017","06/15/2017","06/15/2020","100.000000","No","","$28,000,000,000","No","1.500%","06/15/2017","$24,000,000,000","No","No","$24,000,079,600"
"912828X88","Note","9-Year 11-Month","06/12/2017","06/15/2017","05/15/2027","101.594378","No","$30,594,000,000","$28,000,000,000","No","2.375%","06/15/2017","$20,000,000,000","Yes","No","$20,000,060,600"
"912796LG2","Bill","4-Week","06/06/2017","06/08/2017","07/06/2017","99.934667","No","$66,995,000,000","$112,993,000,000","No","","06/08/2017","$40,000,000,000","Yes","No","$40,000,467,100"
"912796LT4","Bill","13-Week","06/05/2017","06/08/2017","09/07/2017","99.752278","No","$24,000,000,000","$112,993,000,000","No","","06/08/2017","$39,000,000,000","Yes","No","$39,000,098,900"
"912796LB3","Bill","26-Week","06/05/2017","06/08/2017","12/07/2017","99.459056","No","$20,000,000,000","$112,993,000,000","No","","06/08/2017","$33,000,000,000","Yes","No","$33,000,970,000"
"912796LE7","Bill","14-Day","05/30/2017","06/01/2017","06/15/2017","99.971417","Yes","$119,001,000,000","","No","","06/01/2017","$25,000,000,000","Yes","No","$25,000,075,000"
"912796LF4","Bill","4-Week","05/30/2017","06/01/2017","06/29/2017","99.934667","No","$67,000,000,000","$119,001,000,000","No","","06/01/2017","$45,000,000,000","Yes","No","$45,000,146,800"
"912796LR8","Bill","13-Week","05/30/2017","06/01/2017","08/31/2017","99.757333","No","$28,000,000,000","$119,001,000,000","No","","06/01/2017","$39,000,000,000","Yes","No","$39,000,134,400"
"912796ME6","Bill","26-Week","05/30/2017","06/01/2017","11/30/2017","99.464111","No","","$119,001,000,000","No","","06/01/2017","$33,000,000,000","No","No","$33,000,471,600"
"912828XT2","Note","7-Year","05/25/2017","05/31/2017","05/31/2024","99.610738","No","","$80,756,000,000","No","2.000%","05/31/2017","$28,000,000,000","No","No","$31,368,553,400"
"912828XR6","Note","5-Year","05/24/2017","05/31/2017","05/31/2022","99.614668","No","","$80,756,000,000","No","1.750%","05/31/2017","$34,000,000,000","No","No","$38,090,349,900"
"912828X54","Note","1-Year 11-Month","05/24/2017","05/26/2017","04/30/2019","100.038573","No","$17,047,000,000","$0","Yes","","05/26/2017","$13,000,000,000","Yes","No","$13,000,007,400"
"912828XS4","Note","2-Year","05/23/2017","05/31/2017","05/31/2019","99.870143","No","","$80,756,000,000","No","1.250%","05/31/2017","$26,000,000,000","No","No","$29,127,948,000"
"912796JX8","Bill","4-Week","05/23/2017","05/25/2017","06/22/2017","99.942833","No","$87,006,000,000","$146,993,000,000","No","","05/25/2017","$55,000,000,000","Yes","No","$55,000,121,300"
"912796MB2","Bill","52-Week","05/23/2017","05/25/2017","05/24/2018","98.842278","No","","$146,993,000,000","No","","05/25/2017","$20,000,000,000","No","No","$20,000,017,500"
"912796LQ0","Bill","13-Week","05/22/2017","05/25/2017","08/24/2017","99.767444","No","$27,999,000,000","$146,993,000,000","No","","05/25/2017","$39,000,000,000","Yes","No","$39,000,285,100"
"912796MD8","Bill","26-Week","05/22/2017","05/25/2017","11/24/2017","99.466250","No","","$146,993,000,000","No","","05/25/2017","$33,000,000,000","No","No","$33,000,196,500"
"912828V49","Note","9-Year 8-Month","05/18/2017","05/31/2017","01/15/2027","100.496978","No","$26,156,000,000","$80,756,000,000","No","0.375%","05/31/2017","$11,000,000,000","Yes","Yes","$12,323,383,200"
"912796LE7","Bill","4-Week","05/16/2017","05/18/2017","06/15/2017","99.945944","No","$64,001,000,000","$125,016,000,000","No","","05/18/2017","$55,000,000,000","Yes","No","$55,000,010,200"
"912796KF5","Bill","13-Week","05/15/2017","05/18/2017","08/17/2017","99.771236","No","$48,000,000,000","$125,016,000,000","No","","05/18/2017","$39,000,000,000","Yes","No","$39,000,216,000"
"912796MC0","Bill","26-Week","05/15/2017","05/18/2017","11/16/2017","99.484333","No","","$125,016,000,000","No","","05/18/2017","$33,000,000,000","No","No","$33,000,582,000"
"912810RX8","Bond","30-Year","05/11/2017","05/15/2017","05/15/2047","99.021791","No","","$49,663,000,000","No","3.000%","05/15/2017","$15,000,000,000","No","No","$19,955,665,200"
"912828X88","Note","10-Year","05/10/2017","05/15/2017","05/15/2027","99.778909","No","","$49,663,000,000","No","2.375%","05/15/2017","$23,000,000,000","No","No","$30,598,792,900"
"912828X96","Note","3-Year","05/09/2017","05/15/2017","05/15/2020","99.789820","No","","$49,663,000,000","No","1.500%","05/15/2017","$24,000,000,000","No","No","$31,929,051,900"
"912796LD9","Bill","4-Week","05/09/2017","05/11/2017","06/08/2017","99.944778","No","$57,998,000,000","$125,005,000,000","No","","05/11/2017","$55,000,000,000","Yes","No","$55,000,590,700"
"912796LP2","Bill","13-Week","05/08/2017","05/11/2017","08/10/2017","99.772500","No","$27,999,000,000","$125,005,000,000","No","","05/11/2017","$39,000,000,000","Yes","No","$39,000,185,000"
"912796KX6","Bill","26-Week","05/08/2017","05/11/2017","11/09/2017","99.486861","No","$20,000,000,000","$125,005,000,000","No","","05/11/2017","$33,000,000,000","Yes","No","$33,000,163,900"
"912796LA5","Bill","4-Week","05/02/2017","05/04/2017","06/01/2017","99.943611","No","$64,000,000,000","$125,002,000,000","No","","05/04/2017","$55,000,000,000","Yes","No","$55,000,107,800"
"912796LM9","Bill","13-Week","05/01/2017","05/04/2017","08/03/2017","99.786403","No","$27,999,000,000","$125,002,000,000","No","","05/04/2017","$39,000,000,000","Yes","No","$39,000,134,900"
"912796MA4","Bill","26-Week","05/01/2017","05/04/2017","11/02/2017","99.507083","No","","$125,002,000,000","No","","05/04/2017","$33,000,000,000","No","No","$33,000,081,500"
"912828X70","Note","7-Year","04/27/2017","05/01/2017","04/30/2024","99.455647","No","","$121,706,000,000","No","2.000%","04/30/2017","$28,000,000,000","No","No","$31,821,585,100"
"912828X54","Note","2-Year","04/26/2017","05/01/2017","04/30/2019","99.999994","No","","$121,706,000,000","Yes","","04/30/2017","$15,000,000,000","No","No","$17,047,347,300"
"912828X47","Note","5-Year","04/26/2017","05/01/2017","04/30/2022","99.999953","No","","$121,706,000,000","No","1.875%","04/30/2017","$34,000,000,000","No","No","$38,640,885,200"
"912828ST8","Note","2-Year","04/25/2017","05/01/2017","04/30/2019","99.941005","No","","$121,706,000,000","No","1.250%","04/30/2017","$26,000,000,000","Yes","No","$29,548,676,400"
"912796JT7","Bill","4-Week","04/25/2017","04/27/2017","05/25/2017","99.942833","No","$86,992,000,000","$177,996,000,000","No","","04/27/2017","$60,000,000,000","Yes","No","$60,000,745,100"
"912796LX5","Bill","52-Week","04/25/2017","04/27/2017","04/26/2018","98.928222","No","","$177,996,000,000","No","","04/27/2017","$20,000,000,000","No","No","$20,000,121,900"
"912796LL1","Bill","13-Week","04/24/2017","04/27/2017","07/27/2017","99.792722","No","$27,999,000,000","$177,996,000,000","No","","04/27/2017","$39,000,000,000","Yes","No","$39,000,241,400"
"912796LZ0","Bill","26-Week","04/24/2017","04/27/2017","10/26/2017","99.517194","No","","$177,996,000,000","No","","04/27/2017","$33,000,000,000","No","No","$33,000,347,400"
"912828X39","Note","5-Year","04/20/2017","04/28/2017","04/15/2022","101.002153","No","","$0","No","0.125%","04/28/2017","$16,000,000,000","No","Yes","$16,000,003,300"
"912796KZ1","Bill","4-Week","04/18/2017","04/20/2017","05/18/2017","99.941667","No","$70,017,000,000","$160,002,000,000","No","","04/20/2017","$55,000,000,000","Yes","No","$55,000,521,500"
"912796KB4","Bill","13-Week","04/17/2017","04/20/2017","07/20/2017","99.792722","No","$47,992,000,000","$160,002,000,000","No","","04/20/2017","$39,000,000,000","Yes","No","$39,000,178,300"
"912796LY3","Bill","26-Week","04/17/2017","04/20/2017","10/19/2017","99.522250","No","","$160,002,000,000","No","","04/20/2017","$33,000,000,000","No","No","$33,000,103,700"
"912810RV2","Bond","29-Year 10-Month","04/12/2017","04/17/2017","02/15/2047","101.221385","No","$28,732,000,000","$77,107,000,000","No","3.000%","04/15/2017","$12,000,000,000","Yes","No","$12,098,641,600"
"912828V98","Note","9-Year 10-Month","04/11/2017","04/17/2017","02/15/2027","99.280319","No","$45,657,000,000","$77,107,000,000","No","2.250%","04/15/2017","$20,000,000,000","Yes","No","$20,164,418,800"
"912796KY4","Bill","4-Week","04/11/2017","04/13/2017","05/11/2017","99.940889","No","$70,006,000,000","$125,000,000,000","No","","04/13/2017","$55,000,000,000","Yes","No","$55,000,213,800"
"912828X21","Note","3-Year","04/10/2017","04/17/2017","04/15/2020","99.927029","No","","$77,107,000,000","No","1.500%","04/15/2017","$24,000,000,000","No","No","$24,197,292,400"
"912796LK3","Bill","13-Week","04/10/2017","04/13/2017","07/13/2017","99.791458","No","$28,000,000,000","$125,000,000,000","No","","04/13/2017","$39,000,000,000","Yes","No","$39,000,151,500"
"912796KR9","Bill","26-Week","04/10/2017","04/13/2017","10/12/2017","99.519722","No","$20,000,000,000","$125,000,000,000","No","","04/13/2017","$33,000,000,000","Yes","No","$33,000,071,600"
"912796KZ1","Bill","37-Day","04/07/2017","04/11/2017","05/18/2017","99.926000","Yes","$69,992,000,000","","No","","04/11/2017","$25,000,000","Yes","No","$25,000,400"
"912796KU2","Bill","4-Week","04/04/2017","04/06/2017","05/04/2017","99.940889","No","$69,995,000,000","$85,000,000,000","No","","04/06/2017","$55,000,000,000","Yes","No","$55,000,171,400"
"912796LG2","Bill","13-Week","04/03/2017","04/06/2017","07/06/2017","99.800306","No","$27,995,000,000","$85,000,000,000","No","","04/06/2017","$39,000,000,000","Yes","No","$39,000,362,100"
"912796LW7","Bill","26-Week","04/03/2017","04/06/2017","10/05/2017","99.539944","No","","$85,000,000,000","No","","04/06/2017","$33,000,000,000","No","No","$33,000,152,000"
"912828V64","Note","1-Year 10-Month","03/29/2017","03/31/2017","01/31/2019","100.057148","No","$28,951,000,000","$81,354,000,000","Yes","","03/31/2017","$13,000,000,000","Yes","No","$14,573,931,800"
"912828W71","Note","7-Year","03/29/2017","03/31/2017","03/31/2024","99.419378","No","","$81,354,000,000","No","2.125%","03/31/2017","$28,000,000,000","No","No","$31,389,847,400"
"912828W89","Note","5-Year","03/28/2017","03/31/2017","03/31/2022","99.644349","No","","$81,354,000,000","No","1.875%","03/31/2017","$34,000,000,000","No","No","$38,116,242,400"
"912796JP5","Bill","4-Week","03/28/2017","03/30/2017","04/27/2017","99.942056","No","$122,997,000,000","$107,994,000,000","No","","03/30/2017","$55,000,000,000","Yes","No","$55,000,250,100"
"912796LS6","Bill","52-Week","03/28/2017","03/30/2017","03/29/2018","98.963611","No","","$107,994,000,000","No","","03/30/2017","$20,000,000,000","No","No","$20,000,051,300"
"912828W97","Note","2-Year","03/27/2017","03/31/2017","03/31/2019","99.978342","No","","$81,354,000,000","No","1.250%","03/31/2017","$26,000,000,000","No","No","$29,147,741,400"
"912796LF4","Bill","13-Week","03/27/2017","03/30/2017","06/29/2017","99.802833","No","$28,000,000,000","$107,994,000,000","No","","03/30/2017","$39,000,000,000","Yes","No","$39,000,341,500"
"912796LV9","Bill","26-Week","03/27/2017","03/30/2017","09/28/2017","99.542472","No","","$107,994,000,000","No","","03/30/2017","$33,000,000,000","No","No","$33,000,096,300"
"912828V49","Note","9-Year 10-Month","03/23/2017","03/31/2017","01/15/2027","99.636307","No","$13,824,000,000","$81,354,000,000","No","0.375%","03/31/2017","$11,000,000,000","Yes","Yes","$12,331,743,000"
"912796KT5","Bill","4-Week","03/21/2017","03/23/2017","04/20/2017","99.942056","No","$105,002,000,000","$105,006,000,000","No","","03/23/2017","$55,000,000,000","Yes","No","$55,000,323,800"
"912796JX8","Bill","13-Week","03/20/2017","03/23/2017","06/22/2017","99.807889","No","$48,004,000,000","$105,006,000,000","No","","03/23/2017","$39,000,000,000","Yes","No","$39,000,374,800"
"912796LU1","Bill","26-Week","03/20/2017","03/23/2017","09/21/2017","99.550056","No","","$105,006,000,000","No","","03/23/2017","$33,000,000,000","No","No","$33,000,140,100"
"912796KS7","Bill","4-Week","03/14/2017","03/16/2017","04/13/2017","99.940111","No","$69,999,000,000","$114,998,000,000","No","","03/16/2017","$55,000,000,000","Yes","No","$55,001,580,200"
"912796KT5","Bill","35-Day","03/14/2017","03/16/2017","04/20/2017","99.924167","Yes","$70,001,000,000","","No","","03/16/2017","$35,000,000,000","Yes","No","$35,000,309,600"
"912796LE7","Bill","13-Week","03/13/2017","03/16/2017","06/15/2017","99.802833","No","$27,999,000,000","$114,998,000,000","No","","03/16/2017","$36,000,000,000","Yes","No","$36,000,525,400"
"912796KL2","Bill","26-Week","03/13/2017","03/16/2017","09/14/2017","99.539944","No","$20,000,000,000","$114,998,000,000","No","","03/16/2017","$30,000,000,000","Yes","No","$30,000,100,700"
"912796JP5","Bill","44-Day","03/13/2017","03/14/2017","04/27/2017","99.905889","Yes","$89,997,000,000","","No","","03/14/2017","$33,000,000,000","Yes","No","$33,000,528,000"
"912810RV2","Bond","29-Year 11-Month","03/09/2017","03/15/2017","02/15/2047","96.726650","No","$16,732,000,000","$30,000,000,000","No","3.000%","03/15/2017","$12,000,000,000","Yes","No","$12,000,003,100"
"912828V98","Note","9-Year 11-Month","03/08/2017","03/15/2017","02/15/2027","97.296773","No","$25,656,000,000","$30,000,000,000","No","2.250%","03/15/2017","$20,000,000,000","Yes","No","$20,000,066,600"
"912828W63","Note","3-Year","03/07/2017","03/15/2017","03/15/2020","99.985419","No","","$30,000,000,000","No","1.625%","03/15/2017","$24,000,000,000","No","No","$24,000,028,000"
"912796QG7","Bill","6-Day","03/07/2017","03/09/2017","03/15/2017","99.991417","Yes","$50,001,000,000","","No","","03/09/2017","$20,000,000,000","Yes","No","$20,000,000,000"
"912796KQ1","Bill","4-Week","03/07/2017","03/09/2017","04/06/2017","99.955667","No","$70,000,000,000","$114,994,000,000","No","","03/09/2017","$15,000,000,000","Yes","No","$15,000,462,900"
"912796LD9","Bill","13-Week","03/06/2017","03/09/2017","06/08/2017","99.811681","No","$28,000,000,000","$114,994,000,000","No","","03/09/2017","$30,000,000,000","Yes","No","$30,000,021,600"
"912796LT4","Bill","26-Week","03/06/2017","03/09/2017","09/07/2017","99.577861","No","","$114,994,000,000","No","","03/09/2017","$24,000,000,000","No","No","$24,000,321,800"
"912796JJ9","Bill","4-Week","02/28/2017","03/02/2017","03/30/2017","99.968889","No","$89,995,000,000","$135,005,000,000","No","","03/02/2017","$18,000,000,000","Yes","No","$18,000,106,000"
"912796LN7","Bill","52-Week","02/28/2017","03/02/2017","03/01/2018","99.140556","No","","$135,005,000,000","No","","03/02/2017","$20,000,000,000","No","No","$20,000,045,700"
"912796LA5","Bill","13-Week","02/27/2017","03/02/2017","06/01/2017","99.869819","No","$30,001,000,000","$135,005,000,000","No","","03/02/2017","$34,000,000,000","Yes","No","$34,000,082,100"
"912796LR8","Bill","26-Week","02/27/2017","03/02/2017","08/31/2017","99.661278","No","","$135,005,000,000","No","","03/02/2017","$28,000,000,000","No","No","$28,000,300,500"
"912828W48","Note","7-Year","02/23/2017","02/28/2017","02/29/2024","99.535200","No","","$81,108,000,000","No","2.125%","02/28/2017","$28,000,000,000","No","No","$31,883,241,500"
"912828W55","Note","5-Year","02/22/2017","02/28/2017","02/28/2022","99.705893","No","","$81,108,000,000","No","1.875%","02/28/2017","$34,000,000,000","No","No","$38,715,401,600"
"912828V64","Note","1-Year 11-Month","02/22/2017","02/24/2017","01/31/2019","100.013572","No","$15,951,000,000","$0","Yes","","02/24/2017","$13,000,000,000","Yes","No","$13,000,014,500"
"912828W30","Note","2-Year","02/21/2017","02/28/2017","02/28/2019","99.793189","No","","$81,108,000,000","No","1.125%","02/28/2017","$26,000,000,000","No","No","$29,605,874,800"
"912796KP3","Bill","4-Week","02/21/2017","02/23/2017","03/23/2017","99.962667","No","$70,006,000,000","$118,005,000,000","No","","02/23/2017","$35,000,000,000","Yes","No","$35,000,644,500"
"912796JT7","Bill","13-Week","02/21/2017","02/23/2017","05/25/2017","99.864764","No","$53,001,000,000","$118,005,000,000","No","","02/23/2017","$34,000,000,000","Yes","No","$34,000,193,800"
"912796LQ0","Bill","26-Week","02/21/2017","02/23/2017","08/24/2017","99.661278","No","","$118,005,000,000","No","","02/23/2017","$28,000,000,000","No","No","$28,000,177,000"
"912810RW0","Bond","30-Year","02/16/2017","02/28/2017","02/15/2047","98.760665","No","","$81,108,000,000","No","0.875%","02/28/2017","$7,000,000,000","No","Yes","$7,970,819,700"
"912796KN8","Bill","4-Week","02/14/2017","02/16/2017","03/16/2017","99.959944","No","$69,995,000,000","$120,998,000,000","No","","02/16/2017","$45,000,000,000","Yes","No","$45,000,351,400"
"912796KZ1","Bill","13-Week","02/13/2017","02/16/2017","05/18/2017","99.863500","No","$35,997,000,000","$120,998,000,000","No","","02/16/2017","$34,000,000,000","Yes","No","$34,000,192,400"
"912796KF5","Bill","26-Week","02/13/2017","02/16/2017","08/17/2017","99.673917","No","$20,000,000,000","$120,998,000,000","No","","02/16/2017","$28,000,000,000","Yes","No","$28,000,110,800"
"912810RV2","Bond","30-Year","02/09/2017","02/15/2017","02/15/2047","99.901613","No","","$45,033,000,000","No","3.000%","02/15/2017","$15,000,000,000","No","No","$16,731,908,100"
"912828V98","Note","10-Year","02/08/2017","02/15/2017","02/15/2027","99.263516","No","","$45,033,000,000","No","2.250%","02/15/2017","$23,000,000,000","No","No","$25,655,599,300"
"912828W22","Note","3-Year","02/07/2017","02/15/2017","02/15/2020","99.859519","No","","$45,033,000,000","No","1.375%","02/15/2017","$24,000,000,000","No","No","$26,771,114,900"
"912796KM0","Bill","4-Week","02/07/2017","02/09/2017","03/09/2017","99.958778","No","$69,999,000,000","$121,000,000,000","No","","02/09/2017","$45,000,000,000","Yes","No","$45,000,287,400"
"912796QG7","Bill","34-Day","02/07/2017","02/09/2017","03/15/2017","99.950417","Yes","","","No","","02/09/2017","$50,000,000,000","No","No","$50,000,740,500"
"912796KY4","Bill","13-Week","02/06/2017","02/09/2017","05/11/2017","99.866028","No","$36,000,000,000","$121,000,000,000","No","","02/09/2017","$34,000,000,000","Yes","No","$34,000,166,100"
"912796LP2","Bill","26-Week","02/06/2017","02/09/2017","08/10/2017","99.686556","No","","$121,000,000,000","No","","02/09/2017","$28,000,000,000","No","No","$28,000,354,700"
"912796JE0","Bill","4-Week","01/31/2017","02/02/2017","03/02/2017","99.961889","No","$90,004,000,000","$137,000,000,000","No","","02/02/2017","$45,000,000,000","Yes","No","$45,000,618,500"
"912796LJ6","Bill","52-Week","01/31/2017","02/02/2017","02/01/2018","99.181000","No","","$137,000,000,000","No","","02/02/2017","$20,000,000,000","No","No","$20,000,281,400"
"912796KU2","Bill","13-Week","01/30/2017","02/02/2017","05/04/2017","99.869819","No","$35,998,000,000","$137,000,000,000","No","","02/02/2017","$34,000,000,000","Yes","No","$34,000,157,700"
"912796LM9","Bill","26-Week","01/30/2017","02/02/2017","08/03/2017","99.684028","No","","$137,000,000,000","No","","02/02/2017","$28,000,000,000","No","No","$28,000,085,900"
"912828V80","Note","7-Year","01/26/2017","01/31/2017","01/31/2024","99.454010","No","","$127,824,000,000","No","2.250%","01/31/2017","$28,000,000,000","No","No","$29,775,647,800"
"912828V64","Note","2-Year","01/25/2017","01/31/2017","01/31/2019","100.000000","No","","$127,824,000,000","Yes","","01/31/2017","$15,000,000,000","No","No","$15,951,334,900"
"912828V72","Note","5-Year","01/25/2017","01/31/2017","01/31/2022","99.464699","No","","$127,824,000,000","No","1.875%","01/31/2017","$34,000,000,000","No","No","$36,156,151,000"
"912828V56","Note","2-Year","01/24/2017","01/31/2017","01/31/2019","99.832540","No","","$127,824,000,000","No","1.125%","01/31/2017","$26,000,000,000","No","No","$27,648,852,500"
"912796KJ7","Bill","4-Week","01/24/2017","01/26/2017","02/23/2017","99.962667","No","$73,000,000,000","$123,993,000,000","No","","01/26/2017","$45,000,000,000","Yes","No","$45,000,402,400"
"912796JP5","Bill","13-Week","01/23/2017","01/26/2017","04/27/2017","99.872347","No","$55,997,000,000","$123,993,000,000","No","","01/26/2017","$34,000,000,000","Yes","No","$34,000,019,200"
"912796LL1","Bill","26-Week","01/23/2017","01/26/2017","07/27/2017","99.696667","No","","$123,993,000,000","No","","01/26/2017","$28,000,000,000","No","No","$28,000,130,400"
"912828V49","Note","10-Year","01/19/2017","01/31/2017","01/15/2027","99.326760","No","","$127,824,000,000","No","0.375%","01/31/2017","$13,000,000,000","No","Yes","$13,824,492,200"
"912796KH1","Bill","4-Week","01/17/2017","01/19/2017","02/16/2017","99.959556","No","$75,999,000,000","$128,987,000,000","No","","01/19/2017","$45,000,000,000","Yes","No","$45,000,398,000"
"912796KT5","Bill","13-Week","01/17/2017","01/19/2017","04/20/2017","99.866028","No","$36,001,000,000","$128,987,000,000","No","","01/19/2017","$34,000,000,000","Yes","No","$34,000,198,800"
"912796KB4","Bill","26-Week","01/17/2017","01/19/2017","07/20/2017","99.694139","No","$19,994,000,000","$128,987,000,000","No","","01/19/2017","$28,000,000,000","Yes","No","$28,000,150,400"
"912810RU4","Bond","29-Year 10-Month","01/12/2017","01/17/2017","11/15/2046","99.221642","No","$30,284,000,000","$47,559,000,000","No","2.875%","01/15/2017","$12,000,000,000","Yes","No","$12,664,929,300"
"912828U24","Note","9-Year 10-Month","01/11/2017","01/17/2017","11/15/2026","97.010859","No","$48,035,000,000","$47,559,000,000","No","2.000%","01/15/2017","$20,000,000,000","Yes","No","$21,108,267,300"
"912828V31","Note","3-Year","01/10/2017","01/17/2017","01/15/2020","99.716805","No","","$47,559,000,000","No","1.375%","01/15/2017","$24,000,000,000","No","No","$25,329,938,900"
"912796KG3","Bill","4-Week","01/10/2017","01/12/2017","02/09/2017","99.961111","No","$76,000,000,000","$118,999,000,000","No","","01/12/2017","$45,000,000,000","Yes","No","$45,000,347,500"
"912796KS7","Bill","13-Week","01/09/2017","01/12/2017","04/13/2017","99.871083","No","$35,999,000,000","$118,999,000,000","No","","01/12/2017","$34,000,000,000","Yes","No","$34,000,414,200"
"912796LK3","Bill","26-Week","01/09/2017","01/12/2017","07/13/2017","99.701722","No","","$118,999,000,000","No","","01/12/2017","$28,000,000,000","No","No","$28,000,463,800"
"912796JA8","Bill","4-Week","01/03/2017","01/05/2017","02/02/2017","99.963056","No","$91,999,000,000","$131,997,000,000","No","","01/05/2017","$45,000,000,000","Yes","No","$45,000,117,300"
"912796KQ1","Bill","13-Week","01/03/2017","01/05/2017","04/06/2017","99.866028","No","$36,000,000,000","$131,997,000,000","No","","01/05/2017","$34,000,000,000","Yes","No","$34,000,247,600"
"912796LG2","Bill","26-Week","01/03/2017","01/05/2017","07/06/2017","99.681500","No","","$131,997,000,000","No","","01/05/2017","$28,000,000,000","No","No","$28,000,692,800"
"912796LC1","Bill","52-Week","01/03/2017","01/05/2017","01/04/2018","99.120333","No","","$131,997,000,000","No","","01/05/2017","$20,000,000,000","No","No","$20,000,056,700"
"912828V23","Note","7-Year","12/29/2016","01/03/2017","12/31/2023","99.781232","No","","$84,379,000,000","No","2.250%","12/31/2016","$28,000,000,000","No","No","$31,723,405,800"
"912828U81","Note","5-Year","12/28/2016","01/03/2017","12/31/2021","99.730736","No","","$84,379,000,000","No","2.000%","12/31/2016","$34,000,000,000","No","No","$38,521,273,600"
"912828T75","Note","1-Year 10-Month","12/28/2016","12/30/2016","10/31/2018","100.001782","No","$28,907,000,000","$0","Yes","","12/30/2016","$13,000,000,000","Yes","No","$13,000,063,300"
"912828U99","Note","2-Year","12/27/2016","01/03/2017","12/31/2018","99.941124","No","","$84,379,000,000","No","1.250%","12/31/2016","$26,000,000,000","No","No","$29,457,404,400"
"912796KE8","Bill","4-Week","12/27/2016","12/29/2016","01/26/2017","99.962278","No","$73,997,000,000","$110,994,000,000","No","","12/29/2016","$50,000,000,000","Yes","No","$50,000,149,200"
"912796JJ9","Bill","13-Week","12/27/2016","12/29/2016","03/30/2017","99.859708","No","$55,994,000,000","$110,994,000,000","No","","12/29/2016","$34,000,000,000","Yes","No","$34,000,040,700"
"912796LF4","Bill","26-Week","12/27/2016","12/29/2016","06/29/2017","99.666333","No","","$110,994,000,000","No","","12/29/2016","$28,000,000,000","No","No","$28,000,165,800"
"912828Q60","Note","4-Year 4-Month","12/22/2016","12/30/2016","04/15/2021","102.005809","No","$30,957,000,000","$0","No","0.125%","12/30/2016","$14,000,000,000","Yes","Yes","$14,000,047,700"
"912796KD0","Bill","4-Week","12/20/2016","12/22/2016","01/19/2017","99.961889","No","$73,993,000,000","$120,997,000,000","No","","12/22/2016","$55,000,000,000","Yes","No","$55,000,177,900"
"912796KP3","Bill","13-Week","12/19/2016","12/22/2016","03/23/2017","99.869819","No","$36,001,000,000","$120,997,000,000","No","","12/22/2016","$34,000,000,000","Yes","No","$34,000,062,900"
"912796JX8","Bill","26-Week","12/19/2016","12/22/2016","06/22/2017","99.673917","No","$19,999,000,000","$120,997,000,000","No","","12/22/2016","$28,000,000,000","Yes","No","$28,000,019,900"
"912796KC2","Bill","4-Week","12/13/2016","12/15/2016","01/12/2017","99.962667","No","$73,999,000,000","$131,002,000,000","No","","12/15/2016","$45,000,000,000","Yes","No","$45,000,210,100"
"912810RU4","Bond","29-Year 11-Month","12/13/2016","12/15/2016","11/15/2046","94.656663","No","$18,284,000,000","$30,000,000,000","No","2.875%","12/15/2016","$12,000,000,000","Yes","No","$12,000,033,700"
"912796KN8","Bill","13-Week","12/12/2016","12/15/2016","03/16/2017","99.866028","No","$35,999,000,000","$131,002,000,000","No","","12/15/2016","$34,000,000,000","Yes","No","$34,000,554,000"
"912796LE7","Bill","26-Week","12/12/2016","12/15/2016","06/15/2017","99.673917","No","","$131,002,000,000","No","","12/15/2016","$28,000,000,000","No","No","$28,000,145,700"
"912828U73","Note","3-Year","12/12/2016","12/15/2016","12/15/2019","99.774758","No","","$30,000,000,000","No","1.375%","12/15/2016","$24,000,000,000","No","No","$24,000,151,800"
"912828U24","Note","9-Year 11-Month","12/12/2016","12/15/2016","11/15/2026","95.758350","No","$28,035,000,000","$30,000,000,000","No","2.000%","12/15/2016","$20,000,000,000","Yes","No","$20,000,048,000"
"912796HV4","Bill","4-Week","12/06/2016","12/08/2016","01/05/2017","99.973556","No","$86,998,000,000","$144,994,000,000","No","","12/08/2016","$45,000,000,000","Yes","No","$45,000,134,700"
"912796LB3","Bill","52-Week","12/06/2016","12/08/2016","12/07/2017","99.160778","No","","$144,994,000,000","No","","12/08/2016","$20,000,000,000","No","No","$20,000,042,500"
"912796KM0","Bill","13-Week","12/05/2016","12/08/2016","03/09/2017","99.876139","No","$36,000,000,000","$144,994,000,000","No","","12/08/2016","$34,000,000,000","Yes","No","$34,000,094,300"
"912796LD9","Bill","26-Week","12/05/2016","12/08/2016","06/08/2017","99.689083","No","","$144,994,000,000","No","","12/08/2016","$28,000,000,000","No","No","$28,000,088,400"
"912796KA6","Bill","4-Week","11/29/2016","12/01/2016","12/29/2016","99.971611","No","$65,996,000,000","$120,999,000,000","No","","12/01/2016","$45,000,000,000","Yes","No","$45,000,042,900"
"912796JE0","Bill","13-Week","11/28/2016","12/01/2016","03/02/2017","99.876139","No","$54,005,000,000","$120,999,000,000","No","","12/01/2016","$36,000,000,000","Yes","No","$36,000,040,400"
"912796LA5","Bill","26-Week","11/28/2016","12/01/2016","06/01/2017","99.691611","No","","$120,999,000,000","No","","12/01/2016","$30,000,000,000","No","No","$30,000,601,400"
"912828U57","Note","7-Year","11/23/2016","11/30/2016","11/30/2023","99.419378","No","","$87,010,000,000","No","2.125%","11/30/2016","$28,000,000,000","No","No","$30,980,130,700"
"912828U65","Note","5-Year","11/22/2016","11/30/2016","11/30/2021","99.952337","No","","$87,010,000,000","No","1.750%","11/30/2016","$34,000,000,000","No","No","$37,618,703,900"
"912796JZ3","Bill","4-Week","11/22/2016","11/25/2016","12/22/2016","99.974500","No","$65,999,000,000","$115,999,000,000","No","","11/25/2016","$55,000,000,000","Yes","No","$55,000,431,700"
"912828T75","Note","1-Year 11-Month","11/22/2016","11/25/2016","10/31/2018","100.001890","No","$15,907,000,000","$0","Yes","","11/25/2016","$13,000,000,000","Yes","No","$13,000,003,100"
"912828U40","Note","2-Year","11/21/2016","11/30/2016","11/30/2018","99.832281","No","","$87,010,000,000","No","1.000%","11/30/2016","$26,000,000,000","No","No","$28,767,455,900"
"912796KJ7","Bill","13-Week","11/21/2016","11/25/2016","02/23/2017","99.880000","No","$34,000,000,000","$115,999,000,000","No","","11/25/2016","$39,000,000,000","Yes","No","$39,000,368,000"
"912796JT7","Bill","26-Week","11/21/2016","11/25/2016","05/25/2017","99.695819","No","$20,000,000,000","$115,999,000,000","No","","11/25/2016","$33,000,000,000","Yes","No","$33,000,461,900"
"912828S50","Note","9-Year 8-Month","11/17/2016","11/30/2016","07/15/2026","98.390349","No","$24,670,000,000","$87,010,000,000","No","0.125%","11/30/2016","$11,000,000,000","Yes","Yes","$12,170,751,300"
"912796JY6","Bill","4-Week","11/15/2016","11/17/2016","12/15/2016","99.976278","No","$66,001,000,000","$111,001,000,000","No","","11/17/2016","$65,000,000,000","Yes","No","$65,000,250,200"
"912796KH1","Bill","13-Week","11/14/2016","11/17/2016","02/16/2017","99.869819","No","$33,998,000,000","$111,001,000,000","No","","11/17/2016","$42,000,000,000","Yes","No","$42,000,001,000"
"912796KZ1","Bill","26-Week","11/14/2016","11/17/2016","05/18/2017","99.684028","No","","$111,001,000,000","No","","11/17/2016","$36,000,000,000","No","No","$36,000,038,100"
"912810RU4","Bond","30-Year","11/10/2016","11/15/2016","11/15/2046","99.461607","No","","$58,508,000,000","No","2.875%","11/15/2016","$15,000,000,000","No","No","$18,283,818,600"
"912828U24","Note","10-Year","11/09/2016","11/15/2016","11/15/2026","99.819726","No","","$58,508,000,000","No","2.000%","11/15/2016","$23,000,000,000","No","No","$28,035,256,900"
"912828U32","Note","3-Year","11/08/2016","11/15/2016","11/15/2019","99.899821","No","","$58,508,000,000","No","1.000%","11/15/2016","$24,000,000,000","No","No","$29,254,188,300"
"912796HU6","Bill","4-Week","11/08/2016","11/10/2016","12/08/2016","99.979000","No","$80,001,000,000","$117,992,000,000","No","","11/10/2016","$65,000,000,000","Yes","No","$65,000,298,500"
"912796KX6","Bill","52-Week","11/08/2016","11/10/2016","11/09/2017","99.297278","No","","$117,992,000,000","No","","11/10/2016","$20,000,000,000","No","No","$20,000,035,700"
"912796KG3","Bill","13-Week","11/07/2016","11/10/2016","02/09/2017","99.893833","No","$34,000,000,000","$117,992,000,000","No","","11/10/2016","$42,000,000,000","Yes","No","$42,000,108,700"
"912796KY4","Bill","26-Week","11/07/2016","11/10/2016","05/11/2017","99.729528","No","","$117,992,000,000","No","","11/10/2016","$36,000,000,000","No","No","$36,000,171,200"
"912796JW0","Bill","4-Week","11/01/2016","11/03/2016","12/01/2016","99.981333","No","$65,998,000,000","$100,989,000,000","No","","11/03/2016","$55,000,000,000","Yes","No","$55,000,294,500"
"912796JA8","Bill","13-Week","10/31/2016","11/03/2016","02/02/2017","99.911528","No","$49,998,000,000","$100,989,000,000","No","","11/03/2016","$42,000,000,000","Yes","No","$42,000,260,800"
"912796KU2","Bill","26-Week","10/31/2016","11/03/2016","05/04/2017","99.747222","No","","$100,989,000,000","No","","11/03/2016","$36,000,000,000","No","No","$36,000,347,100"
"912828T91","Note","7-Year","10/27/2016","10/31/2016","10/31/2023","99.815632","No","","$131,557,000,000","No","1.625%","10/31/2016","$28,000,000,000","No","No","$29,692,705,500"
"912828T75","Note","2-Year","10/26/2016","10/31/2016","10/31/2018","100.000000","No","","$131,557,000,000","Yes","","10/31/2016","$15,000,000,000","No","No","$15,906,838,800"
"912828T67","Note","5-Year","10/26/2016","10/31/2016","10/31/2021","99.744253","No","","$131,557,000,000","No","1.250%","10/31/2016","$34,000,000,000","No","No","$36,055,478,500"
"912828T83","Note","2-Year","10/25/2016","10/31/2016","10/31/2018","99.792225","No","","$131,557,000,000","No","0.750%","10/31/2016","$26,000,000,000","No","No","$27,571,869,400"
"912796JV2","Bill","4-Week","10/25/2016","10/27/2016","11/25/2016","99.980667","No","$65,999,000,000","$100,997,000,000","No","","10/27/2016","$50,000,000,000","Yes","No","$50,000,020,900"
"912796KE8","Bill","13-Week","10/24/2016","10/27/2016","01/26/2017","99.914056","No","$31,998,000,000","$100,997,000,000","No","","10/27/2016","$42,000,000,000","Yes","No","$42,000,485,200"
"912796JP5","Bill","26-Week","10/24/2016","10/27/2016","04/27/2017","99.759861","No","$19,997,000,000","$100,997,000,000","No","","10/27/2016","$36,000,000,000","Yes","No","$36,000,025,900"
"912810RR1","Bond","29-Year 4-Month","10/20/2016","10/31/2016","02/15/2046","110.667461","No","$15,075,000,000","$131,557,000,000","No","1.000%","10/31/2016","$5,000,000,000","Yes","Yes","$5,302,274,500"
"912796JU4","Bill","4-Week","10/18/2016","10/20/2016","11/17/2016","99.980944","No","$66,001,000,000","$95,991,000,000","No","","10/20/2016","$45,000,000,000","Yes","No","$45,000,143,800"
"912796KD0","Bill","13-Week","10/17/2016","10/20/2016","01/19/2017","99.914056","No","$31,994,000,000","$95,991,000,000","No","","10/20/2016","$42,000,000,000","Yes","No","$42,000,046,100"
"912796KT5","Bill","26-Week","10/17/2016","10/20/2016","04/20/2017","99.762389","No","","$95,991,000,000","No","","10/20/2016","$36,000,000,000","No","No","$36,000,209,600"
"912810RT7","Bond","29-Year 10-Month","10/13/2016","10/17/2016","08/15/2046","95.372563","No","$28,536,000,000","$30,000,000,000","No","2.250%","10/15/2016","$12,000,000,000","Yes","No","$12,000,031,000"
"912828T59","Note","3-Year","10/12/2016","10/17/2016","10/15/2019","99.867644","No","","$30,000,000,000","No","1.000%","10/15/2016","$24,000,000,000","No","No","$24,000,052,900"
"9128282A7","Note","9-Year 10-Month","10/12/2016","10/17/2016","08/15/2026","97.368781","No","$45,356,000,000","$30,000,000,000","No","1.500%","10/15/2016","$20,000,000,000","Yes","No","$20,000,021,100"
"912796HQ5","Bill","4-Week","10/11/2016","10/13/2016","11/10/2016","99.979389","No","$77,993,000,000","$106,000,000,000","No","","10/13/2016","$40,000,000,000","Yes","No","$40,000,210,500"
"912796KC2","Bill","13-Week","10/11/2016","10/13/2016","01/12/2017","99.909000","No","$32,001,000,000","$106,000,000,000","No","","10/13/2016","$42,000,000,000","Yes","No","$42,000,460,700"
"912796KS7","Bill","26-Week","10/11/2016","10/13/2016","04/13/2017","99.749750","No","","$106,000,000,000","No","","10/13/2016","$36,000,000,000","No","No","$36,000,030,400"
"912796KR9","Bill","52-Week","10/11/2016","10/13/2016","10/12/2017","99.312444","No","","$106,000,000,000","No","","10/13/2016","$20,000,000,000","No","No","$20,000,186,300"
"912796JS9","Bill","4-Week","10/04/2016","10/06/2016","11/03/2016","99.979778","No","$60,995,000,000","$98,001,000,000","No","","10/06/2016","$40,000,000,000","Yes","No","$40,000,479,600"
"912796HV4","Bill","13-Week","10/03/2016","10/06/2016","01/05/2017","99.921639","No","$44,998,000,000","$98,001,000,000","No","","10/06/2016","$42,000,000,000","Yes","No","$42,000,145,400"
"912796KQ1","Bill","26-Week","10/03/2016","10/06/2016","04/06/2017","99.752278","No","","$98,001,000,000","No","","10/06/2016","$36,000,000,000","No","No","$36,000,013,900"
"912828S84","Note","1-Year 10-Month","09/28/2016","09/30/2016","07/31/2018","99.988870","No","$29,048,000,000","$87,776,000,000","Yes","","09/30/2016","$13,000,000,000","Yes","No","$13,792,479,300"
"912828T26","Note","7-Year","09/28/2016","09/30/2016","09/30/2023","99.906921","No","","$87,776,000,000","No","1.375%","09/30/2016","$28,000,000,000","No","No","$29,706,834,800"
"912828T34","Note","5-Year","09/27/2016","09/30/2016","09/30/2021","99.980607","No","","$87,776,000,000","No","1.125%","09/30/2016","$34,000,000,000","No","No","$36,072,640,100"
"912796JR1","Bill","4-Week","09/27/2016","09/29/2016","10/27/2016","99.987556","No","$61,002,000,000","$102,001,000,000","No","","09/29/2016","$40,000,000,000","Yes","No","$40,000,025,100"
"912828T42","Note","2-Year","09/26/2016","09/30/2016","09/30/2018","100.000000","No","","$87,776,000,000","No","0.750%","09/30/2016","$26,000,000,000","No","No","$27,585,092,300"
"912796KA6","Bill","13-Week","09/26/2016","09/29/2016","12/29/2016","99.936806","No","$26,000,000,000","$102,001,000,000","No","","09/29/2016","$40,000,000,000","Yes","No","$40,000,413,300"
"912796JJ9","Bill","26-Week","09/26/2016","09/29/2016","03/30/2017","99.787667","No","$20,000,000,000","$102,001,000,000","No","","09/29/2016","$36,000,000,000","Yes","No","$36,000,330,900"
"912828S50","Note","9-Year 10-Month","09/22/2016","09/30/2016","07/15/2026","101.115665","No","$13,000,000,000","$87,776,000,000","No","0.125%","09/30/2016","$11,000,000,000","Yes","Yes","$11,670,544,400"
"912796JQ3","Bill","4-Week","09/20/2016","09/22/2016","10/20/2016","99.986000","No","$60,991,000,000","$114,003,000,000","No","","09/22/2016","$35,000,000,000","Yes","No","$35,000,053,600"
"912796JZ3","Bill","13-Week","09/19/2016","09/22/2016","12/22/2016","99.922903","No","$25,999,000,000","$114,003,000,000","No","","09/22/2016","$40,000,000,000","Yes","No","$40,000,060,400"
"912796KP3","Bill","26-Week","09/19/2016","09/22/2016","03/23/2017","99.747222","No","","$114,003,000,000","No","","09/22/2016","$36,000,000,000","No","No","$36,000,014,200"
"912796HJ1","Bill","4-Week","09/13/2016","09/15/2016","10/13/2016","99.980556","No","$71,000,000,000","$135,996,000,000","No","","09/15/2016","$35,000,000,000","Yes","No","$35,000,399,800"
"912796KL2","Bill","52-Week","09/13/2016","09/15/2016","09/14/2017","99.363000","No","","$135,996,000,000","No","","09/15/2016","$20,000,000,000","No","No","$20,000,268,900"
"912810RT7","Bond","29-Year 11-Month","09/13/2016","09/15/2016","08/15/2046","95.262459","No","$16,536,000,000","$31,000,000,000","No","2.250%","09/15/2016","$12,000,000,000","Yes","No","$12,000,017,800"
"912796JY6","Bill","13-Week","09/12/2016","09/15/2016","12/15/2016","99.905208","No","$25,999,000,000","$135,996,000,000","No","","09/15/2016","$40,000,000,000","Yes","No","$40,000,298,700"
"912796KN8","Bill","26-Week","09/12/2016","09/15/2016","03/16/2017","99.727000","No","","$135,996,000,000","No","","09/15/2016","$36,000,000,000","No","No","$36,000,020,000"
"9128282G4","Note","3-Year","09/12/2016","09/15/2016","09/15/2019","99.787535","No","","$31,000,000,000","No","0.875%","09/15/2016","$24,000,000,000","No","No","$24,000,039,100"
"9128282A7","Note","9-Year 11-Month","09/12/2016","09/15/2016","08/15/2026","98.190133","No","$25,356,000,000","$31,000,000,000","No","1.500%","09/15/2016","$20,000,000,000","Yes","No","$20,000,013,000"
"912796JN0","Bill","4-Week","09/06/2016","09/08/2016","10/06/2016","99.980556","No","$58,000,000,000","$115,994,000,000","No","","09/08/2016","$40,000,000,000","Yes","No","$40,000,899,800"
"912796HU6","Bill","13-Week","09/06/2016","09/08/2016","12/08/2016","99.915319","No","$40,001,000,000","$115,994,000,000","No","","09/08/2016","$40,000,000,000","Yes","No","$40,000,358,200"
"912796KM0","Bill","26-Week","09/06/2016","09/08/2016","03/09/2017","99.762389","No","","$115,994,000,000","No","","09/08/2016","$36,000,000,000","No","No","$36,000,453,800"
"912796JM2","Bill","4-Week","08/30/2016","09/01/2016","09/29/2016","99.980167","No","$57,000,000,000","$111,000,000,000","No","","09/01/2016","$45,000,000,000","Yes","No","$45,000,211,000"
"912796JW0","Bill","13-Week","08/29/2016","09/01/2016","12/01/2016","99.915319","No","$25,999,000,000","$111,000,000,000","No","","09/01/2016","$40,000,000,000","Yes","No","$40,000,255,100"
"912796JE0","Bill","26-Week","08/29/2016","09/01/2016","03/02/2017","99.757333","No","$20,000,000,000","$111,000,000,000","No","","09/01/2016","$34,000,000,000","Yes","No","$34,000,013,100"
"9128282D1","Note","7-Year","08/25/2016","08/31/2016","08/31/2023","99.681269","No","","$86,934,000,000","No","1.375%","08/31/2016","$28,000,000,000","No","No","$29,914,878,600"
"9128282F6","Note","5-Year","08/24/2016","08/31/2016","08/31/2021","100.000000","No","","$86,934,000,000","No","1.125%","08/31/2016","$34,000,000,000","No","No","$36,325,290,800"
"912828S84","Note","1-Year 11-Month","08/24/2016","08/26/2016","07/31/2018","100.017478","No","$16,048,000,000","$0","Yes","","08/26/2016","$13,000,000,000","Yes","No","$13,000,051,400"
"9128282C3","Note","2-Year","08/23/2016","08/31/2016","08/31/2018","99.980189","No","","$86,934,000,000","No","0.750%","08/31/2016","$26,000,000,000","No","No","$27,778,206,400"
"912796JL4","Bill","4-Week","08/23/2016","08/25/2016","09/22/2016","99.978611","No","$59,003,000,000","$105,995,000,000","No","","08/25/2016","$55,000,000,000","Yes","No","$55,000,584,000"
"912796JV2","Bill","13-Week","08/22/2016","08/25/2016","11/25/2016","99.920778","No","$26,000,000,000","$105,995,000,000","No","","08/25/2016","$40,000,000,000","Yes","No","$40,000,107,500"
"912796KJ7","Bill","26-Week","08/22/2016","08/25/2016","02/23/2017","99.772500","No","","$105,995,000,000","No","","08/25/2016","$34,000,000,000","No","No","$34,000,225,200"
"912828Q60","Note","4-Year 8-Month","08/18/2016","08/31/2016","04/15/2021","103.268595","No","$15,999,000,000","$86,934,000,000","No","0.125%","08/31/2016","$14,000,000,000","Yes","Yes","$14,957,477,200"
"912796CP2","Bill","7-Day","08/17/2016","08/17/2016","08/24/2016","99.996111","Yes","","","No","","08/17/2016","$25,000,000","No","No","$25,000,400"
"912796HE2","Bill","4-Week","08/16/2016","08/18/2016","09/15/2016","99.978611","No","$80,995,000,000","$127,988,000,000","No","","08/18/2016","$55,000,000,000","Yes","No","$55,000,651,300"
"912796KF5","Bill","52-Week","08/16/2016","08/18/2016","08/17/2017","99.423667","No","","$127,988,000,000","No","","08/18/2016","$20,000,000,000","No","No","$20,000,038,300"
"912796JU4","Bill","13-Week","08/15/2016","08/18/2016","11/17/2016","99.924167","No","$26,001,000,000","$127,988,000,000","No","","08/18/2016","$40,000,000,000","Yes","No","$40,000,074,400"
"912796KH1","Bill","26-Week","08/15/2016","08/18/2016","02/16/2017","99.775028","No","","$127,988,000,000","No","","08/18/2016","$34,000,000,000","No","No","$34,000,098,400"
"912810RT7","Bond","30-Year","08/11/2016","08/15/2016","08/15/2046","99.480162","No","","$48,206,000,000","No","2.250%","08/15/2016","$15,000,000,000","No","No","$16,536,444,600"
"9128282A7","Note","10-Year","08/10/2016","08/15/2016","08/15/2026","99.972242","No","","$48,206,000,000","No","1.500%","08/15/2016","$23,000,000,000","No","No","$25,355,880,400"
"9128282B5","Note","3-Year","08/09/2016","08/15/2016","08/15/2019","99.704412","No","","$48,206,000,000","No","0.750%","08/15/2016","$24,000,000,000","No","No","$26,458,325,800"
"912796JK6","Bill","4-Week","08/09/2016","08/11/2016","09/08/2016","99.979000","No","$60,995,000,000","$105,993,000,000","No","","08/11/2016","$55,000,000,000","Yes","No","$55,000,493,200"
"912796HQ5","Bill","13-Week","08/08/2016","08/11/2016","11/10/2016","99.922903","No","$37,993,000,000","$105,993,000,000","No","","08/11/2016","$40,000,000,000","Yes","No","$40,000,316,100"
"912796KG3","Bill","26-Week","08/08/2016","08/11/2016","02/09/2017","99.777556","No","","$105,993,000,000","No","","08/11/2016","$34,000,000,000","No","No","$34,000,121,200"
"912796JH3","Bill","4-Week","08/02/2016","08/04/2016","09/01/2016","99.979778","No","$61,000,000,000","$102,994,000,000","No","","08/04/2016","$50,000,000,000","Yes","No","$50,000,033,100"
"912796JS9","Bill","13-Week","08/01/2016","08/04/2016","11/03/2016","99.927958","No","$24,000,000,000","$102,994,000,000","No","","08/04/2016","$37,000,000,000","Yes","No","$37,000,248,100"
"912796JA8","Bill","26-Week","08/01/2016","08/04/2016","02/02/2017","99.800306","No","$18,000,000,000","$102,994,000,000","No","","08/04/2016","$32,000,000,000","Yes","No","$32,000,210,800"
"912828S92","Note","7-Year","07/28/2016","08/01/2016","07/31/2023","99.400756","No","","$127,559,000,000","No","1.250%","07/31/2016","$28,000,000,000","No","No","$29,955,423,500"
"912828S84","Note","2-Year","07/27/2016","08/01/2016","07/31/2018","99.999999","No","","$127,559,000,000","Yes","","07/31/2016","$15,000,000,000","No","No","$16,047,631,600"
"912828S76","Note","5-Year","07/26/2016","08/01/2016","07/31/2021","99.733839","No","","$127,559,000,000","No","1.125%","07/31/2016","$34,000,000,000","No","No","$36,374,437,900"
"912796JG5","Bill","4-Week","07/26/2016","07/28/2016","08/25/2016","99.979000","No","$60,997,000,000","$105,993,000,000","No","","07/28/2016","$45,000,000,000","Yes","No","$45,000,075,600"
"912828S68","Note","2-Year","07/25/2016","08/01/2016","07/31/2018","99.980208","No","","$127,559,000,000","No","0.750%","07/31/2016","$26,000,000,000","No","No","$27,815,841,100"
"912796JR1","Bill","13-Week","07/25/2016","07/28/2016","10/27/2016","99.919111","No","$24,002,000,000","$105,993,000,000","No","","07/28/2016","$37,000,000,000","Yes","No","$37,000,622,500"
"912796KE8","Bill","26-Week","07/25/2016","07/28/2016","01/26/2017","99.785139","No","","$105,993,000,000","No","","07/28/2016","$32,000,000,000","No","No","$32,000,098,700"
"912828S50","Note","10-Year","07/21/2016","07/29/2016","07/15/2026","100.980546","No","","$0","No","0.125%","07/29/2016","$13,000,000,000","No","Yes","$13,000,041,400"
"912796HA0","Bill","4-Week","07/19/2016","07/21/2016","08/18/2016","99.978611","No","$82,994,000,000","$128,988,000,000","No","","07/21/2016","$45,000,000,000","Yes","No","$45,000,109,800"
"912796KB4","Bill","52-Week","07/19/2016","07/21/2016","07/20/2017","99.443889","No","","$128,988,000,000","No","","07/21/2016","$20,000,000,000","No","No","$20,000,223,100"
"912796JQ3","Bill","13-Week","07/18/2016","07/21/2016","10/20/2016","99.919111","No","$23,997,000,000","$128,988,000,000","No","","07/21/2016","$37,000,000,000","Yes","No","$37,000,410,700"
"912796KD0","Bill","26-Week","07/18/2016","07/21/2016","01/19/2017","99.782611","No","","$128,988,000,000","No","","07/21/2016","$32,000,000,000","No","No","$32,000,584,300"
"912810RS9","Bond","29-Year 10-Month","07/13/2016","07/15/2016","05/15/2046","107.171412","No","$30,392,000,000","$52,092,000,000","No","2.500%","07/15/2016","$12,000,000,000","Yes","No","$12,781,587,000"
"912828R36","Note","9-Year 10-Month","07/12/2016","07/15/2016","05/15/2026","100.991052","No","$48,201,000,000","$52,092,000,000","No","1.625%","07/15/2016","$20,000,000,000","Yes","No","$21,302,646,200"
"912796JF7","Bill","4-Week","07/12/2016","07/14/2016","08/11/2016","99.977444","No","$60,998,000,000","$98,999,000,000","No","","07/14/2016","$45,000,000,000","Yes","No","$45,000,227,700"
"912828S43","Note","3-Year","07/11/2016","07/15/2016","07/15/2019","99.955596","No","","$52,092,000,000","No","0.750%","07/15/2016","$24,000,000,000","No","No","$25,563,200,300"
"912796HJ1","Bill","13-Week","07/11/2016","07/14/2016","10/13/2016","99.921639","No","$33,999,000,000","$98,999,000,000","No","","07/14/2016","$37,000,000,000","Yes","No","$37,000,085,300"
"912796KC2","Bill","26-Week","07/11/2016","07/14/2016","01/12/2017","99.802833","No","","$98,999,000,000","No","","07/14/2016","$32,000,000,000","No","No","$32,000,415,700"
"912796JD2","Bill","4-Week","07/05/2016","07/07/2016","08/04/2016","99.978611","No","$57,999,000,000","$93,998,000,000","No","","07/07/2016","$45,000,000,000","Yes","No","$45,000,447,400"
"912796JN0","Bill","13-Week","07/05/2016","07/07/2016","10/06/2016","99.931750","No","$24,000,000,000","$93,998,000,000","No","","07/07/2016","$34,000,000,000","Yes","No","$34,000,423,400"
"912796HV4","Bill","26-Week","07/05/2016","07/07/2016","01/05/2017","99.828111","No","$15,998,000,000","$93,998,000,000","No","","07/07/2016","$29,000,000,000","Yes","No","$29,000,322,200"
"912796JC4","Bill","4-Week","06/28/2016","06/30/2016","07/28/2016","99.979778","No","$56,000,000,000","$97,003,000,000","No","","06/30/2016","$50,000,000,000","Yes","No","$50,000,398,800"
"912796JM2","Bill","13-Week","06/27/2016","06/30/2016","09/29/2016","99.934278","No","$26,000,000,000","$97,003,000,000","No","","06/30/2016","$31,000,000,000","Yes","No","$31,000,008,700"
"912796KA6","Bill","26-Week","06/27/2016","06/30/2016","12/29/2016","99.828111","No","","$97,003,000,000","No","","06/30/2016","$26,000,000,000","No","No","$26,000,026,900"
"912828S35","Note","7-Year","06/22/2016","06/30/2016","06/30/2023","99.192087","No","","$80,338,000,000","No","1.375%","06/30/2016","$28,000,000,000","No","No","$32,084,663,900"
"912810RR1","Bond","29-Year 8-Month","06/22/2016","06/30/2016","02/15/2046","103.449203","No","$9,346,000,000","$80,338,000,000","No","1.000%","06/30/2016","$5,000,000,000","Yes","Yes","$5,729,408,500"
"912828Q86","Note","1-Year 10-Month","06/22/2016","06/24/2016","04/30/2018","100.003698","No","$31,986,000,000","$0","Yes","","06/24/2016","$13,000,000,000","Yes","No","$13,000,016,000"
"912828S27","Note","5-Year","06/21/2016","06/30/2016","06/30/2021","99.550203","No","","$80,338,000,000","No","1.125%","06/30/2016","$34,000,000,000","No","No","$38,959,981,900"
"912796GW3","Bill","4-Week","06/21/2016","06/23/2016","07/21/2016","99.980556","No","$79,000,000,000","$129,995,000,000","No","","06/23/2016","$50,000,000,000","Yes","No","$50,000,469,800"
"912796JX8","Bill","52-Week","06/21/2016","06/23/2016","06/22/2017","99.433778","No","","$129,995,000,000","No","","06/23/2016","$20,000,000,000","No","No","$20,000,110,900"
"912828R93","Note","2-Year","06/20/2016","06/30/2016","06/30/2018","99.762218","No","","$80,338,000,000","No","0.625%","06/30/2016","$26,000,000,000","No","No","$29,792,960,800"
"912796JL4","Bill","13-Week","06/20/2016","06/23/2016","09/22/2016","99.931750","No","$28,002,000,000","$129,995,000,000","No","","06/23/2016","$31,000,000,000","Yes","No","$31,000,040,100"
"912796JZ3","Bill","26-Week","06/20/2016","06/23/2016","12/22/2016","99.797778","No","","$129,995,000,000","No","","06/23/2016","$26,000,000,000","No","No","$26,000,331,400"
"912796JB6","Bill","4-Week","06/14/2016","06/16/2016","07/14/2016","99.981333","No","$53,999,000,000","$107,996,000,000","No","","06/16/2016","$45,000,000,000","Yes","No","$45,000,017,200"
"912796HE2","Bill","13-Week","06/13/2016","06/16/2016","09/15/2016","99.931750","No","$49,999,000,000","$107,996,000,000","No","","06/16/2016","$31,000,000,000","Yes","No","$31,000,247,700"
"912796JY6","Bill","26-Week","06/13/2016","06/16/2016","12/15/2016","99.797778","No","","$107,996,000,000","No","","06/16/2016","$26,000,000,000","No","No","$26,000,185,200"
"912810RS9","Bond","29-Year 11-Month","06/09/2016","06/15/2016","05/15/2046","100.524034","No","$18,392,000,000","$32,000,000,000","No","2.500%","06/15/2016","$12,000,000,000","Yes","No","$12,000,014,600"
"912828R36","Note","9-Year 11-Month","06/08/2016","06/15/2016","05/15/2026","99.299186","No","$28,201,000,000","$32,000,000,000","No","1.625%","06/15/2016","$20,000,000,000","Yes","No","$20,000,015,600"
"912828R85","Note","3-Year","06/07/2016","06/15/2016","06/15/2019","99.837652","No","","$32,000,000,000","No","0.875%","06/15/2016","$24,000,000,000","No","No","$24,000,056,400"
"912796HZ5","Bill","4-Week","06/07/2016","06/09/2016","07/07/2016","99.985222","No","$53,997,000,000","$108,004,000,000","No","","06/09/2016","$40,000,000,000","Yes","No","$40,000,364,700"
"912796JK6","Bill","13-Week","06/06/2016","06/09/2016","09/08/2016","99.927958","No","$29,994,000,000","$108,004,000,000","No","","06/09/2016","$31,000,000,000","Yes","No","$31,000,267,400"
"912796HU6","Bill","26-Week","06/06/2016","06/09/2016","12/08/2016","99.782611","No","$14,000,000,000","$108,004,000,000","No","","06/09/2016","$26,000,000,000","Yes","No","$26,000,088,900"
"912796HY8","Bill","4-Week","05/31/2016","06/02/2016","06/30/2016","99.979389","No","$57,002,000,000","$102,997,000,000","No","","06/02/2016","$40,000,000,000","Yes","No","$40,000,038,300"
"912796JH3","Bill","13-Week","05/31/2016","06/02/2016","09/01/2016","99.914056","No","$30,000,000,000","$102,997,000,000","No","","06/02/2016","$31,000,000,000","Yes","No","$31,000,310,300"
"912796JW0","Bill","26-Week","05/31/2016","06/02/2016","12/01/2016","99.759861","No","","$102,997,000,000","No","","06/02/2016","$26,000,000,000","No","No","$26,000,065,700"
"912828R69","Note","7-Year","05/26/2016","05/31/2016","05/31/2023","99.822210","No","","$70,606,000,000","No","1.625%","05/31/2016","$28,000,000,000","No","No","$35,140,794,700"
"912828R77","Note","5-Year","05/25/2016","05/31/2016","05/31/2021","99.903732","No","","$70,606,000,000","No","1.375%","05/31/2016","$34,000,000,000","No","No","$42,671,088,000"
"912828Q86","Note","1-Year 11-Month","05/25/2016","05/27/2016","04/30/2018","100.003850","No","$18,986,000,000","$0","Yes","","05/27/2016","$13,000,000,000","Yes","No","$13,000,013,800"
"912828R51","Note","2-Year","05/24/2016","05/31/2016","05/31/2018","99.911026","No","","$70,606,000,000","No","0.875%","05/31/2016","$26,000,000,000","No","No","$32,630,737,400"
"912796GS2","Bill","4-Week","05/24/2016","05/26/2016","06/23/2016","99.979389","No","$84,995,000,000","$122,995,000,000","No","","05/26/2016","$45,000,000,000","Yes","No","$45,000,751,000"
"912796JT7","Bill","52-Week","05/24/2016","05/26/2016","05/25/2017","99.307389","No","","$122,995,000,000","No","","05/26/2016","$20,000,000,000","No","No","$20,000,102,500"
"912796JG5","Bill","13-Week","05/23/2016","05/26/2016","08/25/2016","99.911528","No","$29,999,000,000","$122,995,000,000","No","","05/26/2016","$31,000,000,000","Yes","No","$31,000,354,600"
"912796JV2","Bill","26-Week","05/23/2016","05/26/2016","11/25/2016","99.756000","No","","$122,995,000,000","No","","05/26/2016","$26,000,000,000","No","No","$26,000,308,100"
"912828N71","Note","9-Year 8-Month","05/19/2016","05/31/2016","01/15/2026","103.533587","No","$28,620,000,000","$70,606,000,000","No","0.625%","05/31/2016","$11,000,000,000","Yes","Yes","$13,805,333,100"
"912796HX0","Bill","4-Week","05/17/2016","05/19/2016","06/16/2016","99.981333","No","$62,997,000,000","$99,997,000,000","No","","05/19/2016","$45,000,000,000","Yes","No","$45,000,317,600"
"912796HA0","Bill","13-Week","05/16/2016","05/19/2016","08/18/2016","99.930486","No","$51,996,000,000","$99,997,000,000","No","","05/19/2016","$31,000,000,000","Yes","No","$31,000,094,800"
"912796JU4","Bill","26-Week","05/16/2016","05/19/2016","11/17/2016","99.812944","No","","$99,997,000,000","No","","05/19/2016","$26,000,000,000","No","No","$26,000,619,000"
"912810RS9","Bond","30-Year","05/12/2016","05/16/2016","05/15/2046","97.619462","No","","$60,093,000,000","No","2.500%","05/15/2016","$15,000,000,000","No","No","$18,392,288,900"
"912828R36","Note","10-Year","05/11/2016","05/16/2016","05/15/2026","99.221906","No","","$60,093,000,000","No","1.625%","05/15/2016","$23,000,000,000","No","No","$28,201,483,200"
"912828R44","Note","3-Year","05/10/2016","05/16/2016","05/15/2019","99.999989","No","","$60,093,000,000","No","0.875%","05/15/2016","$24,000,000,000","No","No","$29,427,648,400"
"912796HW2","Bill","4-Week","05/10/2016","05/12/2016","06/09/2016","99.980944","No","$63,004,000,000","$99,993,000,000","No","","05/12/2016","$45,000,000,000","Yes","No","$45,000,056,000"
"912796JF7","Bill","13-Week","05/09/2016","05/12/2016","08/11/2016","99.939333","No","$29,998,000,000","$99,993,000,000","No","","05/12/2016","$31,000,000,000","Yes","No","$31,000,408,400"
"912796HQ5","Bill","26-Week","05/09/2016","05/12/2016","11/10/2016","99.807889","No","$12,000,000,000","$99,993,000,000","No","","05/12/2016","$26,000,000,000","Yes","No","$26,000,196,500"
"912796HT9","Bill","4-Week","05/03/2016","05/05/2016","06/02/2016","99.986778","No","$62,997,000,000","$97,999,000,000","No","","05/05/2016","$40,000,000,000","Yes","No","$40,000,070,800"
"912796JD2","Bill","13-Week","05/02/2016","05/05/2016","08/04/2016","99.944389","No","$30,000,000,000","$97,999,000,000","No","","05/05/2016","$28,000,000,000","Yes","No","$28,000,108,600"
"912796JS9","Bill","26-Week","05/02/2016","05/05/2016","11/03/2016","99.800306","No","","$97,999,000,000","No","","05/05/2016","$24,000,000,000","No","No","$24,000,139,700"
"912828Q86","Note","2-Year","04/28/2016","05/02/2016","04/30/2018","99.999997","No","","$109,729,000,000","Yes","","04/30/2016","$15,000,000,000","No","No","$18,986,101,400"
"912828R28","Note","7-Year","04/28/2016","05/02/2016","04/30/2023","99.940670","No","","$109,729,000,000","No","1.625%","04/30/2016","$28,000,000,000","No","No","$35,440,718,100"
"912828Q78","Note","5-Year","04/26/2016","05/02/2016","04/30/2021","99.831723","No","","$109,729,000,000","No","1.375%","04/30/2016","$34,000,000,000","No","No","$43,035,161,700"
"912796GN3","Bill","4-Week","04/26/2016","04/28/2016","05/26/2016","99.985222","No","$87,995,000,000","$129,996,000,000","No","","04/28/2016","$35,000,000,000","Yes","No","$35,000,259,300"
"912796JP5","Bill","52-Week","04/26/2016","04/28/2016","04/27/2017","99.388278","No","","$129,996,000,000","No","","04/28/2016","$20,000,000,000","No","No","$20,000,167,000"
"912828Q94","Note","2-Year","04/25/2016","05/02/2016","04/30/2018","99.818393","No","","$109,729,000,000","No","0.750%","04/30/2016","$26,000,000,000","No","No","$32,909,256,100"
"912796JC4","Bill","13-Week","04/25/2016","04/28/2016","07/28/2016","99.936806","No","$28,000,000,000","$129,996,000,000","No","","04/28/2016","$28,000,000,000","Yes","No","$28,000,577,900"
"912796JR1","Bill","26-Week","04/25/2016","04/28/2016","10/27/2016","99.797778","No","","$129,996,000,000","No","","04/28/2016","$24,000,000,000","No","No","$24,000,219,200"
"912828Q60","Note","5-Year","04/21/2016","04/29/2016","04/15/2021","101.634854","No","","$0","No","0.125%","04/29/2016","$16,000,000,000","No","Yes","$16,000,020,300"
"912796HS1","Bill","4-Week","04/19/2016","04/21/2016","05/19/2016","99.986389","No","$64,998,000,000","$112,004,000,000","No","","04/21/2016","$35,000,000,000","Yes","No","$35,000,400,300"
"912796GW3","Bill","13-Week","04/18/2016","04/21/2016","07/21/2016","99.944389","No","$51,000,000,000","$112,004,000,000","No","","04/21/2016","$28,000,000,000","Yes","No","$28,000,680,100"
"912796JQ3","Bill","26-Week","04/18/2016","04/21/2016","10/20/2016","99.823056","No","","$112,004,000,000","No","","04/21/2016","$24,000,000,000","No","No","$24,000,081,300"
"912810RQ3","Bond","29-Year 10-Month","04/14/2016","04/15/2016","02/15/2046","98.011430","No","$28,173,000,000","$72,800,000,000","No","2.500%","04/15/2016","$12,000,000,000","Yes","No","$12,084,451,100"
"912828P46","Note","9-Year 10-Month","04/13/2016","04/15/2016","02/15/2026","98.739410","No","$44,806,000,000","$72,800,000,000","No","1.625%","04/15/2016","$20,000,000,000","Yes","No","$20,140,758,900"
"912828Q52","Note","3-Year","04/12/2016","04/15/2016","04/15/2019","99.955693","No","","$72,800,000,000","No","0.875%","04/15/2016","$24,000,000,000","No","No","$24,168,927,800"
"912796HR3","Bill","4-Week","04/12/2016","04/14/2016","05/12/2016","99.984444","No","$64,995,000,000","$107,998,000,000","No","","04/14/2016","$35,000,000,000","Yes","No","$35,001,014,400"
"912796JB6","Bill","13-Week","04/11/2016","04/14/2016","07/14/2016","99.941861","No","$26,000,000,000","$107,998,000,000","No","","04/14/2016","$28,000,000,000","Yes","No","$28,000,052,200"
"912796HJ1","Bill","26-Week","04/11/2016","04/14/2016","10/13/2016","99.823056","No","$9,999,000,000","$107,998,000,000","No","","04/14/2016","$24,000,000,000","Yes","No","$24,000,241,300"
"912796HN2","Bill","4-Week","04/05/2016","04/07/2016","05/05/2016","99.985611","No","$62,999,000,000","$108,999,000,000","No","","04/07/2016","$35,000,000,000","Yes","No","$35,000,150,500"
"912796HZ5","Bill","13-Week","04/04/2016","04/07/2016","07/07/2016","99.940597","No","$25,998,000,000","$108,999,000,000","No","","04/07/2016","$28,000,000,000","Yes","No","$28,000,063,300"
"912796JN0","Bill","26-Week","04/04/2016","04/07/2016","10/06/2016","99.805361","No","","$108,999,000,000","No","","04/07/2016","$24,000,000,000","No","No","$24,000,050,300"
"912828Q29","Note","7-Year","03/30/2016","03/31/2016","03/31/2023","99.300837","No","","$70,119,000,000","No","1.500%","03/31/2016","$28,000,000,000","No","No","$34,671,134,500"
"912796GH6","Bill","4-Week","03/29/2016","03/31/2016","04/28/2016","99.984444","No","$84,996,000,000","$125,998,000,000","No","","03/31/2016","$45,000,000,000","Yes","No","$45,000,188,300"
"912796JJ9","Bill","52-Week","03/29/2016","03/31/2016","03/30/2017","99.332667","No","","$125,998,000,000","No","","03/31/2016","$20,000,000,000","No","No","$20,000,055,700"
"912828Q37","Note","5-Year","03/29/2016","03/31/2016","03/31/2021","99.590195","No","","$70,119,000,000","No","1.250%","03/31/2016","$34,000,000,000","No","No","$42,100,686,500"
"912796HY8","Bill","13-Week","03/28/2016","03/31/2016","06/30/2016","99.924167","No","$26,002,000,000","$125,998,000,000","No","","03/31/2016","$31,000,000,000","Yes","No","$31,000,283,700"
"912796JM2","Bill","26-Week","03/28/2016","03/31/2016","09/29/2016","99.759861","No","","$125,998,000,000","No","","03/31/2016","$26,000,000,000","No","No","$26,000,245,700"
"912828Q45","Note","2-Year","03/28/2016","03/31/2016","03/31/2018","99.996043","No","","$70,119,000,000","No","0.875%","03/31/2016","$26,000,000,000","No","No","$32,194,617,000"
"912828N97","Note","1-Year 10-Month","03/23/2016","03/28/2016","01/31/2018","100.059523","No","$28,273,000,000","$0","Yes","","03/28/2016","$13,000,000,000","Yes","No","$13,000,085,900"
"912796HM4","Bill","4-Week","03/22/2016","03/24/2016","04/21/2016","99.979000","No","$57,002,000,000","$102,996,000,000","No","","03/24/2016","$55,000,000,000","Yes","No","$55,001,949,400"
"912796GS2","Bill","13-Week","03/21/2016","03/24/2016","06/23/2016","99.924167","No","$50,994,000,000","$102,996,000,000","No","","03/24/2016","$34,000,000,000","Yes","No","$34,000,556,600"
"912796JL4","Bill","26-Week","03/21/2016","03/24/2016","09/22/2016","99.777556","No","","$102,996,000,000","No","","03/24/2016","$28,000,000,000","No","No","$28,000,163,800"
"912828N71","Note","9-Year 10-Month","03/17/2016","03/31/2016","01/15/2026","102.679638","No","$15,000,000,000","$70,119,000,000","No","0.625%","03/31/2016","$11,000,000,000","Yes","Yes","$13,620,798,800"
"912796HL6","Bill","4-Week","03/15/2016","03/17/2016","04/14/2016","99.978222","No","$47,998,000,000","$103,000,000,000","No","","03/17/2016","$60,000,000,000","Yes","No","$60,000,604,800"
"912796HX0","Bill","13-Week","03/14/2016","03/17/2016","06/16/2016","99.915319","No","$25,999,000,000","$103,000,000,000","No","","03/17/2016","$37,000,000,000","Yes","No","$37,000,282,700"
"912796HE2","Bill","26-Week","03/14/2016","03/17/2016","09/15/2016","99.742167","No","$20,000,000,000","$103,000,000,000","No","","03/17/2016","$30,000,000,000","Yes","No","$30,000,058,300"
"912810RQ3","Bond","29-Year 11-Month","03/10/2016","03/15/2016","02/15/2046","95.513533","No","$16,173,000,000","$32,000,000,000","No","2.500%","03/15/2016","$12,000,000,000","Yes","No","$12,000,000,100"
"912828P46","Note","9-Year 11-Month","03/09/2016","03/15/2016","02/15/2026","97.567574","No","$24,806,000,000","$32,000,000,000","No","1.625%","03/15/2016","$20,000,000,000","Yes","No","$20,000,048,200"
"912828P95","Note","3-Year","03/08/2016","03/15/2016","03/15/2019","99.885098","No","","$32,000,000,000","No","1.000%","03/15/2016","$24,000,000,000","No","No","$24,000,007,400"
"912796HK8","Bill","4-Week","03/08/2016","03/10/2016","04/07/2016","99.978611","No","$48,999,000,000","$104,995,000,000","No","","03/10/2016","$60,000,000,000","Yes","No","$60,000,422,900"
"912796HW2","Bill","13-Week","03/07/2016","03/10/2016","06/09/2016","99.920375","No","$25,999,000,000","$104,995,000,000","No","","03/10/2016","$37,000,000,000","Yes","No","$37,000,138,900"
"912796JK6","Bill","26-Week","03/07/2016","03/10/2016","09/08/2016","99.759861","No","","$104,995,000,000","No","","03/10/2016","$30,000,000,000","No","No","$30,000,076,100"
"912796GD5","Bill","4-Week","03/01/2016","03/03/2016","03/31/2016","99.977056","No","$70,998,000,000","$132,003,000,000","No","","03/03/2016","$55,000,000,000","Yes","No","$55,000,287,100"
"912796JE0","Bill","52-Week","03/01/2016","03/03/2016","03/02/2017","99.332667","No","","$132,003,000,000","No","","03/03/2016","$20,000,000,000","No","No","$20,000,019,500"
"912796HT9","Bill","13-Week","02/29/2016","03/03/2016","06/02/2016","99.917847","No","$25,993,000,000","$132,003,000,000","No","","03/03/2016","$37,000,000,000","Yes","No","$37,000,326,900"
"912796JH3","Bill","26-Week","02/29/2016","03/03/2016","09/01/2016","99.757333","No","","$132,003,000,000","No","","03/03/2016","$30,000,000,000","No","No","$30,000,071,300"
"912828P79","Note","7-Year","02/26/2016","02/29/2016","02/28/2023","99.550856","No","","$60,330,000,000","No","1.500%","02/29/2016","$28,000,000,000","No","No","$37,384,154,500"
"912828P87","Note","5-Year","02/24/2016","02/29/2016","02/28/2021","99.786910","No","","$60,330,000,000","No","1.125%","02/29/2016","$34,000,000,000","No","No","$45,395,032,000"
"912828N97","Note","1-Year 11-Month","02/24/2016","02/26/2016","01/31/2018","100.068080","No","$15,273,000,000","$0","Yes","","02/26/2016","$13,000,000,000","Yes","No","$13,000,110,800"
"912828UR9","Note","2-Year","02/23/2016","02/29/2016","02/28/2018","99.996037","No","","$60,330,000,000","No","0.750%","02/29/2016","$26,000,000,000","Yes","No","$34,713,862,100"
"912796HH5","Bill","4-Week","02/23/2016","02/25/2016","03/24/2016","99.977833","No","$47,996,000,000","$106,999,000,000","No","","02/25/2016","$55,000,000,000","Yes","No","$55,000,004,100"
"912796GN3","Bill","13-Week","02/22/2016","02/25/2016","05/26/2016","99.919111","No","$50,995,000,000","$106,999,000,000","No","","02/25/2016","$37,000,000,000","Yes","No","$37,000,259,300"
"912796JG5","Bill","26-Week","02/22/2016","02/25/2016","08/25/2016","99.769972","No","","$106,999,000,000","No","","02/25/2016","$30,000,000,000","No","No","$30,000,006,300"
"912810RR1","Bond","30-Year","02/18/2016","02/29/2016","02/15/2046","96.792685","No","","$60,330,000,000","No","1.000%","02/29/2016","$7,000,000,000","No","Yes","$9,346,034,000"
"912796HG7","Bill","4-Week","02/17/2016","02/18/2016","03/17/2016","99.979000","No","$48,000,000,000","$103,992,000,000","No","","02/18/2016","$55,000,000,000","Yes","No","$55,000,156,700"
"912796HS1","Bill","13-Week","02/16/2016","02/18/2016","05/19/2016","99.924167","No","$27,999,000,000","$103,992,000,000","No","","02/18/2016","$37,000,000,000","Yes","No","$37,000,064,000"
"912796HA0","Bill","26-Week","02/16/2016","02/18/2016","08/18/2016","99.792722","No","$21,997,000,000","$103,992,000,000","No","","02/18/2016","$30,000,000,000","Yes","No","$30,000,358,600"
"912810RQ3","Bond","30-Year","02/11/2016","02/16/2016","02/15/2046","99.999916","No","","$54,405,000,000","No","2.500%","02/15/2016","$15,000,000,000","No","No","$16,177,830,500"
"912828P46","Note","10-Year","02/10/2016","02/16/2016","02/15/2026","99.039809","No","","$54,405,000,000","No","1.625%","02/15/2016","$23,000,000,000","No","No","$24,806,001,500"
"912828P53","Note","3-Year","02/09/2016","02/16/2016","02/15/2019","99.722361","No","","$54,405,000,000","No","0.750%","02/15/2016","$24,000,000,000","No","No","$25,884,497,900"
"912796HF9","Bill","4-Week","02/09/2016","02/11/2016","03/10/2016","99.979389","No","$49,995,000,000","$98,992,000,000","No","","02/11/2016","$55,000,000,000","Yes","No","$55,000,037,000"
"912796HR3","Bill","13-Week","02/08/2016","02/11/2016","05/12/2016","99.920375","No","$27,995,000,000","$98,992,000,000","No","","02/11/2016","$37,000,000,000","Yes","No","$37,000,105,200"
"912796JF7","Bill","26-Week","02/08/2016","02/11/2016","08/11/2016","99.787667","No","","$98,992,000,000","No","","02/11/2016","$30,000,000,000","No","No","$30,000,400,600"
"912796FZ7","Bill","4-Week","02/02/2016","02/04/2016","03/03/2016","99.979000","No","$77,003,000,000","$121,997,000,000","No","","02/04/2016","$55,000,000,000","Yes","No","$55,000,243,900"
"912796JA8","Bill","52-Week","02/02/2016","02/04/2016","02/02/2017","99.464111","No","","$121,997,000,000","No","","02/04/2016","$18,000,000,000","No","No","$18,000,097,300"
"912796HN2","Bill","13-Week","02/01/2016","02/04/2016","05/05/2016","99.911528","No","$26,000,000,000","$121,997,000,000","No","","02/04/2016","$37,000,000,000","Yes","No","$37,000,357,600"
"912796JD2","Bill","26-Week","02/01/2016","02/04/2016","08/04/2016","99.764917","No","","$121,997,000,000","No","","02/04/2016","$30,000,000,000","No","No","$30,000,153,500"
"912828P38","Note","7-Year","01/28/2016","02/01/2016","01/31/2023","99.940947","No","","$106,787,000,000","No","1.750%","01/31/2016","$29,000,000,000","No","No","$29,527,996,900"
"912828N97","Note","2-Year","01/27/2016","02/01/2016","01/31/2018","99.999997","No","","$106,787,000,000","Yes","","01/31/2016","$15,000,000,000","No","No","$15,273,078,800"
"912828N89","Note","5-Year","01/27/2016","02/01/2016","01/31/2021","99.419442","No","","$106,787,000,000","No","1.375%","01/31/2016","$35,000,000,000","No","No","$35,637,167,300"
"912828P20","Note","2-Year","01/26/2016","02/01/2016","01/31/2018","99.782632","No","","$106,787,000,000","No","0.750%","01/31/2016","$26,000,000,000","No","No","$26,473,356,800"