"CUSIP","Security Type","Security Term","Auction Date","Issue Date","Maturity Date","Price per $100","Cash Management Bill (CMB)","Currently Outstanding","Estimated Amount of Publicly Held Maturing Securities by Type","Floating Rate","Interest Rate","Maturing Date","Offering Amount","Reopening","TIPS","Total Accepted"
"912795Q79","Bill","225-Day","10/20/2008","10/22/2008","06/04/2009","99.000000","Yes","$16,000,000,000","","No","","10/22/2008","$35,000,000,000","Yes","No","$35,000,204,000"
"912795J51","Bill","74-Day","10/17/2008","10/20/2008","01/02/2009","99.835556","Yes","$48,028,000,000","","No","","10/20/2008","$30,000,000,000","Yes","No","$30,000,105,000"
"912795J85","Bill","94-Day","10/17/2008","10/20/2008","01/22/2009","99.757167","Yes","$23,010,000,000","","No","","10/20/2008","$30,000,000,000","Yes","No","$30,000,022,000"
"912795T92","Bill","191-Day","10/16/2008","10/20/2008","04/29/2009","99.283750","Yes","","","No","","10/20/2008","$35,000,000,000","No","No","$35,000,031,000"
"912795U25","Bill","247-Day","10/16/2008","10/20/2008","06/24/2009","99.073750","Yes","","","No","","10/20/2008","$35,000,000,000","No","No","$35,000,280,000"
"912795H61","Bill","4-Week","10/15/2008","10/16/2008","11/13/2008","99.992222","No","$99,010,000,000","$120,120,000,000","No","","10/16/2008","$27,000,000,000","Yes","No","$29,418,070,500"
"912795J36","Bill","63-Day","10/15/2008","10/16/2008","12/18/2008","99.914250","Yes","$82,019,000,000","","No","","10/16/2008","$45,000,000,000","Yes","No","$45,000,152,700"
"912795J77","Bill","13-Week","10/14/2008","10/16/2008","01/15/2009","99.873611","No","$79,025,000,000","$120,120,000,000","No","","10/16/2008","$25,000,000,000","Yes","No","$25,000,290,500"
"912795L41","Bill","26-Week","10/14/2008","10/16/2008","04/16/2009","99.443889","No","","$120,120,000,000","No","","10/16/2008","$27,000,000,000","No","No","$27,000,075,400"
"912828DM9","Note","6-Year 4-Month","10/09/2008","10/15/2008","02/15/2015","104.384130","No","$24,215,000,000","$15,022,000,000","No","4.000%","10/15/2008","$10,000,000,000","Yes","No","$10,000,001,000"
"912828HR4","Note","9-Year 4-Month","10/09/2008","10/15/2008","02/15/2018","97.730424","No","$29,205,000,000","$15,022,000,000","No","3.500%","10/15/2008","$10,000,000,000","Yes","No","$10,000,175,000"
"912795J77","Bill","97-Day","10/09/2008","10/10/2008","01/15/2009","99.784444","Yes","$49,025,000,000","","No","","10/10/2008","$30,000,000,000","Yes","No","$30,000,440,000"
"912828DV9","Note","6-Year 7-Month","10/08/2008","10/15/2008","05/15/2015","104.781927","No","$24,472,000,000","$15,022,000,000","No","4.125%","10/15/2008","$10,000,000,000","Yes","No","$10,000,000,000"
"912828EE6","Note","6-Year 10-Month","10/08/2008","10/15/2008","08/15/2015","104.888494","No","$22,470,000,000","$15,022,000,000","No","4.250%","10/15/2008","$10,000,000,000","Yes","No","$10,000,014,000"
"912828JE1","Note","9-Year 9-Month","10/08/2008","10/15/2008","07/15/2018","89.111177","No","$8,001,000,000","$15,022,000,000","No","1.375%","10/15/2008","$6,000,000,000","Yes","Yes","$6,974,012,900"
"912795J28","Bill","63-Day","10/08/2008","10/09/2008","12/11/2008","99.865250","Yes","$50,007,000,000","","No","","10/09/2008","$40,000,000,000","Yes","No","$40,000,074,000"
"912795H53","Bill","4-Week","10/07/2008","10/09/2008","11/06/2008","99.947111","No","$76,001,000,000","$98,004,000,000","No","","10/09/2008","$25,000,000,000","Yes","No","$31,285,104,400"
"912795J44","Bill","79-Day","10/07/2008","10/08/2008","12/26/2008","99.738861","Yes","$50,022,000,000","","No","","10/08/2008","$30,000,000,000","Yes","No","$30,000,120,000"
"912795J69","Bill","13-Week","10/06/2008","10/09/2008","01/08/2009","99.883722","No","$83,008,000,000","$98,004,000,000","No","","10/09/2008","$26,000,000,000","Yes","No","$26,000,014,000"
"912795L33","Bill","26-Week","10/06/2008","10/09/2008","04/09/2009","99.443889","No","","$98,004,000,000","No","","10/09/2008","$27,000,000,000","No","No","$27,000,008,800"
"912795J36","Bill","72-Day","10/06/2008","10/07/2008","12/18/2008","99.900000","Yes","$52,020,000,000","","No","","10/07/2008","$30,000,000,000","Yes","No","$30,000,218,400"
"912795H87","Bill","56-Day","10/02/2008","10/03/2008","11/28/2008","99.880222","Yes","$51,007,000,000","","No","","10/03/2008","$45,000,000,000","Yes","No","$45,000,012,000"
"912795H61","Bill","42-Day","10/01/2008","10/02/2008","11/13/2008","99.871667","Yes","$49,010,000,000","","No","","10/02/2008","$50,000,000,000","Yes","No","$50,000,118,000"
"912795H46","Bill","4-Week","09/30/2008","10/02/2008","10/30/2008","99.921444","No","$84,022,000,000","$109,999,000,000","No","","10/02/2008","$25,000,000,000","Yes","No","$28,781,548,600"
"912795H20","Bill","15-Day","09/30/2008","10/01/2008","10/16/2008","99.958750","Yes","$77,538,000,000","","No","","10/01/2008","$45,000,000,000","Yes","No","$45,000,212,000"
"912795J51","Bill","13-Week","09/29/2008","10/02/2008","01/02/2009","99.718889","No","$22,006,000,000","$109,999,000,000","No","","10/02/2008","$26,000,000,000","Yes","No","$26,000,089,100"
"912795L25","Bill","26-Week","09/29/2008","10/02/2008","04/02/2009","99.221444","No","","$109,999,000,000","No","","10/02/2008","$27,000,000,000","No","No","$27,000,071,800"
"912795J69","Bill","101-Day","09/26/2008","09/29/2008","01/08/2009","99.537083","Yes","$23,007,000,000","","No","","09/29/2008","$60,000,000,000","Yes","No","$60,000,408,000"
"912828JM3","Note","5-Year","09/25/2008","09/30/2008","09/30/2013","99.981618","No","","$19,125,000,000","No","3.125%","09/30/2008","$24,000,000,000","No","No","$26,223,849,100"
"912795H46","Bill","34-Day","09/25/2008","09/26/2008","10/30/2008","99.906500","Yes","$44,022,000,000","","No","","09/26/2008","$40,000,000,000","Yes","No","$40,000,153,000"
"912828JL5","Note","2-Year","09/24/2008","09/30/2008","09/30/2010","99.775954","No","","$19,125,000,000","No","2.000%","09/30/2008","$34,000,000,000","No","No","$37,150,485,100"
"912795G88","Bill","7-Day","09/24/2008","09/25/2008","10/02/2008","99.999028","Yes","$73,781,000,000","","No","","09/25/2008","$40,000,000,000","Yes","No","$40,000,145,400"
"912795H38","Bill","4-Week","09/23/2008","09/25/2008","10/23/2008","99.972778","No","$86,078,000,000","$84,013,000,000","No","","09/25/2008","$30,000,000,000","Yes","No","$33,885,200,900"
"912795S36","Bill","52-Week","09/23/2008","09/25/2008","09/24/2009","98.023278","No","","$84,013,000,000","No","","09/25/2008","$20,000,000,000","No","No","$20,000,017,500"
"912795J44","Bill","13-Week","09/22/2008","09/25/2008","12/26/2008","99.637111","No","$23,004,000,000","$84,013,000,000","No","","09/25/2008","$27,000,000,000","Yes","No","$27,000,008,000"
"912795K91","Bill","26-Week","09/22/2008","09/25/2008","03/26/2009","99.095056","No","","$84,013,000,000","No","","09/25/2008","$27,000,000,000","No","No","$27,000,105,600"
"912795H53","Bill","45-Day","09/19/2008","09/22/2008","11/06/2008","99.775000","Yes","$46,001,000,000","","No","","09/22/2008","$30,000,000,000","Yes","No","$30,000,022,000"
"912795H79","Bill","59-Day","09/19/2008","09/22/2008","11/20/2008","99.673861","Yes","$51,019,000,000","","No","","09/22/2008","$30,000,000,000","Yes","No","$30,000,446,000"
"912795G96","Bill","20-Day","09/18/2008","09/19/2008","10/09/2008","99.994444","Yes","$74,290,000,000","","No","","09/19/2008","$30,000,000,000","Yes","No","$30,000,134,000"
"912795H95","Bill","76-Day","09/18/2008","09/19/2008","12/04/2008","99.947222","Yes","$51,018,000,000","","No","","09/19/2008","$30,000,000,000","Yes","No","$30,000,104,000"
"912795H38","Bill","35-Day","09/17/2008","09/18/2008","10/23/2008","99.970833","Yes","$46,078,000,000","","No","","09/18/2008","$40,000,000,000","Yes","No","$40,000,050,000"
"912795H20","Bill","4-Week","09/16/2008","09/18/2008","10/16/2008","99.976667","No","$46,540,000,000","$107,006,000,000","No","","09/18/2008","$31,000,000,000","Yes","No","$31,000,159,000"
"912795J36","Bill","13-Week","09/15/2008","09/18/2008","12/18/2008","99.734583","No","$24,003,000,000","$107,006,000,000","No","","09/18/2008","$28,000,000,000","Yes","No","$28,000,025,400"
"912795K83","Bill","26-Week","09/15/2008","09/18/2008","03/19/2009","99.216389","No","","$107,006,000,000","No","","09/18/2008","$27,000,000,000","No","No","$27,000,096,500"
"912828JH4","Note","9-Year 11-Month","09/11/2008","09/15/2008","08/15/2018","103.070116","No","$23,339,000,000","$14,535,000,000","No","4.000%","09/15/2008","$12,000,000,000","Yes","No","$13,467,009,300"
"912795G96","Bill","4-Week","09/09/2008","09/11/2008","10/09/2008","99.877500","No","$45,006,000,000","$78,198,000,000","No","","09/11/2008","$23,000,000,000","Yes","No","$29,285,082,500"
"912795J28","Bill","13-Week","09/08/2008","09/11/2008","12/11/2008","99.572806","No","$24,001,000,000","$78,198,000,000","No","","09/11/2008","$26,000,000,000","Yes","No","$26,000,129,000"
"912795K75","Bill","26-Week","09/08/2008","09/11/2008","03/12/2009","99.039444","No","","$78,198,000,000","No","","09/11/2008","$25,000,000,000","No","No","$25,000,067,000"
"912795S93","Bill","6-Day","09/08/2008","09/09/2008","09/15/2008","99.966667","Yes","$29,000,000,000","","No","","09/09/2008","$20,000,000,000","Yes","No","$20,000,825,000"
"912795G88","Bill","4-Week","09/03/2008","09/04/2008","10/02/2008","99.880222","No","$44,002,000,000","$78,911,000,000","No","","09/04/2008","$26,000,000,000","Yes","No","$29,781,565,900"
"912795H95","Bill","13-Week","09/02/2008","09/04/2008","12/04/2008","99.574069","No","$24,001,000,000","$78,911,000,000","No","","09/04/2008","$27,000,000,000","Yes","No","$27,000,010,200"
"912795K67","Bill","26-Week","09/02/2008","09/04/2008","03/05/2009","99.044500","No","","$78,911,000,000","No","","09/04/2008","$26,000,000,000","No","No","$26,000,053,300"
"912828JK7","Note","5-Year","08/28/2008","09/02/2008","08/31/2013","99.981374","No","","$22,000,000,000","No","3.125%","08/31/2008","$22,000,000,000","No","No","$23,834,796,300"
"912828JJ0","Note","2-Year","08/27/2008","09/02/2008","08/31/2010","99.990164","No","","$22,000,000,000","No","2.375%","08/31/2008","$32,000,000,000","No","No","$34,668,815,800"
"912795G70","Bill","4-Week","08/26/2008","08/28/2008","09/25/2008","99.867000","No","$55,013,000,000","$79,163,000,000","No","","08/28/2008","$29,000,000,000","Yes","No","$32,885,150,300"
"912795S28","Bill","52-Week","08/26/2008","08/28/2008","08/27/2009","97.836222","No","","$79,163,000,000","No","","08/28/2008","$20,000,000,000","No","No","$20,000,028,200"
"912795H87","Bill","13-Week","08/25/2008","08/28/2008","11/28/2008","99.563000","No","$23,001,000,000","$79,163,000,000","No","","08/28/2008","$28,000,000,000","Yes","No","$28,000,107,400"
"912795K59","Bill","26-Week","08/25/2008","08/28/2008","02/26/2009","99.026806","No","","$79,163,000,000","No","","08/28/2008","$27,000,000,000","No","No","$27,000,084,300"
"912795G70","Bill","30-Day","08/25/2008","08/26/2008","09/25/2008","99.854167","Yes","$44,013,000,000","","No","","08/26/2008","$11,000,000,000","Yes","No","$11,000,242,000"
"912795G62","Bill","4-Week","08/19/2008","08/21/2008","09/18/2008","99.860778","No","$77,008,000,000","$78,407,000,000","No","","08/21/2008","$30,000,000,000","Yes","No","$33,317,612,800"
"912795H79","Bill","13-Week","08/18/2008","08/21/2008","11/20/2008","99.532361","No","$23,006,000,000","$78,407,000,000","No","","08/21/2008","$28,000,000,000","Yes","No","$28,000,023,900"
"912795K42","Bill","26-Week","08/18/2008","08/21/2008","02/19/2009","98.999000","No","","$78,407,000,000","No","","08/21/2008","$27,000,000,000","No","No","$27,000,286,800"
"912795S93","Bill","31-Day","08/14/2008","08/15/2008","09/15/2008","99.832944","Yes","","","No","","08/15/2008","$29,000,000,000","No","No","$29,000,000,000"
"912795G54","Bill","4-Week","08/12/2008","08/14/2008","09/11/2008","99.856500","No","$52,555,000,000","$85,559,000,000","No","","08/14/2008","$28,000,000,000","Yes","No","$31,932,714,000"
"912795J77","Bill","155-Day","08/12/2008","08/13/2008","01/15/2009","99.160417","Yes","$23,025,000,000","","No","","08/13/2008","$26,000,000,000","Yes","No","$26,000,450,000"
"912795H61","Bill","13-Week","08/11/2008","08/14/2008","11/13/2008","99.527306","No","$23,002,000,000","$85,559,000,000","No","","08/14/2008","$26,000,000,000","Yes","No","$26,000,103,100"
"912795K34","Bill","26-Week","08/11/2008","08/14/2008","02/12/2009","98.978778","No","","$85,559,000,000","No","","08/14/2008","$25,000,000,000","No","No","$25,000,031,600"
"912810PX0","Bond","29-Year 9-Month","08/07/2008","08/15/2008","05/15/2038","98.231860","No","","$43,499,000,000","No","4.500%","08/15/2008","$10,000,000,000","No","No","$13,728,061,100"
"912828JH4","Note","10-Year","08/06/2008","08/15/2008","08/15/2018","99.389034","No","","$43,499,000,000","No","4.000%","08/15/2008","$17,000,000,000","No","No","$23,337,640,800"
"912795G47","Bill","4-Week","08/05/2008","08/07/2008","09/04/2008","99.866222","No","$52,970,000,000","$76,509,000,000","No","","08/07/2008","$28,000,000,000","Yes","No","$29,723,995,400"
"912795H53","Bill","13-Week","08/04/2008","08/07/2008","11/06/2008","99.567750","No","$21,003,000,000","$76,509,000,000","No","","08/07/2008","$25,000,000,000","Yes","No","$25,000,001,700"
"912795K26","Bill","26-Week","08/04/2008","08/07/2008","02/05/2009","99.029333","No","","$76,509,000,000","No","","08/07/2008","$24,000,000,000","No","No","$24,000,009,800"
"912795G39","Bill","4-Week","07/29/2008","07/31/2008","08/28/2008","99.867000","No","$52,555,000,000","$80,807,000,000","No","","07/31/2008","$28,000,000,000","Yes","No","$30,501,055,300"
"912795Q95","Bill","52-Week","07/29/2008","07/31/2008","07/30/2009","97.684556","No","","$80,807,000,000","No","","07/31/2008","$19,000,000,000","No","No","$19,000,101,500"
"912795H46","Bill","13-Week","07/28/2008","07/31/2008","10/30/2008","99.571542","No","$20,006,000,000","$80,807,000,000","No","","07/31/2008","$24,000,000,000","Yes","No","$24,000,108,000"
"912795J93","Bill","26-Week","07/28/2008","07/31/2008","01/29/2009","99.049556","No","","$80,807,000,000","No","","07/31/2008","$23,000,000,000","No","No","$23,000,216,200"
"912828JG6","Note","5-Year","07/24/2008","07/31/2008","07/31/2013","99.703743","No","","$20,040,000,000","No","3.375%","07/31/2008","$21,000,000,000","No","No","$23,313,462,900"
"912828JF8","Note","2-Year","07/23/2008","07/31/2008","07/31/2010","99.864799","No","","$20,040,000,000","No","2.750%","07/31/2008","$31,000,000,000","No","No","$34,415,025,600"
"912810PV4","Bond","19-Year 6-Month","07/22/2008","07/31/2008","01/15/2028","95.749964","No","$8,974,000,000","$20,040,000,000","No","1.750%","07/31/2008","$6,000,000,000","Yes","Yes","$6,660,971,700"
"912795G21","Bill","4-Week","07/22/2008","07/24/2008","08/21/2008","99.887222","No","$52,316,000,000","$64,901,000,000","No","","07/24/2008","$28,000,000,000","Yes","No","$29,410,331,600"
"912795H38","Bill","13-Week","07/21/2008","07/24/2008","10/23/2008","99.615778","No","$22,056,000,000","$64,901,000,000","No","","07/24/2008","$24,000,000,000","Yes","No","$24,000,095,800"
"912795J85","Bill","26-Week","07/21/2008","07/24/2008","01/22/2009","99.029333","No","","$64,901,000,000","No","","07/24/2008","$23,000,000,000","No","No","$23,000,096,800"
"912795F71","Bill","9-Day","07/21/2008","07/22/2008","07/31/2008","99.960875","Yes","$74,308,000,000","","No","","07/22/2008","$9,000,000,000","Yes","No","$9,000,015,000"
"912795F97","Bill","4-Week","07/15/2008","07/17/2008","08/14/2008","99.883333","No","$52,577,000,000","$71,502,000,000","No","","07/17/2008","$34,000,000,000","Yes","No","$36,914,855,100"
"912795H20","Bill","13-Week","07/14/2008","07/17/2008","10/16/2008","99.593028","No","$22,520,000,000","$71,502,000,000","No","","07/17/2008","$24,000,000,000","Yes","No","$24,000,024,400"
"912795J77","Bill","26-Week","07/14/2008","07/17/2008","01/15/2009","99.011639","No","","$71,502,000,000","No","","07/17/2008","$23,000,000,000","No","No","$23,000,007,600"
"912828JE1","Note","10-Year","07/10/2008","07/15/2008","07/15/2018","98.981282","No","","$0","No","1.375%","07/15/2008","$8,000,000,000","No","Yes","$8,000,041,300"
"912795F55","Bill","7-Day","07/08/2008","07/10/2008","07/17/2008","99.962472","Yes","$68,417,000,000","","No","","07/10/2008","$6,000,000,000","Yes","No","$6,000,080,000"
"912795F89","Bill","4-Week","07/08/2008","07/10/2008","08/07/2008","99.854944","No","$49,737,000,000","$70,589,000,000","No","","07/10/2008","$28,000,000,000","Yes","No","$28,493,910,800"
"912795G96","Bill","13-Week","07/07/2008","07/10/2008","10/09/2008","99.528569","No","$21,003,000,000","$70,589,000,000","No","","07/10/2008","$24,000,000,000","Yes","No","$24,000,019,400"
"912795J69","Bill","26-Week","07/07/2008","07/10/2008","01/08/2009","98.958556","No","","$70,589,000,000","No","","07/10/2008","$23,000,000,000","No","No","$23,000,466,500"
"912795F71","Bill","4-Week","07/01/2008","07/03/2008","07/31/2008","99.856111","No","$47,306,000,000","$65,999,000,000","No","","07/03/2008","$27,000,000,000","Yes","No","$27,000,105,400"
"912795Q87","Bill","52-Week","07/01/2008","07/03/2008","07/02/2009","97.679500","No","","$65,999,000,000","No","","07/03/2008","$17,000,000,000","No","No","$17,000,008,700"
"912795G88","Bill","13-Week","06/30/2008","07/03/2008","10/02/2008","99.519722","No","$21,002,000,000","$65,999,000,000","No","","07/03/2008","$23,000,000,000","Yes","No","$23,000,023,200"
"912795J51","Bill","26-Week","06/30/2008","07/03/2008","01/02/2009","98.914708","No","","$65,999,000,000","No","","07/03/2008","$22,000,000,000","No","No","$22,000,050,500"
"912828JD3","Note","5-Year","06/26/2008","06/30/2008","06/30/2013","99.703743","No","","$21,138,000,000","No","3.375%","06/30/2008","$20,000,000,000","No","No","$22,144,396,700"
"912828JC5","Note","2-Year","06/24/2008","06/30/2008","06/30/2010","99.909336","No","","$21,138,000,000","No","2.875%","06/30/2008","$30,000,000,000","No","No","$33,216,531,200"
"912795F63","Bill","4-Week","06/24/2008","06/26/2008","07/24/2008","99.877111","No","$46,311,000,000","$69,998,000,000","No","","06/26/2008","$20,000,000,000","Yes","No","$20,000,123,300"
"912795G70","Bill","13-Week","06/23/2008","06/26/2008","09/25/2008","99.531097","No","$22,002,000,000","$69,998,000,000","No","","06/26/2008","$22,000,000,000","Yes","No","$22,000,003,800"
"912795J44","Bill","26-Week","06/23/2008","06/26/2008","12/26/2008","98.853708","No","","$69,998,000,000","No","","06/26/2008","$23,000,000,000","No","No","$23,000,061,000"
"912795F55","Bill","4-Week","06/17/2008","06/19/2008","07/17/2008","99.856889","No","$48,421,000,000","$93,993,000,000","No","","06/19/2008","$20,000,000,000","Yes","No","$20,000,025,900"
"912795G62","Bill","13-Week","06/16/2008","06/19/2008","09/18/2008","99.481806","No","$54,002,000,000","$93,993,000,000","No","","06/19/2008","$23,000,000,000","Yes","No","$23,000,194,000"
"912795J36","Bill","26-Week","06/16/2008","06/19/2008","12/18/2008","98.811944","No","","$93,993,000,000","No","","06/19/2008","$24,000,000,000","No","No","$24,000,060,700"
"912828HZ6","Note","9-Year 11-Month","06/12/2008","06/16/2008","05/15/2018","97.183235","No","$23,078,000,000","$0","No","3.875%","06/15/2008","$11,000,000,000","Yes","No","$11,000,016,900"
"912795F48","Bill","4-Week","06/10/2008","06/12/2008","07/10/2008","99.845222","No","$48,091,000,000","$82,997,000,000","No","","06/12/2008","$23,000,000,000","Yes","No","$23,000,138,100"
"912795R29","Bill","5-Day","06/10/2008","06/11/2008","06/16/2008","99.969583","Yes","$19,000,000,000","","No","","06/11/2008","$22,000,000,000","Yes","No","$22,000,390,000"
"912795G54","Bill","13-Week","06/09/2008","06/12/2008","09/11/2008","99.532361","No","$28,550,000,000","$82,997,000,000","No","","06/12/2008","$24,000,000,000","Yes","No","$24,000,034,900"
"912795J28","Bill","26-Week","06/09/2008","06/12/2008","12/11/2008","98.963611","No","","$82,997,000,000","No","","06/12/2008","$24,000,000,000","No","No","$24,000,103,100"
"912795F30","Bill","4-Week","06/03/2008","06/05/2008","07/03/2008","99.853778","No","$42,999,000,000","$76,000,000,000","No","","06/05/2008","$23,000,000,000","Yes","No","$23,000,077,000"
"912795Q79","Bill","52-Week","06/03/2008","06/05/2008","06/04/2009","97.871611","No","","$76,000,000,000","No","","06/05/2008","$16,000,000,000","No","No","$16,000,006,100"
"912795G47","Bill","13-Week","06/02/2008","06/05/2008","09/04/2008","99.539944","No","$28,967,000,000","$76,000,000,000","No","","06/05/2008","$24,000,000,000","Yes","No","$24,000,312,600"
"912795H95","Bill","26-Week","06/02/2008","06/05/2008","12/04/2008","99.014167","No","","$76,000,000,000","No","","06/05/2008","$24,000,000,000","No","No","$24,000,196,500"
"912828JB7","Note","5-Year","05/29/2008","06/02/2008","05/31/2013","99.908798","No","","$22,004,000,000","No","3.500%","05/31/2008","$19,000,000,000","No","No","$20,523,541,800"
"912795R29","Bill","17-Day","05/29/2008","05/30/2008","06/16/2008","99.898472","Yes","","","No","","05/30/2008","$19,000,000,000","No","No","$19,000,200,000"
"912828JA9","Note","2-Year","05/28/2008","06/02/2008","05/31/2010","99.970857","No","","$22,004,000,000","No","2.625%","05/31/2008","$30,000,000,000","No","No","$32,405,520,100"
"912795F22","Bill","4-Week","05/28/2008","05/29/2008","06/26/2008","99.847167","No","$43,001,000,000","$65,996,000,000","No","","05/29/2008","$27,000,000,000","Yes","No","$27,000,010,800"
"912795G39","Bill","13-Week","05/27/2008","05/29/2008","08/28/2008","99.527306","No","$27,556,000,000","$65,996,000,000","No","","05/29/2008","$25,000,000,000","Yes","No","$25,000,171,400"
"912795H87","Bill","26-Week","05/27/2008","05/29/2008","11/28/2008","99.024000","No","","$65,996,000,000","No","","05/29/2008","$23,000,000,000","No","No","$23,000,103,600"
"912795E98","Bill","4-Week","05/20/2008","05/22/2008","06/19/2008","99.846778","No","$61,997,000,000","$58,994,000,000","No","","05/22/2008","$32,000,000,000","Yes","No","$32,000,064,000"
"912795G21","Bill","13-Week","05/19/2008","05/22/2008","08/21/2008","99.531097","No","$27,310,000,000","$58,994,000,000","No","","05/22/2008","$25,000,000,000","Yes","No","$25,000,025,300"
"912795H79","Bill","26-Week","05/19/2008","05/22/2008","11/20/2008","99.047028","No","","$58,994,000,000","No","","05/22/2008","$23,000,000,000","No","No","$23,000,099,200"
"912795E98","Bill","30-Day","05/19/2008","05/20/2008","06/19/2008","99.834167","Yes","$43,997,000,000","","No","","05/20/2008","$18,000,000,000","Yes","No","$18,000,211,000"
"912795G62","Bill","126-Day","05/14/2008","05/15/2008","09/18/2008","99.347250","Yes","$22,001,000,000","","No","","05/15/2008","$32,000,000,000","Yes","No","$32,000,479,000"
"912795E80","Bill","4-Week","05/13/2008","05/15/2008","06/12/2008","99.854556","No","$53,403,000,000","$58,996,000,000","No","","05/15/2008","$33,000,000,000","Yes","No","$33,000,153,800"
"912795F97","Bill","13-Week","05/12/2008","05/15/2008","08/14/2008","99.545000","No","$28,570,000,000","$58,996,000,000","No","","05/15/2008","$24,000,000,000","Yes","No","$24,000,007,300"
"912795H61","Bill","26-Week","05/12/2008","05/15/2008","11/13/2008","99.064722","No","","$58,996,000,000","No","","05/15/2008","$23,000,000,000","No","No","$23,000,158,400"
"912810PW2","Bond","29-Year 9-Month","05/08/2008","05/15/2008","02/15/2038","96.375954","No","$13,294,000,000","$74,004,000,000","No","4.375%","05/15/2008","$6,000,000,000","Yes","No","$9,230,769,700"
"912828HZ6","Note","10-Year","05/07/2008","05/15/2008","05/15/2018","99.491561","No","","$74,004,000,000","No","3.875%","05/15/2008","$15,000,000,000","No","No","$23,076,925,800"
"912795E72","Bill","4-Week","05/06/2008","05/08/2008","06/05/2008","99.879444","No","$55,416,000,000","$58,998,000,000","No","","05/08/2008","$24,000,000,000","Yes","No","$24,000,009,100"
"912795F89","Bill","13-Week","05/05/2008","05/08/2008","08/07/2008","99.593028","No","$27,732,000,000","$58,998,000,000","No","","05/08/2008","$22,000,000,000","Yes","No","$22,000,061,600"
"912795H53","Bill","26-Week","05/05/2008","05/08/2008","11/06/2008","99.120333","No","","$58,998,000,000","No","","05/08/2008","$21,000,000,000","No","No","$21,000,069,300"
"912795E64","Bill","4-Week","04/29/2008","05/01/2008","05/29/2008","99.902778","No","$55,108,000,000","$61,989,000,000","No","","05/01/2008","$14,000,000,000","Yes","No","$14,000,017,600"
"912795F71","Bill","13-Week","04/28/2008","05/01/2008","07/31/2008","99.641056","No","$27,299,000,000","$61,989,000,000","No","","05/01/2008","$20,000,000,000","Yes","No","$20,000,027,200"
"912795H46","Bill","26-Week","04/28/2008","05/01/2008","10/30/2008","99.140556","No","","$61,989,000,000","No","","05/01/2008","$20,000,000,000","No","No","$20,000,098,700"
"912828HY9","Note","5-Year","04/24/2008","04/30/2008","04/30/2013","99.843881","No","","$21,609,000,000","No","3.125%","04/30/2008","$19,000,000,000","No","No","$20,742,822,300"
"912828HX1","Note","2-Year","04/23/2008","04/30/2008","04/30/2010","99.805441","No","","$21,609,000,000","No","2.125%","04/30/2008","$30,000,000,000","No","No","$32,751,893,800"
"912828HW3","Note","5-Year","04/22/2008","04/30/2008","04/15/2013","99.560900","No","","$21,609,000,000","No","0.625%","04/30/2008","$8,000,000,000","No","Yes","$8,733,839,900"
"912795E56","Bill","4-Week","04/22/2008","04/24/2008","05/22/2008","99.945556","No","$53,375,000,000","$60,994,000,000","No","","04/24/2008","$8,000,000,000","Yes","No","$11,787,854,900"
"912795F63","Bill","13-Week","04/21/2008","04/24/2008","07/24/2008","99.666333","No","$24,932,000,000","$60,994,000,000","No","","04/24/2008","$20,000,000,000","Yes","No","$21,381,319,900"
"912795H38","Bill","26-Week","04/21/2008","04/24/2008","10/23/2008","99.150667","No","","$60,994,000,000","No","","04/24/2008","$20,000,000,000","No","No","$22,052,879,800"
"912795E49","Bill","4-Week","04/15/2008","04/17/2008","05/15/2008","99.933889","No","$55,842,000,000","$85,001,000,000","No","","04/17/2008","$8,000,000,000","Yes","No","$10,717,902,700"
"912795M73","Bill","6-Day","04/15/2008","04/16/2008","04/22/2008","99.966667","Yes","","","No","","04/16/2008","$20,000,000,000","No","No","$20,000,160,000"
"912795F55","Bill","13-Week","04/14/2008","04/17/2008","07/17/2008","99.732056","No","$24,040,000,000","$85,001,000,000","No","","04/17/2008","$22,000,000,000","Yes","No","$24,373,914,300"
"912795H20","Bill","26-Week","04/14/2008","04/17/2008","10/16/2008","99.302333","No","","$85,001,000,000","No","","04/17/2008","$20,000,000,000","No","No","$22,518,039,200"
"912828HN3","Note","9-Year 9-Month","04/10/2008","04/15/2008","01/15/2018","104.353623","No","$10,417,000,000","$0","No","1.625%","04/15/2008","$6,000,000,000","Yes","Yes","$6,000,031,300"
"912795UD1","Bill","5-Day","04/08/2008","04/10/2008","04/15/2008","99.968194","Yes","$30,000,000,000","","No","","04/10/2008","$25,000,000,000","Yes","No","$25,000,080,000"
"912795E31","Bill","4-Week","04/08/2008","04/10/2008","05/08/2008","99.902000","No","$54,139,000,000","$65,002,000,000","No","","04/10/2008","$10,000,000,000","Yes","No","$10,000,075,500"
"912795F48","Bill","13-Week","04/07/2008","04/10/2008","07/10/2008","99.633472","No","$24,089,000,000","$65,002,000,000","No","","04/10/2008","$24,000,000,000","Yes","No","$24,000,156,200"
"912795G96","Bill","26-Week","04/07/2008","04/10/2008","10/09/2008","99.191111","No","","$65,002,000,000","No","","04/10/2008","$21,000,000,000","No","No","$21,000,130,200"
"912795E23","Bill","4-Week","04/01/2008","04/03/2008","05/01/2008","99.881778","No","","","No","","04/03/2008","$18,000,000,000","Yes","No","$18,000,057,000"
"912795F30","Bill","13-Week","03/31/2008","04/03/2008","07/03/2008","99.636000","No","","","No","","04/03/2008","$24,000,000,000","Yes","No","$24,000,005,000"
"912795G88","Bill","26-Week","03/31/2008","04/03/2008","10/02/2008","99.241667","No","","","No","","04/03/2008","$21,000,000,000","No","No","$21,000,033,000"
"912795UG4","Bill","15-Day","03/27/2008","04/01/2008","04/16/2008","99.925000","Yes","","","No","","04/01/2008","$26,000,000,000","No","No","$26,000,545,000"
"912828HV5","Note","5-Year","03/27/2008","03/31/2008","03/31/2013","99.557209","No","","","No","2.500%","03/31/2008","$18,000,000,000","No","No","$20,566,030,000"
"912828HU7","Note","2-Year","03/26/2008","03/31/2008","03/31/2010","99.978476","No","","","No","1.750%","03/31/2008","$28,000,000,000","No","No","$31,991,694,000"
"912795UF6","Bill","25-Day","03/25/2008","03/27/2008","04/21/2008","99.906944","Yes","","","No","","03/27/2008","$20,000,000,000","No","No","$20,000,112,000"
"912795D99","Bill","4-Week","03/25/2008","03/27/2008","04/24/2008","99.883333","No","","","No","","03/27/2008","$24,000,000,000","Yes","No","$24,000,602,000"
"912795F22","Bill","13-Week","03/24/2008","03/27/2008","06/26/2008","99.696667","No","","","No","","03/27/2008","$24,000,000,000","Yes","No","$24,000,085,000"
"912795G70","Bill","26-Week","03/24/2008","03/27/2008","09/25/2008","99.216389","No","","","No","","03/27/2008","$22,000,000,000","No","No","$22,000,112,000"
"912795D81","Bill","4-Week","03/18/2008","03/20/2008","04/17/2008","99.959556","No","","","No","","03/20/2008","$31,000,000,000","Yes","No","$31,000,151,000"
"912795E98","Bill","13-Week","03/17/2008","03/20/2008","06/19/2008","99.721944","No","","","No","","03/20/2008","$24,000,000,000","Yes","No","$24,000,060,000"
"912795G62","Bill","26-Week","03/17/2008","03/20/2008","09/18/2008","99.337722","No","","","No","","03/20/2008","$22,000,000,000","No","No","$22,000,000,000"
"912828HR4","Note","9-Year 11-Month","03/13/2008","03/17/2008","02/15/2018","99.912591","No","","","No","3.500%","","$10,000,000,000","Yes","No","$10,000,003,000"
"912795D73","Bill","4-Week","03/11/2008","03/13/2008","04/10/2008","99.860000","No","","","No","","03/13/2008","$31,000,000,000","Yes","No","$31,000,100,000"
"912795E80","Bill","13-Week","03/10/2008","03/13/2008","06/12/2008","99.641056","No","","","No","","03/13/2008","$24,000,000,000","Yes","No","$25,883,437,000"
"912795G54","Bill","26-Week","03/10/2008","03/13/2008","09/11/2008","99.266944","No","","","No","","03/13/2008","$22,000,000,000","No","No","$28,552,460,000"
"912795D65","Bill","4-Week","03/04/2008","03/06/2008","04/03/2008","99.846000","No","","","No","","03/06/2008","$31,000,000,000","Yes","No","$36,332,904,000"
"912795E72","Bill","13-Week","03/03/2008","03/06/2008","06/05/2008","99.547528","No","","","No","","03/06/2008","$24,000,000,000","Yes","No","$27,766,378,000"
"912795G47","Bill","26-Week","03/03/2008","03/06/2008","09/04/2008","99.084944","No","","","No","","03/06/2008","$23,000,000,000","No","No","$28,966,812,000"
"912795UE9","Bill","14-Day","02/28/2008","03/03/2008","03/17/2008","99.900833","Yes","","","No","","","$30,000,000,000","Yes","No","$30,000,415,000"
"912828HT0","Note","5-Year","02/28/2008","02/29/2008","02/28/2013","99.976794","No","","","No","2.750%","02/29/2008","$16,000,000,000","No","No","$17,784,681,000"
"912828HS2","Note","2-Year","02/27/2008","02/29/2008","02/28/2010","99.912254","No","","","No","2.000%","02/29/2008","$26,000,000,000","No","No","$28,900,075,000"
"912795D57","Bill","4-Week","02/26/2008","02/28/2008","03/27/2008","99.819556","No","","","No","","02/28/2008","$31,000,000,000","Yes","No","$36,259,258,000"
"912795UE9","Bill","19-Day","02/26/2008","02/27/2008","03/17/2008","99.873333","Yes","","","No","","","$10,000,000,000","No","No","$10,000,185,000"
"912795E64","Bill","13-Week","02/25/2008","02/28/2008","05/29/2008","99.454000","No","","","No","","02/28/2008","$24,000,000,000","Yes","No","$27,921,489,000"
"912795G39","Bill","26-Week","02/25/2008","02/28/2008","08/28/2008","98.953500","No","","","No","","02/28/2008","$22,000,000,000","No","No","$27,554,445,000"
"912795D40","Bill","4-Week","02/20/2008","02/21/2008","03/20/2008","99.816444","No","","","No","","02/21/2008","$28,000,000,000","Yes","No","$33,034,828,000"
"912795E56","Bill","13-Week","02/19/2008","02/21/2008","05/22/2008","99.443889","No","","","No","","02/21/2008","$24,000,000,000","Yes","No","$27,344,722,000"
"912795G21","Bill","26-Week","02/19/2008","02/21/2008","08/21/2008","98.968667","No","","","No","","02/21/2008","$22,000,000,000","No","No","$27,306,285,000"
"912795UD1","Bill","60-Day","02/14/2008","02/15/2008","04/15/2008","99.581667","Yes","","","No","","02/15/2008","$30,000,000,000","No","No","$30,000,086,000"
"912795D81","Bill","63-Day","02/13/2008","02/14/2008","04/17/2008","99.573000","Yes","","","No","","02/14/2008","$19,000,000,000","Yes","No","$19,000,103,000"
"912795D32","Bill","4-Week","02/12/2008","02/14/2008","03/13/2008","99.805556","No","","","No","","02/14/2008","$27,000,000,000","Yes","No","$29,643,566,000"
"912795E49","Bill","13-Week","02/11/2008","02/14/2008","05/15/2008","99.431250","No","","","No","","02/14/2008","$24,000,000,000","Yes","No","$29,357,091,000"
"912795F97","Bill","26-Week","02/11/2008","02/14/2008","08/14/2008","98.948444","No","","","No","","02/14/2008","$22,000,000,000","No","No","$28,568,232,000"
"912810PW2","Bond","30-Year","02/07/2008","02/15/2008","02/15/2038","98.780998","No","","","No","4.375%","02/15/2008","$9,000,000,000","No","No","$13,295,253,000"
"912828HR4","Note","10-Year","02/06/2008","02/15/2008","02/15/2018","99.000685","No","","","No","3.500%","02/15/2008","$13,000,000,000","No","No","$19,204,237,000"
"912795D24","Bill","4-Week","02/05/2008","02/07/2008","03/06/2008","99.828111","No","","","No","","02/07/2008","$26,000,000,000","Yes","No","$29,094,232,000"
"912795E31","Bill","13-Week","02/04/2008","02/07/2008","05/08/2008","99.436306","No","","","No","","02/07/2008","$23,000,000,000","Yes","No","$29,082,319,000"
"912795F89","Bill","26-Week","02/04/2008","02/07/2008","08/07/2008","98.908000","No","","","No","","02/07/2008","$21,000,000,000","No","No","$27,731,294,000"
"912795C90","Bill","4-Week","01/29/2008","01/31/2008","02/28/2008","99.840556","No","","","No","","01/31/2008","$20,000,000,000","Yes","No","$20,000,024,000"
"912828HQ6","Note","5-Year","01/29/2008","01/31/2008","01/31/2013","99.842844","No","","","No","2.875%","01/31/2008","$14,000,000,000","No","No","$15,704,984,000"
"912795E23","Bill","13-Week","01/28/2008","01/31/2008","05/01/2008","99.409764","No","","","No","","01/31/2008","$23,000,000,000","Yes","No","$24,391,501,000"
"912795F71","Bill","26-Week","01/28/2008","01/31/2008","07/31/2008","98.832167","No","","","No","","01/31/2008","$21,000,000,000","No","No","$27,300,234,000"
"912828HP8","Note","2-Year","01/28/2008","01/31/2008","01/31/2010","99.782126","No","","","No","2.125%","01/31/2008","$24,000,000,000","No","No","$26,922,862,000"
"912810PV4","Bond","20-Year","01/24/2008","01/31/2008","01/15/2028","99.351033","No","","","No","1.750%","","$8,000,000,000","No","Yes","$8,974,275,000"
"912795C82","Bill","4-Week","01/23/2008","01/24/2008","02/21/2008","99.863889","No","","","No","","01/24/2008","$15,000,000,000","Yes","No","$15,000,076,000"
"912795D99","Bill","13-Week","01/22/2008","01/24/2008","04/24/2008","99.400917","No","","","No","","01/24/2008","$21,000,000,000","Yes","No","$22,414,003,000"
"912795F63","Bill","26-Week","01/22/2008","01/24/2008","07/24/2008","98.786667","No","","","No","","01/24/2008","$19,000,000,000","No","No","$24,930,016,000"
"912795C74","Bill","4-Week","01/15/2008","01/17/2008","02/14/2008","99.760444","No","","","No","","01/17/2008","$9,000,000,000","Yes","No","$9,000,058,000"
"912795D81","Bill","13-Week","01/14/2008","01/17/2008","04/17/2008","99.221444","No","","","No","","01/17/2008","$20,000,000,000","Yes","No","$21,528,454,000"
"912795F55","Bill","26-Week","01/14/2008","01/17/2008","07/17/2008","98.508611","No","","","No","","01/17/2008","$18,000,000,000","No","No","$24,039,390,000"
"912828HN3","Note","10-Year","01/10/2008","01/15/2008","01/15/2018","99.724557","No","","","No","1.625%","01/15/2008","$8,000,000,000","No","Yes","$10,411,966,000"
"912795C66","Bill","4-Week","01/08/2008","01/10/2008","02/07/2008","99.748000","No","","","No","","01/10/2008","$15,000,000,000","Yes","No","$16,006,206,000"
"912795D73","Bill","13-Week","01/07/2008","01/10/2008","04/10/2008","99.196167","No","","","No","","01/10/2008","$19,000,000,000","Yes","No","$24,307,918,000"
"912795F48","Bill","26-Week","01/07/2008","01/10/2008","07/10/2008","98.397389","No","","","No","","01/10/2008","$18,000,000,000","No","No","$24,093,885,000"
"912795C58","Bill","4-Week","01/02/2008","01/03/2008","01/31/2008","99.766667","No","","","No","","01/03/2008","$17,000,000,000","Yes","No","$17,000,111,000"
"912795D65","Bill","13-Week","12/31/2007","01/03/2008","04/03/2008","99.163306","No","","","No","","01/03/2008","$20,000,000,000","Yes","No","$20,000,054,000"
"912795F30","Bill","26-Week","12/31/2007","01/03/2008","07/03/2008","98.286167","No","","","No","","01/03/2008","$19,000,000,000","No","No","$19,000,121,000"
"912828HM5","Note","5-Year","12/27/2007","12/31/2007","12/31/2012","99.882153","No","","","No","3.625%","12/31/2007","$13,000,000,000","No","No","$15,657,465,000"
"912828HL7","Note","2-Year","12/26/2007","12/31/2007","12/31/2009","99.932783","No","","","No","3.250%","12/31/2007","$22,000,000,000","No","No","$26,497,239,000"
"912795C41","Bill","4-Week","12/26/2007","12/27/2007","01/24/2008","99.763556","No","","","No","","12/27/2007","$15,000,000,000","Yes","No","$15,000,000,000"
"912795D57","Bill","13-Week","12/24/2007","12/27/2007","03/27/2008","99.170889","No","","","No","","12/27/2007","$20,000,000,000","Yes","No","$20,000,017,000"
"912795F22","Bill","26-Week","12/24/2007","12/27/2007","06/26/2008","98.235611","No","","","No","","12/27/2007","$19,000,000,000","No","No","$19,000,022,000"
"912795C33","Bill","4-Week","12/18/2007","12/20/2007","01/17/2008","99.786111","No","","","No","","12/20/2007","$20,000,000,000","Yes","No","$20,000,217,000"
"912795D40","Bill","13-Week","12/17/2007","12/20/2007","03/20/2008","99.241667","No","","","No","","12/20/2007","$21,000,000,000","Yes","No","$21,000,246,000"
"912795E98","Bill","26-Week","12/17/2007","12/20/2007","06/19/2008","98.341778","No","","","No","","12/20/2007","$20,000,000,000","No","No","$20,000,013,000"
"912828HH6","Note","9-Year 11-Month","12/13/2007","12/17/2007","11/15/2017","100.686354","No","","","No","4.250%","","$8,000,000,000","Yes","No","$8,000,005,000"
"912795C25","Bill","4-Week","12/11/2007","12/13/2007","01/10/2008","99.775222","No","","","No","","12/13/2007","$23,000,000,000","Yes","No","$23,000,048,000"
"912795UC3","Bill","5-Day","12/11/2007","12/12/2007","12/17/2007","99.944444","Yes","","","No","","","$8,000,000,000","Yes","No","$8,000,138,000"
"912795D32","Bill","13-Week","12/10/2007","12/13/2007","03/13/2008","99.241667","No","","","No","","12/13/2007","$21,000,000,000","Yes","No","$25,413,620,000"
"912795E80","Bill","26-Week","12/10/2007","12/13/2007","06/12/2008","98.387278","No","","","No","","12/13/2007","$20,000,000,000","No","No","$27,519,331,000"
"912795B91","Bill","4-Week","12/04/2007","12/06/2007","01/03/2008","99.758889","No","","","No","","12/06/2007","$29,000,000,000","Yes","No","$29,000,238,000"
"912795D24","Bill","13-Week","12/03/2007","12/06/2007","03/06/2008","99.234083","No","","","No","","12/06/2007","$21,000,000,000","Yes","No","$25,998,685,000"
"912795E72","Bill","26-Week","12/03/2007","12/06/2007","06/05/2008","98.387278","No","","","No","","12/06/2007","$20,000,000,000","No","No","$27,649,608,000"
"912795UC3","Bill","14-Day","11/29/2007","12/03/2007","12/17/2007","99.849889","Yes","","","No","","","$30,000,000,000","No","No","$30,000,035,000"
"912828HK9","Note","5-Year","11/29/2007","11/30/2007","11/30/2012","99.817568","No","","","No","3.375%","11/30/2007","$13,000,000,000","No","No","$15,953,251,000"
"912828HJ2","Note","2-Year","11/28/2007","11/30/2007","11/30/2009","99.934603","No","","","No","3.125%","11/30/2007","$20,000,000,000","No","No","$24,543,479,000"
"912795B83","Bill","4-Week","11/27/2007","11/29/2007","12/27/2007","99.716889","No","","","No","","11/29/2007","$28,000,000,000","Yes","No","$29,675,780,000"
"912795C90","Bill","13-Week","11/26/2007","11/29/2007","02/28/2008","99.197431","No","","","No","","11/29/2007","$22,000,000,000","Yes","No","$29,259,729,000"
"912795E64","Bill","26-Week","11/26/2007","11/29/2007","05/29/2008","98.311444","No","","","No","","11/29/2007","$20,000,000,000","No","No","$27,187,687,000"
"912795B75","Bill","4-Week","11/20/2007","11/23/2007","12/20/2007","99.724000","No","","","No","","11/23/2007","$28,000,000,000","Yes","No","$30,026,033,000"
"912795C82","Bill","13-Week","11/19/2007","11/23/2007","02/21/2008","99.152500","No","","","No","","11/23/2007","$20,000,000,000","Yes","No","$26,559,713,000"
"912795E56","Bill","26-Week","11/19/2007","11/23/2007","05/22/2008","98.260389","No","","","No","","11/23/2007","$19,000,000,000","No","No","$26,026,570,000"
"912795B34","Bill","8-Day","11/14/2007","11/15/2007","11/23/2007","99.908889","Yes","","","No","","","$15,000,000,000","Yes","No","$15,000,015,000"
"912795B67","Bill","4-Week","11/14/2007","11/15/2007","12/13/2007","99.699000","No","","","No","","11/15/2007","$28,000,000,000","Yes","No","$30,472,921,000"
"912795C74","Bill","13-Week","11/13/2007","11/15/2007","02/14/2008","99.132972","No","","","No","","11/15/2007","$20,000,000,000","Yes","No","$27,478,804,000"
"912795E49","Bill","26-Week","11/13/2007","11/15/2007","05/15/2008","98.167361","No","","","No","","11/15/2007","$19,000,000,000","No","No","$26,480,896,000"
"912810PU6","Bond","29-Year 6-Month","11/08/2007","11/15/2007","05/15/2037","105.322155","No","","","No","5.000%","11/15/2007","$5,000,000,000","Yes","No","$7,566,895,000"
"912828HH6","Note","10-Year","11/07/2007","11/15/2007","11/15/2017","99.172070","No","","","No","4.250%","11/15/2007","$13,000,000,000","No","No","$19,673,926,000"
"912795B59","Bill","4-Week","11/06/2007","11/08/2007","12/06/2007","99.694333","No","","","No","","11/08/2007","$25,000,000,000","Yes","No","$27,880,819,000"
"912795C66","Bill","13-Week","11/05/2007","11/08/2007","02/07/2008","99.102639","No","","","No","","11/08/2007","$20,000,000,000","Yes","No","$27,431,639,000"
"912795E31","Bill","26-Week","11/05/2007","11/08/2007","05/08/2008","98.089000","No","","","No","","11/08/2007","$18,000,000,000","No","No","$25,058,927,000"
"912795B42","Bill","4-Week","10/30/2007","11/01/2007","11/29/2007","99.691222","No","","","No","","11/01/2007","$20,000,000,000","Yes","No","$25,196,982,000"
"912795C58","Bill","13-Week","10/29/2007","11/01/2007","01/31/2008","99.009111","No","","","No","","11/01/2007","$20,000,000,000","Yes","No","$25,681,327,000"
"912795E23","Bill","26-Week","10/29/2007","11/01/2007","05/01/2008","98.005583","No","","","No","","11/01/2007","$18,000,000,000","No","No","$24,174,041,000"
"912828HG8","Note","5-Year","10/25/2007","10/31/2007","10/31/2012","99.469930","No","","","No","3.875%","10/31/2007","$13,000,000,000","No","No","$15,508,903,000"
"912828HF0","Note","2-Year","10/24/2007","10/31/2007","10/31/2009","99.812793","No","","","No","3.625%","10/31/2007","$20,000,000,000","No","No","$23,859,914,000"
"912828GN4","Note","4-Year 6-Month","10/23/2007","10/31/2007","04/15/2012","102.667445","No","","","No","2.000%","","$6,000,000,000","Yes","Yes","$7,157,942,000"
"912795B34","Bill","4-Week","10/23/2007","10/25/2007","11/23/2007","99.684625","No","","","No","","10/25/2007","$11,000,000,000","Yes","No","$15,421,348,000"
"912795C41","Bill","13-Week","10/22/2007","10/25/2007","01/24/2008","99.014167","No","","","No","","10/25/2007","$18,000,000,000","Yes","No","$23,399,275,000"
"912795D99","Bill","26-Week","10/22/2007","10/25/2007","04/24/2008","97.982833","No","","","No","","10/25/2007","$16,000,000,000","No","No","$21,808,026,000"
"912795B26","Bill","4-Week","10/16/2007","10/18/2007","11/15/2007","99.681111","No","","","No","","10/18/2007","$8,000,000,000","Yes","No","$11,255,183,000"
"912795C33","Bill","13-Week","10/15/2007","10/18/2007","01/17/2008","98.942125","No","","","No","","10/18/2007","$16,000,000,000","Yes","No","$21,855,838,000"
"912795D81","Bill","26-Week","10/15/2007","10/18/2007","04/17/2008","97.864028","No","","","No","","10/18/2007","$15,000,000,000","No","No","$21,081,042,000"
"912828GX2","Note","9-Year 9-Month","10/11/2007","10/15/2007","07/15/2017","102.721944","No","","","No","2.625%","","$6,000,000,000","Yes","Yes","$6,000,020,000"
"912795A92","Bill","4-Week","10/10/2007","10/11/2007","11/08/2007","99.713778","No","","","No","","10/11/2007","$8,000,000,000","Yes","No","$11,675,542,000"
"912795C25","Bill","13-Week","10/09/2007","10/11/2007","01/10/2008","99.007847","No","","","No","","10/11/2007","$16,000,000,000","Yes","No","$21,855,436,000"
"912795D73","Bill","26-Week","10/09/2007","10/11/2007","04/10/2008","97.929750","No","","","No","","10/11/2007","$15,000,000,000","No","No","$21,203,280,000"
"912795A84","Bill","4-Week","10/02/2007","10/04/2007","11/01/2007","99.727000","No","","","No","","10/04/2007","$10,000,000,000","Yes","No","$13,857,312,000"
"912795B91","Bill","13-Week","10/01/2007","10/04/2007","01/03/2008","99.029333","No","","","No","","10/04/2007","$16,000,000,000","Yes","No","$21,907,561,000"
"912795D65","Bill","26-Week","10/01/2007","10/04/2007","04/03/2008","97.977778","No","","","No","","10/04/2007","$14,000,000,000","No","No","$19,823,444,000"
"912828HE3","Note","5-Year","09/27/2007","10/01/2007","09/30/2012","99.999760","No","","","No","4.250%","09/30/2007","$13,000,000,000","No","No","$15,877,257,000"
"912828HD5","Note","2-Year","09/26/2007","10/01/2007","09/30/2009","99.999787","No","","","No","4.000%","09/30/2007","$18,000,000,000","No","No","$21,983,991,000"
"912795A76","Bill","4-Week","09/25/2007","09/27/2007","10/25/2007","99.745667","No","","","No","","09/27/2007","$12,000,000,000","Yes","No","$15,040,250,000"
"912795B83","Bill","13-Week","09/24/2007","09/27/2007","12/27/2007","99.034389","No","","","No","","09/27/2007","$16,000,000,000","Yes","No","$21,591,681,000"
"912795D57","Bill","26-Week","09/24/2007","09/27/2007","03/27/2008","97.977778","No","","","No","","09/27/2007","$13,000,000,000","No","No","$18,347,011,000"
"912795A68","Bill","4-Week","09/18/2007","09/20/2007","10/18/2007","99.694333","No","","","No","","09/20/2007","$14,000,000,000","Yes","No","$16,662,159,000"
"912795B75","Bill","13-Week","09/17/2007","09/20/2007","12/20/2007","98.976250","No","","","No","","09/20/2007","$18,000,000,000","Yes","No","$24,412,863,000"
"912795D40","Bill","26-Week","09/17/2007","09/20/2007","03/20/2008","97.912056","No","","","No","","09/20/2007","$13,000,000,000","No","No","$18,336,772,000"
"912828HA1","Note","9-Year 11-Month","09/13/2007","09/17/2007","08/15/2017","102.029801","No","","","No","4.750%","","$8,000,000,000","Yes","No","$8,000,003,000"
"912795UB5","Bill","4-Day","09/12/2007","09/13/2007","09/17/2007","99.948667","Yes","","","No","","","$7,000,000,000","Yes","No","$7,000,000,000"
"912795A50","Bill","4-Week","09/11/2007","09/13/2007","10/11/2007","99.688889","No","","","No","","09/13/2007","$18,000,000,000","Yes","No","$20,629,769,000"
"912795B67","Bill","13-Week","09/10/2007","09/13/2007","12/13/2007","99.039444","No","","","No","","09/13/2007","$20,000,000,000","Yes","No","$27,671,616,000"
"912795D32","Bill","26-Week","09/10/2007","09/13/2007","03/13/2008","97.967667","No","","","No","","09/13/2007","$15,000,000,000","No","No","$21,379,021,000"
"912795A43","Bill","4-Week","09/05/2007","09/06/2007","10/04/2007","99.667111","No","","","No","","09/06/2007","$25,000,000,000","Yes","No","$26,971,190,000"
"912795B59","Bill","13-Week","09/04/2007","09/06/2007","12/06/2007","98.900417","No","","","No","","09/06/2007","$22,000,000,000","Yes","No","$30,069,559,000"
"912795D24","Bill","26-Week","09/04/2007","09/06/2007","03/06/2008","97.785667","No","","","No","","09/06/2007","$17,000,000,000","No","No","$23,972,752,000"
"912828HC7","Note","5-Year","08/30/2007","08/31/2007","08/31/2012","99.451138","No","","","No","4.125%","08/31/2007","$13,000,000,000","No","No","$16,091,354,000"
"912795UB5","Bill","17-Day","08/29/2007","08/31/2007","09/17/2007","99.787500","Yes","","","No","","","$20,000,000,000","No","No","$20,000,324,000"
"912828HB9","Note","2-Year","08/29/2007","08/31/2007","08/31/2009","99.781361","No","","","No","4.000%","08/31/2007","$18,000,000,000","No","No","$22,280,456,000"
"912795A35","Bill","4-Week","08/28/2007","08/30/2007","09/27/2007","99.642222","No","","","No","","08/30/2007","$30,000,000,000","Yes","No","$30,000,082,000"
"912795B42","Bill","13-Week","08/27/2007","08/30/2007","11/29/2007","98.837222","No","","","No","","08/30/2007","$24,000,000,000","Yes","No","$28,434,733,000"
"912795C90","Bill","26-Week","08/27/2007","08/30/2007","02/28/2008","97.679500","No","","","No","","08/30/2007","$19,000,000,000","No","No","$26,475,196,000"
"912795A27","Bill","4-Week","08/21/2007","08/23/2007","09/20/2007","99.630556","No","","","No","","08/23/2007","$32,000,000,000","Yes","No","$32,000,017,000"
"912795B34","Bill","13-Week","08/20/2007","08/23/2007","11/23/2007","99.271667","No","","","No","","08/23/2007","$21,000,000,000","Yes","No","$26,239,931,000"
"912795C82","Bill","26-Week","08/20/2007","08/23/2007","02/21/2008","98.003056","No","","","No","","08/23/2007","$17,000,000,000","No","No","$24,126,059,000"
"912795ZW4","Bill","8-Day","08/15/2007","08/15/2007","08/23/2007","99.908889","Yes","","","No","","","$10,000,000,000","Yes","No","$10,000,000,000"
"912795ZZ7","Bill","4-Week","08/14/2007","08/16/2007","09/13/2007","99.645333","No","","","No","","08/16/2007","$27,000,000,000","Yes","No","$28,648,769,000"
"912795ZV6","Bill","1-Day","08/14/2007","08/15/2007","08/16/2007","99.986028","Yes","","","No","","","$26,000,000,000","Yes","No","$26,000,200,000"
"912795B26","Bill","13-Week","08/13/2007","08/16/2007","11/15/2007","98.829639","No","","","No","","08/16/2007","$21,000,000,000","Yes","No","$29,264,716,000"
"912795C74","Bill","26-Week","08/13/2007","08/16/2007","02/14/2008","97.618833","No","","","No","","08/16/2007","$17,000,000,000","No","No","$24,089,787,000"
"912810PU6","Bond","29-Year 9-Month","08/09/2007","08/15/2007","05/15/2037","99.081933","No","","","No","5.000%","08/15/2007","$9,000,000,000","No","No","$13,846,153,000"
"912828HA1","Note","10-Year","08/08/2007","08/15/2007","08/15/2017","99.175936","No","","","No","4.750%","08/15/2007","$13,000,000,000","No","No","$20,000,050,000"
"912795ZY0","Bill","4-Week","08/07/2007","08/09/2007","09/06/2007","99.612667","No","","","No","","08/09/2007","$28,000,000,000","Yes","No","$29,703,452,000"
"912795A92","Bill","13-Week","08/06/2007","08/09/2007","11/08/2007","98.794250","No","","","No","","08/09/2007","$21,000,000,000","Yes","No","$29,147,219,000"
"912795C66","Bill","26-Week","08/06/2007","08/09/2007","02/07/2008","97.608722","No","","","No","","08/09/2007","$18,000,000,000","No","No","$25,469,794,000"
"912795ZX2","Bill","4-Week","07/31/2007","08/02/2007","08/30/2007","99.606833","No","","","No","","08/02/2007","$26,000,000,000","Yes","No","$28,069,691,000"
"912795A84","Bill","13-Week","07/30/2007","08/02/2007","11/01/2007","98.780347","No","","","No","","08/02/2007","$20,000,000,000","Yes","No","$27,823,513,000"
"912795C58","Bill","26-Week","07/30/2007","08/02/2007","01/31/2008","97.573333","No","","","No","","08/02/2007","$17,000,000,000","No","No","$24,010,871,000"
"912828GZ7","Note","5-Year","07/26/2007","07/31/2007","07/31/2012","99.933745","No","","","No","4.625%","07/31/2007","$13,000,000,000","No","No","$15,803,561,000"
"912828GY0","Note","2-Year","07/25/2007","07/31/2007","07/31/2009","99.792429","No","","","No","4.625%","07/31/2007","$18,000,000,000","No","No","$21,881,821,000"
"912810PS1","Bond","19-Year 6-Month","07/24/2007","07/31/2007","01/15/2027","99.570169","No","","","No","2.375%","","$6,000,000,000","Yes","Yes","$7,293,925,000"
"912795ZW4","Bill","4-Week","07/24/2007","07/26/2007","08/23/2007","99.615778","No","","","No","","07/26/2007","$18,000,000,000","Yes","No","$21,172,059,000"
"912795A76","Bill","13-Week","07/23/2007","07/26/2007","10/25/2007","98.765181","No","","","No","","07/26/2007","$17,000,000,000","Yes","No","$24,240,332,000"
"912795C41","Bill","26-Week","07/23/2007","07/26/2007","01/24/2008","97.527833","No","","","No","","07/26/2007","$16,000,000,000","No","No","$22,944,865,000"
"912795ZV6","Bill","4-Week","07/17/2007","07/19/2007","08/16/2007","99.637556","No","","","No","","07/19/2007","$11,000,000,000","Yes","No","$14,812,396,000"
"912795A68","Bill","13-Week","07/16/2007","07/19/2007","10/18/2007","98.776556","No","","","No","","07/19/2007","$16,000,000,000","Yes","No","$23,248,539,000"
"912795C33","Bill","26-Week","07/16/2007","07/19/2007","01/17/2008","97.540472","No","","","No","","07/19/2007","$15,000,000,000","No","No","$21,711,896,000"
"912828GX2","Note","10-Year","07/12/2007","07/16/2007","07/15/2017","98.942199","No","","","No","2.625%","","$8,000,000,000","No","Yes","$8,000,011,000"
"912795ZU8","Bill","4-Week","07/10/2007","07/12/2007","08/09/2007","99.638333","No","","","No","","07/12/2007","$11,000,000,000","Yes","No","$15,371,141,000"
"912795A50","Bill","13-Week","07/09/2007","07/12/2007","10/11/2007","98.782875","No","","","No","","07/12/2007","$15,000,000,000","Yes","No","$22,501,792,000"
"912795C25","Bill","26-Week","07/09/2007","07/12/2007","01/10/2008","97.548056","No","","","No","","07/12/2007","$14,000,000,000","No","No","$20,552,453,000"
"912795ZT1","Bill","4-Week","07/03/2007","07/05/2007","08/02/2007","99.637556","No","","","No","","07/05/2007","$13,000,000,000","Yes","No","$17,818,540,000"
"912795A43","Bill","13-Week","07/02/2007","07/05/2007","10/04/2007","98.789194","No","","","No","","07/05/2007","$15,000,000,000","Yes","No","$22,744,055,000"
"912795B91","Bill","26-Week","07/02/2007","07/05/2007","01/03/2008","97.568278","No","","","No","","07/05/2007","$14,000,000,000","No","No","$20,573,316,000"
"912828GW4","Note","5-Year","06/27/2007","07/02/2007","06/30/2012","99.714754","No","","","No","4.875%","06/30/2007","$13,000,000,000","No","No","$15,903,489,000"
"912828GV6","Note","2-Year","06/26/2007","07/02/2007","06/30/2009","99.941145","No","","","No","4.875%","06/30/2007","$18,000,000,000","No","No","$22,020,237,000"
"912795ZS3","Bill","4-Week","06/26/2007","06/28/2007","07/26/2007","99.650778","No","","","No","","06/28/2007","$11,000,000,000","Yes","No","$16,319,319,000"
"912795A35","Bill","13-Week","06/25/2007","06/28/2007","09/27/2007","98.815736","No","","","No","","06/28/2007","$14,000,000,000","Yes","No","$21,873,995,000"
"912795B83","Bill","26-Week","06/25/2007","06/28/2007","12/27/2007","97.568278","No","","","No","","06/28/2007","$14,000,000,000","No","No","$20,747,775,000"
"912795ZR5","Bill","4-Week","06/19/2007","06/21/2007","07/19/2007","99.662833","No","","","No","","06/21/2007","$8,000,000,000","Yes","No","$13,448,405,000"
"912795A27","Bill","13-Week","06/18/2007","06/21/2007","09/20/2007","98.865028","No","","","No","","06/21/2007","$14,000,000,000","Yes","No","$21,971,364,000"
"912795B75","Bill","26-Week","06/18/2007","06/21/2007","12/20/2007","97.616306","No","","","No","","06/21/2007","$14,000,000,000","No","No","$20,724,660,000"
"912828GS3","Note","9-Year 11-Month","06/12/2007","06/15/2007","05/15/2017","94.399130","No","","","No","4.500%","","$8,000,000,000","Yes","No","$8,000,068,000"
"912795ZQ7","Bill","4-Week","06/12/2007","06/14/2007","07/12/2007","99.646500","No","","","No","","06/14/2007","$8,000,000,000","Yes","No","$13,926,906,000"
"912795ZZ7","Bill","13-Week","06/11/2007","06/14/2007","09/13/2007","98.827111","No","","","No","","06/14/2007","$14,000,000,000","Yes","No","$22,206,393,000"
"912795B67","Bill","26-Week","06/11/2007","06/14/2007","12/13/2007","97.591028","No","","","No","","06/14/2007","$14,000,000,000","No","No","$20,788,591,000"
"912795ZP9","Bill","4-Week","06/05/2007","06/07/2007","07/05/2007","99.638333","No","","","No","","06/07/2007","$10,000,000,000","Yes","No","$16,130,464,000"
"912795ZY0","Bill","13-Week","06/04/2007","06/07/2007","09/06/2007","98.809417","No","","","No","","06/07/2007","$15,000,000,000","Yes","No","$23,446,751,000"
"912795B59","Bill","26-Week","06/04/2007","06/07/2007","12/06/2007","97.578389","No","","","No","","06/07/2007","$14,000,000,000","No","No","$20,697,947,000"
"912795UA7","Bill","10-Day","06/04/2007","06/05/2007","06/15/2007","99.858611","Yes","","","No","","","$12,000,000,000","Yes","No","$12,000,564,000"
"912795UA7","Bill","14-Day","05/31/2007","06/01/2007","06/15/2007","99.802056","Yes","","","No","","","$27,000,000,000","No","No","$27,000,520,000"
"912795ZN4","Bill","4-Week","05/30/2007","05/31/2007","06/28/2007","99.622000","No","","","No","","05/31/2007","$16,000,000,000","Yes","No","$22,102,732,000"
"912828GU8","Note","5-Year","05/30/2007","05/31/2007","05/31/2012","99.701026","No","","","No","4.750%","05/31/2007","$13,000,000,000","No","No","$16,235,853,000"
"912795ZX2","Bill","13-Week","05/29/2007","05/31/2007","08/30/2007","98.791722","No","","","No","","05/31/2007","$15,000,000,000","Yes","No","$22,996,968,000"
"912795B42","Bill","26-Week","05/29/2007","05/31/2007","11/29/2007","97.570806","No","","","No","","05/31/2007","$14,000,000,000","No","No","$20,491,670,000"
"912828GT1","Note","2-Year","05/29/2007","05/31/2007","05/31/2009","99.979281","No","","","No","4.875%","05/31/2007","$18,000,000,000","No","No","$22,480,448,000"
"912795ZM6","Bill","4-Week","05/22/2007","05/24/2007","06/21/2007","99.618889","No","","","No","","05/24/2007","$19,000,000,000","Yes","No","$25,055,816,000"
"912795ZW4","Bill","13-Week","05/21/2007","05/24/2007","08/23/2007","98.792986","No","","","No","","05/24/2007","$15,000,000,000","Yes","No","$22,605,422,000"
"912795B34","Bill","26-Week","05/21/2007","05/24/2007","11/23/2007","97.554917","No","","","No","","05/24/2007","$13,000,000,000","No","No","$18,950,956,000"
"912795ZL8","Bill","4-Week","05/15/2007","05/17/2007","06/14/2007","99.637167","No","","","No","","05/17/2007","$14,000,000,000","Yes","No","$20,066,822,000"
"912795ZV6","Bill","13-Week","05/14/2007","05/17/2007","08/16/2007","98.804361","No","","","No","","05/17/2007","$14,000,000,000","Yes","No","$20,942,557,000"
"912795B26","Bill","26-Week","05/14/2007","05/17/2007","11/15/2007","97.606194","No","","","No","","05/17/2007","$13,000,000,000","No","No","$18,912,518,000"
"912810PT9","Bond","29-Year 9-Month","05/10/2007","05/15/2007","02/15/2037","98.605471","No","","","No","4.750%","05/15/2007","$5,000,000,000","Yes","No","$6,763,977,000"
"912828GS3","Note","10-Year","05/08/2007","05/15/2007","05/15/2017","99.110793","No","","","No","4.500%","05/15/2007","$13,000,000,000","No","No","$17,586,397,000"
"912795ZK0","Bill","4-Week","05/08/2007","05/10/2007","06/07/2007","99.639111","No","","","No","","05/10/2007","$8,000,000,000","Yes","No","$14,335,444,000"
"912828GR5","Note","3-Year","05/07/2007","05/15/2007","05/15/2010","99.794740","No","","","No","4.500%","05/15/2007","$14,000,000,000","No","No","$18,939,151,000"
"912795ZU8","Bill","13-Week","05/07/2007","05/10/2007","08/09/2007","98.796778","No","","","No","","05/10/2007","$13,000,000,000","Yes","No","$19,650,386,000"
"912795A92","Bill","26-Week","05/07/2007","05/10/2007","11/08/2007","97.565750","No","","","No","","05/10/2007","$12,000,000,000","No","No","$17,548,628,000"
"912795ZJ3","Bill","4-Week","05/01/2007","05/03/2007","05/31/2007","99.643000","No","","","No","","05/03/2007","$8,000,000,000","Yes","No","$13,696,544,000"
"912795ZT1","Bill","13-Week","04/30/2007","05/03/2007","08/02/2007","98.790458","No","","","No","","05/03/2007","$13,000,000,000","Yes","No","$19,132,457,000"
"912795A84","Bill","26-Week","04/30/2007","05/03/2007","11/01/2007","97.563222","No","","","No","","05/03/2007","$12,000,000,000","No","No","$17,371,094,000"
"912828GQ7","Note","5-Year","04/26/2007","04/30/2007","04/30/2012","99.650503","No","","","No","4.500%","04/30/2007","$13,000,000,000","No","No","$16,450,146,000"
"912828GP9","Note","2-Year","04/25/2007","04/30/2007","04/30/2009","99.799666","No","","","No","4.500%","04/30/2007","$18,000,000,000","No","No","$22,777,336,000"
"912828GN4","Note","5-Year","04/24/2007","04/30/2007","04/15/2012","99.730733","No","","","No","2.000%","","$8,000,000,000","No","Yes","$10,123,198,000"
"912795ZH7","Bill","4-Week","04/24/2007","04/26/2007","05/24/2007","99.624722","No","","","No","","04/26/2007","$8,000,000,000","Yes","No","$13,198,561,000"
"912795ZS3","Bill","13-Week","04/23/2007","04/26/2007","07/26/2007","98.777819","No","","","No","","04/26/2007","$13,000,000,000","Yes","No","$19,140,209,000"
"912795A76","Bill","26-Week","04/23/2007","04/26/2007","10/25/2007","97.555639","No","","","No","","04/26/2007","$12,000,000,000","No","No","$17,348,080,000"
"912795ZG9","Bill","4-Week","04/17/2007","04/19/2007","05/17/2007","99.623556","No","","","No","","04/19/2007","$8,000,000,000","Yes","No","$12,761,444,000"
"912795ZR5","Bill","13-Week","04/16/2007","04/19/2007","07/19/2007","98.770236","No","","","No","","04/19/2007","$14,000,000,000","Yes","No","$20,461,008,000"
"912795A68","Bill","26-Week","04/16/2007","04/19/2007","10/18/2007","97.540472","No","","","No","","04/19/2007","$12,000,000,000","No","No","$17,281,668,000"
"912828GD6","Note","9-Year 9-Month","04/12/2007","04/16/2007","01/15/2017","101.434007","No","","","No","2.375%","","$6,000,000,000","Yes","Yes","$6,000,019,000"
"912795TZ4","Bill","5-Day","04/12/2007","04/13/2007","04/18/2007","99.927639","Yes","","","No","","","$8,000,000,000","No","No","$8,000,126,000"
"912795TY7","Bill","5-Day","04/10/2007","04/12/2007","04/17/2007","99.927361","Yes","","","No","","","$15,000,000,000","Yes","No","$15,000,240,000"
"912795ZF1","Bill","4-Week","04/10/2007","04/12/2007","05/10/2007","99.619278","No","","","No","","04/12/2007","$8,000,000,000","Yes","No","$12,256,040,000"
"912795ZQ7","Bill","13-Week","04/09/2007","04/12/2007","07/12/2007","98.766444","No","","","No","","04/12/2007","$15,000,000,000","Yes","No","$21,604,145,000"
"912795A50","Bill","26-Week","04/09/2007","04/12/2007","10/11/2007","97.527833","No","","","No","","04/12/2007","$13,000,000,000","No","No","$18,602,786,000"
"912795TY7","Bill","12-Day","04/04/2007","04/05/2007","04/17/2007","99.826667","Yes","","","No","","","$16,000,000,000","No","No","$16,000,241,000"
"912795ZE4","Bill","4-Week","04/03/2007","04/05/2007","05/03/2007","99.606444","No","","","No","","04/05/2007","$20,000,000,000","Yes","No","$23,591,397,000"
"912795ZP9","Bill","13-Week","04/02/2007","04/05/2007","07/05/2007","98.758861","No","","","No","","04/05/2007","$17,000,000,000","Yes","No","$24,092,709,000"
"912795A43","Bill","26-Week","04/02/2007","04/05/2007","10/04/2007","97.537944","No","","","No","","04/05/2007","$14,000,000,000","No","No","$19,873,079,000"
"912795TX9","Bill","13-Day","04/02/2007","04/03/2007","04/16/2007","99.812403","Yes","","","No","","","$16,000,000,000","Yes","No","$16,000,020,000"
"912828GM6","Note","5-Year","03/29/2007","04/02/2007","03/31/2012","99.844593","No","","","No","4.500%","03/31/2007","$13,000,000,000","No","No","$16,354,906,000"
"912828GL8","Note","2-Year","03/28/2007","04/02/2007","03/31/2009","99.973043","No","","","No","4.500%","03/31/2007","$18,000,000,000","No","No","$22,645,178,000"
"912795TX9","Bill","17-Day","03/28/2007","03/30/2007","04/16/2007","99.760583","Yes","","","No","","","$17,000,000,000","No","No","$17,000,055,000"
"912795ZD6","Bill","4-Week","03/27/2007","03/29/2007","04/26/2007","99.601000","No","","","No","","03/29/2007","$23,000,000,000","Yes","No","$26,206,293,000"
"912795ZN4","Bill","13-Week","03/26/2007","03/29/2007","06/28/2007","98.755069","No","","","No","","03/29/2007","$19,000,000,000","Yes","No","$26,596,764,000"
"912795A35","Bill","26-Week","03/26/2007","03/29/2007","09/27/2007","97.535417","No","","","No","","03/29/2007","$15,000,000,000","No","No","$21,105,112,000"
"912795ZC8","Bill","4-Week","03/20/2007","03/22/2007","04/19/2007","99.600222","No","","","No","","03/22/2007","$25,000,000,000","Yes","No","$28,101,816,000"
"912795ZM6","Bill","13-Week","03/19/2007","03/22/2007","06/21/2007","98.753806","No","","","No","","03/22/2007","$20,000,000,000","Yes","No","$27,756,468,000"
"912795A27","Bill","26-Week","03/19/2007","03/22/2007","09/20/2007","97.517722","No","","","No","","03/22/2007","$16,000,000,000","No","No","$22,440,452,000"
"912795ZB0","Bill","4-Week","03/13/2007","03/15/2007","04/12/2007","99.598667","No","","","No","","03/15/2007","$25,000,000,000","Yes","No","$27,987,996,000"
"912828GH7","Note","9-Year 11-Month","03/13/2007","03/15/2007","02/15/2017","100.801596","No","","","No","4.625%","","$8,000,000,000","Yes","No","$8,000,005,000"
"912795ZL8","Bill","13-Week","03/12/2007","03/15/2007","06/14/2007","98.744958","No","","","No","","03/15/2007","$21,000,000,000","Yes","No","$29,102,191,000"
"912795ZZ7","Bill","26-Week","03/12/2007","03/15/2007","09/13/2007","97.512667","No","","","No","","03/15/2007","$17,000,000,000","No","No","$23,825,389,000"
"912795ZA2","Bill","4-Week","03/06/2007","03/08/2007","04/05/2007","99.600222","No","","","No","","03/08/2007","$25,000,000,000","Yes","No","$28,040,056,000"
"912795ZK0","Bill","13-Week","03/05/2007","03/08/2007","06/07/2007","98.744958","No","","","No","","03/08/2007","$21,000,000,000","Yes","No","$29,152,883,000"
"912795ZY0","Bill","26-Week","03/05/2007","03/08/2007","09/06/2007","97.545528","No","","","No","","03/08/2007","$17,000,000,000","No","No","$23,863,625,000"
"912795YX3","Bill","13-Day","03/01/2007","03/02/2007","03/15/2007","99.812764","Yes","","","No","","","$23,000,000,000","Yes","No","$23,000,140,000"
"912795YZ8","Bill","4-Week","02/27/2007","03/01/2007","03/29/2007","99.598667","No","","","No","","03/01/2007","$27,000,000,000","Yes","No","$30,177,986,000"
"912795ZJ3","Bill","13-Week","02/26/2007","03/01/2007","05/31/2007","98.727264","No","","","No","","03/01/2007","$21,000,000,000","Yes","No","$29,269,780,000"
"912795ZX2","Bill","26-Week","02/26/2007","03/01/2007","08/30/2007","97.497500","No","","","No","","03/01/2007","$17,000,000,000","No","No","$23,843,282,000"
"912828GK0","Note","5-Year","02/22/2007","02/28/2007","02/29/2012","99.585650","No","","","No","4.625%","02/28/2007","$13,000,000,000","No","No","$16,636,687,000"
"912828GJ3","Note","2-Year","02/21/2007","02/28/2007","02/28/2009","99.849212","No","","","No","4.750%","02/28/2007","$18,000,000,000","No","No","$23,035,497,000"
"912795YY1","Bill","4-Week","02/21/2007","02/22/2007","03/22/2007","99.597500","No","","","No","","02/22/2007","$28,000,000,000","Yes","No","$31,364,853,000"
"912795ZH7","Bill","13-Week","02/20/2007","02/22/2007","05/24/2007","98.727264","No","","","No","","02/22/2007","$20,000,000,000","Yes","No","$28,163,475,000"
"912795ZW4","Bill","26-Week","02/20/2007","02/22/2007","08/23/2007","97.497500","No","","","No","","02/22/2007","$16,000,000,000","No","No","$22,588,733,000"
"912795YU9","Bill","6-Day","02/15/2007","02/16/2007","02/22/2007","99.914333","Yes","","","No","","","$6,000,000,000","Yes","No","$6,000,260,000"
"912795YX3","Bill","4-Week","02/13/2007","02/15/2007","03/15/2007","99.600611","No","","","No","","02/15/2007","$24,000,000,000","Yes","No","$27,561,760,000"
"912795ZG9","Bill","13-Week","02/12/2007","02/15/2007","05/17/2007","98.729792","No","","","No","","02/15/2007","$19,000,000,000","Yes","No","$26,780,253,000"
"912795ZV6","Bill","26-Week","02/12/2007","02/15/2007","08/16/2007","97.489917","No","","","No","","02/15/2007","$15,000,000,000","No","No","$21,248,409,000"
"912810PT9","Bond","30-Year","02/08/2007","02/15/2007","02/15/2037","99.020970","No","","","No","4.750%","02/15/2007","$9,000,000,000","No","No","$9,825,627,000"
"912828GH7","Note","10-Year","02/07/2007","02/15/2007","02/15/2017","99.092517","No","","","No","4.625%","02/15/2007","$13,000,000,000","No","No","$14,192,560,000"
"912828GG9","Note","3-Year","02/06/2007","02/15/2007","02/15/2010","99.861835","No","","","No","4.750%","02/15/2007","$16,000,000,000","No","No","$17,467,776,000"
"912795YW5","Bill","4-Week","02/06/2007","02/08/2007","03/08/2007","99.607611","No","","","No","","02/08/2007","$18,000,000,000","Yes","No","$21,634,894,000"
"912795ZF1","Bill","13-Week","02/05/2007","02/08/2007","05/10/2007","98.733583","No","","","No","","02/08/2007","$19,000,000,000","Yes","No","$26,746,802,000"
"912795ZU8","Bill","26-Week","02/05/2007","02/08/2007","08/09/2007","97.494972","No","","","No","","02/08/2007","$15,000,000,000","No","No","$21,298,911,000"
"912795YV7","Bill","4-Week","01/30/2007","02/01/2007","03/01/2007","99.620056","No","","","No","","02/01/2007","$10,000,000,000","Yes","No","$14,207,982,000"
"912795ZE4","Bill","13-Week","01/29/2007","02/01/2007","05/03/2007","98.733583","No","","","No","","02/01/2007","$17,000,000,000","Yes","No","$24,158,072,000"
"912795ZT1","Bill","26-Week","01/29/2007","02/01/2007","08/02/2007","97.482333","No","","","No","","02/01/2007","$14,000,000,000","No","No","$19,953,470,000"
"912828GF1","Note","5-Year","01/25/2007","01/31/2007","01/31/2012","99.538790","No","","","No","4.750%","01/31/2007","$13,000,000,000","No","No","$14,931,277,000"
"912828GE4","Note","2-Year","01/24/2007","01/31/2007","01/31/2009","99.896458","No","","","No","4.875%","01/31/2007","$20,000,000,000","No","No","$22,971,278,000"
"912810PS1","Bond","20-Year","01/23/2007","01/31/2007","01/15/2027","99.213485","No","","","No","2.375%","","$8,000,000,000","No","Yes","$9,188,508,000"
"912795YU9","Bill","4-Week","01/23/2007","01/25/2007","02/22/2007","99.618889","No","","","No","","01/25/2007","$9,000,000,000","Yes","No","$12,947,140,000"
"912795ZD6","Bill","13-Week","01/22/2007","01/25/2007","04/26/2007","98.737375","No","","","No","","01/25/2007","$17,000,000,000","Yes","No","$24,218,856,000"
"912795ZS3","Bill","26-Week","01/22/2007","01/25/2007","07/26/2007","97.489917","No","","","No","","01/25/2007","$14,000,000,000","No","No","$19,897,684,000"
"912795YT2","Bill","4-Week","01/17/2007","01/18/2007","02/15/2007","99.619278","No","","","No","","01/18/2007","$8,000,000,000","Yes","No","$11,551,871,000"
"912795ZC8","Bill","13-Week","01/16/2007","01/18/2007","04/19/2007","98.742431","No","","","No","","01/18/2007","$17,000,000,000","Yes","No","$24,050,273,000"
"912795ZR5","Bill","26-Week","01/16/2007","01/18/2007","07/19/2007","97.497500","No","","","No","","01/18/2007","$14,000,000,000","No","No","$19,863,300,000"
"912828GD6","Note","10-Year","01/11/2007","01/16/2007","01/15/2017","99.342280","No","","","No","2.375%","01/15/2007","$9,000,000,000","No","Yes","$11,249,508,000"
"912795YS4","Bill","4-Week","01/09/2007","01/11/2007","02/08/2007","99.626667","No","","","No","","01/11/2007","$8,000,000,000","Yes","No","$11,307,357,000"
"912795ZB0","Bill","13-Week","01/08/2007","01/11/2007","04/12/2007","98.751278","No","","","No","","01/11/2007","$17,000,000,000","Yes","No","$23,894,988,000"
"912795ZQ7","Bill","26-Week","01/08/2007","01/11/2007","07/12/2007","97.512667","No","","","No","","01/11/2007","$14,000,000,000","No","No","$19,894,237,000"
"912795YR6","Bill","4-Week","01/03/2007","01/04/2007","02/01/2007","99.629778","No","","","No","","01/04/2007","$8,000,000,000","Yes","No","$11,555,120,000"
"912795ZA2","Bill","13-Week","01/02/2007","01/04/2007","04/05/2007","98.753806","No","","","No","","01/04/2007","$17,000,000,000","Yes","No","$24,075,905,000"
"912795ZP9","Bill","26-Week","01/02/2007","01/04/2007","07/05/2007","97.522778","No","","","No","","01/04/2007","$14,000,000,000","No","No","$19,912,965,000"
"912828GC8","Note","5-Year","12/28/2006","01/02/2007","12/31/2011","99.651392","No","","","No","4.625%","12/31/2006","$13,000,000,000","No","No","$16,130,955,000"
"912828GB0","Note","2-Year","12/27/2006","01/02/2007","12/31/2008","99.971175","No","","","No","4.750%","12/31/2006","$20,000,000,000","No","No","$24,816,867,000"
"912795YQ8","Bill","4-Week","12/27/2006","12/28/2006","01/25/2007","99.637556","No","","","No","","12/28/2006","$8,000,000,000","Yes","No","$11,702,289,000"
"912795YZ8","Bill","13-Week","12/26/2006","12/28/2006","03/29/2007","98.767708","No","","","No","","12/28/2006","$17,000,000,000","Yes","No","$24,025,872,000"
"912795ZN4","Bill","26-Week","12/26/2006","12/28/2006","06/28/2007","97.522778","No","","","No","","12/28/2006","$15,000,000,000","No","No","$21,241,656,000"
"912795YP0","Bill","4-Week","12/19/2006","12/21/2006","01/18/2007","99.631333","No","","","No","","12/21/2006","$11,000,000,000","Yes","No","$14,759,111,000"
"912795YY1","Bill","13-Week","12/18/2006","12/21/2006","03/22/2007","98.780347","No","","","No","","12/21/2006","$17,000,000,000","Yes","No","$23,997,463,000"
"912795ZM6","Bill","26-Week","12/18/2006","12/21/2006","06/21/2007","97.530361","No","","","No","","12/21/2006","$15,000,000,000","No","No","$21,332,431,000"
"912828FY1","Note","9-Year 11-Month","12/13/2006","12/15/2006","11/15/2016","100.348304","No","","","No","4.625%","","$8,000,000,000","Yes","No","$8,000,078,000"
"912795YN5","Bill","4-Week","12/12/2006","12/14/2006","01/11/2007","99.629778","No","","","No","","12/14/2006","$11,000,000,000","Yes","No","$14,314,797,000"
"912795YX3","Bill","13-Week","12/11/2006","12/14/2006","03/15/2007","98.786667","No","","","No","","12/14/2006","$18,000,000,000","Yes","No","$25,358,559,000"
"912795ZL8","Bill","26-Week","12/11/2006","12/14/2006","06/14/2007","97.540472","No","","","No","","12/14/2006","$16,000,000,000","No","No","$22,752,670,000"
"912795YM7","Bill","4-Week","12/05/2006","12/07/2006","01/04/2007","99.629778","No","","","No","","12/07/2006","$18,000,000,000","Yes","No","$21,662,375,000"
"912795YW5","Bill","13-Week","12/04/2006","12/07/2006","03/08/2007","98.768972","No","","","No","","12/07/2006","$18,000,000,000","Yes","No","$25,342,143,000"
"912795ZK0","Bill","26-Week","12/04/2006","12/07/2006","06/07/2007","97.553111","No","","","No","","12/07/2006","$16,000,000,000","No","No","$22,787,035,000"
"912795TW1","Bill","10-Day","12/04/2006","12/05/2006","12/15/2006","99.855694","Yes","","","No","","","$11,000,000,000","Yes","No","$11,000,062,000"
"912795TW1","Bill","14-Day","11/29/2006","12/01/2006","12/15/2006","99.797194","Yes","","","No","","","$29,000,000,000","No","No","$29,000,190,000"
"912828GA2","Note","5-Year","11/29/2006","11/30/2006","11/30/2011","99.968974","No","","","No","4.500%","11/30/2006","$14,000,000,000","No","No","$17,036,745,000"
"912795YL9","Bill","4-Week","11/28/2006","11/30/2006","12/28/2006","99.597889","No","","","No","","11/30/2006","$26,000,000,000","Yes","No","$29,569,089,000"
"912828FZ8","Note","2-Year","11/28/2006","11/30/2006","11/30/2008","99.873505","No","","","No","4.625%","11/30/2006","$20,000,000,000","No","No","$24,338,233,000"
"912795YV7","Bill","13-Week","11/27/2006","11/30/2006","03/01/2007","98.760125","No","","","No","","11/30/2006","$18,000,000,000","Yes","No","$25,010,020,000"
"912795ZJ3","Bill","26-Week","11/27/2006","11/30/2006","05/31/2007","97.505083","No","","","No","","11/30/2006","$16,000,000,000","No","No","$22,625,206,000"
"912795YK1","Bill","4-Week","11/21/2006","11/24/2006","12/21/2006","99.613000","No","","","No","","11/24/2006","$26,000,000,000","Yes","No","$29,214,319,000"
"912795YU9","Bill","13-Week","11/20/2006","11/24/2006","02/22/2007","98.765000","No","","","No","","11/24/2006","$18,000,000,000","Yes","No","$25,000,547,000"
"912795ZH7","Bill","26-Week","11/20/2006","11/24/2006","05/24/2007","97.516278","No","","","No","","11/24/2006","$15,000,000,000","No","No","$21,250,244,000"
"912795YJ4","Bill","4-Week","11/14/2006","11/16/2006","12/14/2006","99.599444","No","","","No","","11/16/2006","$24,000,000,000","Yes","No","$27,448,194,000"
"912795YE5","Bill","1-Day","11/14/2006","11/15/2006","11/16/2006","99.985583","Yes","","","No","","","$5,000,000,000","Yes","No","$5,000,087,000"
"912795YT2","Bill","13-Week","11/13/2006","11/16/2006","02/15/2007","98.747486","No","","","No","","11/16/2006","$17,000,000,000","Yes","No","$24,114,411,000"
"912795ZG9","Bill","26-Week","11/13/2006","11/16/2006","05/17/2007","97.494972","No","","","No","","11/16/2006","$15,000,000,000","No","No","$21,380,153,000"
"912795YG0","Bill","15-Day","11/13/2006","11/15/2006","11/30/2006","99.784583","Yes","","","No","","","$11,000,000,000","Yes","No","$11,000,000,000"
"912828FY1","Note","10-Year","11/09/2006","11/15/2006","11/15/2016","99.984133","No","","","No","4.625%","11/15/2006","$13,000,000,000","No","No","$15,294,121,000"
"912828FX3","Note","3-Year","11/08/2006","11/15/2006","11/15/2009","99.886450","No","","","No","4.625%","11/15/2006","$19,000,000,000","No","No","$24,771,848,000"
"912795YH8","Bill","4-Week","11/07/2006","11/09/2006","12/07/2006","99.602944","No","","","No","","11/09/2006","$21,000,000,000","Yes","No","$24,697,329,000"
"912795YS4","Bill","13-Week","11/06/2006","11/09/2006","02/08/2007","98.747486","No","","","No","","11/09/2006","$17,000,000,000","Yes","No","$24,323,385,000"
"912795ZF1","Bill","26-Week","11/06/2006","11/09/2006","05/10/2007","97.482333","No","","","No","","11/09/2006","$15,000,000,000","No","No","$21,531,661,000"
"912795YG0","Bill","4-Week","10/31/2006","11/02/2006","11/30/2006","99.604500","No","","","No","","11/02/2006","$21,000,000,000","Yes","No","$24,500,607,000"
"912795YR6","Bill","13-Week","10/30/2006","11/02/2006","02/01/2007","98.742431","No","","","No","","11/02/2006","$17,000,000,000","Yes","No","$24,229,552,000"
"912795ZE4","Bill","26-Week","10/30/2006","11/02/2006","05/03/2007","97.494972","No","","","No","","11/02/2006","$15,000,000,000","No","No","$21,450,402,000"
"912828FW5","Note","5-Year","10/26/2006","10/31/2006","10/31/2011","99.695653","No","","","No","4.625%","10/31/2006","$14,000,000,000","No","No","$16,180,600,000"
"912828FV7","Note","2-Year","10/24/2006","10/31/2006","10/31/2008","99.964216","No","","","No","4.875%","10/31/2006","$20,000,000,000","No","No","$22,725,643,000"
"912795YF2","Bill","4-Week","10/24/2006","10/26/2006","11/24/2006","99.592792","No","","","No","","10/26/2006","$18,000,000,000","Yes","No","$20,827,510,000"
"912828FB1","Note","4-Year 6-Month","10/23/2006","10/31/2006","04/15/2011","101.365114","No","","","No","2.375%","","$7,000,000,000","Yes","Yes","$9,180,515,000"
"912795YQ8","Bill","13-Week","10/23/2006","10/26/2006","01/25/2007","98.738639","No","","","No","","10/26/2006","$17,000,000,000","Yes","No","$23,837,296,000"
"912795ZD6","Bill","26-Week","10/23/2006","10/26/2006","04/26/2007","97.484861","No","","","No","","10/26/2006","$15,000,000,000","No","No","$21,262,120,000"
"912795YE5","Bill","4-Week","10/17/2006","10/19/2006","11/16/2006","99.615000","No","","","No","","10/19/2006","$12,000,000,000","Yes","No","$15,524,361,000"
"912795YP0","Bill","13-Week","10/16/2006","10/19/2006","01/18/2007","98.751278","No","","","No","","10/19/2006","$16,000,000,000","Yes","No","$22,599,619,000"
"912795ZC8","Bill","26-Week","10/16/2006","10/19/2006","04/19/2007","97.505083","No","","","No","","10/19/2006","$15,000,000,000","No","No","$21,352,414,000"
"912828FL9","Note","9-Year 9-Month","10/12/2006","10/16/2006","07/15/2016","101.503690","No","","","No","2.500%","","$8,000,000,000","Yes","Yes","$9,411,776,000"
"912795YD7","Bill","4-Week","10/11/2006","10/12/2006","11/09/2006","99.627833","No","","","No","","10/12/2006","$8,000,000,000","Yes","No","$11,889,153,000"
"912795YN5","Bill","13-Week","10/10/2006","10/12/2006","01/11/2007","98.774028","No","","","No","","10/12/2006","$16,000,000,000","Yes","No","$21,712,855,000"
"912795ZB0","Bill","26-Week","10/10/2006","10/12/2006","04/12/2007","97.527833","No","","","No","","10/12/2006","$15,000,000,000","No","No","$21,580,170,000"
"912795YC9","Bill","4-Week","10/03/2006","10/05/2006","11/02/2006","99.642222","No","","","No","","10/05/2006","$8,000,000,000","Yes","No","$11,672,152,000"
"912795YM7","Bill","13-Week","10/02/2006","10/05/2006","01/04/2007","98.795514","No","","","No","","10/05/2006","$16,000,000,000","Yes","No","$22,702,649,000"
"912795ZA2","Bill","26-Week","10/02/2006","10/05/2006","04/05/2007","97.560694","No","","","No","","10/05/2006","$15,000,000,000","No","No","$21,441,168,000"
"912828FU9","Note","5-Year","09/28/2006","10/02/2006","09/30/2011","99.694413","No","","","No","4.500%","09/30/2006","$14,000,000,000","No","No","$17,500,134,000"
"912828FT2","Note","2-Year","09/27/2006","10/02/2006","09/30/2008","99.933494","No","","","No","4.625%","09/30/2006","$20,000,000,000","No","No","$24,499,355,000"
"912795YB1","Bill","4-Week","09/26/2006","09/28/2006","10/26/2006","99.646500","No","","","No","","09/28/2006","$8,000,000,000","Yes","No","$11,313,767,000"
"912795YL9","Bill","13-Week","09/25/2006","09/28/2006","12/28/2006","98.794250","No","","","No","","09/28/2006","$18,000,000,000","Yes","No","$25,220,303,000"
"912795YZ8","Bill","26-Week","09/25/2006","09/28/2006","03/29/2007","97.568278","No","","","No","","09/28/2006","$16,000,000,000","No","No","$22,704,286,000"
"912795YA3","Bill","4-Week","09/19/2006","09/21/2006","10/19/2006","99.639111","No","","","No","","09/21/2006","$8,000,000,000","Yes","No","$11,824,143,000"
"912795YK1","Bill","13-Week","09/18/2006","09/21/2006","12/21/2006","98.782875","No","","","No","","09/21/2006","$18,000,000,000","Yes","No","$25,613,153,000"
"912795YY1","Bill","26-Week","09/18/2006","09/21/2006","03/22/2007","97.512667","No","","","No","","09/21/2006","$16,000,000,000","No","No","$22,936,144,000"
"912795TV3","Bill","1-Day","09/13/2006","09/14/2006","09/15/2006","99.985556","Yes","","","No","","","$8,000,000,000","Yes","No","$8,000,476,000"
"912828FQ8","Note","9-Year 11-Month","09/12/2006","09/15/2006","08/15/2016","100.499835","No","","","No","4.875%","","$8,000,000,000","Yes","No","$8,000,081,000"
"912795XZ9","Bill","4-Week","09/12/2006","09/14/2006","10/12/2006","99.636389","No","","","No","","09/14/2006","$10,000,000,000","Yes","No","$13,780,742,000"
"912795YJ4","Bill","13-Week","09/11/2006","09/14/2006","12/14/2006","98.781611","No","","","No","","09/14/2006","$18,000,000,000","Yes","No","$25,684,294,000"
"912795YX3","Bill","26-Week","09/11/2006","09/14/2006","03/15/2007","97.505083","No","","","No","","09/14/2006","$16,000,000,000","No","No","$22,995,234,000"
"912795XY2","Bill","4-Week","09/06/2006","09/07/2006","10/05/2006","99.627444","No","","","No","","09/07/2006","$12,000,000,000","Yes","No","$16,015,785,000"
"912795TV3","Bill","8-Day","09/05/2006","09/07/2006","09/15/2006","99.885222","Yes","","","No","","","$12,000,000,000","Yes","No","$12,000,050,000"
"912795YH8","Bill","13-Week","09/05/2006","09/07/2006","12/07/2006","98.772764","No","","","No","","09/07/2006","$18,000,000,000","Yes","No","$25,469,746,000"
"912795YW5","Bill","26-Week","09/05/2006","09/07/2006","03/08/2007","97.512667","No","","","No","","09/07/2006","$16,000,000,000","No","No","$23,079,207,000"
"912795TV3","Bill","14-Day","08/30/2006","09/01/2006","09/15/2006","99.798944","Yes","","","No","","","$29,000,000,000","No","No","$29,000,120,000"
"912828FS4","Note","5-Year","08/30/2006","08/31/2006","08/31/2011","99.502144","No","","","No","4.625%","08/31/2006","$14,000,000,000","No","No","$17,500,001,000"
"912795XX4","Bill","4-Week","08/29/2006","08/31/2006","09/28/2006","99.603333","No","","","No","","08/31/2006","$24,000,000,000","Yes","No","$28,051,161,000"
"912828FR6","Note","2-Year","08/29/2006","08/31/2006","08/31/2008","99.913392","No","","","No","4.875%","08/31/2006","$22,000,000,000","No","No","$26,503,562,000"
"912795YG0","Bill","13-Week","08/28/2006","08/31/2006","11/30/2006","98.746222","No","","","No","","08/31/2006","$17,000,000,000","Yes","No","$24,617,582,000"
"912795YV7","Bill","26-Week","08/28/2006","08/31/2006","03/01/2007","97.487389","No","","","No","","08/31/2006","$16,000,000,000","No","No","$23,072,419,000"
"912795XW6","Bill","4-Week","08/22/2006","08/24/2006","09/21/2006","99.605278","No","","","No","","08/24/2006","$24,000,000,000","Yes","No","$28,063,274,000"
"912795YF2","Bill","13-Week","08/21/2006","08/24/2006","11/24/2006","98.728611","No","","","No","","08/24/2006","$17,000,000,000","Yes","No","$24,036,788,000"
"912795YU9","Bill","26-Week","08/21/2006","08/24/2006","02/22/2007","97.484861","No","","","No","","08/24/2006","$16,000,000,000","No","No","$23,169,238,000"
"912795XV8","Bill","4-Week","08/15/2006","08/17/2006","09/14/2006","99.605278","No","","","No","","08/17/2006","$24,000,000,000","Yes","No","$27,401,449,000"
"912795YE5","Bill","13-Week","08/14/2006","08/17/2006","11/16/2006","98.741167","No","","","No","","08/17/2006","$17,000,000,000","Yes","No","$24,566,284,000"
"912795YT2","Bill","26-Week","08/14/2006","08/17/2006","02/15/2007","97.457056","No","","","No","","08/17/2006","$16,000,000,000","No","No","$22,924,011,000"
"912810FT0","Bond","29-Year 6-Month","08/10/2006","08/15/2006","02/15/2036","91.181992","No","","","No","4.500%","08/15/2006","$10,000,000,000","Yes","No","$11,556,625,000"
"912828FQ8","Note","10-Year","08/09/2006","08/15/2006","08/15/2016","99.569877","No","","","No","4.875%","08/15/2006","$13,000,000,000","No","No","$14,556,560,000"
"912795XU0","Bill","4-Week","08/08/2006","08/10/2006","09/07/2006","99.600611","No","","","No","","08/10/2006","$24,000,000,000","Yes","No","$27,258,883,000"
"912828FP0","Note","3-Year","08/07/2006","08/15/2006","08/15/2009","99.936548","No","","","No","4.875%","08/15/2006","$21,000,000,000","No","No","$23,417,906,000"
"912795YD7","Bill","13-Week","08/07/2006","08/10/2006","11/09/2006","98.738639","No","","","No","","08/10/2006","$17,000,000,000","Yes","No","$24,574,037,000"
"912795YS4","Bill","26-Week","08/07/2006","08/10/2006","02/08/2007","97.477278","No","","","No","","08/10/2006","$16,000,000,000","No","No","$23,050,216,000"
"912795XT3","Bill","4-Week","08/01/2006","08/03/2006","08/31/2006","99.601778","No","","","No","","08/03/2006","$27,000,000,000","Yes","No","$30,955,168,000"
"912795YC9","Bill","13-Week","07/31/2006","08/03/2006","11/02/2006","98.742431","No","","","No","","08/03/2006","$17,000,000,000","Yes","No","$24,611,681,000"
"912795YR6","Bill","26-Week","07/31/2006","08/03/2006","02/01/2007","97.484861","No","","","No","","08/03/2006","$15,000,000,000","No","No","$21,535,072,000"
"912828FN5","Note","5-Year","07/27/2006","07/31/2006","07/31/2011","99.474808","No","","","No","4.875%","07/31/2006","$14,000,000,000","No","No","$16,829,863,000"
"912828FM7","Note","2-Year","07/26/2006","07/31/2006","07/31/2008","99.830895","No","","","No","5.000%","07/31/2006","$22,000,000,000","No","No","$26,424,341,000"
"912810FS2","Bond","19-Year 6-Month","07/25/2006","07/31/2006","01/15/2026","94.278150","No","","","No","2.000%","","$7,000,000,000","Yes","Yes","$8,235,302,000"
"912795XS5","Bill","4-Week","07/25/2006","07/27/2006","08/24/2006","99.617333","No","","","No","","07/27/2006","$23,000,000,000","Yes","No","$27,051,296,000"
"912795YB1","Bill","13-Week","07/24/2006","07/27/2006","10/26/2006","98.742431","No","","","No","","07/27/2006","$16,000,000,000","Yes","No","$23,017,170,000"
"912795YQ8","Bill","26-Week","07/24/2006","07/27/2006","01/25/2007","97.441889","No","","","No","","07/27/2006","$15,000,000,000","No","No","$21,523,714,000"
"912795XR7","Bill","4-Week","07/18/2006","07/20/2006","08/17/2006","99.622778","No","","","No","","07/20/2006","$15,000,000,000","Yes","No","$19,513,008,000"
"912795YA3","Bill","13-Week","07/17/2006","07/20/2006","10/19/2006","98.744958","No","","","No","","07/20/2006","$16,000,000,000","Yes","No","$23,275,127,000"
"912795YP0","Bill","26-Week","07/17/2006","07/20/2006","01/18/2007","97.426722","No","","","No","","07/20/2006","$14,000,000,000","No","No","$20,106,962,000"
"912828FL9","Note","10-Year","07/13/2006","07/17/2006","07/15/2016","99.593010","No","","","No","2.500%","","$9,000,000,000","No","Yes","$10,588,254,000"
"912795XQ9","Bill","4-Week","07/11/2006","07/13/2006","08/10/2006","99.626278","No","","","No","","07/13/2006","$15,000,000,000","Yes","No","$19,234,108,000"
"912795XZ9","Bill","13-Week","07/10/2006","07/13/2006","10/12/2006","98.755069","No","","","No","","07/13/2006","$15,000,000,000","Yes","No","$22,023,322,000"
"912795YN5","Bill","26-Week","07/10/2006","07/13/2006","01/11/2007","97.419139","No","","","No","","07/13/2006","$14,000,000,000","No","No","$20,199,133,000"
"912795XP1","Bill","4-Week","07/05/2006","07/06/2006","08/03/2006","99.631722","No","","","No","","07/06/2006","$15,000,000,000","Yes","No","$19,622,099,000"
"912795XY2","Bill","13-Week","07/03/2006","07/06/2006","10/05/2006","98.747486","No","","","No","","07/06/2006","$15,000,000,000","Yes","No","$22,227,934,000"
"912795YM7","Bill","26-Week","07/03/2006","07/06/2006","01/04/2007","97.426722","No","","","No","","07/06/2006","$14,000,000,000","No","No","$20,179,124,000"
"912828FK1","Note","5-Year","06/28/2006","06/30/2006","06/30/2011","99.660453","No","","","No","5.125%","06/30/2006","$14,000,000,000","No","No","$17,500,009,000"
"912828FJ4","Note","2-Year","06/27/2006","06/30/2006","06/30/2008","99.786183","No","","","No","5.125%","06/30/2006","$22,000,000,000","No","No","$26,496,892,000"
"912795XN6","Bill","4-Week","06/27/2006","06/29/2006","07/27/2006","99.628611","No","","","No","","06/29/2006","$15,000,000,000","Yes","No","$19,245,507,000"
"912795XX4","Bill","13-Week","06/26/2006","06/29/2006","09/28/2006","98.760125","No","","","No","","06/29/2006","$15,000,000,000","Yes","No","$22,426,189,000"
"912795YL9","Bill","26-Week","06/26/2006","06/29/2006","12/28/2006","97.416611","No","","","No","","06/29/2006","$14,000,000,000","No","No","$20,155,726,000"
"912795XM8","Bill","4-Week","06/20/2006","06/22/2006","07/20/2006","99.642222","No","","","No","","06/22/2006","$10,000,000,000","Yes","No","$15,070,193,000"
"912795XW6","Bill","13-Week","06/19/2006","06/22/2006","09/21/2006","98.779083","No","","","No","","06/22/2006","$15,000,000,000","Yes","No","$23,035,137,000"
"912795YK1","Bill","26-Week","06/19/2006","06/22/2006","12/21/2006","97.444417","No","","","No","","06/22/2006","$14,000,000,000","No","No","$20,261,616,000"
"912795XL0","Bill","4-Week","06/13/2006","06/15/2006","07/13/2006","99.638722","No","","","No","","06/15/2006","$8,000,000,000","Yes","No","$13,043,399,000"
"912795XV8","Bill","13-Week","06/12/2006","06/15/2006","09/14/2006","98.786667","No","","","No","","06/15/2006","$15,000,000,000","Yes","No","$22,838,196,000"
"912795YJ4","Bill","26-Week","06/12/2006","06/15/2006","12/14/2006","97.510139","No","","","No","","06/15/2006","$14,000,000,000","No","No","$20,264,834,000"
"912828FF2","Note","9-Year 11-Month","06/08/2006","06/15/2006","05/15/2016","101.154246","No","","","No","5.125%","","$8,000,000,000","Yes","No","$8,000,053,000"
"912795XK2","Bill","4-Week","06/06/2006","06/08/2006","07/06/2006","99.634444","No","","","No","","06/08/2006","$16,000,000,000","Yes","No","$22,087,894,000"
"912795XU0","Bill","13-Week","06/05/2006","06/08/2006","09/07/2006","98.809417","No","","","No","","06/08/2006","$15,000,000,000","Yes","No","$22,448,834,000"
"912795YH8","Bill","26-Week","06/05/2006","06/08/2006","12/07/2006","97.565750","No","","","No","","06/08/2006","$14,000,000,000","No","No","$20,469,332,000"
"912795XG1","Bill","9-Day","06/05/2006","06/06/2006","06/15/2006","99.878125","Yes","","","No","","","$9,000,000,000","Yes","No","$9,000,048,000"
"912795XJ5","Bill","4-Week","05/31/2006","06/01/2006","06/29/2006","99.638722","No","","","No","","06/01/2006","$16,000,000,000","Yes","No","$21,535,051,000"
"912795XG1","Bill","13-Day","05/30/2006","06/02/2006","06/15/2006","99.824139","Yes","","","No","","","$22,000,000,000","Yes","No","$22,000,164,000"
"912795XT3","Bill","13-Week","05/30/2006","06/01/2006","08/31/2006","98.806889","No","","","No","","06/01/2006","$15,000,000,000","Yes","No","$22,760,870,000"
"912795YG0","Bill","26-Week","05/30/2006","06/01/2006","11/30/2006","97.553111","No","","","No","","06/01/2006","$14,000,000,000","No","No","$20,085,717,000"
"912828FH8","Note","5-Year","05/25/2006","05/31/2006","05/31/2011","99.693242","No","","","No","4.875%","05/31/2006","$14,000,000,000","No","No","$17,143,251,000"
"912828FG0","Note","2-Year","05/24/2006","05/31/2006","05/31/2008","99.890815","No","","","No","4.875%","05/31/2006","$22,000,000,000","No","No","$25,929,049,000"
"912795XH9","Bill","4-Week","05/23/2006","05/25/2006","06/22/2006","99.637944","No","","","No","","05/25/2006","$16,000,000,000","Yes","No","$22,094,726,000"
"912795XS5","Bill","13-Week","05/22/2006","05/25/2006","08/24/2006","98.810681","No","","","No","","05/25/2006","$15,000,000,000","Yes","No","$22,255,612,000"
"912795YF2","Bill","26-Week","05/22/2006","05/25/2006","11/24/2006","97.554917","No","","","No","","05/25/2006","$14,000,000,000","No","No","$20,030,550,000"
"912795XG1","Bill","4-Week","05/16/2006","05/18/2006","06/15/2006","99.637556","No","","","No","","05/18/2006","$19,000,000,000","Yes","No","$24,838,709,000"
"912795XR7","Bill","13-Week","05/15/2006","05/18/2006","08/17/2006","98.801833","No","","","No","","05/18/2006","$15,000,000,000","Yes","No","$21,929,396,000"
"912795YE5","Bill","26-Week","05/15/2006","05/18/2006","11/16/2006","97.563222","No","","","No","","05/18/2006","$14,000,000,000","No","No","$19,851,880,000"
"912828FF2","Note","10-Year","05/11/2006","05/15/2006","05/15/2016","99.883851","No","","","No","5.125%","05/15/2006","$13,000,000,000","No","No","$15,294,131,000"
"912828FE5","Note","3-Year","05/09/2006","05/15/2006","05/15/2009","99.669485","No","","","No","4.875%","05/15/2006","$21,000,000,000","No","No","$27,379,434,000"
"912795XF3","Bill","4-Week","05/09/2006","05/11/2006","06/08/2006","99.640667","No","","","No","","05/11/2006","$10,000,000,000","Yes","No","$16,414,348,000"
"912795XQ9","Bill","13-Week","05/08/2006","05/11/2006","08/10/2006","98.801833","No","","","No","","05/11/2006","$15,000,000,000","Yes","No","$21,380,953,000"
"912795YD7","Bill","26-Week","05/08/2006","05/11/2006","11/09/2006","97.558167","No","","","No","","05/11/2006","$14,000,000,000","No","No","$20,088,424,000"
"912795XE6","Bill","4-Week","05/02/2006","05/04/2006","06/01/2006","99.644167","No","","","No","","05/04/2006","$8,000,000,000","Yes","No","$13,701,321,000"
"912795XP1","Bill","13-Week","05/01/2006","05/04/2006","08/03/2006","98.815736","No","","","No","","05/04/2006","$15,000,000,000","Yes","No","$21,714,934,000"
"912795YC9","Bill","26-Week","05/01/2006","05/04/2006","11/02/2006","97.583444","No","","","No","","05/04/2006","$14,000,000,000","No","No","$19,896,397,000"
"912828FD7","Note","5-Year","04/27/2006","05/01/2006","04/30/2011","99.610037","No","","","No","4.875%","04/30/2006","$14,000,000,000","No","No","$17,500,019,000"
"912828FC9","Note","2-Year","04/26/2006","05/01/2006","04/30/2008","99.811765","No","","","No","4.875%","04/30/2006","$22,000,000,000","No","No","$26,833,509,000"
"912828FB1","Note","5-Year","04/25/2006","04/28/2006","04/15/2011","100.067434","No","","","No","2.375%","","$11,000,000,000","No","Yes","$11,000,027,000"
"912795XD8","Bill","4-Week","04/25/2006","04/27/2006","05/25/2006","99.646889","No","","","No","","04/27/2006","$8,000,000,000","Yes","No","$13,451,777,000"
"912795XN6","Bill","13-Week","04/24/2006","04/27/2006","07/27/2006","98.828375","No","","","No","","04/27/2006","$14,000,000,000","Yes","No","$20,608,985,000"
"912795YB1","Bill","26-Week","04/24/2006","04/27/2006","10/26/2006","97.606194","No","","","No","","04/27/2006","$13,000,000,000","No","No","$18,596,122,000"
"912795XC0","Bill","4-Week","04/18/2006","04/20/2006","05/18/2006","99.653111","No","","","No","","04/20/2006","$8,000,000,000","Yes","No","$12,957,376,000"
"912795XM8","Bill","13-Week","04/17/2006","04/20/2006","07/20/2006","98.837222","No","","","No","","04/20/2006","$14,000,000,000","Yes","No","$20,278,393,000"
"912795YA3","Bill","26-Week","04/17/2006","04/20/2006","10/19/2006","97.598611","No","","","No","","04/20/2006","$13,000,000,000","No","No","$18,377,260,000"
"912828ET3","Note","9-Year 9-Month","04/12/2006","04/17/2006","01/15/2016","96.480271","No","","","No","2.000%","","$8,000,000,000","Yes","Yes","$8,000,023,000"
"912795TU5","Bill","4-Day","04/12/2006","04/13/2006","04/17/2006","99.947556","Yes","","","No","","","$17,000,000,000","Yes","No","$17,000,196,000"
"912795XB2","Bill","4-Week","04/11/2006","04/13/2006","05/11/2006","99.646889","No","","","No","","04/13/2006","$8,000,000,000","Yes","No","$12,038,201,000"
"912795XL0","Bill","13-Week","04/10/2006","04/13/2006","07/13/2006","98.844806","No","","","No","","04/13/2006","$14,000,000,000","Yes","No","$20,138,300,000"
"912795XZ9","Bill","26-Week","04/10/2006","04/13/2006","10/12/2006","97.623889","No","","","No","","04/13/2006","$13,000,000,000","No","No","$18,377,895,000"
"912795TU5","Bill","10-Day","04/06/2006","04/07/2006","04/17/2006","99.869861","Yes","","","No","","","$8,000,000,000","Yes","No","$8,000,125,000"
"912795TU5","Bill","11-Day","04/05/2006","04/06/2006","04/17/2006","99.857153","Yes","","","No","","","$13,000,000,000","Yes","No","$13,000,165,000"
"912795XA4","Bill","4-Week","04/04/2006","04/06/2006","05/04/2006","99.646111","No","","","No","","04/06/2006","$10,000,000,000","Yes","No","$13,588,381,000"
"912795XK2","Bill","13-Week","04/03/2006","04/06/2006","07/06/2006","98.853653","No","","","No","","04/06/2006","$15,000,000,000","Yes","No","$20,902,738,000"
"912795XY2","Bill","26-Week","04/03/2006","04/06/2006","10/05/2006","97.639056","No","","","No","","04/06/2006","$14,000,000,000","No","No","$19,572,281,000"
"912795TU5","Bill","14-Day","03/30/2006","04/03/2006","04/17/2006","99.817806","Yes","","","No","","","$20,000,000,000","No","No","$20,000,010,000"
"912828FA3","Note","5-Year","03/29/2006","03/31/2006","03/31/2011","99.845985","No","","","No","4.750%","03/31/2006","$14,000,000,000","No","No","$17,500,211,000"
"912795WZ0","Bill","4-Week","03/28/2006","03/30/2006","04/27/2006","99.639889","No","","","No","","03/30/2006","$20,000,000,000","Yes","No","$23,008,838,000"
"912828EZ9","Note","2-Year","03/27/2006","03/31/2006","03/31/2008","99.801852","No","","","No","4.625%","03/31/2006","$22,000,000,000","No","No","$26,833,778,000"
"912795XJ5","Bill","13-Week","03/27/2006","03/30/2006","06/29/2006","98.863764","No","","","No","","03/30/2006","$17,000,000,000","Yes","No","$23,324,056,000"
"912795XX4","Bill","26-Week","03/27/2006","03/30/2006","09/28/2006","97.674444","No","","","No","","03/30/2006","$15,000,000,000","No","No","$20,761,790,000"
"912795WY3","Bill","4-Week","03/21/2006","03/23/2006","04/20/2006","99.642222","No","","","No","","03/23/2006","$26,000,000,000","Yes","No","$28,748,746,000"
"912795XH9","Bill","13-Week","03/20/2006","03/23/2006","06/22/2006","98.851125","No","","","No","","03/23/2006","$20,000,000,000","Yes","No","$26,981,130,000"
"912795XW6","Bill","26-Week","03/20/2006","03/23/2006","09/21/2006","97.669389","No","","","No","","03/23/2006","$17,000,000,000","No","No","$23,275,196,000"
"912795WX5","Bill","4-Week","03/14/2006","03/16/2006","04/13/2006","99.658167","No","","","No","","03/16/2006","$18,000,000,000","Yes","No","$20,217,199,000"
"912795TS0","Bill","1-Day","03/14/2006","03/14/2006","03/15/2006","99.987750","Yes","","","No","","","$4,000,000,000","Yes","No","$4,000,000,000"
"912795XG1","Bill","13-Week","03/13/2006","03/16/2006","06/15/2006","98.859972","No","","","No","","03/16/2006","$21,000,000,000","Yes","No","$27,728,177,000"
"912795XV8","Bill","26-Week","03/13/2006","03/16/2006","09/14/2006","97.651694","No","","","No","","03/16/2006","$19,000,000,000","No","No","$25,870,221,000"
"912828EW6","Note","9-Year 11-Month","03/09/2006","03/15/2006","02/15/2016","97.955698","No","","","No","4.500%","","$8,000,000,000","Yes","No","$8,000,026,000"
"912795WW7","Bill","4-Week","03/07/2006","03/09/2006","04/06/2006","99.659333","No","","","No","","03/09/2006","$18,000,000,000","Yes","No","$20,178,713,000"
"912795TT8","Bill","6-Day","03/07/2006","03/08/2006","03/14/2006","99.927000","Yes","","","No","","","$7,000,000,000","No","No","$7,000,190,000"
"912795XF3","Bill","13-Week","03/06/2006","03/09/2006","06/08/2006","98.862500","No","","","No","","03/09/2006","$21,000,000,000","Yes","No","$28,029,998,000"
"912795XU0","Bill","26-Week","03/06/2006","03/09/2006","09/07/2006","97.674444","No","","","No","","03/09/2006","$19,000,000,000","No","No","$25,979,123,000"
"912795TS0","Bill","12-Day","03/01/2006","03/03/2006","03/15/2006","99.851833","Yes","","","No","","","$25,000,000,000","No","No","$25,000,150,000"
"912795WV9","Bill","4-Week","02/28/2006","03/02/2006","03/30/2006","99.658556","No","","","No","","03/02/2006","$20,000,000,000","Yes","No","$22,188,540,000"
"912795XE6","Bill","13-Week","02/27/2006","03/02/2006","06/01/2006","98.859972","No","","","No","","03/02/2006","$21,000,000,000","Yes","No","$28,195,627,000"
"912795XT3","Bill","26-Week","02/27/2006","03/02/2006","08/31/2006","97.684556","No","","","No","","03/02/2006","$19,000,000,000","No","No","$26,024,093,000"
"912828EX4","Note","5-Year","02/23/2006","02/28/2006","02/28/2011","99.460872","No","","","No","4.500%","02/28/2006","$14,000,000,000","No","No","$17,500,006,000"
"912828EY2","Note","2-Year","02/22/2006","02/28/2006","02/29/2008","99.879165","No","","","No","4.625%","02/28/2006","$22,000,000,000","No","No","$26,499,744,000"
"912795WU1","Bill","4-Week","02/22/2006","02/23/2006","03/23/2006","99.661667","No","","","No","","02/23/2006","$19,000,000,000","Yes","No","$21,505,500,000"
"912795XD8","Bill","13-Week","02/21/2006","02/23/2006","05/25/2006","98.875139","No","","","No","","02/23/2006","$20,000,000,000","Yes","No","$27,496,097,000"
"912795XS5","Bill","26-Week","02/21/2006","02/23/2006","08/24/2006","97.702250","No","","","No","","02/23/2006","$18,000,000,000","No","No","$24,962,345,000"
"912795WT4","Bill","4-Week","02/14/2006","02/16/2006","03/16/2006","99.663222","No","","","No","","02/16/2006","$16,000,000,000","Yes","No","$18,774,761,000"
"912795XC0","Bill","13-Week","02/13/2006","02/16/2006","05/18/2006","98.877667","No","","","No","","02/16/2006","$20,000,000,000","Yes","No","$27,244,556,000"
"912795XR7","Bill","26-Week","02/13/2006","02/16/2006","08/17/2006","97.704778","No","","","No","","02/16/2006","$17,000,000,000","No","No","$23,449,510,000"
"912810FT0","Bond","30-Year","02/09/2006","02/15/2006","02/15/2036","99.510492","No","","","No","4.500%","02/15/2006","$14,000,000,000","No","No","$14,841,330,000"
"912828EW6","Note","10-Year","02/08/2006","02/15/2006","02/15/2016","99.681335","No","","","No","4.500%","02/15/2006","$13,000,000,000","No","No","$13,841,304,000"
"912828EV8","Note","3-Year","02/07/2006","02/15/2006","02/15/2009","99.736583","No","","","No","4.500%","02/15/2006","$21,000,000,000","No","No","$22,306,795,000"
"912795WS6","Bill","4-Week","02/07/2006","02/09/2006","03/09/2006","99.671000","No","","","No","","02/09/2006","$14,000,000,000","Yes","No","$16,631,498,000"
"912795XB2","Bill","13-Week","02/06/2006","02/09/2006","05/11/2006","98.894097","No","","","No","","02/09/2006","$20,000,000,000","Yes","No","$27,768,160,000"
"912795XQ9","Bill","26-Week","02/06/2006","02/09/2006","08/10/2006","97.725000","No","","","No","","02/09/2006","$17,000,000,000","No","No","$23,646,097,000"
"912795WR8","Bill","4-Week","01/31/2006","02/02/2006","03/02/2006","99.666333","No","","","No","","02/02/2006","$18,000,000,000","Yes","No","$20,888,057,000"
"912795XA4","Bill","13-Week","01/30/2006","02/02/2006","05/04/2006","98.894097","No","","","No","","02/02/2006","$20,000,000,000","Yes","No","$27,946,846,000"
"912795XP1","Bill","26-Week","01/30/2006","02/02/2006","08/03/2006","97.757861","No","","","No","","02/02/2006","$17,000,000,000","No","No","$23,764,800,000"
"912828EU0","Note","2-Year","01/25/2006","01/31/2006","01/31/2008","99.901510","No","","","No","4.375%","01/31/2006","$22,000,000,000","No","No","$27,163,111,000"
"912810FS2","Bond","20-Year","01/24/2006","01/31/2006","01/15/2026","98.949064","No","","","No","2.000%","","$10,000,000,000","No","Yes","$11,764,706,000"
"912795WQ0","Bill","4-Week","01/24/2006","01/26/2006","02/23/2006","99.677611","No","","","No","","01/26/2006","$12,000,000,000","Yes","No","$15,147,195,000"
"912795WZ0","Bill","13-Week","01/23/2006","01/26/2006","04/27/2006","98.915583","No","","","No","","01/26/2006","$20,000,000,000","Yes","No","$27,890,362,000"
"912795XN6","Bill","26-Week","01/23/2006","01/26/2006","07/27/2006","97.805889","No","","","No","","01/26/2006","$17,000,000,000","No","No","$23,737,424,000"
"912795WP2","Bill","4-Week","01/18/2006","01/19/2006","02/16/2006","99.692778","No","","","No","","01/19/2006","$8,000,000,000","Yes","No","$10,587,530,000"
"912795WY3","Bill","13-Week","01/17/2006","01/19/2006","04/20/2006","98.920639","No","","","No","","01/19/2006","$20,000,000,000","Yes","No","$27,370,892,000"
"912795XM8","Bill","26-Week","01/17/2006","01/19/2006","07/20/2006","97.818528","No","","","No","","01/19/2006","$17,000,000,000","No","No","$23,546,201,000"
"912828ET3","Note","10-Year","01/12/2006","01/17/2006","01/15/2016","99.722833","No","","","No","2.000%","","$9,000,000,000","No","Yes","$9,000,072,000"
"912828ES5","Note","5-Year","01/11/2006","01/17/2006","01/15/2011","99.466250","No","","","No","4.250%","","$13,000,000,000","No","No","$13,000,118,000"
"912795WN7","Bill","4-Week","01/10/2006","01/12/2006","02/09/2006","99.683444","No","","","No","","01/12/2006","$8,000,000,000","Yes","No","$11,461,593,000"
"912795WX5","Bill","13-Week","01/09/2006","01/12/2006","04/13/2006","98.950972","No","","","No","","01/12/2006","$18,000,000,000","Yes","No","$24,971,542,000"
"912795XL0","Bill","26-Week","01/09/2006","01/12/2006","07/13/2006","97.851389","No","","","No","","01/12/2006","$16,000,000,000","No","No","$22,274,799,000"
"912795WM9","Bill","4-Week","01/04/2006","01/05/2006","02/02/2006","99.691611","No","","","No","","01/05/2006","$8,000,000,000","Yes","No","$11,756,645,000"
"912795WW7","Bill","13-Week","01/03/2006","01/05/2006","04/06/2006","98.971194","No","","","No","","01/05/2006","$17,000,000,000","Yes","No","$23,520,062,000"
"912795XK2","Bill","26-Week","01/03/2006","01/05/2006","07/06/2006","97.843806","No","","","No","","01/05/2006","$15,000,000,000","No","No","$21,038,495,000"
"912795TR2","Bill","14-Day","12/29/2005","01/03/2006","01/17/2006","99.840556","Yes","","","No","","","$12,000,000,000","No","No","$12,000,080,000"
"912828ER7","Note","2-Year","12/29/2005","01/03/2006","12/31/2007","99.944505","No","","","No","4.375%","12/31/2005","$20,000,000,000","No","No","$26,666,669,000"
"912795WL1","Bill","4-Week","12/28/2005","12/29/2005","01/26/2006","99.730111","No","","","No","","12/29/2005","$10,000,000,000","Yes","No","$13,671,439,000"
"912795WV9","Bill","13-Week","12/27/2005","12/29/2005","03/30/2006","99.012903","No","","","No","","12/29/2005","$17,000,000,000","Yes","No","$23,522,490,000"
"912795XJ5","Bill","26-Week","12/27/2005","12/29/2005","06/29/2006","97.876667","No","","","No","","12/29/2005","$15,000,000,000","No","No","$20,968,329,000"
"912795WK3","Bill","4-Week","12/20/2005","12/22/2005","01/19/2006","99.728167","No","","","No","","12/22/2005","$11,000,000,000","Yes","No","$13,987,063,000"
"912795WU1","Bill","13-Week","12/19/2005","12/22/2005","03/23/2006","99.015431","No","","","No","","12/22/2005","$18,000,000,000","Yes","No","$24,722,256,000"
"912795XH9","Bill","26-Week","12/19/2005","12/22/2005","06/22/2006","97.866556","No","","","No","","12/22/2005","$16,000,000,000","No","No","$22,241,074,000"
"912795WJ6","Bill","4-Week","12/13/2005","12/15/2005","01/12/2006","99.722333","No","","","No","","12/15/2005","$14,000,000,000","Yes","No","$17,487,879,000"
"912795WT4","Bill","13-Week","12/12/2005","12/15/2005","03/16/2006","99.034389","No","","","No","","12/15/2005","$18,000,000,000","Yes","No","$24,480,592,000"
"912795XG1","Bill","26-Week","12/12/2005","12/15/2005","06/15/2006","97.886778","No","","","No","","12/15/2005","$16,000,000,000","No","No","$22,383,245,000"
"912828EN6","Note","9-Year 11-Month","12/08/2005","12/15/2005","11/15/2015","100.072479","No","","","No","4.500%","","$8,000,000,000","Yes","No","$8,000,068,000"
"912828EQ9","Note","5-Year","12/07/2005","12/15/2005","12/15/2010","99.733563","No","","","No","4.375%","","$13,000,000,000","No","No","$13,000,051,000"
"912795WE7","Bill","7-Day","12/07/2005","12/08/2005","12/15/2005","99.920667","Yes","","","No","","","$11,000,000,000","Yes","No","$11,000,090,000"
"912795WH0","Bill","4-Week","12/06/2005","12/08/2005","01/05/2006","99.708333","No","","","No","","12/08/2005","$16,000,000,000","Yes","No","$18,933,895,000"
"912795WS6","Bill","13-Week","12/05/2005","12/08/2005","03/09/2006","99.006583","No","","","No","","12/08/2005","$18,000,000,000","Yes","No","$24,633,535,000"
"912795XF3","Bill","26-Week","12/05/2005","12/08/2005","06/08/2006","97.884250","No","","","No","","12/08/2005","$16,000,000,000","No","No","$22,562,007,000"
"912795WE7","Bill","13-Day","11/30/2005","12/02/2005","12/15/2005","99.857000","Yes","","","No","","","$18,000,000,000","Yes","No","$18,000,015,000"
"912795WE7","Bill","14-Day","11/29/2005","12/01/2005","12/15/2005","99.845222","Yes","","","No","","","$20,000,000,000","Yes","No","$20,000,465,000"
"912795WG2","Bill","4-Week","11/29/2005","12/01/2005","12/29/2005","99.695111","No","","","No","","12/01/2005","$20,000,000,000","Yes","No","$23,334,439,000"
"912795WR8","Bill","13-Week","11/28/2005","12/01/2005","03/02/2006","99.014167","No","","","No","","12/01/2005","$18,000,000,000","Yes","No","$24,474,078,000"
"912795XE6","Bill","26-Week","11/28/2005","12/01/2005","06/01/2006","97.899417","No","","","No","","12/01/2005","$16,000,000,000","No","No","$22,484,822,000"
"912828EP1","Note","2-Year","11/23/2005","11/30/2005","11/30/2007","99.812313","No","","","No","4.250%","11/30/2005","$20,000,000,000","No","No","$26,666,675,000"
"912795WF4","Bill","4-Week","11/22/2005","11/25/2005","12/22/2005","99.709375","No","","","No","","11/25/2005","$24,000,000,000","Yes","No","$26,891,272,000"
"912795WQ0","Bill","13-Week","11/21/2005","11/25/2005","02/23/2006","99.015000","No","","","No","","11/25/2005","$18,000,000,000","Yes","No","$25,213,322,000"
"912795XD8","Bill","26-Week","11/21/2005","11/25/2005","05/25/2006","97.910958","No","","","No","","11/25/2005","$16,000,000,000","No","No","$22,433,069,000"
"912795WE7","Bill","4-Week","11/15/2005","11/17/2005","12/15/2005","99.694333","No","","","No","","11/17/2005","$24,000,000,000","Yes","No","$26,791,401,000"
"912795WP2","Bill","13-Week","11/14/2005","11/17/2005","02/16/2006","99.011639","No","","","No","","11/17/2005","$18,000,000,000","Yes","No","$25,201,748,000"
"912795XC0","Bill","26-Week","11/14/2005","11/17/2005","05/18/2006","97.879194","No","","","No","","11/17/2005","$16,000,000,000","No","No","$22,418,163,000"
"912828EN6","Note","10-Year","11/10/2005","11/15/2005","11/15/2015","99.379727","No","","","No","4.500%","11/15/2005","$13,000,000,000","No","No","$15,220,587,000"
"912828EM8","Note","5-Year","11/09/2005","11/15/2005","11/15/2010","99.889244","No","","","No","4.500%","11/15/2005","$13,000,000,000","No","No","$15,960,803,000"
"912828EL0","Note","3-Year","11/08/2005","11/15/2005","11/15/2008","99.769326","No","","","No","4.375%","11/15/2005","$18,000,000,000","No","No","$21,449,335,000"
"912795WD9","Bill","4-Week","11/08/2005","11/10/2005","12/08/2005","99.702889","No","","","No","","11/10/2005","$22,000,000,000","Yes","No","$24,544,146,000"
"912795WN7","Bill","13-Week","11/07/2005","11/10/2005","02/09/2006","99.021750","No","","","No","","11/10/2005","$19,000,000,000","Yes","No","$25,678,014,000"
"912795XB2","Bill","26-Week","11/07/2005","11/10/2005","05/11/2006","97.899417","No","","","No","","11/10/2005","$17,000,000,000","No","No","$23,702,501,000"
"912795VZ1","Bill","1-Day","11/07/2005","11/09/2005","11/10/2005","99.989306","Yes","","","No","","","$4,000,000,000","Yes","No","$4,000,083,000"
"912795WC1","Bill","4-Week","11/01/2005","11/03/2005","12/01/2005","99.710278","No","","","No","","11/03/2005","$15,000,000,000","Yes","No","$17,761,852,000"
"912795WM9","Bill","13-Week","10/31/2005","11/03/2005","02/02/2006","99.016694","No","","","No","","11/03/2005","$19,000,000,000","Yes","No","$26,157,982,000"
"912795XA4","Bill","26-Week","10/31/2005","11/03/2005","05/04/2006","97.914583","No","","","No","","11/03/2005","$17,000,000,000","No","No","$23,777,653,000"
"912828EK2","Note","2-Year","10/26/2005","10/31/2005","10/31/2007","99.782022","No","","","No","4.250%","10/31/2005","$20,000,000,000","No","No","$26,550,663,000"
"912828CZ1","Note","4-Year 6-Month","10/25/2005","10/28/2005","04/15/2010","99.769334","No","","","No","0.875%","","$7,000,000,000","Yes","Yes","$7,000,032,000"
"912795WB3","Bill","4-Week","10/25/2005","10/27/2005","11/25/2005","99.707181","No","","","No","","10/27/2005","$18,000,000,000","Yes","No","$21,258,289,000"
"912795WL1","Bill","13-Week","10/24/2005","10/27/2005","01/26/2006","99.026806","No","","","No","","10/27/2005","$19,000,000,000","Yes","No","$26,299,349,000"
"912795WZ0","Bill","26-Week","10/24/2005","10/27/2005","04/27/2006","97.944917","No","","","No","","10/27/2005","$17,000,000,000","No","No","$23,707,722,000"
"912795WA5","Bill","4-Week","10/18/2005","10/20/2005","11/17/2005","99.726222","No","","","No","","10/20/2005","$13,000,000,000","Yes","No","$16,766,770,000"
"912795WK3","Bill","13-Week","10/17/2005","10/20/2005","01/19/2006","99.043236","No","","","No","","10/20/2005","$18,000,000,000","Yes","No","$24,533,557,000"
"912795WY3","Bill","26-Week","10/17/2005","10/20/2005","04/20/2006","97.970194","No","","","No","","10/20/2005","$16,000,000,000","No","No","$22,493,529,000"
"912828EA4","Note","9-Year 9-Month","10/13/2005","10/17/2005","07/15/2015","99.796392","No","","","No","1.875%","","$8,000,000,000","Yes","Yes","$8,000,006,000"
"912828EJ5","Note","5-Year","10/12/2005","10/17/2005","10/15/2010","99.910409","No","","","No","4.250%","","$13,000,000,000","No","No","$13,000,424,000"
"912795VZ1","Bill","4-Week","10/12/2005","10/13/2005","11/10/2005","99.730889","No","","","No","","10/13/2005","$10,000,000,000","Yes","No","$13,615,671,000"
"912795WJ6","Bill","13-Week","10/11/2005","10/13/2005","01/12/2006","99.082417","No","","","No","","10/13/2005","$18,000,000,000","Yes","No","$25,078,366,000"
"912795WX5","Bill","26-Week","10/11/2005","10/13/2005","04/13/2006","98.003056","No","","","No","","10/13/2005","$16,000,000,000","No","No","$22,365,620,000"
"912795TQ4","Bill","11-Day","10/05/2005","10/06/2005","10/17/2005","99.893056","Yes","","","No","","","$13,000,000,000","No","No","$13,000,133,000"
"912795VY4","Bill","4-Week","10/04/2005","10/06/2005","11/03/2005","99.743722","No","","","No","","10/06/2005","$8,000,000,000","Yes","No","$11,636,713,000"
"912795WH0","Bill","13-Week","10/03/2005","10/06/2005","01/05/2006","99.108958","No","","","No","","10/06/2005","$17,000,000,000","Yes","No","$24,277,328,000"
"912795WW7","Bill","26-Week","10/03/2005","10/06/2005","04/06/2006","98.043500","No","","","No","","10/06/2005","$15,000,000,000","No","No","$21,364,427,000"
"912828EH9","Note","2-Year","09/28/2005","09/30/2005","09/30/2007","99.819341","No","","","No","4.000%","09/30/2005","$20,000,000,000","No","No","$26,585,153,000"
"912795VX6","Bill","4-Week","09/27/2005","09/29/2005","10/27/2005","99.755000","No","","","No","","09/29/2005","$8,000,000,000","Yes","No","$12,450,285,000"
"912795WG2","Bill","13-Week","09/26/2005","09/29/2005","12/29/2005","99.130444","No","","","No","","09/29/2005","$17,000,000,000","Yes","No","$23,911,268,000"
"912795WV9","Bill","26-Week","09/26/2005","09/29/2005","03/30/2006","98.106694","No","","","No","","09/29/2005","$15,000,000,000","No","No","$21,204,002,000"
"912795VW8","Bill","4-Week","09/20/2005","09/22/2005","10/20/2005","99.750333","No","","","No","","09/22/2005","$8,000,000,000","Yes","No","$12,157,890,000"
"912795WF4","Bill","13-Week","09/19/2005","09/22/2005","12/22/2005","99.116542","No","","","No","","09/22/2005","$17,000,000,000","Yes","No","$23,865,991,000"
"912795WU1","Bill","26-Week","09/19/2005","09/22/2005","03/23/2006","98.121861","No","","","No","","09/22/2005","$15,000,000,000","No","No","$21,152,090,000"
"912795VV0","Bill","4-Week","09/13/2005","09/15/2005","10/13/2005","99.748778","No","","","No","","09/15/2005","$8,000,000,000","Yes","No","$12,227,538,000"
"912795WE7","Bill","13-Week","09/12/2005","09/15/2005","12/15/2005","99.127917","No","","","No","","09/15/2005","$17,000,000,000","Yes","No","$24,239,063,000"
"912795WT4","Bill","26-Week","09/12/2005","09/15/2005","03/16/2006","98.144611","No","","","No","","09/15/2005","$15,000,000,000","No","No","$21,239,258,000"
"912828EE6","Note","9-Year 11-Month","09/08/2005","09/15/2005","08/15/2015","100.929850","No","","","No","4.250%","","$8,000,000,000","Yes","No","$8,000,006,000"
"912828EG1","Note","5-Year","09/07/2005","09/15/2005","09/15/2010","99.878424","No","","","No","3.875%","","$13,000,000,000","No","No","$13,000,035,000"
"912795VU2","Bill","4-Week","09/07/2005","09/08/2005","10/06/2005","99.747611","No","","","No","","09/08/2005","$10,000,000,000","Yes","No","$13,841,788,000"
"912795TP6","Bill","6-Day","09/06/2005","09/08/2005","09/14/2005","99.942500","Yes","","","No","","","$8,000,000,000","No","No","$8,000,240,000"
"912795WD9","Bill","13-Week","09/06/2005","09/08/2005","12/08/2005","99.131708","No","","","No","","09/08/2005","$17,000,000,000","Yes","No","$24,306,786,000"
"912795WS6","Bill","26-Week","09/06/2005","09/08/2005","03/09/2006","98.195167","No","","","No","","09/08/2005","$15,000,000,000","No","No","$21,320,424,000"
"912795VR9","Bill","13-Day","08/31/2005","09/02/2005","09/15/2005","99.874694","Yes","","","No","","","$20,000,000,000","Yes","No","$20,000,176,000"
"912795VR9","Bill","14-Day","08/30/2005","09/01/2005","09/15/2005","99.865056","Yes","","","No","","","$18,000,000,000","Yes","No","$18,000,180,000"
"912795VT5","Bill","4-Week","08/30/2005","09/01/2005","09/29/2005","99.735944","No","","","No","","09/01/2005","$15,000,000,000","Yes","No","$18,942,621,000"
"912795WC1","Bill","13-Week","08/29/2005","09/01/2005","12/01/2005","99.116542","No","","","No","","09/01/2005","$17,000,000,000","Yes","No","$24,393,233,000"
"912795WR8","Bill","26-Week","08/29/2005","09/01/2005","03/02/2006","98.126917","No","","","No","","09/01/2005","$15,000,000,000","No","No","$21,271,135,000"
"912828EF3","Note","2-Year","08/24/2005","08/31/2005","08/31/2007","99.973350","No","","","No","4.000%","08/31/2005","$20,000,000,000","No","No","$26,666,683,000"
"912795VS7","Bill","4-Week","08/23/2005","08/25/2005","09/22/2005","99.745278","No","","","No","","08/25/2005","$16,000,000,000","Yes","No","$18,961,774,000"
"912795WB3","Bill","13-Week","08/22/2005","08/25/2005","11/25/2005","99.115778","No","","","No","","08/25/2005","$18,000,000,000","Yes","No","$25,388,147,000"
"912795WQ0","Bill","26-Week","08/22/2005","08/25/2005","02/23/2006","98.134500","No","","","No","","08/25/2005","$16,000,000,000","No","No","$22,389,198,000"
"912795VR9","Bill","4-Week","08/16/2005","08/18/2005","09/15/2005","99.746444","No","","","No","","08/18/2005","$16,000,000,000","Yes","No","$19,537,106,000"
"912795WA5","Bill","13-Week","08/15/2005","08/18/2005","11/17/2005","99.122861","No","","","No","","08/18/2005","$18,000,000,000","Yes","No","$24,532,954,000"
"912795WP2","Bill","26-Week","08/15/2005","08/18/2005","02/16/2006","98.126917","No","","","No","","08/18/2005","$16,000,000,000","No","No","$22,436,897,000"
"912828EE6","Note","10-Year","08/11/2005","08/15/2005","08/15/2015","99.196069","No","","","No","4.250%","08/15/2005","$13,000,000,000","No","No","$14,472,187,000"
"912828ED8","Note","5-Year","08/10/2005","08/15/2005","08/15/2010","99.562410","No","","","No","4.125%","08/15/2005","$13,000,000,000","No","No","$14,962,944,000"
"912795VQ1","Bill","4-Week","08/09/2005","08/11/2005","09/08/2005","99.741000","No","","","No","","08/11/2005","$14,000,000,000","Yes","No","$17,050,172,000"
"912828EC0","Note","3-Year","08/08/2005","08/15/2005","08/15/2008","99.779503","No","","","No","4.125%","08/15/2005","$18,000,000,000","No","No","$20,286,929,000"
"912795VZ1","Bill","13-Week","08/08/2005","08/11/2005","11/10/2005","99.125389","No","","","No","","08/11/2005","$18,000,000,000","Yes","No","$25,034,388,000"
"912795WN7","Bill","26-Week","08/08/2005","08/11/2005","02/09/2006","98.139556","No","","","No","","08/11/2005","$16,000,000,000","No","No","$22,350,835,000"
"912795VP3","Bill","4-Week","08/02/2005","08/04/2005","09/01/2005","99.744500","No","","","No","","08/04/2005","$15,000,000,000","Yes","No","$18,630,706,000"
"912795VY4","Bill","13-Week","08/01/2005","08/04/2005","11/03/2005","99.140556","No","","","No","","08/04/2005","$18,000,000,000","Yes","No","$25,189,073,000"
"912795WM9","Bill","26-Week","08/01/2005","08/04/2005","02/02/2006","98.180000","No","","","No","","08/04/2005","$16,000,000,000","No","No","$22,400,461,000"
"912828EB2","Note","2-Year","07/27/2005","08/01/2005","07/31/2007","99.809598","No","","","No","3.875%","07/31/2005","$20,000,000,000","No","No","$25,864,412,000"
"912810FR4","Bond","19-Year 6-Month","07/26/2005","07/29/2005","01/15/2025","107.821718","No","","","No","2.375%","","$6,000,000,000","Yes","Yes","$6,000,013,000"
"912795VN8","Bill","4-Week","07/26/2005","07/28/2005","08/25/2005","99.751889","No","","","No","","07/28/2005","$13,000,000,000","Yes","No","$16,221,070,000"
"912795VX6","Bill","13-Week","07/25/2005","07/28/2005","10/27/2005","99.154458","No","","","No","","07/28/2005","$19,000,000,000","Yes","No","$26,199,859,000"
"912795WL1","Bill","26-Week","07/25/2005","07/28/2005","01/26/2006","98.210333","No","","","No","","07/28/2005","$17,000,000,000","No","No","$23,464,923,000"
"912795VM0","Bill","4-Week","07/19/2005","07/21/2005","08/18/2005","99.761611","No","","","No","","07/21/2005","$14,000,000,000","Yes","No","$17,447,825,000"
"912795VW8","Bill","13-Week","07/18/2005","07/21/2005","10/20/2005","99.186056","No","","","No","","07/21/2005","$18,000,000,000","Yes","No","$25,168,209,000"
"912795WK3","Bill","26-Week","07/18/2005","07/21/2005","01/19/2006","98.271000","No","","","No","","07/21/2005","$16,000,000,000","No","No","$22,284,877,000"
"912828EA4","Note","10-Year","07/14/2005","07/15/2005","07/15/2015","99.420765","No","","","No","1.875%","","$9,000,000,000","No","Yes","$9,000,001,000"
"912828DZ0","Note","5-Year","07/13/2005","07/15/2005","07/15/2010","99.572992","No","","","No","3.875%","","$13,000,000,000","No","No","$13,000,111,000"
"912795VL2","Bill","4-Week","07/12/2005","07/14/2005","08/11/2005","99.769778","No","","","No","","07/14/2005","$15,000,000,000","Yes","No","$18,456,487,000"
"912795VV0","Bill","13-Week","07/11/2005","07/14/2005","10/13/2005","99.207542","No","","","No","","07/14/2005","$17,000,000,000","Yes","No","$24,321,265,000"
"912795WJ6","Bill","26-Week","07/11/2005","07/14/2005","01/12/2006","98.303861","No","","","No","","07/14/2005","$15,000,000,000","No","No","$21,013,887,000"
"912795VK4","Bill","4-Week","07/06/2005","07/07/2005","08/04/2005","99.766667","No","","","No","","07/07/2005","$12,000,000,000","Yes","No","$16,384,565,000"
"912795VU2","Bill","13-Week","07/05/2005","07/07/2005","10/06/2005","99.205014","No","","","No","","07/07/2005","$16,000,000,000","Yes","No","$23,598,786,000"
"912795WH0","Bill","26-Week","07/05/2005","07/07/2005","01/05/2006","98.319028","No","","","No","","07/07/2005","$14,000,000,000","No","No","$19,877,780,000"
"912795TN1","Bill","14-Day","06/29/2005","07/01/2005","07/15/2005","99.876917","Yes","","","No","","","$18,000,000,000","No","No","$18,000,230,000"
"912828DY3","Note","2-Year","06/29/2005","06/30/2005","06/30/2007","99.952201","No","","","No","3.625%","06/30/2005","$20,000,000,000","No","No","$26,666,866,000"
"912795VJ7","Bill","4-Week","06/28/2005","06/30/2005","07/28/2005","99.772500","No","","","No","","06/30/2005","$8,000,000,000","Yes","No","$12,551,716,000"
"912795VT5","Bill","13-Week","06/27/2005","06/30/2005","09/29/2005","99.221444","No","","","No","","06/30/2005","$16,000,000,000","Yes","No","$23,611,700,000"
"912795WG2","Bill","26-Week","06/27/2005","06/30/2005","12/29/2005","98.372111","No","","","No","","06/30/2005","$14,000,000,000","No","No","$19,778,005,000"
"912795VH1","Bill","4-Week","06/21/2005","06/23/2005","07/21/2005","99.783778","No","","","No","","06/23/2005","$8,000,000,000","Yes","No","$11,968,665,000"
"912795VS7","Bill","13-Week","06/20/2005","06/23/2005","09/22/2005","99.250514","No","","","No","","06/23/2005","$16,000,000,000","Yes","No","$23,947,095,000"
"912795WF4","Bill","26-Week","06/20/2005","06/23/2005","12/22/2005","98.394861","No","","","No","","06/23/2005","$14,000,000,000","No","No","$19,850,945,000"
"912795VG3","Bill","4-Week","06/14/2005","06/16/2005","07/14/2005","99.787278","No","","","No","","06/16/2005","$8,000,000,000","Yes","No","$12,138,905,000"
"912795VR9","Bill","13-Week","06/13/2005","06/16/2005","09/15/2005","99.247986","No","","","No","","06/16/2005","$17,000,000,000","Yes","No","$24,964,179,000"
"912795WE7","Bill","26-Week","06/13/2005","06/16/2005","12/15/2005","98.422667","No","","","No","","06/16/2005","$15,000,000,000","No","No","$21,071,528,000"
"912828DV9","Note","9-Year 11-Month","06/09/2005","06/15/2005","05/15/2015","101.091049","No","","","No","4.125%","","$8,000,000,000","Yes","No","$8,000,035,000"
"912828DX5","Note","5-Year","06/08/2005","06/15/2005","06/15/2010","99.637908","No","","","No","3.625%","","$14,000,000,000","No","No","$14,000,019,000"
"912795VF5","Bill","4-Week","06/07/2005","06/09/2005","07/07/2005","99.784167","No","","","No","","06/09/2005","$13,000,000,000","Yes","No","$17,437,151,000"
"912795VQ1","Bill","13-Week","06/06/2005","06/09/2005","09/08/2005","99.250514","No","","","No","","06/09/2005","$17,000,000,000","Yes","No","$25,058,681,000"
"912795WD9","Bill","26-Week","06/06/2005","06/09/2005","12/08/2005","98.453000","No","","","No","","06/09/2005","$15,000,000,000","No","No","$21,178,342,000"
"912795TM3","Bill","8-Day","06/06/2005","06/07/2005","06/15/2005","99.934667","Yes","","","No","","","$12,000,000,000","Yes","No","$12,000,405,000"
"912795TM3","Bill","12-Day","06/02/2005","06/03/2005","06/15/2005","99.902167","Yes","","","No","","","$16,000,000,000","Yes","No","$16,000,090,000"
"912795SV4","Bill","4-Week","06/01/2005","06/02/2005","06/30/2005","99.786889","No","","","No","","06/02/2005","$15,000,000,000","Yes","No","$20,132,096,000"
"912795VP3","Bill","13-Week","05/31/2005","06/02/2005","09/01/2005","99.258097","No","","","No","","06/02/2005","$17,000,000,000","Yes","No","$24,732,436,000"
"912795WC1","Bill","26-Week","05/31/2005","06/02/2005","12/01/2005","98.442889","No","","","No","","06/02/2005","$15,000,000,000","No","No","$20,988,103,000"
"912795TM3","Bill","14-Day","05/31/2005","06/01/2005","06/15/2005","99.887417","Yes","","","No","","","$10,000,000,000","No","No","$10,000,080,000"
"912828DW7","Note","2-Year","05/25/2005","05/31/2005","05/31/2007","99.780029","No","","","No","3.500%","05/31/2005","$22,000,000,000","No","No","$29,116,266,000"
"912795SU6","Bill","4-Week","05/24/2005","05/26/2005","06/23/2005","99.784944","No","","","No","","05/26/2005","$18,000,000,000","Yes","No","$22,881,421,000"
"912795VN8","Bill","13-Week","05/23/2005","05/26/2005","08/25/2005","99.268208","No","","","No","","05/26/2005","$17,000,000,000","Yes","No","$24,295,695,000"
"912795WB3","Bill","26-Week","05/23/2005","05/26/2005","11/25/2005","98.419083","No","","","No","","05/26/2005","$15,000,000,000","No","No","$20,791,903,000"
"912795ST9","Bill","4-Week","05/17/2005","05/19/2005","06/16/2005","99.801667","No","","","No","","05/19/2005","$12,000,000,000","Yes","No","$17,361,181,000"
"912795VM0","Bill","13-Week","05/16/2005","05/19/2005","08/18/2005","99.292222","No","","","No","","05/19/2005","$16,000,000,000","Yes","No","$22,866,676,000"
"912795WA5","Bill","26-Week","05/16/2005","05/19/2005","11/17/2005","98.447944","No","","","No","","05/19/2005","$14,000,000,000","No","No","$19,536,819,000"
"912828DV9","Note","10-Year","05/12/2005","05/16/2005","05/15/2015","99.231425","No","","","No","4.125%","05/15/2005","$14,000,000,000","No","No","$16,470,697,000"
"912828DU1","Note","5-Year","05/11/2005","05/16/2005","05/15/2010","99.932269","No","","","No","3.875%","05/15/2005","$15,000,000,000","No","No","$18,747,852,000"
"912828DT4","Note","3-Year","05/10/2005","05/16/2005","05/15/2008","99.800526","No","","","No","3.750%","05/15/2005","$22,000,000,000","No","No","$26,706,608,000"
"912795SS1","Bill","4-Week","05/10/2005","05/12/2005","06/09/2005","99.799722","No","","","No","","05/12/2005","$8,000,000,000","Yes","No","$13,595,179,000"
"912795VL2","Bill","13-Week","05/09/2005","05/12/2005","08/11/2005","99.279583","No","","","No","","05/12/2005","$15,000,000,000","Yes","No","$21,772,947,000"
"912795VZ1","Bill","26-Week","05/09/2005","05/12/2005","11/10/2005","98.422667","No","","","No","","05/12/2005","$13,000,000,000","No","No","$18,274,764,000"
"912795SR3","Bill","4-Week","05/03/2005","05/05/2005","06/02/2005","99.797389","No","","","No","","05/05/2005","$8,000,000,000","Yes","No","$13,668,081,000"
"912795VK4","Bill","13-Week","05/02/2005","05/05/2005","08/04/2005","99.274528","No","","","No","","05/05/2005","$15,000,000,000","Yes","No","$21,637,276,000"
"912795VY4","Bill","26-Week","05/02/2005","05/05/2005","11/03/2005","98.440361","No","","","No","","05/05/2005","$13,000,000,000","No","No","$18,213,638,000"
"912828DS6","Note","2-Year","04/27/2005","05/02/2005","04/30/2007","99.951975","No","","","No","3.625%","04/30/2005","$24,000,000,000","No","No","$31,994,645,000"
"912828CZ1","Note","5-Year","04/26/2005","04/29/2005","04/15/2010","99.624026","No","","","No","0.875%","","$9,000,000,000","Yes","Yes","$9,000,004,000"
"912795SQ5","Bill","4-Week","04/26/2005","04/28/2005","05/26/2005","99.790778","No","","","No","","04/28/2005","$8,000,000,000","Yes","No","$12,831,635,000"
"912795VJ7","Bill","13-Week","04/25/2005","04/28/2005","07/28/2005","99.272000","No","","","No","","04/28/2005","$16,000,000,000","Yes","No","$22,443,084,000"
"912795VX6","Bill","26-Week","04/25/2005","04/28/2005","10/27/2005","98.437833","No","","","No","","04/28/2005","$14,000,000,000","No","No","$19,350,809,000"
"912795SP7","Bill","4-Week","04/19/2005","04/21/2005","05/19/2005","99.790778","No","","","No","","04/21/2005","$8,000,000,000","Yes","No","$12,284,718,000"
"912795VH1","Bill","13-Week","04/18/2005","04/21/2005","07/21/2005","99.290958","No","","","No","","04/21/2005","$16,000,000,000","Yes","No","$22,290,843,000"
"912795VW8","Bill","26-Week","04/18/2005","04/21/2005","10/20/2005","98.463111","No","","","No","","04/21/2005","$14,000,000,000","No","No","$19,404,480,000"
"912828DH0","Note","9-Year 9-Month","04/14/2005","04/15/2005","01/15/2015","99.020489","No","","","No","1.625%","","$9,000,000,000","Yes","Yes","$9,000,026,000"
"912828DR8","Note","5-Year","04/13/2005","04/15/2005","04/15/2010","99.793649","No","","","No","4.000%","","$15,000,000,000","No","No","$15,000,019,000"
"912795TL5","Bill","4-Day","04/13/2005","04/14/2005","04/18/2005","99.970667","Yes","","","No","","","$7,000,000,000","No","No","$7,000,040,000"
"912795SN2","Bill","4-Week","04/12/2005","04/14/2005","05/12/2005","99.801278","No","","","No","","04/14/2005","$10,000,000,000","Yes","No","$13,460,382,000"
"912795VG3","Bill","13-Week","04/11/2005","04/14/2005","07/14/2005","99.314972","No","","","No","","04/14/2005","$17,000,000,000","Yes","No","$23,330,901,000"
"912795VV0","Bill","26-Week","04/11/2005","04/14/2005","10/13/2005","98.450472","No","","","No","","04/14/2005","$15,000,000,000","No","No","$20,510,884,000"
"912795TK7","Bill","8-Day","04/06/2005","04/07/2005","04/15/2005","99.940889","Yes","","","No","","","$15,000,000,000","Yes","No","$15,000,532,000"
"912795SM4","Bill","4-Week","04/05/2005","04/07/2005","05/05/2005","99.798944","No","","","No","","04/07/2005","$15,000,000,000","Yes","No","$18,296,737,000"
"912795VF5","Bill","13-Week","04/04/2005","04/07/2005","07/07/2005","99.308653","No","","","No","","04/07/2005","$18,000,000,000","Yes","No","$24,596,298,000"
"912795VU2","Bill","26-Week","04/04/2005","04/07/2005","10/06/2005","98.465639","No","","","No","","04/07/2005","$16,000,000,000","No","No","$21,837,846,000"
"912795TK7","Bill","14-Day","03/30/2005","04/01/2005","04/15/2005","99.894222","Yes","","","No","","","$25,000,000,000","No","No","$25,000,400,000"
"912828DQ0","Note","2-Year","03/30/2005","03/31/2005","03/31/2007","99.790219","No","","","No","3.750%","03/31/2005","$24,000,000,000","No","No","$32,000,051,000"
"912795SL6","Bill","4-Week","03/29/2005","03/31/2005","04/28/2005","99.793889","No","","","No","","03/31/2005","$17,000,000,000","Yes","No","$19,869,274,000"
"912795SV4","Bill","13-Week","03/28/2005","03/31/2005","06/30/2005","99.297278","No","","","No","","03/31/2005","$19,000,000,000","Yes","No","$25,728,404,000"
"912795VT5","Bill","26-Week","03/28/2005","03/31/2005","09/29/2005","98.437833","No","","","No","","03/31/2005","$17,000,000,000","No","No","$23,011,512,000"
"912795SK8","Bill","4-Week","03/22/2005","03/24/2005","04/21/2005","99.790000","No","","","No","","03/24/2005","$24,000,000,000","Yes","No","$25,996,508,000"
"912795SU6","Bill","13-Week","03/21/2005","03/24/2005","06/23/2005","99.292222","No","","","No","","03/24/2005","$20,000,000,000","Yes","No","$26,952,664,000"
"912795VS7","Bill","26-Week","03/21/2005","03/24/2005","09/22/2005","98.465639","No","","","No","","03/24/2005","$18,000,000,000","No","No","$24,267,532,000"
"912795SJ1","Bill","4-Week","03/15/2005","03/17/2005","04/14/2005","99.794278","No","","","No","","03/17/2005","$24,000,000,000","Yes","No","$26,483,543,000"
"912795ST9","Bill","13-Week","03/14/2005","03/17/2005","06/16/2005","99.308653","No","","","No","","03/17/2005","$20,000,000,000","Yes","No","$27,074,115,000"
"912795VR9","Bill","26-Week","03/14/2005","03/17/2005","09/15/2005","98.483333","No","","","No","","03/17/2005","$18,000,000,000","No","No","$24,204,756,000"
"912828DM9","Note","9-Year 11-Month","03/10/2005","03/15/2005","02/15/2015","95.996638","No","","","No","4.000%","","$9,000,000,000","Yes","No","$9,000,012,000"
"912828DP2","Note","5-Year","03/09/2005","03/15/2005","03/15/2010","99.641447","No","","","No","4.000%","","$15,000,000,000","No","No","$15,000,157,000"
"912795SH5","Bill","4-Week","03/08/2005","03/10/2005","04/07/2005","99.800500","No","","","No","","03/10/2005","$24,000,000,000","Yes","No","$26,831,269,000"
"912795SS1","Bill","13-Week","03/07/2005","03/10/2005","06/09/2005","99.314972","No","","","No","","03/10/2005","$20,000,000,000","Yes","No","$26,900,765,000"
"912795VQ1","Bill","26-Week","03/07/2005","03/10/2005","09/08/2005","98.516194","No","","","No","","03/10/2005","$18,000,000,000","No","No","$24,360,392,000"
"912795TJ0","Bill","7-Day","03/07/2005","03/08/2005","03/15/2005","99.952069","Yes","","","No","","","$13,000,000,000","Yes","No","$13,000,120,000"
"912795TJ0","Bill","12-Day","03/02/2005","03/03/2005","03/15/2005","99.918667","Yes","","","No","","","$11,000,000,000","No","No","$11,000,280,000"
"912795SG7","Bill","4-Week","03/01/2005","03/03/2005","03/31/2005","99.804778","No","","","No","","03/03/2005","$24,000,000,000","Yes","No","$26,875,581,000"
"912795SR3","Bill","13-Week","02/28/2005","03/03/2005","06/02/2005","99.313708","No","","","No","","03/03/2005","$21,000,000,000","Yes","No","$28,024,240,000"
"912795VP3","Bill","26-Week","02/28/2005","03/03/2005","09/01/2005","98.521250","No","","","No","","03/03/2005","$18,000,000,000","No","No","$24,243,909,000"
"912828DN7","Note","2-Year","02/24/2005","02/28/2005","02/28/2007","99.764391","No","","","No","3.375%","02/28/2005","$24,000,000,000","No","No","$32,000,006,000"
"912795SF9","Bill","4-Week","02/23/2005","02/24/2005","03/24/2005","99.811778","No","","","No","","02/24/2005","$24,000,000,000","Yes","No","$26,997,931,000"
"912795SQ5","Bill","13-Week","02/22/2005","02/24/2005","05/26/2005","99.338986","No","","","No","","02/24/2005","$21,000,000,000","Yes","No","$28,064,290,000"
"912795VN8","Bill","26-Week","02/22/2005","02/24/2005","08/25/2005","98.559167","No","","","No","","02/24/2005","$18,000,000,000","No","No","$24,221,870,000"
"912795SE2","Bill","4-Week","02/15/2005","02/17/2005","03/17/2005","99.816833","No","","","No","","02/17/2005","$19,000,000,000","Yes","No","$23,308,369,000"
"912795SP7","Bill","13-Week","02/14/2005","02/17/2005","05/19/2005","99.357944","No","","","No","","02/17/2005","$20,000,000,000","Yes","No","$26,432,637,000"
"912795VM0","Bill","26-Week","02/14/2005","02/17/2005","08/18/2005","98.604667","No","","","No","","02/17/2005","$17,000,000,000","No","No","$23,191,516,000"
"912828DM9","Note","10-Year","02/10/2005","02/15/2005","02/15/2015","99.600335","No","","","No","4.000%","02/15/2005","$14,000,000,000","No","No","$15,211,916,000"
"912828DL1","Note","5-Year","02/09/2005","02/15/2005","02/15/2010","99.464692","No","","","No","3.500%","02/15/2005","$15,000,000,000","No","No","$16,615,898,000"
"912795TH4","Bill","3-Day","02/09/2005","02/11/2005","02/14/2005","99.980167","Yes","","","No","","","$5,000,000,000","No","No","$5,000,000,000"
"912828DK3","Note","3-Year","02/08/2005","02/15/2005","02/15/2008","99.731536","No","","","No","3.375%","02/15/2005","$22,000,000,000","No","No","$23,882,592,000"
"912795SD4","Bill","4-Week","02/08/2005","02/10/2005","03/10/2005","99.821111","No","","","No","","02/10/2005","$19,000,000,000","Yes","No","$22,253,846,000"
"912795SN2","Bill","13-Week","02/07/2005","02/10/2005","05/12/2005","99.373111","No","","","No","","02/10/2005","$20,000,000,000","Yes","No","$27,398,588,000"
"912795VL2","Bill","26-Week","02/07/2005","02/10/2005","08/11/2005","98.629944","No","","","No","","02/10/2005","$17,000,000,000","No","No","$23,181,572,000"
"912795SC6","Bill","4-Week","02/01/2005","02/03/2005","03/03/2005","99.829278","No","","","No","","02/03/2005","$12,000,000,000","Yes","No","$14,934,707,000"
"912795SM4","Bill","13-Week","01/31/2005","02/03/2005","05/05/2005","99.374375","No","","","No","","02/03/2005","$20,000,000,000","Yes","No","$27,559,261,000"
"912795VK4","Bill","26-Week","01/31/2005","02/03/2005","08/04/2005","98.629944","No","","","No","","02/03/2005","$17,000,000,000","No","No","$23,198,495,000"
"912828DJ6","Note","2-Year","01/26/2005","01/31/2005","01/31/2007","99.769428","No","","","No","3.125%","01/31/2005","$24,000,000,000","No","No","$28,999,871,000"
"912810FR4","Bond","20-Year","01/25/2005","01/31/2005","01/15/2025","107.552000","No","","","No","2.375%","","$8,000,000,000","Yes","Yes","$10,999,930,000"
"912795SB8","Bill","4-Week","01/25/2005","01/27/2005","02/24/2005","99.842111","No","","","No","","01/27/2005","$8,000,000,000","Yes","No","$11,428,896,000"
"912795SL6","Bill","13-Week","01/24/2005","01/27/2005","04/28/2005","99.413556","No","","","No","","01/27/2005","$19,000,000,000","Yes","No","$26,005,580,000"
"912795VJ7","Bill","26-Week","01/24/2005","01/27/2005","07/28/2005","98.680500","No","","","No","","01/27/2005","$16,000,000,000","No","No","$21,790,847,000"
"912795SA0","Bill","4-Week","01/19/2005","01/20/2005","02/17/2005","99.851444","No","","","No","","01/20/2005","$8,000,000,000","Yes","No","$10,001,578,000"
"912795SK8","Bill","13-Week","01/18/2005","01/20/2005","04/21/2005","99.403444","No","","","No","","01/20/2005","$19,000,000,000","Yes","No","$26,509,569,000"
"912795VH1","Bill","26-Week","01/18/2005","01/20/2005","07/21/2005","98.667861","No","","","No","","01/20/2005","$16,000,000,000","No","No","$22,066,427,000"
"912828DH0","Note","10-Year","01/13/2005","01/18/2005","01/15/2015","99.090640","No","","","No","1.625%","","$10,000,000,000","No","Yes","$10,000,003,000"
"912828DG2","Note","5-Year","01/12/2005","01/18/2005","01/15/2010","99.520732","No","","","No","3.625%","","$15,000,000,000","No","No","$15,000,046,000"
"912795TG6","Bill","5-Day","01/11/2005","01/13/2005","01/18/2005","99.971667","Yes","","","No","","","$4,000,000,000","Yes","No","$4,000,060,000"
"912795RZ6","Bill","4-Week","01/11/2005","01/13/2005","02/10/2005","99.846000","No","","","No","","01/13/2005","$8,000,000,000","Yes","No","$10,785,820,000"
"912795SJ1","Bill","13-Week","01/10/2005","01/13/2005","04/14/2005","99.411028","No","","","No","","01/13/2005","$19,000,000,000","Yes","No","$25,069,709,000"
"912795VG3","Bill","26-Week","01/10/2005","01/13/2005","07/14/2005","98.685556","No","","","No","","01/13/2005","$16,000,000,000","No","No","$21,796,832,000"
"912795RY9","Bill","4-Week","01/04/2005","01/06/2005","02/03/2005","99.844444","No","","","No","","01/06/2005","$10,000,000,000","Yes","No","$13,642,696,000"
"912795SH5","Bill","13-Week","01/03/2005","01/06/2005","04/07/2005","99.424931","No","","","No","","01/06/2005","$19,000,000,000","Yes","No","$25,176,689,000"
"912795VF5","Bill","26-Week","01/03/2005","01/06/2005","07/07/2005","98.705778","No","","","No","","01/06/2005","$17,000,000,000","No","No","$23,176,652,000"
"912795TG6","Bill","15-Day","12/30/2004","01/03/2005","01/18/2005","99.912917","Yes","","","No","","","$15,000,000,000","No","No","$15,000,000,000"
"912828DF4","Note","2-Year","12/29/2004","12/31/2004","12/31/2006","99.769076","No","","","No","3.000%","12/31/2004","$24,000,000,000","No","No","$31,947,744,000"
"912795RX1","Bill","4-Week","12/28/2004","12/30/2004","01/27/2005","99.856889","No","","","No","","12/30/2004","$10,000,000,000","Yes","No","$13,019,415,000"
"912795SG7","Bill","13-Week","12/27/2004","12/30/2004","03/31/2005","99.437569","No","","","No","","12/30/2004","$19,000,000,000","Yes","No","$25,491,824,000"
"912795SV4","Bill","26-Week","12/27/2004","12/30/2004","06/30/2005","98.705778","No","","","No","","12/30/2004","$17,000,000,000","No","No","$23,005,559,000"
"912795RW3","Bill","4-Week","12/21/2004","12/23/2004","01/20/2005","99.853778","No","","","No","","12/23/2004","$10,000,000,000","Yes","No","$12,786,747,000"
"912795SF9","Bill","13-Week","12/20/2004","12/23/2004","03/24/2005","99.448944","No","","","No","","12/23/2004","$19,000,000,000","Yes","No","$25,228,842,000"
"912795SU6","Bill","26-Week","12/20/2004","12/23/2004","06/23/2005","98.753806","No","","","No","","12/23/2004","$17,000,000,000","No","No","$22,932,751,000"
"912795RV5","Bill","4-Week","12/14/2004","12/16/2004","01/13/2005","99.847556","No","","","No","","12/16/2004","$10,000,000,000","Yes","No","$12,066,182,000"
"912795SE2","Bill","13-Week","12/13/2004","12/16/2004","03/17/2005","99.443889","No","","","No","","12/16/2004","$19,000,000,000","Yes","No","$23,710,997,000"
"912795ST9","Bill","26-Week","12/13/2004","12/16/2004","06/16/2005","98.774028","No","","","No","","12/16/2004","$17,000,000,000","No","No","$22,682,182,000"
"912828DC1","Note","9-Year 11-Month","12/09/2004","12/15/2004","11/15/2014","100.800290","No","","","No","4.250%","","$9,000,000,000","Yes","No","$9,000,037,000"
"912828DE7","Note","5-Year","12/08/2004","12/15/2004","12/15/2009","99.772769","No","","","No","3.500%","","$15,000,000,000","No","No","$15,000,048,000"
"912795RU7","Bill","4-Week","12/07/2004","12/09/2004","01/06/2005","99.840556","No","","","No","","12/09/2004","$19,000,000,000","Yes","No","$22,178,437,000"
"912795SD4","Bill","13-Week","12/06/2004","12/09/2004","03/10/2005","99.441361","No","","","No","","12/09/2004","$19,000,000,000","Yes","No","$24,707,258,000"
"912795SS1","Bill","26-Week","12/06/2004","12/09/2004","06/09/2005","98.796778","No","","","No","","12/09/2004","$17,000,000,000","No","No","$23,178,344,000"
"912795TF8","Bill","8-Day","12/03/2004","12/07/2004","12/15/2004","99.956000","Yes","","","No","","","$14,000,000,000","Yes","No","$14,000,425,000"
"912795TF8","Bill","12-Day","12/01/2004","12/03/2004","12/15/2004","99.934667","Yes","","","No","","","$24,000,000,000","Yes","No","$24,000,500,000"
"912795RT0","Bill","4-Week","11/30/2004","12/02/2004","12/30/2004","99.841722","No","","","No","","12/02/2004","$19,000,000,000","Yes","No","$21,861,590,000"
"912795TF8","Bill","14-Day","11/30/2004","12/01/2004","12/15/2004","99.924167","Yes","","","No","","","$4,000,000,000","No","No","$4,000,000,000"
"912795SC6","Bill","13-Week","11/29/2004","12/02/2004","03/03/2005","99.445153","No","","","No","","12/02/2004","$19,000,000,000","Yes","No","$25,021,108,000"
"912795SR3","Bill","26-Week","11/29/2004","12/02/2004","06/02/2005","98.789194","No","","","No","","12/02/2004","$17,000,000,000","No","No","$23,160,387,000"
"912828DD9","Note","2-Year","11/23/2004","11/30/2004","11/30/2006","99.865006","No","","","No","2.875%","11/30/2004","$24,000,000,000","No","No","$30,043,938,000"
"912795RS2","Bill","4-Week","11/23/2004","11/26/2004","12/23/2004","99.853750","No","","","No","","11/26/2004","$22,000,000,000","Yes","No","$24,423,835,000"
"912795SB8","Bill","13-Week","11/22/2004","11/26/2004","02/24/2005","99.461250","No","","","No","","11/26/2004","$19,000,000,000","Yes","No","$25,431,736,000"
"912795SQ5","Bill","26-Week","11/22/2004","11/26/2004","05/26/2005","98.810931","No","","","No","","11/26/2004","$17,000,000,000","No","No","$23,072,983,000"
"912795RR4","Bill","4-Week","11/19/2004","11/23/2004","12/16/2004","99.877014","No","","","No","","","$24,000,000,000","Yes","No","$24,000,335,000"
"912795TE1","Bill","5-Day","11/17/2004","11/18/2004","11/23/2004","99.973750","Yes","","","No","","","$7,000,000,000","No","No","$7,000,025,000"
"912795SA0","Bill","13-Week","11/15/2004","11/18/2004","02/17/2005","99.475486","No","","","No","","11/18/2004","$19,000,000,000","Yes","No","$27,095,295,000"
"912795SP7","Bill","26-Week","11/15/2004","11/18/2004","05/19/2005","98.847333","No","","","No","","11/18/2004","$17,000,000,000","No","No","$24,047,330,000"
"912828DC1","Note","10-Year","11/10/2004","11/15/2004","11/15/2014","99.758010","No","","","No","4.250%","11/15/2004","$14,000,000,000","No","No","$16,470,687,000"
"912828DB3","Note","5-Year","11/09/2004","11/15/2004","11/15/2009","99.954506","No","","","No","3.500%","11/15/2004","$15,000,000,000","No","No","$18,750,233,000"
"912795RQ6","Bill","4-Week","11/09/2004","11/12/2004","12/09/2004","99.857500","No","","","No","","11/12/2004","$24,000,000,000","Yes","No","$25,494,708,000"
"912828AN0","Note","3-Year","11/08/2004","11/15/2004","11/15/2007","99.744019","No","","","No","3.000%","11/15/2004","$22,000,000,000","Yes","No","$27,301,239,000"
"912795RZ6","Bill","13-Week","11/08/2004","11/12/2004","02/10/2005","99.488750","No","","","No","","11/12/2004","$21,000,000,000","Yes","No","$27,991,893,000"
"912795SN2","Bill","26-Week","11/08/2004","11/12/2004","05/12/2005","98.863722","No","","","No","","11/12/2004","$19,000,000,000","No","No","$25,784,041,000"
"912795RP8","Bill","4-Week","11/02/2004","11/04/2004","12/02/2004","99.857278","No","","","No","","11/04/2004","$20,000,000,000","Yes","No","$22,027,855,000"
"912795RY9","Bill","13-Week","11/01/2004","11/04/2004","02/03/2005","99.507083","No","","","No","","11/04/2004","$21,000,000,000","Yes","No","$27,650,282,000"
"912795SM4","Bill","26-Week","11/01/2004","11/04/2004","05/05/2005","98.918111","No","","","No","","11/04/2004","$19,000,000,000","No","No","$25,663,282,000"
"912828CY4","Note","2-Year","10/27/2004","11/01/2004","10/31/2006","99.825825","No","","","No","2.500%","10/31/2004","$24,000,000,000","No","No","$29,559,732,000"
"912828CZ1","Note","5-Year 6-Month","10/26/2004","10/29/2004","04/15/2010","99.625501","No","","","No","0.875%","","$12,000,000,000","No","Yes","$12,000,035,000"
"912795RN3","Bill","4-Week","10/26/2004","10/28/2004","11/26/2004","99.858222","No","","","No","","10/28/2004","$20,000,000,000","Yes","No","$21,322,082,000"
"912795RX1","Bill","13-Week","10/25/2004","10/28/2004","01/27/2005","99.531097","No","","","No","","10/28/2004","$21,000,000,000","Yes","No","$27,918,733,000"
"912795SL6","Bill","26-Week","10/25/2004","10/28/2004","04/28/2005","98.968667","No","","","No","","10/28/2004","$19,000,000,000","No","No","$25,750,481,000"
"912795RM5","Bill","4-Week","10/19/2004","10/21/2004","11/18/2004","99.877889","No","","","No","","10/21/2004","$10,000,000,000","Yes","No","$12,133,066,000"
"912795RW3","Bill","13-Week","10/18/2004","10/21/2004","01/20/2005","99.552583","No","","","No","","10/21/2004","$20,000,000,000","Yes","No","$26,261,158,000"
"912795SK8","Bill","26-Week","10/18/2004","10/21/2004","04/21/2005","98.993944","No","","","No","","10/21/2004","$18,000,000,000","No","No","$24,349,412,000"
"912795RL7","Bill","4-Week","10/13/2004","10/14/2004","11/12/2004","99.874736","No","","","No","","10/14/2004","$15,000,000,000","Yes","No","$17,437,959,000"
"912795RV5","Bill","13-Week","10/12/2004","10/14/2004","01/13/2005","99.575333","No","","","No","","10/14/2004","$19,000,000,000","Yes","No","$25,358,250,000"
"912795SJ1","Bill","26-Week","10/12/2004","10/14/2004","04/14/2005","99.011639","No","","","No","","10/14/2004","$17,000,000,000","No","No","$23,122,894,000"
"912795TD3","Bill","2-Day","10/12/2004","10/13/2004","10/15/2004","99.990667","Yes","","","No","","","$8,000,000,000","Yes","No","$8,000,545,000"
"912828CP3","Note","9-Year 9-Month","10/07/2004","10/15/2004","07/15/2014","101.525704","No","","","No","2.000%","","$9,000,000,000","Yes","Yes","$9,000,006,000"
"912828CX6","Note","5-Year","10/06/2004","10/15/2004","10/15/2009","99.476542","No","","","No","3.375%","","$15,000,000,000","No","No","$15,000,080,000"
"912795RK9","Bill","4-Week","10/05/2004","10/07/2004","11/04/2004","99.881000","No","","","No","","10/07/2004","$15,000,000,000","Yes","No","$17,182,946,000"
"912795RU7","Bill","13-Week","10/04/2004","10/07/2004","01/06/2005","99.574069","No","","","No","","10/07/2004","$19,000,000,000","Yes","No","$25,779,813,000"
"912795SH5","Bill","26-Week","10/04/2004","10/07/2004","04/07/2005","98.993944","No","","","No","","10/07/2004","$17,000,000,000","No","No","$23,222,666,000"
"912795TD3","Bill","14-Day","09/29/2004","10/01/2004","10/15/2004","99.937972","Yes","","","No","","","$14,000,000,000","No","No","$14,000,070,000"
"912828CW8","Note","2-Year","09/29/2004","09/30/2004","09/30/2006","99.767659","No","","","No","2.500%","09/30/2004","$24,000,000,000","No","No","$31,652,320,000"
"912795RJ2","Bill","4-Week","09/28/2004","09/30/2004","10/28/2004","99.876333","No","","","No","","09/30/2004","$19,000,000,000","Yes","No","$21,549,413,000"
"912795RT0","Bill","13-Week","09/27/2004","09/30/2004","12/30/2004","99.567750","No","","","No","","09/30/2004","$19,000,000,000","Yes","No","$25,715,999,000"
"912795SG7","Bill","26-Week","09/27/2004","09/30/2004","03/31/2005","99.014167","No","","","No","","09/30/2004","$17,000,000,000","No","No","$23,227,372,000"
"912795RH6","Bill","4-Week","09/21/2004","09/23/2004","10/21/2004","99.875167","No","","","No","","09/23/2004","$12,000,000,000","Yes","No","$15,068,223,000"
"912795RS2","Bill","13-Week","09/20/2004","09/23/2004","12/23/2004","99.574069","No","","","No","","09/23/2004","$18,000,000,000","Yes","No","$24,682,746,000"
"912795SF9","Bill","26-Week","09/20/2004","09/23/2004","03/24/2005","99.054611","No","","","No","","09/23/2004","$16,000,000,000","No","No","$21,989,769,000"
"912795RG8","Bill","4-Week","09/14/2004","09/16/2004","10/14/2004","99.881","No","","","No","","09/16/2004","$12,000,000,000","Yes","No","$15,292,439,000"
"912795RR4","Bill","13-Week","09/13/2004","09/16/2004","12/16/2004","99.585","No","","","No","","09/16/2004","$18,000,000,000","Yes","No","$24,594,286,000"
"912795SE2","Bill","26-Week","09/13/2004","09/16/2004","03/17/2005","99.070","No","","","No","","09/16/2004","$16,000,000,000","No","No","$22,002,250,000"
"912828CT5","Note","9-Year 11-Month","09/09/2004","09/15/2004","08/15/2014","100.436","No","","","No","4.250%","","$9,000,000,000","Yes","No","$9,000,003,000"
"912828CV0","Note","5-Year","09/08/2004","09/15/2004","09/15/2009","99.708","No","","","No","3.375%","","$15,000,000,000","No","No","$15,000,009,000"
"912795RF0","Bill","4-Week","09/08/2004","09/09/2004","10/07/2004","99.880","No","","","No","","09/09/2004","$22,000,000,000","Yes","No","$25,255,093,000"
"912795RQ6","Bill","13-Week","09/07/2004","09/09/2004","12/09/2004","99.587","No","","","No","","09/09/2004","$19,000,000,000","Yes","No","$26,033,984,000"
"912795SD4","Bill","26-Week","09/07/2004","09/09/2004","03/10/2005","99.060","No","","","No","","09/09/2004","$17,000,000,000","No","No","$23,371,957,000"
"912795TC5","Bill","7-Day","09/07/2004","09/08/2004","09/15/2004","99.971","Yes","","","No","","","$9,000,000,000","Yes","No","$9,000,240,000"
"912795TC5","Bill","12-Day","09/02/2004","09/03/2004","09/15/2004","99.951","Yes","","","No","","","$16,000,000,000","Yes","No","$16,000,420,000"
"912795RE3","Bill","4-Week","08/31/2004","09/02/2004","09/30/2004","99.889","No","","","No","","09/02/2004","$22,000,000,000","Yes","No","$25,212,819,000"
"912795TC5","Bill","14-Day","08/31/2004","09/01/2004","09/15/2004","99.942","Yes","","","No","","","$16,000,000,000","No","No","$16,000,407,000"
"912795RP8","Bill","13-Week","08/30/2004","09/02/2004","12/02/2004","99.601","No","","","No","","09/02/2004","$19,000,000,000","Yes","No","$26,132,275,000"
"912795SC6","Bill","26-Week","08/30/2004","09/02/2004","03/03/2005","99.103","No","","","No","","09/02/2004","$17,000,000,000","No","No","$23,448,767,000"
"912828CU2","Note","2-Year","08/25/2004","08/31/2004","08/31/2006","99.769","No","","","No","2.375%","08/31/2004","$24,000,000,000","No","No","$31,806,540,000"
"912795RD5","Bill","4-Week","08/24/2004","08/26/2004","09/23/2004","99.894","No","","","No","","08/26/2004","$24,000,000,000","Yes","No","$27,341,708,000"
"912795RN3","Bill","13-Week","08/23/2004","08/26/2004","11/26/2004","99.613","No","","","No","","08/26/2004","$19,000,000,000","Yes","No","$25,987,199,000"
"912795SB8","Bill","26-Week","08/23/2004","08/26/2004","02/24/2005","99.115","No","","","No","","08/26/2004","$17,000,000,000","No","No","$23,402,179,000"
"912795RC7","Bill","4-Week","08/17/2004","08/19/2004","09/16/2004","99.894","No","","","No","","08/19/2004","$23,000,000,000","Yes","No","$26,070,203,000"
"912795RM5","Bill","13-Week","08/16/2004","08/19/2004","11/18/2004","99.628","No","","","No","","08/19/2004","$19,000,000,000","Yes","No","$26,187,797,000"
"912795SA0","Bill","26-Week","08/16/2004","08/19/2004","02/17/2005","99.128","No","","","No","","08/19/2004","$17,000,000,000","No","No","$23,478,523,000"
"912828CT5","Note","10-Year","08/12/2004","08/16/2004","08/15/2014","99.838","No","","","No","4.250%","08/15/2004","$14,000,000,000","No","No","$15,717,915,000"
"912828CS7","Note","5-Year","08/11/2004","08/16/2004","08/15/2009","99.909","No","","","No","3.500%","08/15/2004","$15,000,000,000","No","No","$17,290,497,000"
"912795RB9","Bill","4-Week","08/10/2004","08/12/2004","09/09/2004","99.891","No","","","No","","08/12/2004","$25,000,000,000","Yes","No","$28,237,101,000"
"912828CR9","Note","3-Year","08/09/2004","08/16/2004","08/15/2007","99.737","No","","","No","2.750%","08/15/2004","$22,000,000,000","No","No","$24,668,396,000"
"912795RL7","Bill","13-Week","08/09/2004","08/12/2004","11/12/2004","99.624","No","","","No","","08/12/2004","$19,000,000,000","Yes","No","$25,690,383,000"
"912795RZ6","Bill","26-Week","08/09/2004","08/12/2004","02/10/2005","99.158","No","","","No","","08/12/2004","$17,000,000,000","No","No","$23,497,976,000"
"912795RA1","Bill","4-Week","08/03/2004","08/05/2004","09/02/2004","99.896","No","","","No","","08/05/2004","$19,000,000,000","Yes","No","$21,630,728,000"
"912795RK9","Bill","13-Week","08/02/2004","08/05/2004","11/04/2004","99.630","No","","","No","","08/05/2004","$18,000,000,000","Yes","No","$25,507,146,000"
"912795RY9","Bill","26-Week","08/02/2004","08/05/2004","02/03/2005","99.123","No","","","No","","08/05/2004","$16,000,000,000","No","No","$22,328,895,000"
"912828CQ1","Note","2-Year","07/28/2004","08/02/2004","07/31/2006","99.909","No","","","No","2.750%","07/31/2004","$24,000,000,000","No","No","$31,006,106,000"
"912810FR4","Bond","20-Year 6-Month","07/27/2004","07/30/2004","01/15/2025","98.758","No","","","No","2.375%","","$11,000,000,000","No","Yes","$11,000,069,000"
"912795QZ7","Bill","4-Week","07/27/2004","07/29/2004","08/26/2004","99.897","No","","","No","","07/29/2004","$19,000,000,000","Yes","No","$21,822,972,000"
"912795RJ2","Bill","13-Week","07/26/2004","07/29/2004","10/28/2004","99.640","No","","","No","","07/29/2004","$18,000,000,000","Yes","No","$25,038,457,000"
"912795RX1","Bill","26-Week","07/26/2004","07/29/2004","01/27/2005","99.123","No","","","No","","07/29/2004","$16,000,000,000","No","No","$22,198,478,000"
"912795QY0","Bill","4-Week","07/20/2004","07/22/2004","08/19/2004","99.909","No","","","No","","07/22/2004","$22,000,000,000","Yes","No","$25,327,246,000"
"912795RH6","Bill","13-Week","07/19/2004","07/22/2004","10/21/2004","99.664","No","","","No","","07/22/2004","$18,000,000,000","Yes","No","$24,027,782,000"
"912795RW3","Bill","26-Week","07/19/2004","07/22/2004","01/20/2005","99.166","No","","","No","","07/22/2004","$16,000,000,000","No","No","$22,150,186,000"
"912795QX2","Bill","4-Week","07/13/2004","07/15/2004","08/12/2004","99.910","No","","","No","","07/15/2004","$22,000,000,000","Yes","No","$25,024,017,000"
"912795RG8","Bill","13-Week","07/12/2004","07/15/2004","10/14/2004","99.668","No","","","No","","07/15/2004","$18,000,000,000","Yes","No","$24,514,845,000"
"912795RV5","Bill","26-Week","07/12/2004","07/15/2004","01/13/2005","99.176","No","","","No","","07/15/2004","$16,000,000,000","No","No","$22,046,239,000"
"912828CP3","Note","10-Year","07/08/2004","07/15/2004","07/15/2014","99.820","No","","","No","2.000%","","$10,000,000,000","No","Yes","$10,000,041,000"
"912828CN8","Note","5-Year","07/07/2004","07/15/2004","07/15/2009","99.828","No","","","No","3.625%","","$15,000,000,000","No","No","$15,000,004,000"
"912795QW4","Bill","4-Week","07/07/2004","07/08/2004","08/05/2004","99.911","No","","","No","","07/08/2004","$18,000,000,000","Yes","No","$21,303,432,000"
"912795QT1","Bill","7-Day","07/06/2004","07/08/2004","07/15/2004","99.977","Yes","","","No","","","$6,000,000,000","Yes","No","$6,000,025,000"
"912795RF0","Bill","13-Week","07/06/2004","07/08/2004","10/07/2004","99.666","No","","","No","","07/08/2004","$18,000,000,000","Yes","No","$24,403,261,000"
"912795RU7","Bill","26-Week","07/06/2004","07/08/2004","01/06/2005","99.176","No","","","No","","07/08/2004","$16,000,000,000","No","No","$22,033,771,000"
"912795QT1","Bill","13-Day","07/01/2004","07/02/2004","07/15/2004","99.958","Yes","","","No","","","$21,000,000,000","Yes","No","$21,000,800,000"
"912795QV6","Bill","4-Week","06/29/2004","07/01/2004","07/29/2004","99.910","No","","","No","","07/01/2004","$9,000,000,000","Yes","No","$12,546,936,000"
"912795RE3","Bill","13-Week","06/28/2004","07/01/2004","09/30/2004","99.657","No","","","No","","07/01/2004","$17,000,000,000","Yes","No","$23,717,743,000"
"912795RT0","Bill","26-Week","06/28/2004","07/01/2004","12/30/2004","99.128","No","","","No","","07/01/2004","$15,000,000,000","No","No","$20,741,947,000"
"912828CM0","Note","2-Year","06/23/2004","06/30/2004","06/30/2006","99.932","No","","","No","2.750%","06/30/2004","$25,000,000,000","No","No","$32,580,869,000"
"912795QU8","Bill","4-Week","06/22/2004","06/24/2004","07/22/2004","99.918","No","","","No","","06/24/2004","$9,000,000,000","Yes","No","$12,159,157,000"
"912795RD5","Bill","13-Week","06/21/2004","06/24/2004","09/23/2004","99.668","No","","","No","","06/24/2004","$17,000,000,000","Yes","No","$23,529,949,000"
"912795RS2","Bill","26-Week","06/21/2004","06/24/2004","12/23/2004","99.153","No","","","No","","06/24/2004","$15,000,000,000","No","No","$20,672,690,000"
"912795QT1","Bill","4-Week","06/15/2004","06/17/2004","07/15/2004","99.917","No","","","No","","06/17/2004","$15,000,000,000","Yes","No","$17,969,324,000"
"912795RC7","Bill","13-Week","06/14/2004","06/17/2004","09/16/2004","99.649","No","","","No","","06/17/2004","$17,000,000,000","Yes","No","$23,866,974,000"
"912795RR4","Bill","26-Week","06/14/2004","06/17/2004","12/16/2004","99.130","No","","","No","","06/17/2004","$15,000,000,000","No","No","$20,787,341,000"
"912828CJ7","Note","9-Year 11-Month","06/10/2004","06/15/2004","05/15/2014","99.383","No","","","No","4.750%","","$10,000,000,000","Yes","No","$10,000,044,000"
"912828CL2","Note","5-Year","06/09/2004","06/15/2004","06/15/2009","99.955","No","","","No","4.000%","","$15,000,000,000","No","No","$15,000,016,000"
"912795QS3","Bill","4-Week","06/08/2004","06/10/2004","07/08/2004","99.922","No","","","No","","06/10/2004","$24,000,000,000","Yes","No","$27,239,254,000"
"912795QQ7","Bill","2-Day","06/08/2004","06/09/2004","06/11/2004","99.995","Yes","","","No","","","$4,000,000,000","No","No","$4,000,010,000"
"912795RB9","Bill","13-Week","06/07/2004","06/10/2004","09/09/2004","99.689","No","","","No","","06/10/2004","$18,000,000,000","Yes","No","$25,158,123,000"
"912795RQ6","Bill","26-Week","06/07/2004","06/10/2004","12/09/2004","99.239","No","","","No","","06/10/2004","$15,000,000,000","No","No","$20,711,661,000"
"912795QP9","Bill","12-Day","06/02/2004","06/03/2004","06/15/2004","99.968","Yes","","","No","","","$30,000,000,000","No","No","$30,000,175,000"
"912795QR5","Bill","4-Week","06/02/2004","06/03/2004","07/01/2004","99.927","No","","","No","","06/03/2004","$24,000,000,000","Yes","No","$27,847,051,000"
"912795RA1","Bill","13-Week","06/01/2004","06/03/2004","09/02/2004","99.714","No","","","No","","06/03/2004","$18,000,000,000","Yes","No","$24,597,364,000"
"912795RP8","Bill","26-Week","06/01/2004","06/03/2004","12/02/2004","99.292","No","","","No","","06/03/2004","$15,000,000,000","No","No","$20,766,118,000"
"912795QN4","Bill","13-Day","05/27/2004","06/01/2004","06/14/2004","99.967","Yes","","","No","","","$5,000,000,000","No","No","$5,000,250,000"
"912828CK4","Note","2-Year","05/26/2004","06/01/2004","05/31/2006","99.926","No","","","No","2.500%","05/31/2004","$25,000,000,000","No","No","$31,298,401,000"
"912795QE4","Bill","4-Week","05/25/2004","05/27/2004","06/24/2004","99.929","No","","","No","","05/27/2004","$21,000,000,000","Yes","No","$25,042,554,000"
"912795QZ7","Bill","13-Week","05/24/2004","05/27/2004","08/26/2004","99.735","No","","","No","","05/27/2004","$18,000,000,000","Yes","No","$24,975,702,000"