"CUSIP","Security Type","Security Term","Auction Date","Issue Date","Maturity Date","Price per $100","Cash Management Bill (CMB)","Currently Outstanding","Estimated Amount of Publicly Held Maturing Securities by Type","Floating Rate","Interest Rate","Maturing Date","Offering Amount","Reopening","TIPS","Total Accepted"
"912796HD4","Bill","4-Week","01/26/2016","01/28/2016","02/25/2016","99.977056","No","$51,999,000,000","$94,999,000,000","No","","01/28/2016","$55,000,000,000","Yes","No","$55,000,423,900"
"912796GH6","Bill","13-Week","01/25/2016","01/28/2016","04/28/2016","99.922903","No","$50,999,000,000","$94,999,000,000","No","","01/28/2016","$34,000,000,000","Yes","No","$34,000,231,200"
"912796JC4","Bill","26-Week","01/25/2016","01/28/2016","07/28/2016","99.790194","No","","$94,999,000,000","No","","01/28/2016","$28,000,000,000","No","No","$28,000,300,400"
"912828N71","Note","10-Year","01/21/2016","01/29/2016","01/15/2026","98.946468","No","","$0","No","0.625%","01/29/2016","$15,000,000,000","No","Yes","$15,000,014,400"
"912796HC6","Bill","4-Week","01/20/2016","01/21/2016","02/18/2016","99.980556","No","$54,000,000,000","$94,999,000,000","No","","01/21/2016","$50,000,000,000","Yes","No","$50,000,719,300"
"912796HM4","Bill","13-Week","01/19/2016","01/21/2016","04/21/2016","99.935542","No","$26,005,000,000","$94,999,000,000","No","","01/21/2016","$31,000,000,000","Yes","No","$31,000,153,300"
"912796GW3","Bill","26-Week","01/19/2016","01/21/2016","07/21/2016","99.812944","No","$25,000,000,000","$94,999,000,000","No","","01/21/2016","$26,000,000,000","Yes","No","$26,000,448,100"
"912810RP5","Bond","29-Year 10-Month","01/14/2016","01/15/2016","11/15/2045","101.882164","No","$29,082,000,000","$52,352,000,000","No","3.000%","01/15/2016","$13,000,000,000","Yes","No","$13,000,002,300"
"912828M56","Note","9-Year 10-Month","01/13/2016","01/15/2016","11/15/2025","101.412894","No","$45,122,000,000","$52,352,000,000","No","2.250%","01/15/2016","$21,000,000,000","Yes","No","$21,000,041,600"
"912828N63","Note","3-Year","01/12/2016","01/15/2016","01/15/2019","99.855973","No","","$52,352,000,000","No","1.125%","01/15/2016","$24,000,000,000","No","No","$24,000,003,800"
"912796HB8","Bill","4-Week","01/12/2016","01/14/2016","02/11/2016","99.982889","No","$53,992,000,000","$133,999,000,000","No","","01/14/2016","$45,000,000,000","Yes","No","$45,000,005,400"
"912796HL6","Bill","13-Week","01/11/2016","01/14/2016","04/14/2016","99.945653","No","$19,999,000,000","$133,999,000,000","No","","01/14/2016","$28,000,000,000","Yes","No","$28,000,309,100"
"912796JB6","Bill","26-Week","01/11/2016","01/14/2016","07/14/2016","99.762389","No","","$133,999,000,000","No","","01/14/2016","$26,000,000,000","No","No","$26,000,399,400"
"912796FV6","Bill","4-Week","01/05/2016","01/07/2016","02/04/2016","99.984444","No","$76,998,000,000","$150,003,000,000","No","","01/07/2016","$45,000,000,000","Yes","No","$45,000,474,100"
"912796HV4","Bill","52-Week","01/05/2016","01/07/2016","01/05/2017","99.322556","No","","$150,003,000,000","No","","01/07/2016","$16,000,000,000","No","No","$16,000,162,400"
"912796HK8","Bill","13-Week","01/04/2016","01/07/2016","04/07/2016","99.945653","No","$21,000,000,000","$150,003,000,000","No","","01/07/2016","$28,000,000,000","Yes","No","$28,000,097,500"
"912796HZ5","Bill","26-Week","01/04/2016","01/07/2016","07/07/2016","99.747222","No","","$150,003,000,000","No","","01/07/2016","$26,000,000,000","No","No","$26,000,337,300"
"912828N30","Note","7-Year","12/30/2015","12/31/2015","12/31/2022","99.767297","No","","$68,752,000,000","No","2.125%","12/31/2015","$29,000,000,000","No","No","$29,000,008,300"
"912796GZ6","Bill","4-Week","12/29/2015","12/31/2015","01/28/2016","99.986778","No","$49,999,000,000","$87,000,000,000","No","","12/31/2015","$45,000,000,000","Yes","No","$45,000,112,200"
"912828N48","Note","5-Year","12/29/2015","12/31/2015","12/31/2020","99.833292","No","","$68,752,000,000","No","1.750%","12/31/2015","$35,000,000,000","No","No","$35,000,019,100"
"912796GD5","Bill","13-Week","12/28/2015","12/31/2015","03/31/2016","99.934278","No","$42,995,000,000","$87,000,000,000","No","","12/31/2015","$28,000,000,000","Yes","No","$28,000,341,500"
"912796HY8","Bill","26-Week","12/28/2015","12/31/2015","06/30/2016","99.721944","No","","$87,000,000,000","No","","12/31/2015","$26,000,000,000","No","No","$26,000,665,000"
"912828N55","Note","2-Year","12/28/2015","12/31/2015","12/31/2017","99.889463","No","","$68,752,000,000","No","1.000%","12/31/2015","$26,000,000,000","No","No","$26,000,086,200"
"912828M23","Note","1-Year 10-Month","12/23/2015","12/28/2015","10/31/2017","99.698968","No","$28,000,000,000","$0","Yes","","12/28/2015","$13,000,000,000","Yes","No","$13,000,418,300"
"912796GY9","Bill","4-Week","12/22/2015","12/24/2015","01/21/2016","99.984833","No","$49,998,000,000","$93,998,000,000","No","","12/24/2015","$45,000,000,000","Yes","No","$45,000,278,900"
"912796HH5","Bill","13-Week","12/21/2015","12/24/2015","03/24/2016","99.936806","No","$19,999,000,000","$93,998,000,000","No","","12/24/2015","$28,000,000,000","Yes","No","$28,000,012,400"
"912796GS2","Bill","26-Week","12/21/2015","12/24/2015","06/23/2016","99.739639","No","$24,998,000,000","$93,998,000,000","No","","12/24/2015","$26,000,000,000","Yes","No","$26,000,017,900"
"912828K33","Note","4-Year 4-Month","12/17/2015","12/31/2015","04/15/2020","100.068098","No","$34,065,000,000","$68,752,000,000","No","0.125%","12/31/2015","$16,000,000,000","Yes","Yes","$16,000,020,000"
"912796GX1","Bill","4-Week","12/15/2015","12/17/2015","01/14/2016","99.984056","No","$89,001,000,000","$99,001,000,000","No","","12/17/2015","$45,000,000,000","Yes","No","$45,000,349,300"
"912796HG7","Bill","13-Week","12/14/2015","12/17/2015","03/17/2016","99.929222","No","$20,000,000,000","$99,001,000,000","No","","12/17/2015","$28,000,000,000","Yes","No","$28,000,166,400"
"912796HX0","Bill","26-Week","12/14/2015","12/17/2015","06/16/2016","99.704250","No","","$99,001,000,000","No","","12/17/2015","$26,000,000,000","No","No","$26,000,184,400"
"912810RP5","Bond","29-Year 11-Month","12/10/2015","12/15/2015","11/15/2045","100.430635","No","$16,082,000,000","$32,000,000,000","No","3.000%","12/15/2015","$13,000,000,000","Yes","No","$13,000,002,800"
"912828M56","Note","9-Year 11-Month","12/09/2015","12/15/2015","11/15/2025","100.148778","No","$24,122,000,000","$32,000,000,000","No","2.250%","12/15/2015","$21,000,000,000","Yes","No","$21,000,010,800"
"912828N22","Note","3-Year","12/08/2015","12/15/2015","12/15/2018","99.985324","No","","$32,000,000,000","No","1.250%","12/15/2015","$24,000,000,000","No","No","$24,000,024,400"
"912796FP9","Bill","4-Week","12/08/2015","12/10/2015","01/07/2016","99.981722","No","$105,003,000,000","$122,997,000,000","No","","12/10/2015","$45,000,000,000","Yes","No","$45,000,163,400"
"912796HU6","Bill","52-Week","12/08/2015","12/10/2015","12/08/2016","99.251778","No","","$122,997,000,000","No","","12/10/2015","$14,000,000,000","No","No","$14,000,153,800"
"912796HF9","Bill","13-Week","12/07/2015","12/10/2015","03/10/2016","99.929222","No","$21,997,000,000","$122,997,000,000","No","","12/10/2015","$28,000,000,000","Yes","No","$28,000,164,500"
"912796HW2","Bill","26-Week","12/07/2015","12/10/2015","06/09/2016","99.729528","No","","$122,997,000,000","No","","12/10/2015","$26,000,000,000","No","No","$26,000,233,900"
"912796GV5","Bill","4-Week","12/01/2015","12/03/2015","12/31/2015","99.985222","No","$42,000,000,000","$97,999,000,000","No","","12/03/2015","$45,000,000,000","Yes","No","$45,000,248,800"
"912796FZ7","Bill","13-Week","11/30/2015","12/03/2015","03/03/2016","99.945653","No","$49,006,000,000","$97,999,000,000","No","","12/03/2015","$28,000,000,000","Yes","No","$28,000,368,500"
"912796HT9","Bill","26-Week","11/30/2015","12/03/2015","06/02/2016","99.790194","No","","$97,999,000,000","No","","12/03/2015","$26,000,000,000","No","No","$26,000,144,700"
"912828M80","Note","7-Year","11/25/2015","11/30/2015","11/30/2022","99.915516","No","","$68,379,000,000","No","2.000%","11/30/2015","$29,000,000,000","No","No","$29,000,024,100"
"912828M98","Note","5-Year","11/24/2015","11/30/2015","11/30/2020","99.784997","No","","$68,379,000,000","No","1.625%","11/30/2015","$35,000,000,000","No","No","$35,000,052,000"
"912796GU7","Bill","4-Week","11/24/2015","11/27/2015","12/24/2015","99.991000","No","$43,997,000,000","$53,000,000,000","No","","11/27/2015","$50,000,000,000","Yes","No","$50,000,961,700"
"912828M23","Note","1-Year 11-Month","11/24/2015","11/27/2015","10/31/2017","99.906491","No","$15,000,000,000","$0","Yes","","11/27/2015","$13,000,000,000","Yes","No","$13,000,000,500"
"912828M72","Note","2-Year","11/23/2015","11/30/2015","11/30/2017","99.855714","No","","$68,379,000,000","No","0.875%","11/30/2015","$26,000,000,000","No","No","$26,000,028,800"
"912796HD4","Bill","13-Week","11/23/2015","11/27/2015","02/25/2016","99.965000","No","$24,000,000,000","$53,000,000,000","No","","11/27/2015","$28,000,000,000","Yes","No","$28,000,479,900"
"912796GN3","Bill","26-Week","11/23/2015","11/27/2015","05/26/2016","99.824028","No","$25,001,000,000","$53,000,000,000","No","","11/27/2015","$26,000,000,000","Yes","No","$26,000,133,100"
"912828XL9","Note","9-Year 8-Month","11/19/2015","11/30/2015","07/15/2025","97.643334","No","$28,000,000,000","$68,379,000,000","No","0.375%","11/30/2015","$13,000,000,000","Yes","Yes","$13,000,001,800"
"912796GT0","Bill","4-Week","11/17/2015","11/19/2015","12/17/2015","99.994167","No","$44,001,000,000","$52,999,000,000","No","","11/19/2015","$55,000,000,000","Yes","No","$55,000,610,200"
"912796HC6","Bill","13-Week","11/16/2015","11/19/2015","02/18/2016","99.963347","No","$24,000,000,000","$52,999,000,000","No","","11/19/2015","$30,000,000,000","Yes","No","$30,000,602,300"
"912796HS1","Bill","26-Week","11/16/2015","11/19/2015","05/19/2016","99.833167","No","","$52,999,000,000","No","","11/19/2015","$28,000,000,000","No","No","$28,000,102,600"
"912810RP5","Bond","30-Year","11/12/2015","11/16/2015","11/15/2045","98.633963","No","","$60,480,000,000","No","3.000%","11/15/2015","$16,000,000,000","No","No","$16,081,524,200"
"912828M56","Note","10-Year","11/10/2015","11/16/2015","11/15/2025","99.520193","No","","$60,480,000,000","No","2.250%","11/15/2015","$24,000,000,000","No","No","$24,122,291,300"
"912796FN4","Bill","4-Week","11/10/2015","11/12/2015","12/10/2015","99.994167","No","$70,997,000,000","$78,000,000,000","No","","11/12/2015","$52,000,000,000","Yes","No","$52,000,969,900"
"912796HQ5","Bill","52-Week","11/10/2015","11/12/2015","11/10/2016","99.494444","No","","$78,000,000,000","No","","11/12/2015","$12,000,000,000","No","No","$12,000,095,000"
"912828M64","Note","3-Year","11/09/2015","11/16/2015","11/15/2018","99.938412","No","","$60,480,000,000","No","1.250%","11/15/2015","$24,000,000,000","No","No","$24,122,282,600"
"912796HB8","Bill","13-Week","11/09/2015","11/12/2015","02/11/2016","99.965875","No","$24,000,000,000","$78,000,000,000","No","","11/12/2015","$30,000,000,000","Yes","No","$30,000,010,900"
"912796HR3","Bill","26-Week","11/09/2015","11/12/2015","05/12/2016","99.828111","No","","$78,000,000,000","No","","11/12/2015","$28,000,000,000","No","No","$28,000,410,700"
"912828TW0","Note","2-Year","11/04/2015","11/05/2015","10/31/2017","99.854467","No","","$67,717,000,000","No","0.750%","10/31/2015","$26,000,000,000","Yes","No","$26,000,064,400"
"912796GR4","Bill","4-Week","11/03/2015","11/05/2015","12/03/2015","99.994556","No","$47,998,000,000","$56,005,000,000","No","","11/05/2015","$50,000,000,000","Yes","No","$50,000,821,900"
"912796FV6","Bill","13-Week","11/02/2015","11/05/2015","02/04/2016","99.972194","No","$48,998,000,000","$56,005,000,000","No","","11/05/2015","$28,000,000,000","Yes","No","$28,000,178,500"
"912796HN2","Bill","26-Week","11/02/2015","11/05/2015","05/05/2016","99.858444","No","","$56,005,000,000","No","","11/05/2015","$26,000,000,000","No","No","$26,000,461,000"
"912796GX1","Bill","72-Day","11/02/2015","11/03/2015","01/14/2016","99.984000","Yes","$44,001,000,000","","No","","11/03/2015","$45,000,000,000","Yes","No","$45,000,060,000"
"912828M49","Note","7-Year","10/29/2015","11/02/2015","10/31/2022","99.934662","No","","$67,717,000,000","No","1.875%","10/31/2015","$29,000,000,000","No","No","$29,000,018,200"
"912796FP9","Bill","69-Day","10/29/2015","10/30/2015","01/07/2016","99.986583","Yes","$70,003,000,000","","No","","10/30/2015","$35,000,000,000","Yes","No","$35,000,240,000"
"912828M23","Note","2-Year","10/28/2015","11/02/2015","10/31/2017","99.999999","No","","$67,717,000,000","Yes","","10/31/2015","$15,000,000,000","No","No","$15,000,016,400"
"912828L99","Note","5-Year","10/28/2015","11/02/2015","10/31/2020","99.807718","No","","$67,717,000,000","No","1.375%","10/31/2015","$35,000,000,000","No","No","$35,000,100,200"
"912796GQ6","Bill","4-Week","10/27/2015","10/29/2015","11/27/2015","99.999194","No","$47,999,000,000","$58,007,000,000","No","","10/29/2015","$5,000,000,000","Yes","No","$5,000,064,500"
"912796GZ6","Bill","13-Week","10/26/2015","10/29/2015","01/28/2016","99.994944","No","$24,000,000,000","$58,007,000,000","No","","10/29/2015","$26,000,000,000","Yes","No","$26,000,223,200"
"912796GH6","Bill","26-Week","10/26/2015","10/29/2015","04/28/2016","99.921639","No","$25,000,000,000","$58,007,000,000","No","","10/29/2015","$26,000,000,000","Yes","No","$26,000,216,500"
"912810RL4","Bond","29-Year 4-Month","10/22/2015","10/30/2015","02/15/2045","89.991203","No","$16,000,000,000","$0","No","0.750%","10/30/2015","$7,000,000,000","Yes","Yes","$7,000,000,200"
"912796GP8","Bill","4-Week","10/20/2015","10/22/2015","11/19/2015","99.990667","No","$48,000,000,000","$63,004,000,000","No","","10/22/2015","$5,000,000,000","Yes","No","$5,000,032,400"
"912796GY9","Bill","13-Week","10/19/2015","10/22/2015","01/21/2016","99.996208","No","$23,999,000,000","$63,004,000,000","No","","10/22/2015","$26,000,000,000","Yes","No","$26,000,105,100"
"912796HM4","Bill","26-Week","10/19/2015","10/22/2015","04/21/2016","99.944389","No","","$63,004,000,000","No","","10/22/2015","$26,000,000,000","No","No","$26,000,365,100"
"912796FG9","Bill","4-Week","10/14/2015","10/15/2015","11/12/2015","100.000000","No","$72,999,000,000","$93,002,000,000","No","","10/15/2015","$5,000,000,000","Yes","No","$5,000,025,900"
"912796HJ1","Bill","52-Week","10/14/2015","10/15/2015","10/13/2016","99.792722","No","","$93,002,000,000","No","","10/15/2015","$10,000,000,000","No","No","$10,000,150,400"
"912796GX1","Bill","13-Week","10/13/2015","10/15/2015","01/14/2016","100.000000","No","$24,000,000,000","$93,002,000,000","No","","10/15/2015","$20,000,000,000","Yes","No","$20,000,513,500"
"912796HL6","Bill","26-Week","10/13/2015","10/15/2015","04/14/2016","99.959556","No","","$93,002,000,000","No","","10/15/2015","$20,000,000,000","No","No","$20,001,010,800"
"912810RN0","Bond","29-Year 10-Month","10/08/2015","10/15/2015","08/15/2045","99.221618","No","$29,321,000,000","$32,000,000,000","No","2.875%","10/15/2015","$13,000,000,000","Yes","No","$13,000,005,300"
"912828K74","Note","9-Year 10-Month","10/07/2015","10/15/2015","08/15/2025","99.413043","No","$45,483,000,000","$32,000,000,000","No","2.000%","10/15/2015","$21,000,000,000","Yes","No","$21,000,001,700"
"912828L81","Note","3-Year","10/06/2015","10/15/2015","10/15/2018","99.940929","No","","$32,000,000,000","No","0.875%","10/15/2015","$24,000,000,000","No","No","$24,000,028,000"
"912796LH0","Bill","25-Day","10/06/2015","10/08/2015","11/02/2015","100.000000","Yes","","","No","","10/08/2015","$15,000,000,000","No","No","$15,006,961,100"
"912796GM5","Bill","4-Week","10/06/2015","10/08/2015","11/05/2015","100.000000","No","$48,000,000,000","$77,999,000,000","No","","10/08/2015","$8,000,000,000","Yes","No","$8,005,194,600"
"912796FP9","Bill","13-Week","10/05/2015","10/08/2015","01/07/2016","100.000000","No","$49,000,000,000","$77,999,000,000","No","","10/08/2015","$21,000,000,000","Yes","No","$21,002,827,500"
"912796HK8","Bill","26-Week","10/05/2015","10/08/2015","04/07/2016","99.967139","No","","$77,999,000,000","No","","10/08/2015","$21,000,000,000","No","No","$21,000,509,700"
"912796GL7","Bill","4-Week","09/29/2015","10/01/2015","10/29/2015","100.000000","No","$48,001,000,000","$108,011,000,000","No","","10/01/2015","$10,000,000,000","Yes","No","$10,006,262,800"
"912796GV5","Bill","13-Week","09/28/2015","10/01/2015","12/31/2015","99.996208","No","$24,000,000,000","$108,011,000,000","No","","10/01/2015","$18,000,000,000","Yes","No","$18,000,058,700"
"912796GD5","Bill","26-Week","09/28/2015","10/01/2015","03/31/2016","99.946917","No","$24,995,000,000","$108,011,000,000","No","","10/01/2015","$18,000,000,000","Yes","No","$18,000,300,300"
"912828L57","Note","7-Year","09/24/2015","09/30/2015","09/30/2022","99.587587","No","","$69,102,000,000","No","1.750%","09/30/2015","$29,000,000,000","No","No","$29,000,000,800"
"912828L65","Note","5-Year","09/23/2015","09/30/2015","09/30/2020","99.558026","No","","$69,102,000,000","No","1.375%","09/30/2015","$35,000,000,000","No","No","$35,000,000,900"
"912828XN5","Note","1-Year 10-Month","09/23/2015","09/25/2015","07/31/2017","99.919479","No","$28,000,000,000","$0","Yes","","09/25/2015","$13,000,000,000","Yes","No","$13,000,063,900"
"912828TS9","Note","2-Year","09/22/2015","09/30/2015","09/30/2017","99.853284","No","","$69,102,000,000","No","0.625%","09/30/2015","$26,000,000,000","Yes","No","$26,000,049,500"
"912796GK9","Bill","4-Week","09/22/2015","09/24/2015","10/22/2015","100.000000","No","$48,002,000,000","$87,996,000,000","No","","09/24/2015","$15,000,000,000","Yes","No","$15,001,707,300"
"912796GU7","Bill","13-Week","09/21/2015","09/24/2015","12/24/2015","99.998736","No","$24,000,000,000","$87,996,000,000","No","","09/24/2015","$20,000,000,000","Yes","No","$20,000,641,200"
"912796HH5","Bill","26-Week","09/21/2015","09/24/2015","03/24/2016","99.941861","No","","$87,996,000,000","No","","09/24/2015","$20,000,000,000","No","No","$20,000,285,800"
"912828XL9","Note","9-Year 10-Month","09/18/2015","09/30/2015","07/15/2025","98.486859","No","$15,000,000,000","$69,102,000,000","No","0.375%","09/30/2015","$13,000,000,000","Yes","Yes","$13,000,012,300"
"912796FB0","Bill","4-Week","09/15/2015","09/17/2015","10/15/2015","100.000000","No","$73,001,000,000","$114,997,000,000","No","","09/17/2015","$20,000,000,000","Yes","No","$20,001,073,900"
"912796HE2","Bill","52-Week","09/15/2015","09/17/2015","09/15/2016","99.555111","No","","$114,997,000,000","No","","09/17/2015","$20,000,000,000","No","No","$20,000,243,300"
"912796GT0","Bill","13-Week","09/14/2015","09/17/2015","12/17/2015","99.986097","No","$24,001,000,000","$114,997,000,000","No","","09/17/2015","$20,000,000,000","Yes","No","$20,000,146,300"
"912796HG7","Bill","26-Week","09/14/2015","09/17/2015","03/17/2016","99.868556","No","","$114,997,000,000","No","","09/17/2015","$20,000,000,000","No","No","$20,000,499,500"
"912810RN0","Bond","29-Year 11-Month","09/10/2015","09/15/2015","08/15/2045","97.927845","No","$16,322,000,000","$32,000,000,000","No","2.875%","09/15/2015","$13,000,000,000","Yes","No","$13,000,049,000"
"912828K74","Note","9-Year 11-Month","09/09/2015","09/15/2015","08/15/2025","97.918678","No","$24,482,000,000","$32,000,000,000","No","2.000%","09/15/2015","$21,000,000,000","Yes","No","$21,000,032,900"
"912796GG8","Bill","21-Day","09/09/2015","09/10/2015","10/01/2015","99.999125","Yes","$83,011,000,000","","No","","09/10/2015","$25,000,000,000","Yes","No","$25,000,520,000"
"912796GJ2","Bill","4-Week","09/09/2015","09/10/2015","10/08/2015","99.999611","No","$47,998,000,000","$89,999,000,000","No","","09/10/2015","$30,000,000,000","Yes","No","$30,000,235,600"
"912828L40","Note","3-Year","09/08/2015","09/15/2015","09/15/2018","99.835061","No","","$32,000,000,000","No","1.000%","09/15/2015","$24,000,000,000","No","No","$24,000,053,300"
"912796FN4","Bill","13-Week","09/08/2015","09/10/2015","12/10/2015","99.981042","No","$48,997,000,000","$89,999,000,000","No","","09/10/2015","$22,000,000,000","Yes","No","$22,000,140,000"
"912796HF9","Bill","26-Week","09/08/2015","09/10/2015","03/10/2016","99.860972","No","","$89,999,000,000","No","","09/10/2015","$22,000,000,000","No","No","$22,000,056,000"
"912796GG8","Bill","4-Week","09/01/2015","09/03/2015","10/01/2015","100.000000","No","$48,002,000,000","$89,994,000,000","No","","09/03/2015","$35,000,000,000","Yes","No","$35,003,024,600"
"912796GR4","Bill","13-Week","08/31/2015","09/03/2015","12/03/2015","99.975986","No","$24,001,000,000","$89,994,000,000","No","","09/03/2015","$24,000,000,000","Yes","No","$24,000,100,100"
"912796FZ7","Bill","26-Week","08/31/2015","09/03/2015","03/03/2016","99.863500","No","$25,000,000,000","$89,994,000,000","No","","09/03/2015","$24,000,000,000","Yes","No","$24,000,322,000"
"912796KW8","Bill","14-Day","08/31/2015","09/01/2015","09/15/2015","99.997083","Yes","","","No","","09/01/2015","$25,000,000,000","No","No","$25,000,250,000"
"912828L24","Note","7-Year","08/27/2015","08/31/2015","08/31/2022","99.641487","No","","$70,881,000,000","No","1.875%","08/31/2015","$29,000,000,000","No","No","$29,000,002,200"
"912828L32","Note","5-Year","08/26/2015","08/31/2015","08/31/2020","99.577196","No","","$70,881,000,000","No","1.375%","08/31/2015","$35,000,000,000","No","No","$35,000,013,600"
"912828XN5","Note","1-Year 11-Month","08/26/2015","08/28/2015","07/31/2017","99.982448","No","$15,000,000,000","$0","Yes","","08/28/2015","$13,000,000,000","Yes","No","$13,000,085,700"
"912828TM2","Note","2-Year","08/25/2015","08/31/2015","08/31/2017","99.924626","No","","$70,881,000,000","No","0.625%","08/31/2015","$26,000,000,000","Yes","No","$26,000,118,800"
"912796GF0","Bill","4-Week","08/25/2015","08/27/2015","09/24/2015","99.996500","No","$47,998,000,000","$89,997,000,000","No","","08/27/2015","$40,000,000,000","Yes","No","$40,000,432,100"
"912796GQ6","Bill","13-Week","08/24/2015","08/27/2015","11/27/2015","99.987222","No","$24,000,000,000","$89,997,000,000","No","","08/27/2015","$24,000,000,000","Yes","No","$24,000,295,100"
"912796HD4","Bill","26-Week","08/24/2015","08/27/2015","02/25/2016","99.898889","No","","$89,997,000,000","No","","08/27/2015","$24,000,000,000","No","No","$24,000,550,600"
"912828K33","Note","4-Year 8-Month","08/20/2015","08/31/2015","04/15/2020","101.050681","No","$18,065,000,000","$70,881,000,000","No","0.125%","08/31/2015","$16,000,000,000","Yes","Yes","$16,000,001,300"
"912796EX3","Bill","4-Week","08/18/2015","08/20/2015","09/17/2015","99.996889","No","$74,996,000,000","$115,001,000,000","No","","08/20/2015","$40,000,000,000","Yes","No","$40,000,422,100"
"912796HA0","Bill","52-Week","08/18/2015","08/20/2015","08/18/2016","99.585444","No","","$115,001,000,000","No","","08/20/2015","$22,000,000,000","No","No","$22,000,674,200"
"912796GP8","Bill","13-Week","08/17/2015","08/20/2015","11/19/2015","99.973458","No","$24,000,000,000","$115,001,000,000","No","","08/20/2015","$24,000,000,000","Yes","No","$24,000,162,300"
"912796HC6","Bill","26-Week","08/17/2015","08/20/2015","02/18/2016","99.876139","No","","$115,001,000,000","No","","08/20/2015","$24,000,000,000","No","No","$24,000,041,200"
"912810RN0","Bond","30-Year","08/13/2015","08/17/2015","08/15/2045","99.899805","No","","$67,207,000,000","No","2.875%","08/15/2015","$16,000,000,000","No","No","$16,321,647,800"
"912828K74","Note","10-Year","08/12/2015","08/17/2015","08/15/2025","98.968752","No","","$67,207,000,000","No","2.000%","08/15/2015","$24,000,000,000","No","No","$24,482,477,000"
"912828K82","Note","3-Year","08/11/2015","08/17/2015","08/15/2018","99.961723","No","","$67,207,000,000","No","1.000%","08/15/2015","$24,000,000,000","No","No","$24,482,463,700"
"912796GE3","Bill","4-Week","08/11/2015","08/13/2015","09/10/2015","99.996111","No","$49,999,000,000","$95,002,000,000","No","","08/13/2015","$40,000,000,000","Yes","No","$40,000,096,900"
"912796KV0","Bill","19-Day","08/11/2015","08/12/2015","08/31/2015","99.996042","Yes","","","No","","08/12/2015","$25,000,000,000","No","No","$25,000,030,000"
"912796FG9","Bill","13-Week","08/10/2015","08/13/2015","11/12/2015","99.968403","No","$49,000,000,000","$95,002,000,000","No","","08/13/2015","$24,000,000,000","Yes","No","$24,000,143,100"
"912796HB8","Bill","26-Week","08/10/2015","08/13/2015","02/11/2016","99.876139","No","","$95,002,000,000","No","","08/13/2015","$24,000,000,000","No","No","$24,000,205,200"
"912796GC7","Bill","4-Week","08/04/2015","08/06/2015","09/03/2015","99.996111","No","$49,999,000,000","$90,000,000,000","No","","08/06/2015","$40,000,000,000","Yes","No","$40,000,142,700"
"912796GM5","Bill","13-Week","08/03/2015","08/06/2015","11/05/2015","99.981042","No","$24,000,000,000","$90,000,000,000","No","","08/06/2015","$24,000,000,000","Yes","No","$24,000,452,100"
"912796FV6","Bill","26-Week","08/03/2015","08/06/2015","02/04/2016","99.916583","No","$24,999,000,000","$90,000,000,000","No","","08/06/2015","$24,000,000,000","Yes","No","$24,000,048,600"
"912828XQ8","Note","7-Year","07/30/2015","07/31/2015","07/31/2022","99.863565","No","","$73,213,000,000","No","2.000%","07/31/2015","$29,000,000,000","No","No","$29,000,008,600"
"912828XN5","Note","2-Year","07/29/2015","07/31/2015","07/31/2017","100.000000","No","","$73,213,000,000","Yes","","07/31/2015","$15,000,000,000","No","No","$15,000,124,900"
"912828XM7","Note","5-Year","07/29/2015","07/31/2015","07/31/2020","100.000000","No","","$73,213,000,000","No","1.625%","07/31/2015","$35,000,000,000","No","No","$35,000,016,700"
"912828XP0","Note","2-Year","07/28/2015","07/31/2015","07/31/2017","99.871114","No","","$73,213,000,000","No","0.625%","07/31/2015","$26,000,000,000","No","No","$26,000,064,100"
"912796GB9","Bill","4-Week","07/28/2015","07/30/2015","08/27/2015","99.996111","No","$49,997,000,000","$78,000,000,000","No","","07/30/2015","$40,000,000,000","Yes","No","$40,000,335,400"
"912796GL7","Bill","13-Week","07/27/2015","07/30/2015","10/29/2015","99.987361","No","$24,001,000,000","$78,000,000,000","No","","07/30/2015","$24,000,000,000","Yes","No","$24,000,409,900"
"912796GZ6","Bill","26-Week","07/27/2015","07/30/2015","01/28/2016","99.926694","No","","$78,000,000,000","No","","07/30/2015","$24,000,000,000","No","No","$24,000,274,600"
"912828XL9","Note","10-Year","07/23/2015","07/31/2015","07/15/2025","99.133176","No","","$73,213,000,000","No","0.375%","07/31/2015","$15,000,000,000","No","Yes","$15,000,006,900"
"912796ET2","Bill","4-Week","07/21/2015","07/23/2015","08/20/2015","99.997278","No","$75,001,000,000","$98,006,000,000","No","","07/23/2015","$40,000,000,000","Yes","No","$40,001,035,900"
"912796GW3","Bill","52-Week","07/21/2015","07/23/2015","07/21/2016","99.666333","No","","$98,006,000,000","No","","07/23/2015","$25,000,000,000","No","No","$25,000,315,700"
"912796GK9","Bill","13-Week","07/20/2015","07/23/2015","10/22/2015","99.992417","No","$24,000,000,000","$98,006,000,000","No","","07/23/2015","$24,000,000,000","Yes","No","$24,000,343,000"
"912796GY9","Bill","26-Week","07/20/2015","07/23/2015","01/21/2016","99.931750","No","","$98,006,000,000","No","","07/23/2015","$24,000,000,000","No","No","$24,000,144,000"
"912796GA1","Bill","4-Week","07/14/2015","07/16/2015","08/13/2015","99.998444","No","$50,001,000,000","$73,000,000,000","No","","07/16/2015","$45,000,000,000","Yes","No","$45,000,931,100"
"912796FB0","Bill","13-Week","07/13/2015","07/16/2015","10/15/2015","99.996208","No","$49,000,000,000","$73,000,000,000","No","","07/16/2015","$24,000,000,000","Yes","No","$24,000,487,700"
"912796GX1","Bill","26-Week","07/13/2015","07/16/2015","01/14/2016","99.949444","No","","$73,000,000,000","No","","07/16/2015","$24,000,000,000","No","No","$24,000,143,900"
"912810RM2","Bond","29-Year 10-Month","07/09/2015","07/15/2015","05/15/2045","98.364175","No","$29,362,000,000","$52,726,000,000","No","3.000%","07/15/2015","$13,000,000,000","Yes","No","$13,000,001,200"
"912828XB1","Note","9-Year 10-Month","07/08/2015","07/15/2015","05/15/2025","99.118448","No","$45,543,000,000","$52,726,000,000","No","2.125%","07/15/2015","$21,000,000,000","Yes","No","$21,000,007,000"
"912828XK1","Note","3-Year","07/07/2015","07/15/2015","07/15/2018","99.831755","No","","$52,726,000,000","No","0.875%","07/15/2015","$24,000,000,000","No","No","$24,000,026,200"
"912796FY0","Bill","4-Week","07/07/2015","07/09/2015","08/06/2015","99.998833","No","$50,001,000,000","$83,002,000,000","No","","07/09/2015","$40,000,000,000","Yes","No","$40,000,028,900"
"912796GJ2","Bill","13-Week","07/06/2015","07/09/2015","10/08/2015","99.996208","No","$23,999,000,000","$83,002,000,000","No","","07/09/2015","$24,000,000,000","Yes","No","$24,000,415,800"
"912796FP9","Bill","26-Week","07/06/2015","07/09/2015","01/07/2016","99.957028","No","$25,000,000,000","$83,002,000,000","No","","07/09/2015","$24,000,000,000","Yes","No","$24,000,322,300"
"912796FX2","Bill","4-Week","06/30/2015","07/02/2015","07/30/2015","99.998833","No","$47,999,000,000","$83,001,000,000","No","","07/02/2015","$30,000,000,000","Yes","No","$30,000,170,800"
"912796GG8","Bill","13-Week","06/29/2015","07/02/2015","10/01/2015","99.996208","No","$24,001,000,000","$83,001,000,000","No","","07/02/2015","$24,000,000,000","Yes","No","$24,000,395,500"
"912796GV5","Bill","26-Week","06/29/2015","07/02/2015","12/31/2015","99.944389","No","","$83,001,000,000","No","","07/02/2015","$24,000,000,000","No","No","$24,000,101,600"
"912828XG0","Note","7-Year","06/25/2015","06/30/2015","06/30/2022","99.818956","No","","$74,131,000,000","No","2.125%","06/30/2015","$29,000,000,000","No","No","$29,000,014,000"
"912828XH8","Note","5-Year","06/24/2015","06/30/2015","06/30/2020","99.594321","No","","$74,131,000,000","No","1.625%","06/30/2015","$35,000,000,000","No","No","$35,000,141,000"
"912828K41","Note","1-Year 10-Month","06/24/2015","06/26/2015","04/30/2017","99.996258","No","$28,055,000,000","$0","Yes","","06/26/2015","$13,000,000,000","Yes","No","$13,000,004,700"
"912828XJ4","Note","2-Year","06/23/2015","06/30/2015","06/30/2017","99.867151","No","","$74,131,000,000","No","0.625%","06/30/2015","$26,000,000,000","No","No","$26,000,006,500"
"912796EN5","Bill","4-Week","06/23/2015","06/25/2015","07/23/2015","100.000000","No","$72,999,000,000","$117,991,000,000","No","","06/25/2015","$25,000,000,000","Yes","No","$25,006,694,500"
"912796GS2","Bill","52-Week","06/23/2015","06/25/2015","06/23/2016","99.706778","No","","$117,991,000,000","No","","06/25/2015","$25,000,000,000","No","No","$25,000,171,100"
"912796GF0","Bill","13-Week","06/22/2015","06/25/2015","09/24/2015","99.997472","No","$23,999,000,000","$117,991,000,000","No","","06/25/2015","$24,000,000,000","Yes","No","$24,000,059,800"
"912796GU7","Bill","26-Week","06/22/2015","06/25/2015","12/24/2015","99.959556","No","","$117,991,000,000","No","","06/25/2015","$24,000,000,000","No","No","$24,000,366,400"
"912810RL4","Bond","29-Year 8-Month","06/18/2015","06/30/2015","02/15/2045","90.591940","No","$9,000,000,000","$74,131,000,000","No","0.750%","06/30/2015","$7,000,000,000","Yes","Yes","$7,000,002,700"
"912796FW4","Bill","4-Week","06/16/2015","06/18/2015","07/16/2015","100.000000","No","$47,999,000,000","$96,984,000,000","No","","06/18/2015","$25,000,000,000","Yes","No","$25,001,854,600"
"912796EX3","Bill","13-Week","06/15/2015","06/18/2015","09/17/2015","99.997472","No","$50,998,000,000","$96,984,000,000","No","","06/18/2015","$24,000,000,000","Yes","No","$24,000,166,000"
"912796GT0","Bill","26-Week","06/15/2015","06/18/2015","12/17/2015","99.949444","No","","$96,984,000,000","No","","06/18/2015","$24,000,000,000","No","No","$24,000,897,100"
"912810RM2","Bond","29-Year 11-Month","06/11/2015","06/15/2015","05/15/2045","97.331596","No","$16,362,000,000","$34,260,000,000","No","3.000%","06/15/2015","$13,000,000,000","Yes","No","$13,000,060,100"
"912828XB1","Note","9-Year 11-Month","06/10/2015","06/15/2015","05/15/2025","97.057688","No","$24,543,000,000","$34,260,000,000","No","2.125%","06/15/2015","$21,000,000,000","Yes","No","$21,000,013,200"
"912828XF2","Note","3-Year","06/09/2015","06/15/2015","06/15/2018","100.000000","No","","$34,260,000,000","No","1.125%","06/15/2015","$24,000,000,000","No","No","$24,000,180,400"
"912796FT1","Bill","4-Week","06/09/2015","06/11/2015","07/09/2015","99.999611","No","$48,001,000,000","$91,994,000,000","No","","06/11/2015","$35,000,000,000","Yes","No","$35,000,506,000"
"912796GE3","Bill","13-Week","06/08/2015","06/11/2015","09/10/2015","99.996208","No","$25,999,000,000","$91,994,000,000","No","","06/11/2015","$24,000,000,000","Yes","No","$24,000,051,700"
"912796FN4","Bill","26-Week","06/08/2015","06/11/2015","12/10/2015","99.959556","No","$25,000,000,000","$91,994,000,000","No","","06/11/2015","$24,000,000,000","Yes","No","$24,000,228,400"
"912796FS3","Bill","4-Week","06/02/2015","06/04/2015","07/02/2015","99.999611","No","$48,001,000,000","$81,996,000,000","No","","06/04/2015","$35,000,000,000","Yes","No","$35,000,287,300"
"912796KK4","Bill","12-Day","06/02/2015","06/03/2015","06/15/2015","99.998333","Yes","","","No","","06/03/2015","$30,000,000,000","No","No","$30,000,105,000"
"912796GC7","Bill","13-Week","06/01/2015","06/04/2015","09/03/2015","99.997472","No","$25,998,000,000","$81,996,000,000","No","","06/04/2015","$24,000,000,000","Yes","No","$24,000,195,200"
"912796GR4","Bill","26-Week","06/01/2015","06/04/2015","12/03/2015","99.964611","No","","$81,996,000,000","No","","06/04/2015","$24,000,000,000","No","No","$24,000,963,800"
"912828XD7","Note","7-Year","05/28/2015","06/01/2015","05/31/2022","99.915114","No","","$75,863,000,000","No","1.875%","05/31/2015","$29,000,000,000","No","No","$29,000,021,100"
"912828K41","Note","1-Year 11-Month","05/28/2015","05/29/2015","04/30/2017","100.009740","No","$15,055,000,000","$0","Yes","","05/29/2015","$13,000,000,000","Yes","No","$13,000,020,800"
"912828XE5","Note","5-Year","05/27/2015","06/01/2015","05/31/2020","99.712598","No","","$75,863,000,000","No","1.500%","05/31/2015","$35,000,000,000","No","No","$35,000,026,300"
"912796EJ4","Bill","4-Week","05/27/2015","05/28/2015","06/25/2015","99.999222","No","$72,991,000,000","$108,997,000,000","No","","05/28/2015","$45,000,000,000","Yes","No","$45,000,449,000"
"912796GN3","Bill","52-Week","05/27/2015","05/28/2015","05/26/2016","99.742167","No","","$108,997,000,000","No","","05/28/2015","$25,000,000,000","No","No","$25,000,442,400"
"912828SY7","Note","2-Year","05/26/2015","06/01/2015","05/31/2017","99.954426","No","","$75,863,000,000","No","0.625%","05/31/2015","$26,000,000,000","Yes","No","$26,000,062,700"
"912796GB9","Bill","13-Week","05/26/2015","05/28/2015","08/27/2015","99.996208","No","$26,000,000,000","$108,997,000,000","No","","05/28/2015","$24,000,000,000","Yes","No","$24,000,780,500"
"912796GQ6","Bill","26-Week","05/26/2015","05/28/2015","11/27/2015","99.956792","No","","$108,997,000,000","No","","05/28/2015","$24,000,000,000","No","No","$24,000,103,900"
"912828H45","Note","9-Year 8-Month","05/21/2015","05/29/2015","01/15/2025","98.615297","No","$27,999,000,000","$0","No","0.250%","05/29/2015","$13,000,000,000","Yes","Yes","$13,000,004,200"
"912796FR5","Bill","4-Week","05/19/2015","05/21/2015","06/18/2015","99.998833","No","$51,987,000,000","$83,992,000,000","No","","05/21/2015","$45,000,000,000","Yes","No","$45,000,082,300"
"912796ET2","Bill","13-Week","05/18/2015","05/21/2015","08/20/2015","99.996208","No","$51,002,000,000","$83,992,000,000","No","","05/21/2015","$24,000,000,000","Yes","No","$24,000,071,300"
"912796GP8","Bill","26-Week","05/18/2015","05/21/2015","11/19/2015","99.959556","No","","$83,992,000,000","No","","05/21/2015","$24,000,000,000","No","No","$24,000,039,400"
"912810RM2","Bond","30-Year","05/14/2015","05/15/2015","05/15/2045","99.138514","No","","$67,026,000,000","No","3.000%","05/15/2015","$16,000,000,000","No","No","$16,361,897,800"
"912828XB1","Note","10-Year","05/13/2015","05/15/2015","05/15/2025","99.001405","No","","$67,026,000,000","No","2.125%","05/15/2015","$24,000,000,000","No","No","$24,543,188,500"
"912828XA3","Note","3-Year","05/12/2015","05/15/2015","05/15/2018","100.000000","No","","$67,026,000,000","No","1.000%","05/15/2015","$24,000,000,000","No","No","$24,542,959,600"
"912796FQ7","Bill","4-Week","05/12/2015","05/14/2015","06/11/2015","99.999222","No","$51,994,000,000","$83,997,000,000","No","","05/14/2015","$40,000,000,000","Yes","No","$40,000,806,200"
"912796GA1","Bill","13-Week","05/11/2015","05/14/2015","08/13/2015","99.994944","No","$26,000,000,000","$83,997,000,000","No","","05/14/2015","$24,000,000,000","Yes","No","$24,000,033,400"
"912796FG9","Bill","26-Week","05/11/2015","05/14/2015","11/12/2015","99.957028","No","$25,000,000,000","$83,997,000,000","No","","05/14/2015","$24,000,000,000","Yes","No","$24,000,025,300"
"912796FK0","Bill","4-Week","05/05/2015","05/07/2015","06/04/2015","100.000000","No","$51,993,000,000","$85,992,000,000","No","","05/07/2015","$30,000,000,000","Yes","No","$30,003,407,500"
"912796FY0","Bill","13-Week","05/04/2015","05/07/2015","08/06/2015","99.996208","No","$26,000,000,000","$85,992,000,000","No","","05/07/2015","$24,000,000,000","Yes","No","$24,000,868,500"
"912796GM5","Bill","26-Week","05/04/2015","05/07/2015","11/05/2015","99.964611","No","","$85,992,000,000","No","","05/07/2015","$24,000,000,000","No","No","$24,000,424,400"
"912828K41","Note","2-Year","04/29/2015","04/30/2015","04/30/2017","100.000000","No","","$77,441,000,000","Yes","","04/30/2015","$15,000,000,000","No","No","$15,054,921,400"
"912828WZ9","Note","7-Year","04/29/2015","04/30/2015","04/30/2022","99.541880","No","","$77,441,000,000","No","1.750%","04/30/2015","$29,000,000,000","No","No","$29,106,083,700"
"912796EC9","Bill","4-Week","04/28/2015","04/30/2015","05/28/2015","100.000000","No","$78,998,000,000","$119,001,000,000","No","","04/30/2015","$30,000,000,000","Yes","No","$30,000,041,600"
"912796GH6","Bill","52-Week","04/28/2015","04/30/2015","04/28/2016","99.752278","No","","$119,001,000,000","No","","04/30/2015","$25,000,000,000","No","No","$25,000,390,800"
"912828K58","Note","5-Year","04/28/2015","04/30/2015","04/30/2020","99.975923","No","","$77,441,000,000","No","1.375%","04/30/2015","$35,000,000,000","No","No","$35,128,097,400"
"912796FX2","Bill","13-Week","04/27/2015","04/30/2015","07/30/2015","99.994944","No","$23,999,000,000","$119,001,000,000","No","","04/30/2015","$24,000,000,000","Yes","No","$24,000,426,000"
"912796GL7","Bill","26-Week","04/27/2015","04/30/2015","10/29/2015","99.951972","No","","$119,001,000,000","No","","04/30/2015","$24,000,000,000","No","No","$24,000,754,900"
"912828K66","Note","2-Year","04/27/2015","04/30/2015","04/30/2017","99.920537","No","","$77,441,000,000","No","0.500%","04/30/2015","$26,000,000,000","No","No","$26,095,183,100"
"912828K33","Note","5-Year","04/23/2015","04/30/2015","04/15/2020","102.524135","No","","$77,441,000,000","No","0.125%","04/30/2015","$18,000,000,000","No","Yes","$18,065,862,900"
"912796FJ3","Bill","4-Week","04/21/2015","04/23/2015","05/21/2015","99.998833","No","$53,991,000,000","$93,992,000,000","No","","04/23/2015","$30,000,000,000","Yes","No","$30,000,422,100"
"912796EN5","Bill","13-Week","04/20/2015","04/23/2015","07/23/2015","99.993681","No","$49,000,000,000","$93,992,000,000","No","","04/23/2015","$24,000,000,000","Yes","No","$24,000,436,800"
"912796GK9","Bill","26-Week","04/20/2015","04/23/2015","10/22/2015","99.954500","No","","$93,992,000,000","No","","04/23/2015","$24,000,000,000","No","No","$24,000,155,600"
"912796FH7","Bill","4-Week","04/14/2015","04/16/2015","05/14/2015","99.998833","No","$53,998,000,000","$90,987,000,000","No","","04/16/2015","$30,000,000,000","Yes","No","$30,000,000,400"
"912796FW4","Bill","13-Week","04/13/2015","04/16/2015","07/16/2015","99.993681","No","$24,002,000,000","$90,987,000,000","No","","04/16/2015","$24,000,000,000","Yes","No","$24,000,385,600"
"912796FB0","Bill","26-Week","04/13/2015","04/16/2015","10/15/2015","99.946917","No","$25,000,000,000","$90,987,000,000","No","","04/16/2015","$24,000,000,000","Yes","No","$24,000,207,300"
"912810RK6","Bond","29-Year 10-Month","04/09/2015","04/15/2015","02/15/2045","97.990952","No","$29,001,000,000","$60,768,000,000","No","2.500%","04/15/2015","$13,000,000,000","Yes","No","$13,000,012,600"
"912828J27","Note","9-Year 10-Month","04/08/2015","04/15/2015","02/15/2025","100.667141","No","$44,995,000,000","$60,768,000,000","No","2.000%","04/15/2015","$21,000,000,000","Yes","No","$21,000,013,500"
"912828K25","Note","3-Year","04/07/2015","04/15/2015","04/15/2018","99.660163","No","","$60,768,000,000","No","0.750%","04/15/2015","$24,000,000,000","No","No","$24,000,006,600"
"912796FF1","Bill","4-Week","04/07/2015","04/09/2015","05/07/2015","99.998833","No","$55,991,000,000","$87,985,000,000","No","","04/09/2015","$30,000,000,000","Yes","No","$30,000,518,800"
"912796FT1","Bill","13-Week","04/06/2015","04/09/2015","07/09/2015","99.994944","No","$24,001,000,000","$87,985,000,000","No","","04/09/2015","$24,000,000,000","Yes","No","$24,000,364,600"
"912796GJ2","Bill","26-Week","04/06/2015","04/09/2015","10/08/2015","99.951972","No","","$87,985,000,000","No","","04/09/2015","$24,000,000,000","No","No","$24,000,018,100"
"912796DY2","Bill","4-Week","03/31/2015","04/02/2015","04/30/2015","99.996111","No","$78,999,000,000","$102,998,000,000","No","","04/02/2015","$40,000,000,000","Yes","No","$40,000,554,700"
"912796GD5","Bill","52-Week","03/31/2015","04/02/2015","03/31/2016","99.737111","No","","$102,998,000,000","No","","04/02/2015","$25,000,000,000","No","No","$25,000,267,500"
"912796FS3","Bill","13-Week","03/30/2015","04/02/2015","07/02/2015","99.991153","No","$24,000,000,000","$102,998,000,000","No","","04/02/2015","$24,000,000,000","Yes","No","$24,000,097,200"
"912796GG8","Bill","26-Week","03/30/2015","04/02/2015","10/01/2015","99.931750","No","","$102,998,000,000","No","","04/02/2015","$24,000,000,000","No","No","$24,000,478,900"
"912828J76","Note","7-Year","03/26/2015","03/31/2015","03/31/2022","99.724848","No","","$78,420,000,000","No","1.750%","03/31/2015","$29,000,000,000","No","No","$29,000,002,000"
"912828J84","Note","5-Year","03/25/2015","03/31/2015","03/31/2020","99.942226","No","","$78,420,000,000","No","1.375%","03/31/2015","$35,000,000,000","No","No","$35,000,032,500"
"912828H60","Note","1-Year 10-Month","03/25/2015","03/27/2015","01/31/2017","99.998123","No","$28,000,000,000","$0","Yes","","03/27/2015","$13,000,000,000","Yes","No","$13,000,215,000"
"912828J92","Note","2-Year","03/24/2015","03/31/2015","03/31/2017","99.805456","No","","$78,420,000,000","No","0.500%","03/31/2015","$26,000,000,000","No","No","$26,000,007,600"
"912796FE4","Bill","4-Week","03/24/2015","03/26/2015","04/23/2015","99.998444","No","$53,991,000,000","$87,002,000,000","No","","03/26/2015","$40,000,000,000","Yes","No","$40,000,270,500"
"912796EJ4","Bill","13-Week","03/23/2015","03/26/2015","06/25/2015","99.994944","No","$48,992,000,000","$87,002,000,000","No","","03/26/2015","$24,000,000,000","Yes","No","$24,000,142,000"
"912796GF0","Bill","26-Week","03/23/2015","03/26/2015","09/24/2015","99.946917","No","","$87,002,000,000","No","","03/26/2015","$24,000,000,000","No","No","$24,000,186,300"
"912828H45","Note","9-Year 10-Month","03/19/2015","03/31/2015","01/15/2025","99.164241","No","$15,000,000,000","$78,420,000,000","No","0.250%","03/31/2015","$13,000,000,000","Yes","Yes","$13,000,001,600"
"912796FD6","Bill","4-Week","03/17/2015","03/19/2015","04/16/2015","99.996111","No","$50,982,000,000","$86,997,000,000","No","","03/19/2015","$40,000,000,000","Yes","No","$40,000,587,700"
"912796FR5","Bill","13-Week","03/16/2015","03/19/2015","06/18/2015","99.989889","No","$25,989,000,000","$86,997,000,000","No","","03/19/2015","$26,000,000,000","Yes","No","$26,000,259,200"
"912796EX3","Bill","26-Week","03/16/2015","03/19/2015","09/17/2015","99.926694","No","$24,998,000,000","$86,997,000,000","No","","03/19/2015","$26,000,000,000","Yes","No","$26,000,281,800"
"912810RK6","Bond","29-Year 11-Month","03/12/2015","03/16/2015","02/15/2045","96.289689","No","$16,001,000,000","$34,221,000,000","No","2.500%","03/15/2015","$13,000,000,000","Yes","No","$13,000,001,400"
"912828J27","Note","9-Year 11-Month","03/11/2015","03/16/2015","02/15/2025","98.762062","No","$24,000,000,000","$34,221,000,000","No","2.000%","03/15/2015","$21,000,000,000","Yes","No","$21,000,075,100"
"912828J68","Note","3-Year","03/10/2015","03/16/2015","03/15/2018","99.694198","No","","$34,221,000,000","No","1.000%","03/15/2015","$24,000,000,000","No","No","$24,000,036,900"
"912796FC8","Bill","4-Week","03/10/2015","03/12/2015","04/09/2015","99.998833","No","$47,984,000,000","$86,998,000,000","No","","03/12/2015","$40,000,000,000","Yes","No","$40,000,997,100"
"912796FQ7","Bill","13-Week","03/09/2015","03/12/2015","06/11/2015","99.996208","No","$25,988,000,000","$86,998,000,000","No","","03/12/2015","$26,000,000,000","Yes","No","$26,000,527,300"
"912796GE3","Bill","26-Week","03/09/2015","03/12/2015","09/10/2015","99.951972","No","","$86,998,000,000","No","","03/12/2015","$26,000,000,000","No","No","$26,000,859,300"
"912796DU0","Bill","4-Week","03/03/2015","03/05/2015","04/02/2015","99.999611","No","$72,997,000,000","$112,992,000,000","No","","03/05/2015","$30,000,000,000","Yes","No","$30,000,234,200"
"912796FZ7","Bill","52-Week","03/03/2015","03/05/2015","03/03/2016","99.737111","No","","$112,992,000,000","No","","03/05/2015","$25,000,000,000","No","No","$25,000,275,000"
"912796FK0","Bill","13-Week","03/02/2015","03/05/2015","06/04/2015","99.996208","No","$25,996,000,000","$112,992,000,000","No","","03/05/2015","$26,000,000,000","Yes","No","$26,000,057,700"
"912796GC7","Bill","26-Week","03/02/2015","03/05/2015","09/03/2015","99.962083","No","","$112,992,000,000","No","","03/05/2015","$26,000,000,000","No","No","$26,000,259,900"
"912828J43","Note","7-Year","02/26/2015","03/02/2015","02/28/2022","99.450849","No","","$78,033,000,000","No","1.750%","02/28/2015","$29,000,000,000","No","No","$29,000,022,400"
"912828J50","Note","5-Year","02/25/2015","03/02/2015","02/29/2020","99.496222","No","","$78,033,000,000","No","1.375%","02/28/2015","$35,000,000,000","No","No","$35,000,033,800"
"912828H60","Note","1-Year 11-Month","02/25/2015","02/27/2015","01/31/2017","99.999999","No","$15,000,000,000","$0","Yes","","02/27/2015","$13,000,000,000","Yes","No","$13,000,305,100"
"912828J35","Note","2-Year","02/24/2015","03/02/2015","02/28/2017","99.796087","No","","$78,033,000,000","No","0.500%","02/28/2015","$26,000,000,000","No","No","$26,000,079,000"
"912796FA2","Bill","4-Week","02/24/2015","02/26/2015","03/26/2015","99.998833","No","$47,001,000,000","$77,996,000,000","No","","02/26/2015","$40,000,000,000","Yes","No","$40,000,248,600"
"912796EC9","Bill","13-Week","02/23/2015","02/26/2015","05/28/2015","99.994944","No","$53,000,000,000","$77,996,000,000","No","","02/26/2015","$26,000,000,000","Yes","No","$26,000,132,500"
"912796GB9","Bill","26-Week","02/23/2015","02/26/2015","08/27/2015","99.967139","No","","$77,996,000,000","No","","02/26/2015","$26,000,000,000","No","No","$26,000,580,900"
"912810RL4","Bond","30-Year","02/19/2015","02/27/2015","02/15/2045","97.329701","No","","$0","No","0.750%","02/27/2015","$9,000,000,000","No","Yes","$9,000,002,100"
"912796EZ8","Bill","4-Week","02/18/2015","02/19/2015","03/19/2015","99.999222","No","$46,997,000,000","$79,003,000,000","No","","02/19/2015","$40,000,000,000","Yes","No","$40,000,121,000"
"912796FJ3","Bill","13-Week","02/17/2015","02/19/2015","05/21/2015","99.996208","No","$27,991,000,000","$79,003,000,000","No","","02/19/2015","$26,000,000,000","Yes","No","$26,000,662,800"
"912796ET2","Bill","26-Week","02/17/2015","02/19/2015","08/20/2015","99.967139","No","$25,000,000,000","$79,003,000,000","No","","02/19/2015","$26,000,000,000","Yes","No","$26,000,027,700"
"912810RK6","Bond","30-Year","02/12/2015","02/17/2015","02/15/2045","98.748902","No","","$80,634,000,000","No","2.500%","02/15/2015","$16,000,000,000","No","No","$16,000,605,500"
"912828J27","Note","10-Year","02/11/2015","02/17/2015","02/15/2025","99.999892","No","","$80,634,000,000","No","2.000%","02/15/2015","$24,000,000,000","No","No","$24,000,907,500"
"912828H94","Note","3-Year","02/10/2015","02/17/2015","02/15/2018","99.852956","No","","$80,634,000,000","No","1.000%","02/15/2015","$24,000,000,000","No","No","$24,001,113,600"
"912796EY1","Bill","4-Week","02/10/2015","02/12/2015","03/12/2015","99.998833","No","$46,998,000,000","$78,997,000,000","No","","02/12/2015","$40,000,000,000","Yes","No","$40,001,374,500"
"912796FH7","Bill","13-Week","02/09/2015","02/12/2015","05/14/2015","99.994944","No","$27,998,000,000","$78,997,000,000","No","","02/12/2015","$26,000,000,000","Yes","No","$26,000,268,500"
"912796GA1","Bill","26-Week","02/09/2015","02/12/2015","08/13/2015","99.957028","No","","$78,997,000,000","No","","02/12/2015","$26,000,000,000","No","No","$26,000,080,400"
"912796DP1","Bill","4-Week","02/03/2015","02/05/2015","03/05/2015","99.998444","No","$72,990,000,000","$97,002,000,000","No","","02/05/2015","$40,000,000,000","Yes","No","$40,001,399,600"
"912796FV6","Bill","52-Week","02/03/2015","02/05/2015","02/04/2016","99.792722","No","","$97,002,000,000","No","","02/05/2015","$25,000,000,000","No","No","$25,000,231,200"
"912796FF1","Bill","13-Week","02/02/2015","02/05/2015","05/07/2015","99.996208","No","$29,995,000,000","$97,002,000,000","No","","02/05/2015","$26,000,000,000","Yes","No","$26,000,111,300"
"912796FY0","Bill","26-Week","02/02/2015","02/05/2015","08/06/2015","99.967139","No","","$97,002,000,000","No","","02/05/2015","$26,000,000,000","No","No","$26,000,440,600"
"912828H52","Note","5-Year","01/29/2015","02/02/2015","01/31/2020","99.816712","No","","$77,684,000,000","No","1.250%","01/31/2015","$35,000,000,000","No","No","$35,000,014,400"
"912828H86","Note","7-Year","01/29/2015","02/02/2015","01/31/2022","99.406401","No","","$77,684,000,000","No","1.500%","01/31/2015","$29,000,000,000","No","No","$29,000,013,800"
"912828H78","Note","2-Year","01/28/2015","02/02/2015","01/31/2017","99.920748","No","","$77,684,000,000","No","0.500%","01/31/2015","$26,000,000,000","No","No","$26,000,071,200"
"912828H60","Note","2-Year","01/28/2015","02/02/2015","01/31/2017","100.000000","No","","$77,684,000,000","Yes","","01/31/2015","$15,000,000,000","No","No","$15,000,260,800"
"912796EW5","Bill","4-Week","01/26/2015","01/29/2015","02/26/2015","99.998444","No","$47,996,000,000","$78,001,000,000","No","","01/29/2015","$30,000,000,000","Yes","No","$30,000,890,700"
"912796DY2","Bill","13-Week","01/26/2015","01/29/2015","04/30/2015","99.994944","No","$54,997,000,000","$78,001,000,000","No","","01/29/2015","$24,000,000,000","Yes","No","$24,000,354,800"
"912796FX2","Bill","26-Week","01/26/2015","01/29/2015","07/30/2015","99.962083","No","","$78,001,000,000","No","","01/29/2015","$24,000,000,000","No","No","$24,000,591,500"
"912828H45","Note","10-Year","01/22/2015","01/30/2015","01/15/2025","99.102886","No","","$0","No","0.250%","01/30/2015","$15,000,000,000","No","Yes","$15,000,007,600"
"912796EV7","Bill","4-Week","01/21/2015","01/22/2015","02/19/2015","99.999611","No","$49,000,000,000","$77,999,000,000","No","","01/22/2015","$30,000,000,000","Yes","No","$30,000,665,000"
"912796FE4","Bill","13-Week","01/20/2015","01/22/2015","04/23/2015","99.993681","No","$29,991,000,000","$77,999,000,000","No","","01/22/2015","$24,000,000,000","Yes","No","$24,000,183,900"
"912796EN5","Bill","26-Week","01/20/2015","01/22/2015","07/23/2015","99.962083","No","$25,000,000,000","$77,999,000,000","No","","01/22/2015","$24,000,000,000","Yes","No","$24,000,428,100"
"912810RJ9","Bond","29-Year 10-Month","01/14/2015","01/15/2015","11/15/2044","112.041418","No","$29,021,000,000","$57,841,000,000","No","3.000%","01/15/2015","$13,000,000,000","Yes","No","$13,000,011,900"
"912796EU9","Bill","4-Week","01/13/2015","01/15/2015","02/12/2015","99.998833","No","$49,000,000,000","$87,001,000,000","No","","01/15/2015","$30,000,000,000","Yes","No","$30,000,463,900"
"912828G38","Note","9-Year 10-Month","01/13/2015","01/15/2015","11/15/2024","102.850862","No","$45,032,000,000","$57,841,000,000","No","2.250%","01/15/2015","$21,000,000,000","Yes","No","$21,000,051,400"
"912796FD6","Bill","13-Week","01/12/2015","01/15/2015","04/16/2015","99.993681","No","$26,986,000,000","$87,001,000,000","No","","01/15/2015","$24,000,000,000","Yes","No","$24,000,093,800"
"912796FW4","Bill","26-Week","01/12/2015","01/15/2015","07/16/2015","99.957028","No","","$87,001,000,000","No","","01/15/2015","$24,000,000,000","No","No","$24,000,053,100"
"912828H37","Note","3-Year","01/12/2015","01/15/2015","01/15/2018","99.849449","No","","$57,841,000,000","No","0.875%","01/15/2015","$24,000,000,000","No","No","$24,000,082,700"
"912796DG1","Bill","4-Week","01/06/2015","01/08/2015","02/05/2015","99.999222","No","$67,002,000,000","$120,001,000,000","No","","01/08/2015","$30,000,000,000","Yes","No","$30,000,519,000"
"912796FP9","Bill","52-Week","01/06/2015","01/08/2015","01/07/2016","99.747222","No","","$120,001,000,000","No","","01/08/2015","$25,000,000,000","No","No","$25,000,854,200"
"912796FC8","Bill","13-Week","01/05/2015","01/08/2015","04/09/2015","99.992417","No","$23,989,000,000","$120,001,000,000","No","","01/08/2015","$24,000,000,000","Yes","No","$24,000,099,900"
"912796FT1","Bill","26-Week","01/05/2015","01/08/2015","07/09/2015","99.944389","No","","$120,001,000,000","No","","01/08/2015","$24,000,000,000","No","No","$24,001,142,300"
"912796ER6","Bill","4-Week","12/30/2014","01/02/2015","01/29/2015","99.998875","No","$48,000,000,000","$96,991,000,000","No","","01/02/2015","$30,000,000,000","Yes","No","$30,000,102,800"
"912796DU0","Bill","13-Week","12/29/2014","01/02/2015","04/02/2015","99.990000","No","$48,998,000,000","$96,991,000,000","No","","01/02/2015","$24,000,000,000","Yes","No","$24,000,029,600"
"912796FS3","Bill","26-Week","12/29/2014","01/02/2015","07/02/2015","99.934639","No","","$96,991,000,000","No","","01/02/2015","$24,000,000,000","No","No","$24,000,479,000"
"912828G87","Note","7-Year","12/24/2014","12/31/2014","12/31/2021","100.000000","No","","$78,244,000,000","No","2.125%","12/31/2014","$29,000,000,000","No","No","$29,000,009,300"
"912828G95","Note","5-Year","12/23/2014","12/31/2014","12/31/2019","99.456337","No","","$78,244,000,000","No","1.625%","12/31/2014","$35,000,000,000","No","No","$35,000,073,800"
"912796EQ8","Bill","4-Week","12/23/2014","12/26/2014","01/22/2015","99.999250","No","$47,999,000,000","$87,001,000,000","No","","12/26/2014","$30,000,000,000","Yes","No","$30,000,386,400"
"912828F70","Note","1-Year 10-Month","12/23/2014","12/26/2014","10/31/2016","99.893288","No","$28,000,000,000","$0","Yes","","12/26/2014","$13,000,000,000","Yes","No","$13,000,223,200"
"912828H29","Note","2-Year","12/22/2014","12/31/2014","12/31/2016","99.845361","No","","$78,244,000,000","No","0.625%","12/31/2014","$27,000,000,000","No","No","$27,000,004,000"
"912796FA2","Bill","13-Week","12/22/2014","12/26/2014","03/26/2015","99.986250","No","$22,999,000,000","$87,001,000,000","No","","12/26/2014","$24,000,000,000","Yes","No","$24,000,254,800"
"912796EJ4","Bill","26-Week","12/22/2014","12/26/2014","06/25/2015","99.922069","No","$25,000,000,000","$87,001,000,000","No","","12/26/2014","$24,000,000,000","Yes","No","$24,000,153,400"
"912828C99","Note","4-Year 4-Month","12/18/2014","12/31/2014","04/15/2019","100.174592","No","$34,000,000,000","$78,244,000,000","No","0.125%","12/31/2014","$16,000,000,000","Yes","Yes","$16,000,002,500"
"912796EP0","Bill","4-Week","12/16/2014","12/18/2014","01/15/2015","99.998444","No","$47,001,000,000","$86,996,000,000","No","","12/18/2014","$40,000,000,000","Yes","No","$40,000,068,700"
"912796EZ8","Bill","13-Week","12/15/2014","12/18/2014","03/19/2015","99.991153","No","$22,997,000,000","$86,996,000,000","No","","12/18/2014","$24,000,000,000","Yes","No","$24,000,497,200"
"912796FR5","Bill","26-Week","12/15/2014","12/18/2014","06/18/2015","99.944389","No","","$86,996,000,000","No","","12/18/2014","$26,000,000,000","No","No","$26,000,078,000"
"912810RJ9","Bond","29-Year 11-Month","12/11/2014","12/15/2014","11/15/2044","103.043970","No","$16,021,000,000","$33,170,000,000","No","3.000%","12/15/2014","$13,000,000,000","Yes","No","$13,000,022,300"
"912828G38","Note","9-Year 11-Month","12/10/2014","12/15/2014","11/15/2024","100.317269","No","$24,032,000,000","$33,170,000,000","No","2.250%","12/15/2014","$21,000,000,000","Yes","No","$21,000,013,400"
"912828G79","Note","3-Year","12/09/2014","12/15/2014","12/15/2017","99.805642","No","","$33,170,000,000","No","1.000%","12/15/2014","$25,000,000,000","No","No","$25,000,001,900"
"912796DF3","Bill","4-Week","12/09/2014","12/11/2014","01/08/2015","99.996889","No","$70,000,000,000","$113,999,000,000","No","","12/11/2014","$50,000,000,000","Yes","No","$50,000,971,600"
"912796FN4","Bill","52-Week","12/09/2014","12/11/2014","12/10/2015","99.787667","No","","$113,999,000,000","No","","12/11/2014","$25,000,000,000","No","No","$25,000,080,400"
"912796EY1","Bill","13-Week","12/08/2014","12/11/2014","03/12/2015","99.993681","No","$22,997,000,000","$113,999,000,000","No","","12/11/2014","$24,000,000,000","Yes","No","$24,000,356,100"
"912796FQ7","Bill","26-Week","12/08/2014","12/11/2014","06/11/2015","99.954500","No","","$113,999,000,000","No","","12/11/2014","$26,000,000,000","No","No","$26,000,132,600"
"912796EM7","Bill","4-Week","12/02/2014","12/04/2014","01/02/2015","99.997583","No","$46,998,000,000","$87,002,000,000","No","","12/04/2014","$50,000,000,000","Yes","No","$50,000,068,800"
"912796DP1","Bill","13-Week","12/01/2014","12/04/2014","03/05/2015","99.993681","No","$48,990,000,000","$87,002,000,000","No","","12/04/2014","$24,000,000,000","Yes","No","$24,000,149,300"
"912796FK0","Bill","26-Week","12/01/2014","12/04/2014","06/04/2015","99.962083","No","","$87,002,000,000","No","","12/04/2014","$26,000,000,000","No","No","$26,001,194,600"
"912828G53","Note","7-Year","11/26/2014","12/01/2014","11/30/2021","99.446691","No","","$78,261,000,000","No","1.875%","11/30/2014","$29,000,000,000","No","No","$29,000,046,300"
"912828G61","Note","5-Year","11/25/2014","12/01/2014","11/30/2019","99.545394","No","","$78,261,000,000","No","1.500%","11/30/2014","$35,000,000,000","No","No","$35,000,117,800"
"912796EL9","Bill","4-Week","11/25/2014","11/28/2014","12/26/2014","99.995333","No","$47,001,000,000","$86,002,000,000","No","","11/28/2014","$40,000,000,000","Yes","No","$40,000,551,900"
"912828F70","Note","1-Year 11-Month","11/25/2014","11/28/2014","10/31/2016","99.970737","No","$15,000,000,000","$0","Yes","","11/28/2014","$13,000,000,000","Yes","No","$13,000,072,600"
"912828G46","Note","2-Year","11/24/2014","12/01/2014","11/30/2016","99.916676","No","","$78,261,000,000","No","0.500%","11/30/2014","$28,000,000,000","No","No","$28,000,116,800"
"912796EW5","Bill","13-Week","11/24/2014","11/28/2014","02/26/2015","99.995000","No","$23,995,000,000","$86,002,000,000","No","","11/28/2014","$24,000,000,000","Yes","No","$24,001,138,200"
"912796EC9","Bill","26-Week","11/24/2014","11/28/2014","05/28/2015","99.964806","No","$24,999,000,000","$86,002,000,000","No","","11/28/2014","$28,000,000,000","Yes","No","$28,000,196,100"
"912828WU0","Note","9-Year 8-Month","11/20/2014","11/28/2014","07/15/2024","96.736675","No","$28,005,000,000","$0","No","0.125%","11/28/2014","$13,000,000,000","Yes","Yes","$13,000,007,200"
"912796EK1","Bill","4-Week","11/18/2014","11/20/2014","12/18/2014","99.997278","No","$46,997,000,000","$86,004,000,000","No","","11/20/2014","$40,000,000,000","Yes","No","$40,000,312,100"
"912796EV7","Bill","13-Week","11/17/2014","11/20/2014","02/19/2015","99.993681","No","$25,001,000,000","$86,004,000,000","No","","11/20/2014","$24,000,000,000","Yes","No","$24,000,369,400"
"912796FJ3","Bill","26-Week","11/17/2014","11/20/2014","05/21/2015","99.964611","No","","$86,004,000,000","No","","11/20/2014","$28,000,000,000","No","No","$28,000,815,600"
"912810RJ9","Bond","30-Year","11/13/2014","11/17/2014","11/15/2044","98.209695","No","","$59,833,000,000","No","3.000%","11/15/2014","$16,000,000,000","No","No","$16,021,352,000"
"912828G38","Note","10-Year","11/12/2014","11/17/2014","11/15/2024","98.981554","No","","$59,833,000,000","No","2.250%","11/15/2014","$24,000,000,000","No","No","$24,032,079,300"
"912796DB2","Bill","4-Week","11/12/2014","11/13/2014","12/11/2014","99.996500","No","$73,998,000,000","$110,001,000,000","No","","11/13/2014","$40,000,000,000","Yes","No","$40,000,943,900"
"912796FG9","Bill","52-Week","11/12/2014","11/13/2014","11/12/2015","99.858444","No","","$110,001,000,000","No","","11/13/2014","$25,000,000,000","No","No","$25,000,744,700"
"912828G20","Note","3-Year","11/10/2014","11/17/2014","11/15/2017","99.637993","No","","$59,833,000,000","No","0.875%","11/15/2014","$26,000,000,000","No","No","$26,034,729,700"
"912796EU9","Bill","13-Week","11/10/2014","11/13/2014","02/12/2015","99.993681","No","$25,001,000,000","$110,001,000,000","No","","11/13/2014","$24,000,000,000","Yes","No","$24,000,167,200"
"912796FH7","Bill","26-Week","11/10/2014","11/13/2014","05/14/2015","99.969667","No","","$110,001,000,000","No","","11/13/2014","$28,000,000,000","No","No","$28,000,371,400"
"912796EG0","Bill","4-Week","11/04/2014","11/06/2014","12/04/2014","99.997278","No","$51,000,000,000","$83,001,000,000","No","","11/06/2014","$36,000,000,000","Yes","No","$36,002,590,400"
"912796DG1","Bill","13-Week","11/03/2014","11/06/2014","02/05/2015","99.994944","No","$43,002,000,000","$83,001,000,000","No","","11/06/2014","$24,000,000,000","Yes","No","$24,000,583,000"
"912796FF1","Bill","26-Week","11/03/2014","11/06/2014","05/07/2015","99.969667","No","","$83,001,000,000","No","","11/06/2014","$30,000,000,000","No","No","$30,000,527,300"
"912828F96","Note","7-Year","10/30/2014","10/31/2014","10/31/2021","99.883043","No","","$77,009,000,000","No","2.000%","10/31/2014","$29,000,000,000","No","No","$29,000,010,100"
"912828F70","Note","2-Year","10/29/2014","10/31/2014","10/31/2016","100.000000","No","","$77,009,000,000","Yes","","10/31/2014","$15,000,000,000","No","No","$15,000,191,100"
"912828F62","Note","5-Year","10/29/2014","10/31/2014","10/31/2019","99.678995","No","","$77,009,000,000","No","1.500%","10/31/2014","$35,000,000,000","No","No","$35,000,002,000"
"912828F88","Note","2-Year","10/28/2014","10/31/2014","10/31/2016","99.900529","No","","$77,009,000,000","No","0.375%","10/31/2014","$29,000,000,000","No","No","$29,000,159,700"
"912796EF2","Bill","4-Week","10/28/2014","10/30/2014","11/28/2014","99.998389","No","$52,002,000,000","$80,000,000,000","No","","10/30/2014","$34,000,000,000","Yes","No","$34,000,350,600"
"912796ER6","Bill","13-Week","10/27/2014","10/30/2014","01/29/2015","99.994944","No","$24,002,000,000","$80,000,000,000","No","","10/30/2014","$24,000,000,000","Yes","No","$24,000,225,800"
"912796DY2","Bill","26-Week","10/27/2014","10/30/2014","04/30/2015","99.972194","No","$25,001,000,000","$80,000,000,000","No","","10/30/2014","$30,000,000,000","Yes","No","$30,000,065,700"
"912810RF7","Bond","29-Year 4-Month","10/23/2014","10/31/2014","02/15/2044","112.167585","No","$16,025,000,000","$77,009,000,000","No","1.375%","10/31/2014","$7,000,000,000","Yes","Yes","$7,000,004,300"
"912796EE5","Bill","4-Week","10/21/2014","10/23/2014","11/20/2014","99.997667","No","$52,002,000,000","$89,002,000,000","No","","10/23/2014","$34,000,000,000","Yes","No","$34,002,003,500"
"912796EQ8","Bill","13-Week","10/20/2014","10/23/2014","01/22/2015","99.994944","No","$23,999,000,000","$89,002,000,000","No","","10/23/2014","$24,000,000,000","Yes","No","$24,000,813,800"
"912796FE4","Bill","26-Week","10/20/2014","10/23/2014","04/23/2015","99.974722","No","","$89,002,000,000","No","","10/23/2014","$30,000,000,000","No","No","$30,000,556,700"
"912796CL1","Bill","4-Week","10/15/2014","10/16/2014","11/13/2014","99.998833","No","$77,001,000,000","$100,004,000,000","No","","10/16/2014","$33,000,000,000","Yes","No","$33,000,940,400"
"912796FB0","Bill","52-Week","10/15/2014","10/16/2014","10/15/2015","99.898889","No","","$100,004,000,000","No","","10/16/2014","$25,000,000,000","No","No","$25,001,197,200"
"912796EP0","Bill","13-Week","10/14/2014","10/16/2014","01/15/2015","99.997472","No","$23,001,000,000","$100,004,000,000","No","","10/16/2014","$24,000,000,000","Yes","No","$24,000,692,100"
"912796FD6","Bill","26-Week","10/14/2014","10/16/2014","04/16/2015","99.979778","No","","$100,004,000,000","No","","10/16/2014","$27,000,000,000","No","No","$27,000,764,400"
"912810RH3","Bond","29-Year 10-Month","10/09/2014","10/15/2014","08/15/2044","100.986092","No","$29,000,000,000","$32,000,000,000","No","3.125%","10/15/2014","$13,000,000,000","Yes","No","$13,000,000,900"
"912828D56","Note","9-Year 10-Month","10/08/2014","10/15/2014","08/15/2024","99.944558","No","$44,999,000,000","$32,000,000,000","No","2.375%","10/15/2014","$21,000,000,000","Yes","No","$21,000,006,600"
"912828F54","Note","3-Year","10/07/2014","10/15/2014","10/15/2017","99.649129","No","","$32,000,000,000","No","0.875%","10/15/2014","$27,000,000,000","No","No","$27,000,033,800"
"912796ED7","Bill","4-Week","10/07/2014","10/09/2014","11/06/2014","99.999222","No","$50,999,000,000","$82,995,000,000","No","","10/09/2014","$32,000,000,000","Yes","No","$32,002,114,100"
"912796DF3","Bill","13-Week","10/06/2014","10/09/2014","01/08/2015","99.996208","No","$45,999,000,000","$82,995,000,000","No","","10/09/2014","$24,000,000,000","Yes","No","$24,000,638,400"
"912796FC8","Bill","26-Week","10/06/2014","10/09/2014","04/09/2015","99.979778","No","","$82,995,000,000","No","","10/09/2014","$24,000,000,000","No","No","$24,001,163,600"
"912796EB1","Bill","4-Week","09/30/2014","10/02/2014","10/30/2014","99.998444","No","$50,000,000,000","$87,998,000,000","No","","10/02/2014","$30,000,000,000","Yes","No","$30,000,293,000"
"912796EM7","Bill","13-Week","09/29/2014","10/02/2014","01/02/2015","99.996167","No","$23,000,000,000","$87,998,000,000","No","","10/02/2014","$24,000,000,000","Yes","No","$24,000,327,500"
"912796DU0","Bill","26-Week","09/29/2014","10/02/2014","04/02/2015","99.979778","No","$24,999,000,000","$87,998,000,000","No","","10/02/2014","$24,000,000,000","Yes","No","$24,000,126,100"
"912828F21","Note","7-Year","09/25/2014","09/30/2014","09/30/2021","99.290865","No","","$75,708,000,000","No","2.125%","09/30/2014","$29,000,000,000","No","No","$29,000,003,500"
"912828F39","Note","5-Year","09/24/2014","09/30/2014","09/30/2019","99.761942","No","","$75,708,000,000","No","1.750%","09/30/2014","$35,000,000,000","No","No","$35,000,047,100"
"912828WV8","Note","1-Year 10-Month","09/24/2014","09/26/2014","07/31/2016","100.054264","No","$28,000,000,000","$0","Yes","","09/26/2014","$13,000,000,000","Yes","No","$13,000,059,200"
"912828F47","Note","2-Year","09/23/2014","09/30/2014","09/30/2016","99.823303","No","","$75,708,000,000","No","0.500%","09/30/2014","$29,000,000,000","No","No","$29,000,113,100"
"912796EA3","Bill","4-Week","09/23/2014","09/25/2014","10/23/2014","100.000000","No","$48,999,000,000","$97,997,000,000","No","","09/25/2014","$40,000,000,000","Yes","No","$40,002,761,100"
"912796EL9","Bill","13-Week","09/22/2014","09/25/2014","12/26/2014","99.997444","No","$23,001,000,000","$97,997,000,000","No","","09/25/2014","$24,000,000,000","Yes","No","$24,000,319,800"
"912796FA2","Bill","26-Week","09/22/2014","09/25/2014","03/26/2015","99.979778","No","","$97,997,000,000","No","","09/25/2014","$23,000,000,000","No","No","$23,000,850,800"
"912828WU0","Note","9-Year 10-Month","09/18/2014","09/30/2014","07/15/2024","95.721526","No","$15,005,000,000","$75,708,000,000","No","0.125%","09/30/2014","$13,000,000,000","Yes","Yes","$13,000,009,000"
"912796CF4","Bill","4-Week","09/16/2014","09/18/2014","10/16/2014","100.000000","No","$69,999,000,000","$120,001,000,000","No","","09/18/2014","$30,000,000,000","Yes","No","$30,000,958,500"
"912796EX3","Bill","52-Week","09/16/2014","09/18/2014","09/17/2015","99.878667","No","","$120,001,000,000","No","","09/18/2014","$25,000,000,000","No","No","$25,000,342,500"
"912796EK1","Bill","13-Week","09/15/2014","09/18/2014","12/18/2014","99.996208","No","$23,000,000,000","$120,001,000,000","No","","09/18/2014","$24,000,000,000","Yes","No","$24,000,569,400"
"912796EZ8","Bill","26-Week","09/15/2014","09/18/2014","03/19/2015","99.977250","No","","$120,001,000,000","No","","09/18/2014","$23,000,000,000","No","No","$23,000,026,700"
"912810RH3","Bond","29-Year 11-Month","09/11/2014","09/15/2014","08/15/2044","97.804086","No","$16,000,000,000","$32,000,000,000","No","3.125%","09/15/2014","$13,000,000,000","Yes","No","$13,000,061,200"
"912828D56","Note","9-Year 11-Month","09/10/2014","09/15/2014","08/15/2024","98.602787","No","$24,000,000,000","$32,000,000,000","No","2.375%","09/15/2014","$21,000,000,000","Yes","No","$21,000,022,700"
"912828D98","Note","3-Year","09/09/2014","09/15/2014","09/15/2017","99.805642","No","","$32,000,000,000","No","1.000%","09/15/2014","$27,000,000,000","No","No","$27,000,004,100"
"912796DZ9","Bill","4-Week","09/09/2014","09/11/2014","10/09/2014","99.999611","No","$47,995,000,000","$98,000,000,000","No","","09/11/2014","$35,000,000,000","Yes","No","$35,000,406,000"
"912796DB2","Bill","13-Week","09/08/2014","09/11/2014","12/11/2014","99.994944","No","$47,998,000,000","$98,000,000,000","No","","09/11/2014","$26,000,000,000","Yes","No","$26,000,220,200"
"912796EY1","Bill","26-Week","09/08/2014","09/11/2014","03/12/2015","99.977250","No","","$98,000,000,000","No","","09/11/2014","$23,000,000,000","No","No","$23,000,079,600"
"912796HP7","Bill","11-Day","09/03/2014","09/04/2014","09/15/2014","99.999236","Yes","","","No","","09/04/2014","$15,000,000,000","No","No","$15,000,450,000"
"912796DX4","Bill","4-Week","09/03/2014","09/04/2014","10/02/2014","99.998833","No","$47,999,000,000","$90,001,000,000","No","","09/04/2014","$40,000,000,000","Yes","No","$40,000,586,600"
"912796EG0","Bill","13-Week","09/02/2014","09/04/2014","12/04/2014","99.993681","No","$23,000,000,000","$90,001,000,000","No","","09/04/2014","$28,000,000,000","Yes","No","$28,000,573,700"
"912796DP1","Bill","26-Week","09/02/2014","09/04/2014","03/05/2015","99.974722","No","$24,994,000,000","$90,001,000,000","No","","09/04/2014","$24,000,000,000","Yes","No","$24,000,446,300"
"912828D72","Note","7-Year","08/28/2014","09/02/2014","08/31/2021","99.707997","No","","$75,167,000,000","No","2.000%","08/31/2014","$29,000,000,000","No","No","$29,001,470,200"
"912828D80","Note","5-Year","08/27/2014","09/02/2014","08/31/2019","99.899634","No","","$75,167,000,000","No","1.625%","08/31/2014","$35,000,000,000","No","No","$35,001,767,800"
"912828WV8","Note","1-Year 11-Month","08/27/2014","08/29/2014","07/31/2016","100.029221","No","$15,005,000,000","$0","Yes","","08/29/2014","$13,000,000,000","Yes","No","$13,000,173,900"
"912828D64","Note","2-Year","08/26/2014","09/02/2014","08/31/2016","99.940552","No","","$75,167,000,000","No","0.500%","08/31/2014","$29,000,000,000","No","No","$29,001,570,700"
"912796DW6","Bill","4-Week","08/26/2014","08/28/2014","09/25/2014","99.997667","No","$48,000,000,000","$89,999,000,000","No","","08/28/2014","$50,000,000,000","Yes","No","$50,000,799,200"
"912796EF2","Bill","13-Week","08/25/2014","08/28/2014","11/28/2014","99.992333","No","$23,000,000,000","$89,999,000,000","No","","08/28/2014","$29,000,000,000","Yes","No","$29,000,701,600"
"912796EW5","Bill","26-Week","08/25/2014","08/28/2014","02/26/2015","99.974722","No","","$89,999,000,000","No","","08/28/2014","$24,000,000,000","No","No","$24,000,822,600"
"912828C99","Note","4-Year 8-Month","08/21/2014","08/29/2014","04/15/2019","103.623896","No","$18,000,000,000","$0","No","0.125%","08/29/2014","$16,000,000,000","Yes","Yes","$16,000,008,200"
"912796CB3","Bill","4-Week","08/19/2014","08/21/2014","09/18/2014","99.997278","No","$69,999,000,000","$114,999,000,000","No","","08/21/2014","$50,000,000,000","Yes","No","$50,001,794,900"
"912796ET2","Bill","52-Week","08/19/2014","08/21/2014","08/20/2015","99.893833","No","","$114,999,000,000","No","","08/21/2014","$25,000,000,000","No","No","$25,000,555,100"
"912796EE5","Bill","13-Week","08/18/2014","08/21/2014","11/20/2014","99.992417","No","$23,002,000,000","$114,999,000,000","No","","08/21/2014","$29,000,000,000","Yes","No","$29,000,157,900"
"912796EV7","Bill","26-Week","08/18/2014","08/21/2014","02/19/2015","99.974722","No","","$114,999,000,000","No","","08/21/2014","$25,000,000,000","No","No","$25,000,626,400"
"912810RH3","Bond","30-Year","08/14/2014","08/15/2014","08/15/2044","98.105640","No","","$57,700,000,000","No","3.125%","08/15/2014","$16,000,000,000","No","No","$16,000,001,400"
"912828D56","Note","10-Year","08/13/2014","08/15/2014","08/15/2024","99.435107","No","","$57,700,000,000","No","2.375%","08/15/2014","$24,000,000,000","No","No","$24,000,004,500"
"912828D49","Note","3-Year","08/12/2014","08/15/2014","08/15/2017","99.855348","No","","$57,700,000,000","No","0.875%","08/15/2014","$27,000,000,000","No","No","$27,000,030,700"
"912796DV8","Bill","4-Week","08/12/2014","08/14/2014","09/11/2014","99.996889","No","$47,999,000,000","$102,002,000,000","No","","08/14/2014","$50,000,000,000","Yes","No","$50,001,009,100"
"912796CL1","Bill","13-Week","08/11/2014","08/14/2014","11/13/2014","99.992417","No","$48,000,000,000","$102,002,000,000","No","","08/14/2014","$29,000,000,000","Yes","No","$29,001,286,300"
"912796EU9","Bill","26-Week","08/11/2014","08/14/2014","02/12/2015","99.974722","No","","$102,002,000,000","No","","08/14/2014","$25,000,000,000","No","No","$25,001,347,700"
"912796DS5","Bill","4-Week","08/05/2014","08/07/2014","09/04/2014","99.998444","No","$50,000,000,000","$80,002,000,000","No","","08/07/2014","$40,000,000,000","Yes","No","$40,000,733,500"
"912796ED7","Bill","13-Week","08/04/2014","08/07/2014","11/06/2014","99.993681","No","$22,999,000,000","$80,002,000,000","No","","08/07/2014","$28,000,000,000","Yes","No","$28,000,458,300"
"912796DG1","Bill","26-Week","08/04/2014","08/07/2014","02/05/2015","99.974722","No","$17,999,000,000","$80,002,000,000","No","","08/07/2014","$25,000,000,000","Yes","No","$25,000,045,500"
"912828WV8","Note","2-Year","07/30/2014","07/31/2014","07/31/2016","100.000000","No","","$74,936,000,000","Yes","","07/31/2014","$15,000,000,000","No","No","$15,005,102,800"
"912828WY2","Note","7-Year","07/30/2014","07/31/2014","07/31/2021","100.000000","No","","$74,936,000,000","No","2.250%","07/31/2014","$29,000,000,000","No","No","$29,009,472,100"
"912796DR7","Bill","4-Week","07/29/2014","07/31/2014","08/28/2014","99.997667","No","$49,999,000,000","$75,001,000,000","No","","07/31/2014","$40,000,000,000","Yes","No","$40,000,438,600"
"912828WW6","Note","5-Year","07/29/2014","07/31/2014","07/31/2019","99.546716","No","","$74,936,000,000","No","1.625%","07/31/2014","$35,000,000,000","No","No","$35,011,378,300"
"912796EB1","Bill","13-Week","07/28/2014","07/31/2014","10/30/2014","99.992417","No","$23,000,000,000","$75,001,000,000","No","","07/31/2014","$27,000,000,000","Yes","No","$27,000,195,600"
"912796ER6","Bill","26-Week","07/28/2014","07/31/2014","01/29/2015","99.972194","No","","$75,001,000,000","No","","07/31/2014","$24,000,000,000","No","No","$24,000,632,000"
"912828WX4","Note","2-Year","07/28/2014","07/31/2014","07/31/2016","99.912595","No","","$74,936,000,000","No","0.500%","07/31/2014","$29,000,000,000","No","No","$29,009,629,100"
"912828WU0","Note","10-Year","07/24/2014","07/31/2014","07/15/2024","98.959115","No","","$74,936,000,000","No","0.125%","07/31/2014","$15,000,000,000","No","Yes","$15,004,900,000"
"912796BX6","Bill","4-Week","07/22/2014","07/24/2014","08/21/2014","99.998056","No","$79,998,000,000","$100,001,000,000","No","","07/24/2014","$35,000,000,000","Yes","No","$35,001,108,700"
"912796EN5","Bill","52-Week","07/22/2014","07/24/2014","07/23/2015","99.888778","No","","$100,001,000,000","No","","07/24/2014","$25,000,000,000","No","No","$25,000,775,200"
"912796EA3","Bill","13-Week","07/21/2014","07/24/2014","10/23/2014","99.993681","No","$22,999,000,000","$100,001,000,000","No","","07/24/2014","$26,000,000,000","Yes","No","$26,000,589,200"
"912796EQ8","Bill","26-Week","07/21/2014","07/24/2014","01/22/2015","99.972194","No","","$100,001,000,000","No","","07/24/2014","$24,000,000,000","No","No","$24,000,503,600"
"912796DQ9","Bill","4-Week","07/15/2014","07/17/2014","08/14/2014","99.998444","No","$67,001,000,000","$81,002,000,000","No","","07/17/2014","$35,000,000,000","Yes","No","$35,001,356,500"
"912796CF4","Bill","13-Week","07/14/2014","07/17/2014","10/16/2014","99.993681","No","$44,996,000,000","$81,002,000,000","No","","07/17/2014","$25,000,000,000","Yes","No","$25,000,968,900"
"912796EP0","Bill","26-Week","07/14/2014","07/17/2014","01/15/2015","99.969667","No","","$81,002,000,000","No","","07/17/2014","$23,000,000,000","No","No","$23,001,051,400"
"912810RG5","Bond","29-Year 10-Month","07/10/2014","07/15/2014","05/15/2044","100.106136","No","$28,995,000,000","$55,904,000,000","No","3.375%","07/15/2014","$13,000,000,000","Yes","No","$13,000,017,100"
"912828WJ5","Note","9-Year 10-Month","07/09/2014","07/15/2014","05/15/2024","99.159293","No","$44,995,000,000","$55,904,000,000","No","2.500%","07/15/2014","$21,000,000,000","Yes","No","$21,000,026,800"
"912828WT3","Note","3-Year","07/08/2014","07/15/2014","07/15/2017","99.655014","No","","$55,904,000,000","No","0.875%","07/15/2014","$27,000,000,000","No","No","$27,000,025,300"
"912796DL0","Bill","4-Week","07/08/2014","07/10/2014","08/07/2014","99.998444","No","$45,000,000,000","$80,997,000,000","No","","07/10/2014","$35,000,000,000","Yes","No","$35,001,165,900"
"912796DZ9","Bill","13-Week","07/07/2014","07/10/2014","10/09/2014","99.992417","No","$22,999,000,000","$80,997,000,000","No","","07/10/2014","$25,000,000,000","Yes","No","$25,000,213,700"
"912796DF3","Bill","26-Week","07/07/2014","07/10/2014","01/08/2015","99.969667","No","$22,999,000,000","$80,997,000,000","No","","07/10/2014","$23,000,000,000","Yes","No","$23,000,323,000"
"912796DK2","Bill","4-Week","07/01/2014","07/03/2014","07/31/2014","99.998056","No","$45,001,000,000","$86,005,000,000","No","","07/03/2014","$30,000,000,000","Yes","No","$30,000,417,500"
"912796DX4","Bill","13-Week","06/30/2014","07/03/2014","10/02/2014","99.989889","No","$22,999,000,000","$86,005,000,000","No","","07/03/2014","$25,000,000,000","Yes","No","$25,000,751,600"
"912796EM7","Bill","26-Week","06/30/2014","07/03/2014","01/02/2015","99.966958","No","","$86,005,000,000","No","","07/03/2014","$23,000,000,000","No","No","$23,001,095,300"
"912828WR7","Note","7-Year","06/26/2014","06/30/2014","06/30/2021","99.825416","No","","$73,430,000,000","No","2.125%","06/30/2014","$29,000,000,000","No","No","$29,000,012,900"
"912828WS5","Note","5-Year","06/25/2014","06/30/2014","06/30/2019","99.784997","No","","$73,430,000,000","No","1.625%","06/30/2014","$35,000,000,000","No","No","$35,000,219,200"
"912828D31","Note","1-Year 10-Month","06/25/2014","06/27/2014","04/30/2016","99.999999","No","$27,995,000,000","$0","Yes","","06/27/2014","$13,000,000,000","Yes","No","$13,000,391,500"
"912828WQ9","Note","2-Year","06/24/2014","06/30/2014","06/30/2016","99.978140","No","","$73,430,000,000","No","0.500%","06/30/2014","$30,000,000,000","No","No","$30,000,030,300"
"912796BT5","Bill","4-Week","06/24/2014","06/26/2014","07/24/2014","99.999222","No","$75,001,000,000","$121,996,000,000","No","","06/26/2014","$25,000,000,000","Yes","No","$25,000,159,000"
"912796EJ4","Bill","52-Week","06/24/2014","06/26/2014","06/25/2015","99.888778","No","","$121,996,000,000","No","","06/26/2014","$25,000,000,000","No","No","$25,000,199,600"
"912796DW6","Bill","13-Week","06/23/2014","06/26/2014","09/25/2014","99.993681","No","$23,000,000,000","$121,996,000,000","No","","06/26/2014","$25,000,000,000","Yes","No","$25,000,483,200"
"912796EL9","Bill","26-Week","06/23/2014","06/26/2014","12/26/2014","99.974583","No","","$121,996,000,000","No","","06/26/2014","$23,000,000,000","No","No","$23,000,762,000"
"912810RF7","Bond","29-Year 8-Month","06/19/2014","06/30/2014","02/15/2044","108.340341","No","$9,025,000,000","$73,430,000,000","No","1.375%","06/30/2014","$7,000,000,000","Yes","Yes","$7,000,002,600"
"912796DJ5","Bill","4-Week","06/17/2014","06/19/2014","07/17/2014","99.997667","No","$51,001,000,000","$122,003,000,000","No","","06/19/2014","$30,000,000,000","Yes","No","$30,002,209,900"
"912796CB3","Bill","13-Week","06/16/2014","06/19/2014","09/18/2014","99.991153","No","$44,998,000,000","$122,003,000,000","No","","06/19/2014","$25,000,000,000","Yes","No","$25,000,847,000"
"912796EK1","Bill","26-Week","06/16/2014","06/19/2014","12/18/2014","99.964611","No","","$122,003,000,000","No","","06/19/2014","$23,000,000,000","No","No","$23,000,871,000"
"912810RG5","Bond","29-Year 11-Month","06/12/2014","06/16/2014","05/15/2044","98.713795","No","$15,995,000,000","$32,000,000,000","No","3.375%","06/15/2014","$13,000,000,000","Yes","No","$13,000,001,400"
"912828WJ5","Note","9-Year 11-Month","06/11/2014","06/16/2014","05/15/2024","98.714636","No","$23,995,000,000","$32,000,000,000","No","2.500%","06/15/2014","$21,000,000,000","Yes","No","$21,000,066,200"
"912828WP1","Note","3-Year","06/10/2014","06/16/2014","06/15/2017","99.837787","No","","$32,000,000,000","No","0.875%","06/15/2014","$28,000,000,000","No","No","$28,000,115,900"
"912796DH9","Bill","4-Week","06/10/2014","06/12/2014","07/10/2014","99.997667","No","$50,998,000,000","$92,003,000,000","No","","06/12/2014","$30,000,000,000","Yes","No","$30,000,321,000"
"912796DV8","Bill","13-Week","06/09/2014","06/12/2014","09/11/2014","99.991153","No","$22,999,000,000","$92,003,000,000","No","","06/12/2014","$25,000,000,000","Yes","No","$25,000,372,800"
"912796DB2","Bill","26-Week","06/09/2014","06/12/2014","12/11/2014","99.969667","No","$25,000,000,000","$92,003,000,000","No","","06/12/2014","$23,000,000,000","Yes","No","$23,001,351,500"
"912796DD8","Bill","14-Day","06/03/2014","06/05/2014","06/19/2014","99.998056","Yes","$97,003,000,000","","No","","06/05/2014","$25,000,000,000","Yes","No","$25,000,574,000"
"912796DE6","Bill","4-Week","06/03/2014","06/05/2014","07/03/2014","99.997278","No","$51,002,000,000","$86,995,000,000","No","","06/05/2014","$35,000,000,000","Yes","No","$35,002,627,100"
"912796DS5","Bill","13-Week","06/02/2014","06/05/2014","09/04/2014","99.991153","No","$25,000,000,000","$86,995,000,000","No","","06/05/2014","$25,000,000,000","Yes","No","$25,000,284,700"
"912796EG0","Bill","26-Week","06/02/2014","06/05/2014","12/04/2014","99.972194","No","","$86,995,000,000","No","","06/05/2014","$23,000,000,000","No","No","$23,000,441,500"
"912828WN6","Note","7-Year","05/29/2014","06/02/2014","05/31/2021","99.934945","No","","$71,133,000,000","No","2.000%","05/31/2014","$29,000,000,000","No","No","$29,011,216,100"
"912828WL0","Note","5-Year","05/28/2014","06/02/2014","05/31/2019","99.937629","No","","$71,133,000,000","No","1.500%","05/31/2014","$35,000,000,000","No","No","$35,013,499,900"
"912828D31","Note","1-Year 11-Month","05/28/2014","05/30/2014","04/30/2016","100.011671","No","$15,000,000,000","$0","Yes","","05/30/2014","$13,000,000,000","Yes","No","$13,000,068,400"
"912796BP3","Bill","4-Week","05/28/2014","05/29/2014","06/26/2014","99.996889","No","$76,997,000,000","$103,001,000,000","No","","05/29/2014","$45,000,000,000","Yes","No","$45,000,893,900"
"912796EC9","Bill","52-Week","05/28/2014","05/29/2014","05/28/2015","99.903944","No","","$103,001,000,000","No","","05/29/2014","$25,000,000,000","No","No","$25,000,029,300"
"912828WM8","Note","2-Year","05/27/2014","06/02/2014","05/31/2016","99.966254","No","","$71,133,000,000","No","0.375%","05/31/2014","$31,000,000,000","No","No","$31,012,032,100"
"912796DR7","Bill","13-Week","05/27/2014","05/29/2014","08/28/2014","99.992417","No","$25,000,000,000","$103,001,000,000","No","","05/29/2014","$25,000,000,000","Yes","No","$25,000,569,800"
"912796EF2","Bill","26-Week","05/27/2014","05/29/2014","11/28/2014","99.974583","No","","$103,001,000,000","No","","05/29/2014","$23,000,000,000","No","No","$23,000,582,000"
"912828B25","Note","9-Year 8-Month","05/22/2014","05/30/2014","01/15/2024","103.967802","No","$28,000,000,000","$0","No","0.625%","05/30/2014","$13,000,000,000","Yes","Yes","$13,000,052,600"
"912796DD8","Bill","4-Week","05/20/2014","05/22/2014","06/19/2014","99.997667","No","$52,002,000,000","$82,997,000,000","No","","05/22/2014","$45,000,000,000","Yes","No","$45,001,425,800"
"912796BX6","Bill","13-Week","05/19/2014","05/22/2014","08/21/2014","99.993681","No","$54,998,000,000","$82,997,000,000","No","","05/22/2014","$25,000,000,000","Yes","No","$25,000,644,300"
"912796EE5","Bill","26-Week","05/19/2014","05/22/2014","11/20/2014","99.974722","No","","$82,997,000,000","No","","05/22/2014","$23,000,000,000","No","No","$23,001,673,800"
"912796DC0","Bill","4-Week","05/13/2014","05/15/2014","06/12/2014","99.998056","No","$52,003,000,000","$95,985,000,000","No","","05/15/2014","$40,000,000,000","Yes","No","$40,000,322,400"
"912796DQ9","Bill","13-Week","05/12/2014","05/15/2014","08/14/2014","99.993681","No","$42,000,000,000","$95,985,000,000","No","","05/15/2014","$25,000,000,000","Yes","No","$25,000,465,900"
"912796CL1","Bill","26-Week","05/12/2014","05/15/2014","11/13/2014","99.974722","No","$25,000,000,000","$95,985,000,000","No","","05/15/2014","$23,000,000,000","Yes","No","$23,000,317,100"
"912810RG5","Bond","30-Year","05/08/2014","05/15/2014","05/15/2044","98.789628","No","","$59,303,000,000","No","3.375%","05/15/2014","$16,000,000,000","No","No","$16,000,008,800"
"912828WJ5","Note","10-Year","05/07/2014","05/15/2014","05/15/2024","99.019915","No","","$59,303,000,000","No","2.500%","05/15/2014","$24,000,000,000","No","No","$24,000,001,500"
"912828WH9","Note","3-Year","05/06/2014","05/15/2014","05/15/2017","99.843551","No","","$59,303,000,000","No","0.875%","05/15/2014","$29,000,000,000","No","No","$29,000,032,600"
"912796DA4","Bill","4-Week","05/06/2014","05/08/2014","06/05/2014","99.998056","No","$52,000,000,000","$102,006,000,000","No","","05/08/2014","$35,000,000,000","Yes","No","$35,001,385,900"
"912796DL0","Bill","13-Week","05/05/2014","05/08/2014","08/07/2014","99.993681","No","$19,999,000,000","$102,006,000,000","No","","05/08/2014","$25,000,000,000","Yes","No","$25,000,217,500"
"912796ED7","Bill","26-Week","05/05/2014","05/08/2014","11/06/2014","99.977250","No","","$102,006,000,000","No","","05/08/2014","$23,000,000,000","No","No","$23,000,905,200"
"912796BJ7","Bill","4-Week","04/29/2014","05/01/2014","05/29/2014","99.999222","No","$77,999,000,000","$105,999,000,000","No","","05/01/2014","$25,000,000,000","Yes","No","$25,001,029,100"
"912796DY2","Bill","52-Week","04/29/2014","05/01/2014","04/30/2015","99.893833","No","","$105,999,000,000","No","","05/01/2014","$25,000,000,000","No","No","$25,000,475,100"
"912828D31","Note","2-Year","04/29/2014","04/30/2014","04/30/2016","100.000000","No","","$72,152,000,000","Yes","","04/30/2014","$15,000,000,000","No","No","$15,000,246,400"
"912796DK2","Bill","13-Week","04/28/2014","05/01/2014","07/31/2014","99.994944","No","$20,000,000,000","$105,999,000,000","No","","05/01/2014","$25,000,000,000","Yes","No","$25,000,669,600"
"912796EB1","Bill","26-Week","04/28/2014","05/01/2014","10/30/2014","99.977250","No","","$105,999,000,000","No","","05/01/2014","$23,000,000,000","No","No","$23,000,717,300"
"912828WG1","Note","7-Year","04/24/2014","04/30/2014","04/30/2021","99.569351","No","","$72,152,000,000","No","2.250%","04/30/2014","$29,000,000,000","No","No","$29,000,021,700"
"912828D23","Note","5-Year","04/23/2014","04/30/2014","04/30/2019","99.489624","No","","$72,152,000,000","No","1.625%","04/30/2014","$35,000,000,000","No","No","$35,000,000,400"
"912828C81","Note","2-Year","04/22/2014","04/30/2014","04/30/2016","99.856801","No","","$72,152,000,000","No","0.375%","04/30/2014","$32,000,000,000","No","No","$32,000,473,700"
"912796CZ0","Bill","4-Week","04/22/2014","04/24/2014","05/22/2014","99.998833","No","$57,997,000,000","$164,002,000,000","No","","04/24/2014","$25,000,000,000","Yes","No","$25,000,223,500"
"912796BT5","Bill","13-Week","04/21/2014","04/24/2014","07/24/2014","99.992417","No","$50,000,000,000","$164,002,000,000","No","","04/24/2014","$25,000,000,000","Yes","No","$25,000,378,000"
"912796EA3","Bill","26-Week","04/21/2014","04/24/2014","10/23/2014","99.974722","No","","$164,002,000,000","No","","04/24/2014","$23,000,000,000","No","No","$23,000,442,000"
"912828C99","Note","5-Year","04/17/2014","04/30/2014","04/15/2019","101.874051","No","","$72,152,000,000","No","0.125%","04/30/2014","$18,000,000,000","No","Yes","$18,000,056,400"
"912796CM9","Bill","4-Week","04/15/2014","04/17/2014","05/15/2014","99.998056","No","$70,984,000,000","$138,001,000,000","No","","04/17/2014","$25,000,000,000","Yes","No","$25,001,075,400"
"912796DJ5","Bill","13-Week","04/14/2014","04/17/2014","07/17/2014","99.991153","No","$26,000,000,000","$138,001,000,000","No","","04/17/2014","$25,000,000,000","Yes","No","$25,000,653,700"
"912796CF4","Bill","26-Week","04/14/2014","04/17/2014","10/16/2014","99.974722","No","$21,999,000,000","$138,001,000,000","No","","04/17/2014","$23,000,000,000","Yes","No","$23,001,014,600"
"912810RE0","Bond","29-Year 10-Month","04/10/2014","04/15/2014","02/15/2044","101.829866","No","$29,000,000,000","$50,478,000,000","No","3.625%","04/15/2014","$13,000,000,000","Yes","No","$13,000,006,700"
"912828B66","Note","9-Year 10-Month","04/09/2014","04/15/2014","02/15/2024","100.253350","No","$44,997,000,000","$50,478,000,000","No","2.750%","04/15/2014","$21,000,000,000","Yes","No","$21,000,071,200"
"912828C73","Note","3-Year","04/08/2014","04/15/2014","04/15/2017","99.940929","No","","$50,478,000,000","No","0.875%","04/15/2014","$30,000,000,000","No","No","$30,000,033,700"
"912796CK3","Bill","4-Week","04/08/2014","04/10/2014","05/08/2014","99.998056","No","$77,002,000,000","$92,997,000,000","No","","04/10/2014","$25,000,000,000","Yes","No","$25,000,867,000"
"912796DH9","Bill","13-Week","04/07/2014","04/10/2014","07/10/2014","99.992417","No","$26,000,000,000","$92,997,000,000","No","","04/10/2014","$25,000,000,000","Yes","No","$25,000,736,900"
"912796DZ9","Bill","26-Week","04/07/2014","04/10/2014","10/09/2014","99.974722","No","","$92,997,000,000","No","","04/10/2014","$23,000,000,000","No","No","$23,000,895,000"
"912796BE8","Bill","4-Week","04/01/2014","04/03/2014","05/01/2014","99.998444","No","$80,999,000,000","$114,998,000,000","No","","04/03/2014","$25,000,000,000","Yes","No","$25,000,267,400"
"912796DU0","Bill","52-Week","04/01/2014","04/03/2014","04/02/2015","99.873611","No","","$114,998,000,000","No","","04/03/2014","$25,000,000,000","No","No","$25,000,657,900"
"912796DE6","Bill","13-Week","03/31/2014","04/03/2014","07/03/2014","99.988625","No","$26,001,000,000","$114,998,000,000","No","","04/03/2014","$25,000,000,000","Yes","No","$25,001,697,500"
"912796DX4","Bill","26-Week","03/31/2014","04/03/2014","10/02/2014","99.967139","No","","$114,998,000,000","No","","04/03/2014","$23,000,000,000","No","No","$23,000,014,000"
"912828C57","Note","7-Year","03/27/2014","03/31/2014","03/31/2021","99.948469","No","","$71,440,000,000","No","2.250%","03/31/2014","$29,000,000,000","No","No","$29,000,011,800"
"912828C65","Note","5-Year","03/26/2014","03/31/2014","03/31/2019","99.570515","No","","$71,440,000,000","No","1.625%","03/31/2014","$35,000,000,000","No","No","$35,000,399,700"
"912828WK2","Note","1-Year 10-Month","03/26/2014","03/28/2014","01/31/2016","99.955121","No","$28,000,000,000","$0","Yes","","03/28/2014","$13,000,000,000","Yes","No","$13,000,151,200"
"912828C40","Note","2-Year","03/25/2014","03/31/2014","03/31/2016","99.813097","No","","$71,440,000,000","No","0.375%","03/31/2014","$32,000,000,000","No","No","$32,000,113,000"
"912796CJ6","Bill","4-Week","03/25/2014","03/27/2014","04/24/2014","99.996500","No","$134,002,000,000","$91,999,000,000","No","","03/27/2014","$30,000,000,000","Yes","No","$30,000,059,600"
"912796BP3","Bill","13-Week","03/24/2014","03/27/2014","06/26/2014","99.987361","No","$51,998,000,000","$91,999,000,000","No","","03/27/2014","$25,000,000,000","Yes","No","$25,000,854,900"
"912796DW6","Bill","26-Week","03/24/2014","03/27/2014","09/25/2014","99.962083","No","","$91,999,000,000","No","","03/27/2014","$23,000,000,000","No","No","$23,000,966,800"
"912828B25","Note","9-Year 10-Month","03/20/2014","03/31/2014","01/15/2024","99.916048","No","$15,000,000,000","$71,440,000,000","No","0.625%","03/31/2014","$13,000,000,000","Yes","Yes","$13,000,005,400"
"912796CH0","Bill","4-Week","03/18/2014","03/20/2014","04/17/2014","99.995333","No","$103,000,000,000","$89,002,000,000","No","","03/20/2014","$35,000,000,000","Yes","No","$35,000,587,600"
"912796DD8","Bill","13-Week","03/17/2014","03/20/2014","06/19/2014","99.987361","No","$27,000,000,000","$89,002,000,000","No","","03/20/2014","$25,000,000,000","Yes","No","$25,000,665,500"
"912796CB3","Bill","26-Week","03/17/2014","03/20/2014","09/18/2014","99.959556","No","$22,000,000,000","$89,002,000,000","No","","03/20/2014","$23,000,000,000","Yes","No","$23,000,796,600"
"912810RE0","Bond","29-Year 11-Month","03/13/2014","03/17/2014","02/15/2044","99.904729","No","$16,000,000,000","$32,000,000,000","No","3.625%","03/15/2014","$13,000,000,000","Yes","No","$13,000,007,400"
"912828B66","Note","9-Year 11-Month","03/12/2014","03/17/2014","02/15/2024","100.178824","No","$23,998,000,000","$32,000,000,000","No","2.750%","03/15/2014","$21,000,000,000","Yes","No","$21,000,023,900"
"912828C32","Note","3-Year","03/11/2014","03/17/2014","03/15/2017","99.846425","No","","$32,000,000,000","No","0.750%","03/15/2014","$30,000,000,000","No","No","$30,000,074,200"
"912796CG2","Bill","4-Week","03/11/2014","03/13/2014","04/10/2014","99.995722","No","$57,996,000,000","$65,001,000,000","No","","03/13/2014","$35,000,000,000","Yes","No","$35,002,186,000"
"912796DC0","Bill","13-Week","03/10/2014","03/13/2014","06/12/2014","99.987361","No","$27,000,000,000","$65,001,000,000","No","","03/13/2014","$25,000,000,000","Yes","No","$25,001,188,200"
"912796DV8","Bill","26-Week","03/10/2014","03/13/2014","09/11/2014","99.959556","No","","$65,001,000,000","No","","03/13/2014","$23,000,000,000","No","No","$23,000,300,000"
"912796BA6","Bill","4-Week","03/04/2014","03/06/2014","04/03/2014","99.996500","No","$79,998,000,000","$90,000,000,000","No","","03/06/2014","$35,000,000,000","Yes","No","$35,000,474,800"
"912796DP1","Bill","52-Week","03/04/2014","03/06/2014","03/05/2015","99.878667","No","","$90,000,000,000","No","","03/06/2014","$25,000,000,000","No","No","$25,000,044,400"
"912796DA4","Bill","13-Week","03/03/2014","03/06/2014","06/05/2014","99.987361","No","$27,000,000,000","$90,000,000,000","No","","03/06/2014","$25,000,000,000","Yes","No","$25,000,139,400"
"912796DS5","Bill","26-Week","03/03/2014","03/06/2014","09/04/2014","99.959556","No","","$90,000,000,000","No","","03/06/2014","$25,000,000,000","No","No","$25,001,167,100"
"912796CK3","Bill","66-Day","02/28/2014","03/03/2014","05/08/2014","99.990833","Yes","$57,001,000,000","","No","","03/03/2014","$20,000,000,000","Yes","No","$20,001,267,000"
"912828B90","Note","7-Year","02/27/2014","02/28/2014","02/28/2021","99.319903","No","","$68,915,000,000","No","2.000%","02/28/2014","$29,000,000,000","No","No","$29,081,483,200"
"912828WK2","Note","1-Year 11-Month","02/26/2014","02/28/2014","01/31/2016","99.962992","No","$15,000,000,000","$68,915,000,000","Yes","","02/28/2014","$13,000,000,000","Yes","No","$13,000,089,900"
"912828C24","Note","5-Year","02/26/2014","02/28/2014","02/28/2019","99.856123","No","","$68,915,000,000","No","1.500%","02/28/2014","$35,000,000,000","No","No","$35,098,371,700"
"912828B82","Note","2-Year","02/25/2014","02/28/2014","02/29/2016","99.820762","No","","$68,915,000,000","No","0.250%","02/28/2014","$32,000,000,000","No","No","$32,090,096,100"
"912796CE7","Bill","4-Week","02/25/2014","02/27/2014","03/27/2014","99.997278","No","$56,997,000,000","$66,999,000,000","No","","02/27/2014","$35,000,000,000","Yes","No","$35,001,303,300"
"912796BJ7","Bill","13-Week","02/24/2014","02/27/2014","05/29/2014","99.988625","No","$52,999,000,000","$66,999,000,000","No","","02/27/2014","$25,000,000,000","Yes","No","$25,000,885,700"
"912796DR7","Bill","26-Week","02/24/2014","02/27/2014","08/28/2014","99.962083","No","","$66,999,000,000","No","","02/27/2014","$25,000,000,000","No","No","$25,000,788,600"
"912810RF7","Bond","30-Year","02/20/2014","02/28/2014","02/15/2044","97.106083","No","","$68,915,000,000","No","1.375%","02/28/2014","$9,000,000,000","No","Yes","$9,025,319,500"
"912796CD9","Bill","4-Week","02/19/2014","02/20/2014","03/20/2014","99.997278","No","$57,002,000,000","$69,000,000,000","No","","02/20/2014","$32,000,000,000","Yes","No","$32,000,582,000"
"912796CZ0","Bill","13-Week","02/18/2014","02/20/2014","05/22/2014","99.987361","No","$28,001,000,000","$69,000,000,000","No","","02/20/2014","$30,000,000,000","Yes","No","$30,001,069,500"
"912796BX6","Bill","26-Week","02/18/2014","02/20/2014","08/21/2014","99.962083","No","$24,998,000,000","$69,000,000,000","No","","02/20/2014","$30,000,000,000","Yes","No","$30,000,842,100"
"912796CH0","Bill","58-Day","02/14/2014","02/18/2014","04/17/2014","99.991944","Yes","$57,999,000,000","","No","","02/18/2014","$45,000,000,000","Yes","No","$45,000,846,500"
"912810RE0","Bond","30-Year","02/13/2014","02/18/2014","02/15/2044","98.826296","No","","$60,815,000,000","No","3.625%","02/15/2014","$16,000,000,000","No","No","$16,000,018,300"
"912828B66","Note","10-Year","02/12/2014","02/18/2014","02/15/2024","99.609744","No","","$60,815,000,000","No","2.750%","02/15/2014","$24,000,000,000","No","No","$24,000,005,400"
"912828B74","Note","3-Year","02/11/2014","02/18/2014","02/15/2017","99.734055","No","","$60,815,000,000","No","0.625%","02/15/2014","$30,000,000,000","No","No","$30,000,052,800"
"912796CC1","Bill","4-Week","02/11/2014","02/13/2014","03/13/2014","99.997667","No","$57,002,000,000","$72,999,000,000","No","","02/13/2014","$8,000,000,000","Yes","No","$8,000,163,300"
"912796CM9","Bill","13-Week","02/10/2014","02/13/2014","05/15/2014","99.975986","No","$28,984,000,000","$72,999,000,000","No","","02/13/2014","$42,000,000,000","Yes","No","$42,000,206,900"
"912796DQ9","Bill","26-Week","02/10/2014","02/13/2014","08/14/2014","99.944389","No","","$72,999,000,000","No","","02/13/2014","$42,000,000,000","No","No","$42,000,960,200"
"912796CJ6","Bill","72-Day","02/10/2014","02/11/2014","04/24/2014","99.982000","Yes","$84,002,000,000","","No","","02/11/2014","$50,000,000,000","Yes","No","$50,000,285,000"
"912796AW9","Bill","4-Week","02/04/2014","02/06/2014","03/06/2014","99.989889","No","$82,000,000,000","$101,002,000,000","No","","02/06/2014","$8,000,000,000","Yes","No","$8,000,009,200"
"912796DG1","Bill","52-Week","02/04/2014","02/06/2014","02/05/2015","99.883722","No","","$101,002,000,000","No","","02/06/2014","$18,000,000,000","No","No","$18,000,496,200"
"912796CK3","Bill","13-Week","02/03/2014","02/06/2014","05/08/2014","99.989889","No","$29,001,000,000","$101,002,000,000","No","","02/06/2014","$28,000,000,000","Yes","No","$28,000,311,100"
"912796DL0","Bill","26-Week","02/03/2014","02/06/2014","08/07/2014","99.969667","No","","$101,002,000,000","No","","02/06/2014","$20,000,000,000","No","No","$20,000,091,900"
"912828B33","Note","5-Year","01/30/2014","01/31/2014","01/31/2019","99.655086","No","","$66,932,000,000","No","1.500%","01/31/2014","$35,000,000,000","No","No","$35,000,035,800"
"912828B58","Note","7-Year","01/30/2014","01/31/2014","01/31/2021","99.580282","No","","$66,932,000,000","No","2.125%","01/31/2014","$29,000,000,000","No","No","$29,000,056,200"
"912828WK2","Note","2-Year","01/29/2014","01/31/2014","01/31/2016","100.000000","No","","$66,932,000,000","Yes","","01/31/2014","$15,000,000,000","No","No","$15,000,071,200"
"912828B41","Note","2-Year","01/28/2014","01/31/2014","01/31/2016","99.990047","No","","$66,932,000,000","No","0.375%","01/31/2014","$32,000,000,000","No","No","$32,000,015,700"
"912796CA5","Bill","4-Week","01/28/2014","01/30/2014","02/27/2014","99.996111","No","$57,000,000,000","$79,000,000,000","No","","01/30/2014","$10,000,000,000","Yes","No","$10,000,006,300"
"912796BE8","Bill","13-Week","01/27/2014","01/30/2014","05/01/2014","99.986097","No","$52,998,000,000","$79,000,000,000","No","","01/30/2014","$28,000,000,000","Yes","No","$28,000,948,900"
"912796DK2","Bill","26-Week","01/27/2014","01/30/2014","07/31/2014","99.967139","No","","$79,000,000,000","No","","01/30/2014","$20,000,000,000","No","No","$20,000,504,900"
"912828B25","Note","10-Year","01/23/2014","01/31/2014","01/15/2024","99.547965","No","","$66,932,000,000","No","0.625%","01/31/2014","$15,000,000,000","No","Yes","$15,000,000,300"
"912796BZ1","Bill","4-Week","01/22/2014","01/23/2014","02/20/2014","100.000000","No","$57,002,000,000","$79,999,000,000","No","","01/23/2014","$12,000,000,000","Yes","No","$12,001,867,300"
"912796CJ6","Bill","13-Week","01/21/2014","01/23/2014","04/24/2014","99.991153","No","$56,001,000,000","$79,999,000,000","No","","01/23/2014","$28,000,000,000","Yes","No","$28,000,640,700"
"912796BT5","Bill","26-Week","01/21/2014","01/23/2014","07/24/2014","99.969667","No","$25,000,000,000","$79,999,000,000","No","","01/23/2014","$25,000,000,000","Yes","No","$25,000,456,500"
"912796BY4","Bill","4-Week","01/14/2014","01/16/2014","02/13/2014","100.000000","No","$57,996,000,000","$89,997,000,000","No","","01/16/2014","$15,000,000,000","Yes","No","$15,003,255,400"
"912796CH0","Bill","13-Week","01/13/2014","01/16/2014","04/17/2014","99.991153","No","$29,995,000,000","$89,997,000,000","No","","01/16/2014","$28,000,000,000","Yes","No","$28,000,696,900"
"912796DJ5","Bill","26-Week","01/13/2014","01/16/2014","07/17/2014","99.972194","No","","$89,997,000,000","No","","01/16/2014","$26,000,000,000","No","No","$26,000,576,800"
"912810RD2","Bond","29-Year 10-Month","01/09/2014","01/15/2014","11/15/2043","97.378077","No","$28,995,000,000","$59,222,000,000","No","3.750%","01/15/2014","$13,000,000,000","Yes","No","$13,000,032,100"
"912828WE6","Note","9-Year 10-Month","01/08/2014","01/15/2014","11/15/2023","97.805126","No","$44,997,000,000","$59,222,000,000","No","2.750%","01/15/2014","$21,000,000,000","Yes","No","$21,000,011,800"
"912828A91","Note","3-Year","01/07/2014","01/15/2014","01/15/2017","99.855034","No","","$59,222,000,000","No","0.750%","01/15/2014","$30,000,000,000","No","No","$30,000,311,700"
"912796AR0","Bill","4-Week","01/07/2014","01/09/2014","02/06/2014","100.000000","No","$83,001,000,000","$124,999,000,000","No","","01/09/2014","$18,000,000,000","Yes","No","$18,001,335,400"
"912796DF3","Bill","52-Week","01/07/2014","01/09/2014","01/08/2015","99.873611","No","","$124,999,000,000","No","","01/09/2014","$23,000,000,000","No","No","$23,000,350,400"
"912796CG2","Bill","13-Week","01/06/2014","01/09/2014","04/10/2014","99.986097","No","$29,996,000,000","$124,999,000,000","No","","01/09/2014","$28,000,000,000","Yes","No","$28,000,198,600"
"912796DH9","Bill","26-Week","01/06/2014","01/09/2014","07/10/2014","99.959556","No","","$124,999,000,000","No","","01/09/2014","$26,000,000,000","No","No","$26,000,647,800"
"912796BW8","Bill","4-Week","12/30/2013","01/02/2014","01/30/2014","99.999611","No","$59,002,000,000","$94,988,000,000","No","","01/02/2014","$20,000,000,000","Yes","No","$20,000,494,000"
"912796BA6","Bill","13-Week","12/30/2013","01/02/2014","04/03/2014","99.983569","No","$49,997,000,000","$94,988,000,000","No","","01/02/2014","$30,000,000,000","Yes","No","$30,000,142,100"
"912796DE6","Bill","26-Week","12/30/2013","01/02/2014","07/03/2014","99.954500","No","","$94,988,000,000","No","","01/02/2014","$26,000,000,000","No","No","$26,000,675,000"
"912796BV0","Bill","4-Week","12/23/2013","12/26/2013","01/23/2014","99.999611","No","$60,001,000,000","$99,996,000,000","No","","12/26/2013","$20,000,000,000","Yes","No","$20,000,488,100"
"912796CE7","Bill","13-Week","12/23/2013","12/26/2013","03/27/2014","99.982306","No","$25,000,000,000","$99,996,000,000","No","","12/26/2013","$32,000,000,000","Yes","No","$32,000,549,500"
"912796BP3","Bill","26-Week","12/23/2013","12/26/2013","06/26/2014","99.954500","No","$24,998,000,000","$99,996,000,000","No","","12/26/2013","$27,000,000,000","Yes","No","$27,001,065,400"
"912828UX6","Note","4-Year 4-Month","12/19/2013","12/31/2013","04/15/2018","103.227104","No","$33,994,000,000","$66,175,000,000","No","0.125%","12/31/2013","$16,000,000,000","Yes","Yes","$16,000,012,200"
"912828A83","Note","7-Year","12/19/2013","12/31/2013","12/31/2020","99.935882","No","","$66,175,000,000","No","2.375%","12/31/2013","$29,000,000,000","No","No","$29,000,005,700"
"912828A75","Note","5-Year","12/18/2013","12/31/2013","12/31/2018","99.521314","No","","$66,175,000,000","No","1.500%","12/31/2013","$35,000,000,000","No","No","$35,000,117,700"
"912828A67","Note","2-Year","12/17/2013","12/31/2013","12/31/2015","99.810817","No","","$66,175,000,000","No","0.250%","12/31/2013","$32,000,000,000","No","No","$32,000,156,400"
"912796BU2","Bill","4-Week","12/17/2013","12/19/2013","01/16/2014","99.999222","No","$59,998,000,000","$99,999,000,000","No","","12/19/2013","$30,000,000,000","Yes","No","$30,000,248,000"
"912796CD9","Bill","13-Week","12/16/2013","12/19/2013","03/20/2014","99.983569","No","$25,000,000,000","$99,999,000,000","No","","12/19/2013","$32,000,000,000","Yes","No","$32,000,125,700"
"912796DD8","Bill","26-Week","12/16/2013","12/19/2013","06/19/2014","99.954500","No","","$99,999,000,000","No","","12/19/2013","$27,000,000,000","No","No","$27,000,364,500"
"912810RD2","Bond","29-Year 11-Month","12/12/2013","12/16/2013","11/15/2043","97.359944","No","$15,995,000,000","$32,468,000,000","No","3.750%","12/15/2013","$13,000,000,000","Yes","No","$13,000,030,900"
"912828WE6","Note","9-Year 11-Month","12/11/2013","12/16/2013","11/15/2023","99.361224","No","$24,000,000,000","$32,468,000,000","No","2.750%","12/15/2013","$21,000,000,000","Yes","No","$21,000,002,000"
"912828A59","Note","3-Year","12/10/2013","12/16/2013","12/15/2016","99.982208","No","","$32,468,000,000","No","0.625%","12/15/2013","$30,000,000,000","No","No","$30,000,000,600"
"912796AQ2","Bill","4-Week","12/10/2013","12/12/2013","01/09/2014","99.998056","No","$84,999,000,000","$125,003,000,000","No","","12/12/2013","$40,000,000,000","Yes","No","$40,000,585,100"
"912796DB2","Bill","52-Week","12/10/2013","12/12/2013","12/11/2014","99.863500","No","","$125,003,000,000","No","","12/12/2013","$25,000,000,000","No","No","$25,000,195,900"
"912796CC1","Bill","13-Week","12/09/2013","12/12/2013","03/13/2014","99.982306","No","$25,000,000,000","$125,003,000,000","No","","12/12/2013","$32,000,000,000","Yes","No","$32,001,378,100"
"912796DC0","Bill","26-Week","12/09/2013","12/12/2013","06/12/2014","99.951972","No","","$125,003,000,000","No","","12/12/2013","$27,000,000,000","No","No","$27,000,187,600"
"912796BS7","Bill","4-Week","12/03/2013","12/05/2013","01/02/2014","99.997667","No","$49,995,000,000","$99,999,000,000","No","","12/05/2013","$45,000,000,000","Yes","No","$45,000,805,900"
"912796AW9","Bill","13-Week","12/03/2013","12/05/2013","03/06/2014","99.981042","No","$50,000,000,000","$99,999,000,000","No","","12/05/2013","$32,000,000,000","Yes","No","$32,000,444,800"
"912796DA4","Bill","26-Week","12/03/2013","12/05/2013","06/05/2014","99.949444","No","","$99,999,000,000","No","","12/05/2013","$27,000,000,000","No","No","$27,000,258,900"
"912828A42","Note","7-Year","11/27/2013","12/02/2013","11/30/2020","99.313835","No","","$64,404,000,000","No","2.000%","11/30/2013","$29,000,000,000","No","No","$29,000,075,800"
"912828A34","Note","5-Year","11/26/2013","12/02/2013","11/30/2018","99.566562","No","","$64,404,000,000","No","1.250%","11/30/2013","$35,000,000,000","No","No","$35,000,099,900"
"912796BR9","Bill","4-Week","11/26/2013","11/29/2013","12/26/2013","99.995125","No","$54,995,000,000","$100,002,000,000","No","","11/29/2013","$45,000,000,000","Yes","No","$45,001,048,900"
"912828A26","Note","2-Year","11/25/2013","12/02/2013","11/30/2015","99.900644","No","","$64,404,000,000","No","0.250%","11/30/2013","$32,000,000,000","No","No","$32,000,056,500"
"912796CA5","Bill","13-Week","11/25/2013","11/29/2013","02/27/2014","99.980000","No","$25,000,000,000","$100,002,000,000","No","","11/29/2013","$32,000,000,000","Yes","No","$32,000,463,200"
"912796BJ7","Bill","26-Week","11/25/2013","11/29/2013","05/29/2014","99.947208","No","$24,999,000,000","$100,002,000,000","No","","11/29/2013","$28,000,000,000","Yes","No","$28,001,024,200"
"912828VM9","Note","9-Year 8-Month","11/21/2013","11/29/2013","07/15/2023","98.864759","No","$28,001,000,000","$0","No","0.375%","11/29/2013","$13,000,000,000","Yes","Yes","$13,000,283,900"
"912796BQ1","Bill","4-Week","11/19/2013","11/21/2013","12/19/2013","99.995333","No","$54,999,000,000","$89,996,000,000","No","","11/21/2013","$45,000,000,000","Yes","No","$45,000,539,400"
"912796BZ1","Bill","13-Week","11/18/2013","11/21/2013","02/20/2014","99.979778","No","$25,001,000,000","$89,996,000,000","No","","11/21/2013","$32,000,000,000","Yes","No","$32,000,415,400"
"912796CZ0","Bill","26-Week","11/18/2013","11/21/2013","05/22/2014","99.949444","No","","$89,996,000,000","No","","11/21/2013","$28,000,000,000","No","No","$28,001,258,300"
"912810RD2","Bond","30-Year","11/14/2013","11/15/2013","11/15/2043","98.932768","No","","$63,489,000,000","No","3.750%","11/15/2013","$16,000,000,000","No","No","$16,000,044,800"
"912828WE6","Note","10-Year","11/13/2013","11/15/2013","11/15/2023","100.000000","No","","$63,489,000,000","No","2.750%","11/15/2013","$24,000,000,000","No","No","$24,000,124,300"
"912796AK5","Bill","4-Week","11/13/2013","11/14/2013","12/12/2013","99.995333","No","$80,002,000,000","$98,995,000,000","No","","11/14/2013","$45,000,000,000","Yes","No","$45,001,138,400"
"912796CL1","Bill","52-Week","11/13/2013","11/14/2013","11/13/2014","99.863500","No","","$98,995,000,000","No","","11/14/2013","$25,000,000,000","No","No","$25,001,192,500"
"912828WF3","Note","3-Year","11/12/2013","11/15/2013","11/15/2016","99.943637","No","","$63,489,000,000","No","0.625%","11/15/2013","$30,000,000,000","No","No","$30,000,106,800"
"912796BY4","Bill","13-Week","11/12/2013","11/14/2013","02/13/2014","99.981042","No","$25,000,000,000","$98,995,000,000","No","","11/14/2013","$33,000,000,000","Yes","No","$33,000,875,200"
"912796CM9","Bill","26-Week","11/12/2013","11/14/2013","05/15/2014","99.951972","No","","$98,995,000,000","No","","11/14/2013","$29,000,000,000","No","No","$29,000,962,400"
"912796BN8","Bill","4-Week","11/05/2013","11/07/2013","12/05/2013","99.996111","No","$54,999,000,000","$83,997,000,000","No","","11/07/2013","$45,000,000,000","Yes","No","$45,000,289,000"
"912796AR0","Bill","13-Week","11/04/2013","11/07/2013","02/06/2014","99.987361","No","$50,000,000,000","$83,997,000,000","No","","11/07/2013","$33,000,000,000","Yes","No","$33,001,101,300"
"912796CK3","Bill","26-Week","11/04/2013","11/07/2013","05/08/2014","99.957028","No","","$83,997,000,000","No","","11/07/2013","$29,000,000,000","No","No","$29,000,858,500"
"912828WC0","Note","7-Year","10/30/2013","10/31/2013","10/31/2020","99.216081","No","","$61,394,000,000","No","1.750%","10/31/2013","$29,000,000,000","No","No","$29,000,005,100"
"912796BM0","Bill","4-Week","10/29/2013","10/31/2013","11/29/2013","99.995569","No","$55,001,000,000","$89,000,000,000","No","","10/31/2013","$45,000,000,000","Yes","No","$45,000,586,700"
"912828WD8","Note","5-Year","10/29/2013","10/31/2013","10/31/2018","99.758710","No","","$61,394,000,000","No","1.250%","10/31/2013","$35,000,000,000","No","No","$35,000,023,600"
"912796BW8","Bill","13-Week","10/28/2013","10/31/2013","01/30/2014","99.988625","No","$25,001,000,000","$89,000,000,000","No","","10/31/2013","$34,000,000,000","Yes","No","$34,001,187,300"
"912796BE8","Bill","26-Week","10/28/2013","10/31/2013","05/01/2014","99.959556","No","$22,998,000,000","$89,000,000,000","No","","10/31/2013","$30,000,000,000","Yes","No","$30,000,545,500"
"912828WB2","Note","2-Year","10/28/2013","10/31/2013","10/31/2015","99.854588","No","","$61,394,000,000","No","0.250%","10/31/2013","$32,000,000,000","No","No","$32,000,152,000"
"912810RA8","Bond","29-Year 4-Month","10/24/2013","10/31/2013","02/15/2043","84.370207","No","$16,000,000,000","$61,394,000,000","No","0.625%","10/31/2013","$7,000,000,000","Yes","Yes","$7,000,017,300"
"912796BL2","Bill","4-Week","10/22/2013","10/24/2013","11/21/2013","99.997667","No","$54,995,000,000","$93,001,000,000","No","","10/24/2013","$35,000,000,000","Yes","No","$35,000,939,200"
"912796BV0","Bill","13-Week","10/21/2013","10/24/2013","01/23/2014","99.991153","No","$25,004,000,000","$93,001,000,000","No","","10/24/2013","$35,000,000,000","Yes","No","$35,000,812,400"
"912796CJ6","Bill","26-Week","10/21/2013","10/24/2013","04/24/2014","99.964611","No","$26,000,000,000","$93,001,000,000","No","","10/24/2013","$30,000,000,000","Yes","No","$30,000,726,800"
"912796AE9","Bill","4-Week","10/16/2013","10/17/2013","11/14/2013","99.981333","No","$78,995,000,000","$119,994,000,000","No","","10/17/2013","$20,000,000,000","Yes","No","$20,000,115,200"
"912796CJ6","Bill","189-Day","10/16/2013","10/17/2013","04/24/2014","99.929125","Yes","","","No","","10/17/2013","$26,000,000,000","No","No","$26,000,260,000"
"912796CF4","Bill","52-Week","10/16/2013","10/17/2013","10/16/2014","99.838222","No","","$119,994,000,000","No","","10/17/2013","$22,000,000,000","No","No","$22,000,014,800"
"912796BU2","Bill","13-Week","10/15/2013","10/17/2013","01/16/2014","99.967139","No","$24,999,000,000","$119,994,000,000","No","","10/17/2013","$35,000,000,000","Yes","No","$35,000,750,000"
"912796CH0","Bill","26-Week","10/15/2013","10/17/2013","04/17/2014","99.924167","No","","$119,994,000,000","No","","10/17/2013","$30,000,000,000","No","No","$30,000,524,100"
"912810RC4","Bond","29-Year 10-Month","10/10/2013","10/15/2013","08/15/2043","97.618838","No","$28,999,000,000","$32,280,000,000","No","3.625%","10/15/2013","$13,000,000,000","Yes","No","$13,000,040,700"
"912828VS6","Note","9-Year 10-Month","10/09/2013","10/15/2013","08/15/2023","98.645362","No","$45,000,000,000","$32,280,000,000","No","2.500%","10/15/2013","$21,000,000,000","Yes","No","$21,000,004,500"
"912796FU8","Bill","5-Day","10/09/2013","10/10/2013","10/15/2013","99.995833","Yes","","","No","","10/10/2013","$35,000,000,000","No","No","$35,000,962,500"
"912828WA4","Note","3-Year","10/08/2013","10/15/2013","10/15/2016","99.748139","No","","$32,280,000,000","No","0.625%","10/15/2013","$30,000,000,000","No","No","$30,000,043,700"
"912796BK4","Bill","4-Week","10/08/2013","10/10/2013","11/07/2013","99.972778","No","$53,998,000,000","$115,009,000,000","No","","10/10/2013","$30,000,000,000","Yes","No","$30,000,489,000"
"912796AQ2","Bill","13-Week","10/07/2013","10/10/2013","01/09/2014","99.991153","No","$49,998,000,000","$115,009,000,000","No","","10/10/2013","$35,000,000,000","Yes","No","$35,000,702,600"
"912796CG2","Bill","26-Week","10/07/2013","10/10/2013","04/10/2014","99.969667","No","","$115,009,000,000","No","","10/10/2013","$30,000,000,000","No","No","$30,000,745,600"
"912796BF5","Bill","7-Day","10/02/2013","10/03/2013","10/10/2013","99.999417","Yes","$95,008,000,000","","No","","10/03/2013","$20,000,000,000","Yes","No","$20,000,748,000"
"912796BH1","Bill","4-Week","10/01/2013","10/03/2013","10/31/2013","99.990667","No","$54,000,000,000","$109,999,000,000","No","","10/03/2013","$35,000,000,000","Yes","No","$35,000,155,400"
"912796BS7","Bill","13-Week","09/30/2013","10/03/2013","01/02/2014","99.997472","No","$24,994,000,000","$109,999,000,000","No","","10/03/2013","$25,000,000,000","Yes","No","$25,001,150,300"
"912796BA6","Bill","26-Week","09/30/2013","10/03/2013","04/03/2014","99.979778","No","$24,997,000,000","$109,999,000,000","No","","10/03/2013","$25,000,000,000","Yes","No","$25,000,647,600"
"912828VZ0","Note","7-Year","09/26/2013","09/30/2013","09/30/2020","99.623686","No","","$62,308,000,000","No","2.000%","09/30/2013","$29,000,000,000","No","No","$29,000,000,900"
"912828RH5","Note","5-Year","09/25/2013","09/30/2013","09/30/2018","99.706706","No","","$62,308,000,000","No","1.375%","09/30/2013","$35,000,000,000","Yes","No","$35,000,017,300"
"912828VY3","Note","2-Year","09/24/2013","09/30/2013","09/30/2015","99.804850","No","","$62,308,000,000","No","0.250%","09/30/2013","$33,000,000,000","No","No","$33,000,096,200"
"912796BG3","Bill","4-Week","09/24/2013","09/26/2013","10/24/2013","99.998833","No","$57,999,000,000","$109,998,000,000","No","","09/26/2013","$35,000,000,000","Yes","No","$35,001,201,000"
"912796BR9","Bill","13-Week","09/23/2013","09/26/2013","12/26/2013","99.994944","No","$25,001,000,000","$109,998,000,000","No","","09/26/2013","$30,000,000,000","Yes","No","$30,000,071,600"
"912796CE7","Bill","26-Week","09/23/2013","09/26/2013","03/27/2014","99.974722","No","","$109,998,000,000","No","","09/26/2013","$25,000,000,000","No","No","$25,000,211,800"
"912828VM9","Note","9-Year 10-Month","09/19/2013","09/30/2013","07/15/2023","99.178464","No","$15,000,000,000","$62,308,000,000","No","0.375%","09/30/2013","$13,000,000,000","Yes","Yes","$13,000,063,400"
"912795Z87","Bill","4-Week","09/17/2013","09/19/2013","10/17/2013","100.000000","No","$84,994,000,000","$135,003,000,000","No","","09/19/2013","$35,000,000,000","Yes","No","$35,000,073,600"
"912796CB3","Bill","52-Week","09/17/2013","09/19/2013","09/18/2014","99.878667","No","","$135,003,000,000","No","","09/19/2013","$22,000,000,000","No","No","$22,000,837,500"
"912796BQ1","Bill","13-Week","09/16/2013","09/19/2013","12/19/2013","99.997472","No","$24,997,000,000","$135,003,000,000","No","","09/19/2013","$30,000,000,000","Yes","No","$30,000,136,500"
"912796CD9","Bill","26-Week","09/16/2013","09/19/2013","03/20/2014","99.984833","No","","$135,003,000,000","No","","09/19/2013","$25,000,000,000","No","No","$25,000,583,500"
"912810RC4","Bond","29-Year 11-Month","09/12/2013","09/16/2013","08/15/2043","96.536207","No","$15,999,000,000","$33,357,000,000","No","3.625%","09/15/2013","$13,000,000,000","Yes","No","$13,000,006,800"
"912828VS6","Note","9-Year 11-Month","09/11/2013","09/16/2013","08/15/2023","96.187171","No","$24,000,000,000","$33,357,000,000","No","2.500%","09/15/2013","$21,000,000,000","Yes","No","$21,000,154,900"
"912828VW7","Note","3-Year","09/10/2013","09/16/2013","09/15/2016","99.887890","No","","$33,357,000,000","No","0.875%","09/15/2013","$31,000,000,000","No","No","$31,000,007,200"
"912796FM6","Bill","5-Day","09/10/2013","09/12/2013","09/17/2013","99.999444","Yes","","","No","","09/12/2013","$35,000,000,000","No","No","$35,000,712,500"
"912796BF5","Bill","4-Week","09/10/2013","09/12/2013","10/10/2013","99.999222","No","$60,006,000,000","$129,992,000,000","No","","09/12/2013","$35,000,000,000","Yes","No","$35,001,872,800"
"912796AK5","Bill","13-Week","09/09/2013","09/12/2013","12/12/2013","99.994944","No","$50,003,000,000","$129,992,000,000","No","","09/12/2013","$30,000,000,000","Yes","No","$30,000,571,200"
"912796CC1","Bill","26-Week","09/09/2013","09/12/2013","03/13/2014","99.982306","No","","$129,992,000,000","No","","09/12/2013","$25,000,000,000","No","No","$25,000,470,600"
"912796FL8","Bill","11-Day","09/04/2013","09/05/2013","09/16/2013","99.999083","Yes","","","No","","09/05/2013","$30,000,000,000","No","No","$30,001,195,000"
"912796BD0","Bill","4-Week","09/04/2013","09/05/2013","10/03/2013","99.998444","No","$59,999,000,000","$129,998,000,000","No","","09/05/2013","$50,000,000,000","Yes","No","$50,001,032,600"
"912796BN8","Bill","13-Week","09/03/2013","09/05/2013","12/05/2013","99.992417","No","$24,997,000,000","$129,998,000,000","No","","09/05/2013","$30,000,000,000","Yes","No","$30,000,720,700"
"912796AW9","Bill","26-Week","09/03/2013","09/05/2013","03/06/2014","99.972194","No","$25,000,000,000","$129,998,000,000","No","","09/05/2013","$25,000,000,000","Yes","No","$25,000,116,600"
"912828VV9","Note","7-Year","08/29/2013","09/03/2013","08/31/2020","99.381289","No","","$59,907,000,000","No","2.125%","08/31/2013","$29,000,000,000","No","No","$29,000,003,100"
"912828RE2","Note","5-Year","08/28/2013","09/03/2013","08/31/2018","99.407655","No","","$59,907,000,000","No","1.500%","09/30/2013","$35,000,000,000","Yes","No","$35,000,105,000"
"912828VU1","Note","2-Year","08/27/2013","09/03/2013","08/31/2015","99.978190","No","","$59,907,000,000","No","0.375%","08/31/2013","$34,000,000,000","No","No","$34,000,025,500"
"912796BB4","Bill","14-Day","08/27/2013","08/29/2013","09/12/2013","99.998639","Yes","$104,991,000,000","","No","","08/29/2013","$25,000,000,000","Yes","No","$25,000,550,000"
"912796BC2","Bill","4-Week","08/27/2013","08/29/2013","09/26/2013","99.996889","No","$59,999,000,000","$105,001,000,000","No","","08/29/2013","$50,000,000,000","Yes","No","$50,000,220,800"
"912796BM0","Bill","13-Week","08/26/2013","08/29/2013","11/29/2013","99.989778","No","$25,000,000,000","$105,001,000,000","No","","08/29/2013","$30,000,000,000","Yes","No","$30,000,962,000"
"912796CA5","Bill","26-Week","08/26/2013","08/29/2013","02/27/2014","99.967139","No","","$105,001,000,000","No","","08/29/2013","$25,000,000,000","No","No","$25,000,159,300"
"912828UX6","Note","4-Year 8-Month","08/22/2013","08/30/2013","04/15/2018","102.179146","No","$17,995,000,000","$0","No","0.125%","08/30/2013","$16,000,000,000","Yes","Yes","$16,000,013,200"
"9127957K1","Bill","4-Week","08/20/2013","08/22/2013","09/19/2013","99.996500","No","$85,003,000,000","$124,993,000,000","No","","08/22/2013","$50,000,000,000","Yes","No","$50,001,094,600"
"912796BX6","Bill","52-Week","08/20/2013","08/22/2013","08/21/2014","99.863500","No","","$124,993,000,000","No","","08/22/2013","$25,000,000,000","No","No","$25,000,906,700"
"912796BL2","Bill","13-Week","08/19/2013","08/22/2013","11/21/2013","99.987361","No","$24,996,000,000","$124,993,000,000","No","","08/22/2013","$30,000,000,000","Yes","No","$30,000,850,900"
"912796BZ1","Bill","26-Week","08/19/2013","08/22/2013","02/20/2014","99.962083","No","","$124,993,000,000","No","","08/22/2013","$25,000,000,000","No","No","$25,001,132,400"
"912796AZ2","Bill","21-Day","08/13/2013","08/15/2013","09/05/2013","99.996500","Yes","$105,002,000,000","","No","","08/15/2013","$25,000,000,000","Yes","No","$25,000,055,000"
"912796BB4","Bill","4-Week","08/13/2013","08/15/2013","09/12/2013","99.995722","No","$59,992,000,000","$94,000,000,000","No","","08/15/2013","$45,000,000,000","Yes","No","$45,001,187,200"
"912796AE9","Bill","13-Week","08/12/2013","08/15/2013","11/14/2013","99.986097","No","$48,996,000,000","$94,000,000,000","No","","08/15/2013","$30,000,000,000","Yes","No","$30,000,512,100"
"912796BY4","Bill","26-Week","08/12/2013","08/15/2013","02/13/2014","99.962083","No","","$94,000,000,000","No","","08/15/2013","$25,000,000,000","No","No","$25,000,504,900"
"912810RC4","Bond","30-Year","08/08/2013","08/15/2013","08/15/2043","99.510318","No","","$69,557,000,000","No","3.625%","08/15/2013","$16,000,000,000","No","No","$16,000,007,000"
"912828VS6","Note","10-Year","08/07/2013","08/15/2013","08/15/2023","98.950326","No","","$69,557,000,000","No","2.500%","08/15/2013","$24,000,000,000","No","No","$24,000,027,900"
"912828VR8","Note","3-Year","08/06/2013","08/15/2013","08/15/2016","99.982197","No","","$69,557,000,000","No","0.625%","08/15/2013","$32,000,000,000","No","No","$32,000,011,900"
"912796AZ2","Bill","4-Week","08/06/2013","08/08/2013","09/05/2013","99.996500","No","$60,001,000,000","$91,997,000,000","No","","08/08/2013","$45,000,000,000","Yes","No","$45,000,160,800"
"912796BK4","Bill","13-Week","08/05/2013","08/08/2013","11/07/2013","99.989889","No","$23,997,000,000","$91,997,000,000","No","","08/08/2013","$30,000,000,000","Yes","No","$30,000,372,400"
"912796AR0","Bill","26-Week","08/05/2013","08/08/2013","02/06/2014","99.962083","No","$25,000,000,000","$91,997,000,000","No","","08/08/2013","$25,000,000,000","Yes","No","$25,000,746,100"
"912796AY5","Bill","4-Week","07/30/2013","08/01/2013","08/29/2013","99.997667","No","$60,001,000,000","$86,999,000,000","No","","08/01/2013","$45,000,000,000","Yes","No","$45,000,736,200"
"912796BH1","Bill","13-Week","07/29/2013","08/01/2013","10/31/2013","99.992417","No","$24,000,000,000","$86,999,000,000","No","","08/01/2013","$30,000,000,000","Yes","No","$30,000,073,000"
"912796BW8","Bill","26-Week","07/29/2013","08/01/2013","01/30/2014","99.967139","No","","$86,999,000,000","No","","08/01/2013","$25,000,000,000","No","No","$25,000,755,800"
"912828VP2","Note","7-Year","07/25/2013","07/31/2013","07/31/2020","99.831111","No","","$59,355,000,000","No","2.000%","07/31/2013","$29,000,000,000","No","No","$29,000,034,900"
"912828VQ0","Note","5-Year","07/24/2013","07/31/2013","07/31/2018","99.831599","No","","$59,355,000,000","No","1.375%","07/31/2013","$35,000,000,000","No","No","$35,000,080,100"
"912828VN7","Note","2-Year","07/23/2013","07/31/2013","07/31/2015","99.828720","No","","$59,355,000,000","No","0.250%","07/31/2013","$35,000,000,000","No","No","$35,000,055,600"
"9127957E5","Bill","4-Week","07/23/2013","07/25/2013","08/22/2013","99.998444","No","$84,995,000,000","$114,989,000,000","No","","07/25/2013","$40,000,000,000","Yes","No","$40,001,070,900"
"912796BT5","Bill","52-Week","07/23/2013","07/25/2013","07/24/2014","99.883722","No","","$114,989,000,000","No","","07/25/2013","$25,000,000,000","No","No","$25,001,211,100"
"912796BG3","Bill","13-Week","07/22/2013","07/25/2013","10/24/2013","99.991153","No","$27,999,000,000","$114,989,000,000","No","","07/25/2013","$30,000,000,000","Yes","No","$30,001,159,300"
"912796BV0","Bill","26-Week","07/22/2013","07/25/2013","01/23/2014","99.964611","No","","$114,989,000,000","No","","07/25/2013","$25,000,000,000","No","No","$25,000,075,800"
"912828VM9","Note","10-Year","07/18/2013","07/31/2013","07/15/2023","100.004056","No","","$59,355,000,000","No","0.375%","07/31/2013","$15,000,000,000","No","Yes","$15,000,001,500"
"912796AX7","Bill","4-Week","07/16/2013","07/18/2013","08/15/2013","99.998444","No","$59,000,000,000","$93,001,000,000","No","","07/18/2013","$35,000,000,000","Yes","No","$35,000,192,900"
"912795Z87","Bill","13-Week","07/15/2013","07/18/2013","10/17/2013","99.989889","No","$54,994,000,000","$93,001,000,000","No","","07/18/2013","$30,000,000,000","Yes","No","$30,000,489,300"
"912796BU2","Bill","26-Week","07/15/2013","07/18/2013","01/16/2014","99.964611","No","","$93,001,000,000","No","","07/18/2013","$25,000,000,000","No","No","$25,000,307,700"
"912810RB6","Bond","29-Year 10-Month","07/11/2013","07/15/2013","05/15/2043","85.814558","No","$29,000,000,000","$60,361,000,000","No","2.875%","07/15/2013","$13,000,000,000","Yes","No","$13,000,001,900"
"912828VB3","Note","9-Year 10-Month","07/10/2013","07/15/2013","05/15/2023","92.085831","No","$45,000,000,000","$60,361,000,000","No","1.750%","07/15/2013","$21,000,000,000","Yes","No","$21,000,017,600"
"912828VL1","Note","3-Year","07/09/2013","07/15/2013","07/15/2016","99.721515","No","","$60,361,000,000","No","0.625%","07/15/2013","$32,000,000,000","No","No","$32,000,196,300"
"912796AV1","Bill","4-Week","07/09/2013","07/11/2013","08/08/2013","99.998056","No","$56,997,000,000","$93,003,000,000","No","","07/11/2013","$35,000,000,000","Yes","No","$35,000,333,500"
"912796BF5","Bill","13-Week","07/08/2013","07/11/2013","10/10/2013","99.988625","No","$30,006,000,000","$93,003,000,000","No","","07/11/2013","$30,000,000,000","Yes","No","$30,000,455,300"
"912796AQ2","Bill","26-Week","07/08/2013","07/11/2013","01/09/2014","99.962083","No","$24,998,000,000","$93,003,000,000","No","","07/11/2013","$25,000,000,000","Yes","No","$25,000,411,200"
"912796AU3","Bill","4-Week","07/02/2013","07/05/2013","08/01/2013","99.998875","No","$56,997,000,000","$97,998,000,000","No","","07/05/2013","$30,000,000,000","Yes","No","$30,000,268,200"
"912796BD0","Bill","13-Week","07/01/2013","07/05/2013","10/03/2013","99.987500","No","$29,999,000,000","$97,998,000,000","No","","07/05/2013","$30,000,000,000","Yes","No","$30,000,188,100"
"912796BS7","Bill","26-Week","07/01/2013","07/05/2013","01/02/2014","99.957264","No","","$97,998,000,000","No","","07/05/2013","$25,000,000,000","No","No","$25,000,648,400"
"912828VJ6","Note","7-Year","06/27/2013","07/01/2013","06/30/2020","99.628563","No","","$58,271,000,000","No","1.875%","06/30/2013","$29,000,000,000","No","No","$29,000,017,500"
"912828VK3","Note","5-Year","06/26/2013","07/01/2013","06/30/2018","99.476843","No","","$58,271,000,000","No","1.375%","06/30/2013","$35,000,000,000","No","No","$35,000,000,400"
"912828VH0","Note","2-Year","06/25/2013","07/01/2013","06/30/2015","99.890734","No","","$58,271,000,000","No","0.375%","06/30/2013","$35,000,000,000","No","No","$35,000,095,900"
"9127957A3","Bill","4-Week","06/25/2013","06/27/2013","07/25/2013","99.997667","No","$84,992,000,000","$132,991,000,000","No","","06/27/2013","$30,000,000,000","Yes","No","$30,001,059,800"
"912796BP3","Bill","52-Week","06/25/2013","06/27/2013","06/26/2014","99.838222","No","","$132,991,000,000","No","","06/27/2013","$25,000,000,000","No","No","$25,000,203,100"
"912796BC2","Bill","13-Week","06/24/2013","06/27/2013","09/26/2013","99.984833","No","$29,999,000,000","$132,991,000,000","No","","06/27/2013","$30,000,000,000","Yes","No","$30,000,427,200"
"912796BR9","Bill","26-Week","06/24/2013","06/27/2013","12/26/2013","99.946917","No","","$132,991,000,000","No","","06/27/2013","$25,000,000,000","No","No","$25,000,706,200"
"912810RA8","Bond","29-Year 8-Month","06/20/2013","06/28/2013","02/15/2043","81.754227","No","$9,000,000,000","$0","No","0.625%","06/28/2013","$7,000,000,000","Yes","Yes","$7,000,001,800"
"912796AT6","Bill","4-Week","06/18/2013","06/20/2013","07/18/2013","99.996500","No","$62,999,000,000","$108,002,000,000","No","","06/20/2013","$30,000,000,000","Yes","No","$30,001,838,700"
"9127957K1","Bill","13-Week","06/17/2013","06/20/2013","09/19/2013","99.988625","No","$55,003,000,000","$108,002,000,000","No","","06/20/2013","$30,000,000,000","Yes","No","$30,000,282,100"
"912796BQ1","Bill","26-Week","06/17/2013","06/20/2013","12/19/2013","99.962083","No","","$108,002,000,000","No","","06/20/2013","$25,000,000,000","No","No","$25,000,047,000"
"912810RB6","Bond","29-Year 11-Month","06/13/2013","06/17/2013","05/15/2043","90.978135","No","$16,000,000,000","$36,207,000,000","No","2.875%","06/15/2013","$13,000,000,000","Yes","No","$13,000,004,600"
"912828VB3","Note","9-Year 11-Month","06/12/2013","06/17/2013","05/15/2023","95.933134","No","$24,000,000,000","$36,207,000,000","No","1.750%","06/15/2013","$21,000,000,000","Yes","No","$21,000,017,400"
"912828VG2","Note","3-Year","06/11/2013","06/17/2013","06/15/2016","99.759878","No","","$36,207,000,000","No","0.500%","06/15/2013","$32,000,000,000","No","No","$32,000,097,300"
"912796AS8","Bill","4-Week","06/11/2013","06/13/2013","07/11/2013","99.996889","No","$63,003,000,000","$82,990,000,000","No","","06/13/2013","$30,000,000,000","Yes","No","$30,000,151,200"
"912796BB4","Bill","13-Week","06/10/2013","06/13/2013","09/12/2013","99.988625","No","$29,994,000,000","$82,990,000,000","No","","06/13/2013","$30,000,000,000","Yes","No","$30,000,863,200"
"912796AK5","Bill","26-Week","06/10/2013","06/13/2013","12/12/2013","99.959556","No","$25,000,000,000","$82,990,000,000","No","","06/13/2013","$25,000,000,000","Yes","No","$25,000,993,400"
"912796AN9","Bill","4-Week","06/04/2013","06/06/2013","07/05/2013","99.996778","No","$62,996,000,000","$83,001,000,000","No","","06/06/2013","$35,000,000,000","Yes","No","$35,001,388,400"
"912796AZ2","Bill","13-Week","06/03/2013","06/06/2013","09/05/2013","99.988625","No","$30,001,000,000","$83,001,000,000","No","","06/06/2013","$30,000,000,000","Yes","No","$30,000,683,700"
"912796BN8","Bill","26-Week","06/03/2013","06/06/2013","12/05/2013","99.959556","No","","$83,001,000,000","No","","06/06/2013","$25,000,000,000","No","No","$25,001,574,900"
"912796ES4","Bill","13-Day","06/03/2013","06/04/2013","06/17/2013","99.998194","Yes","","","No","","06/04/2013","$30,000,000,000","No","No","$30,000,991,000"
"912828VF4","Note","7-Year","05/30/2013","05/31/2013","05/31/2020","99.198680","No","","$58,463,000,000","No","1.375%","05/31/2013","$29,000,000,000","No","No","$29,000,038,800"
"912828VE7","Note","5-Year","05/29/2013","05/31/2013","05/31/2018","99.781333","No","","$58,463,000,000","No","1.000%","05/31/2013","$35,000,000,000","No","No","$35,000,033,000"
"9127956W6","Bill","4-Week","05/29/2013","05/30/2013","06/27/2013","99.997667","No","$87,996,000,000","$118,000,000,000","No","","05/30/2013","$45,000,000,000","Yes","No","$45,000,085,300"
"912796BJ7","Bill","52-Week","05/29/2013","05/30/2013","05/29/2014","99.863500","No","","$118,000,000,000","No","","05/30/2013","$25,000,000,000","No","No","$25,000,457,100"
"912828VD9","Note","2-Year","05/28/2013","05/31/2013","05/31/2015","99.934233","No","","$58,463,000,000","No","0.250%","05/31/2013","$35,000,000,000","No","No","$35,000,060,600"
"912796AY5","Bill","13-Week","05/28/2013","05/30/2013","08/29/2013","99.988625","No","$30,000,000,000","$118,000,000,000","No","","05/30/2013","$30,000,000,000","Yes","No","$30,001,422,400"
"912796BM0","Bill","26-Week","05/28/2013","05/30/2013","11/29/2013","99.959333","No","","$118,000,000,000","No","","05/30/2013","$25,000,000,000","No","No","$25,000,952,300"
"912828UH1","Note","9-Year 8-Month","05/23/2013","05/31/2013","01/15/2023","104.272695","No","$28,000,000,000","$58,463,000,000","No","0.125%","05/31/2013","$13,000,000,000","Yes","Yes","$13,000,009,400"
"912796AM1","Bill","4-Week","05/21/2013","05/23/2013","06/20/2013","99.997278","No","$63,001,000,000","$102,998,000,000","No","","05/23/2013","$45,000,000,000","Yes","No","$45,000,735,800"
"9127957E5","Bill","13-Week","05/20/2013","05/23/2013","08/22/2013","99.988625","No","$54,997,000,000","$102,998,000,000","No","","05/23/2013","$30,000,000,000","Yes","No","$30,000,030,400"
"912796BL2","Bill","26-Week","05/20/2013","05/23/2013","11/21/2013","99.957028","No","","$102,998,000,000","No","","05/23/2013","$25,000,000,000","No","No","$25,001,197,100"
"912796AL3","Bill","4-Week","05/14/2013","05/16/2013","06/13/2013","99.999222","No","$62,990,000,000","$107,998,000,000","No","","05/16/2013","$20,000,000,000","Yes","No","$20,000,416,600"
"912796AX7","Bill","13-Week","05/13/2013","05/16/2013","08/15/2013","99.988625","No","$29,999,000,000","$107,998,000,000","No","","05/16/2013","$29,000,000,000","Yes","No","$29,001,052,400"
"912796AE9","Bill","26-Week","05/13/2013","05/16/2013","11/14/2013","99.959556","No","$24,995,000,000","$107,998,000,000","No","","05/16/2013","$24,000,000,000","Yes","No","$24,001,535,600"
"912810RB6","Bond","30-Year","05/09/2013","05/15/2013","05/15/2043","97.927211","No","","$59,568,000,000","No","2.875%","05/15/2013","$16,000,000,000","No","No","$16,000,063,300"
"912828VB3","Note","10-Year","05/08/2013","05/15/2013","05/15/2023","99.453420","No","","$59,568,000,000","No","1.750%","05/15/2013","$24,000,000,000","No","No","$24,000,037,200"
"912828VC1","Note","3-Year","05/07/2013","05/15/2013","05/15/2016","99.689924","No","","$59,568,000,000","No","0.250%","05/15/2013","$32,000,000,000","No","No","$32,000,046,800"
"912796AJ8","Bill","4-Week","05/07/2013","05/09/2013","06/06/2013","100.000000","No","$63,000,000,000","$104,999,000,000","No","","05/09/2013","$20,000,000,000","Yes","No","$20,000,626,700"
"912796AV1","Bill","13-Week","05/06/2013","05/09/2013","08/08/2013","99.989889","No","$27,997,000,000","$104,999,000,000","No","","05/09/2013","$29,000,000,000","Yes","No","$29,000,691,200"
"912796BK4","Bill","26-Week","05/06/2013","05/09/2013","11/07/2013","99.962083","No","","$104,999,000,000","No","","05/09/2013","$24,000,000,000","No","No","$24,000,041,400"
"9127956R7","Bill","4-Week","04/30/2013","05/02/2013","05/30/2013","99.998056","No","$87,999,000,000","$131,000,000,000","No","","05/02/2013","$30,000,000,000","Yes","No","$30,000,886,700"
"912796BE8","Bill","52-Week","04/30/2013","05/02/2013","05/01/2014","99.893833","No","","$131,000,000,000","No","","05/02/2013","$23,000,000,000","No","No","$23,001,064,200"
"912796AU3","Bill","13-Week","04/29/2013","05/02/2013","08/01/2013","99.987361","No","$27,996,000,000","$131,000,000,000","No","","05/02/2013","$29,000,000,000","Yes","No","$29,000,458,800"
"912796BH1","Bill","26-Week","04/29/2013","05/02/2013","10/31/2013","99.959556","No","","$131,000,000,000","No","","05/02/2013","$24,000,000,000","No","No","$24,000,819,900"
"912828VA5","Note","7-Year","04/25/2013","04/30/2013","04/30/2020","99.798822","No","","$57,950,000,000","No","1.125%","04/30/2013","$29,000,000,000","No","No","$29,000,051,700"
"912828UZ1","Note","5-Year","04/24/2013","04/30/2013","04/30/2018","99.583182","No","","$57,950,000,000","No","0.625%","04/30/2013","$35,000,000,000","No","No","$35,000,013,600"
"912828UY4","Note","2-Year","04/23/2013","04/30/2013","04/30/2015","99.784628","No","","$57,950,000,000","No","0.125%","04/30/2013","$35,000,000,000","No","No","$35,000,209,200"
"912796AH2","Bill","4-Week","04/23/2013","04/25/2013","05/23/2013","99.996500","No","$62,997,000,000","$139,996,000,000","No","","04/25/2013","$40,000,000,000","Yes","No","$40,001,182,600"
"9127957A3","Bill","13-Week","04/22/2013","04/25/2013","07/25/2013","99.987361","No","$52,994,000,000","$139,996,000,000","No","","04/25/2013","$32,000,000,000","Yes","No","$32,000,888,400"
"912796BG3","Bill","26-Week","04/22/2013","04/25/2013","10/24/2013","99.957028","No","","$139,996,000,000","No","","04/25/2013","$28,000,000,000","No","No","$28,000,731,500"
"912828UX6","Note","5-Year","04/18/2013","04/30/2013","04/15/2018","107.820710","No","","$57,950,000,000","No","0.125%","04/30/2013","$18,000,000,000","No","Yes","$18,000,009,700"
"912796AG4","Bill","4-Week","04/16/2013","04/18/2013","05/16/2013","99.996111","No","$63,001,000,000","$145,000,000,000","No","","04/18/2013","$45,000,000,000","Yes","No","$45,000,065,300"
"912796AT6","Bill","13-Week","04/15/2013","04/18/2013","07/18/2013","99.986097","No","$28,001,000,000","$145,000,000,000","No","","04/18/2013","$35,000,000,000","Yes","No","$35,000,746,800"
"912795Z87","Bill","26-Week","04/15/2013","04/18/2013","10/17/2013","99.954500","No","$24,999,000,000","$145,000,000,000","No","","04/18/2013","$30,000,000,000","Yes","No","$30,000,791,800"
"912810QZ4","Bond","29-Year 10-Month","04/11/2013","04/15/2013","02/15/2043","102.487803","No","$29,000,000,000","$59,325,000,000","No","3.125%","04/15/2013","$13,000,000,000","Yes","No","$13,000,012,900"
"912828UN8","Note","9-Year 10-Month","04/10/2013","04/15/2013","02/15/2023","101.839163","No","$45,000,000,000","$59,325,000,000","No","2.000%","04/15/2013","$21,000,000,000","Yes","No","$21,000,008,800"
"912828UW8","Note","3-Year","04/09/2013","04/15/2013","04/15/2016","99.725644","No","","$59,325,000,000","No","0.250%","04/15/2013","$32,000,000,000","No","No","$32,000,223,900"
"912796AF6","Bill","4-Week","04/09/2013","04/11/2013","05/09/2013","99.995333","No","$59,998,000,000","$105,007,000,000","No","","04/11/2013","$45,000,000,000","Yes","No","$45,000,418,400"
"912796AS8","Bill","13-Week","04/08/2013","04/11/2013","07/11/2013","99.983569","No","$27,998,000,000","$105,007,000,000","No","","04/11/2013","$35,000,000,000","Yes","No","$35,000,392,600"
"912796BF5","Bill","26-Week","04/08/2013","04/11/2013","10/10/2013","99.951972","No","","$105,007,000,000","No","","04/11/2013","$30,000,000,000","No","No","$30,000,798,000"
"9127956L0","Bill","4-Week","04/02/2013","04/04/2013","05/02/2013","99.994556","No","$85,999,000,000","$130,997,000,000","No","","04/04/2013","$45,000,000,000","Yes","No","$45,001,251,200"
"912796BA6","Bill","52-Week","04/02/2013","04/04/2013","04/03/2014","99.858444","No","","$130,997,000,000","No","","04/04/2013","$25,000,000,000","No","No","$25,000,096,400"
"912796AN9","Bill","13-Week","04/01/2013","04/04/2013","07/05/2013","99.980833","No","$27,996,000,000","$130,997,000,000","No","","04/04/2013","$35,000,000,000","Yes","No","$35,001,355,700"
"912796BD0","Bill","26-Week","04/01/2013","04/04/2013","10/03/2013","99.946917","No","","$130,997,000,000","No","","04/04/2013","$30,000,000,000","No","No","$30,000,189,800"
"912828UV0","Note","7-Year","03/28/2013","04/01/2013","03/31/2020","99.178276","No","","$57,140,000,000","No","1.125%","03/31/2013","$29,000,000,000","No","No","$29,000,073,100"
"912828UU2","Note","5-Year","03/27/2013","04/01/2013","03/31/2018","99.951048","No","","$57,140,000,000","No","0.750%","03/31/2013","$35,000,000,000","No","No","$35,000,030,600"
"912828UT5","Note","2-Year","03/26/2013","04/01/2013","03/31/2015","99.990045","No","","$57,140,000,000","No","0.250%","03/31/2013","$35,000,000,000","No","No","$35,000,303,100"
"912796AB5","Bill","4-Week","03/26/2013","03/28/2013","04/25/2013","99.994167","No","$94,997,000,000","$105,002,000,000","No","","03/28/2013","$45,000,000,000","Yes","No","$45,000,236,700"
"9127956W6","Bill","13-Week","03/25/2013","03/28/2013","06/27/2013","99.981042","No","$52,996,000,000","$105,002,000,000","No","","03/28/2013","$35,000,000,000","Yes","No","$35,000,882,000"
"912796BC2","Bill","26-Week","03/25/2013","03/28/2013","09/26/2013","99.946917","No","","$105,002,000,000","No","","03/28/2013","$30,000,000,000","No","No","$30,000,649,900"
"912828UH1","Note","9-Year 10-Month","03/21/2013","03/28/2013","01/15/2023","107.058044","No","$15,000,000,000","$0","No","0.125%","03/28/2013","$13,000,000,000","Yes","Yes","$13,000,008,000"
"912796AA7","Bill","4-Week","03/19/2013","03/21/2013","04/18/2013","99.993778","No","$100,004,000,000","$104,996,000,000","No","","03/21/2013","$45,000,000,000","Yes","No","$45,000,676,900"
"912796AM1","Bill","13-Week","03/18/2013","03/21/2013","06/20/2013","99.978514","No","$27,997,000,000","$104,996,000,000","No","","03/21/2013","$35,000,000,000","Yes","No","$35,000,225,300"
"9127957K1","Bill","26-Week","03/18/2013","03/21/2013","09/19/2013","99.944389","No","$25,000,000,000","$104,996,000,000","No","","03/21/2013","$30,000,000,000","Yes","No","$30,001,440,000"
"912810QZ4","Bond","29-Year 11-Month","03/14/2013","03/15/2013","02/15/2043","97.653846","No","$16,000,000,000","$40,473,000,000","No","3.125%","03/15/2013","$13,000,000,000","Yes","No","$13,000,036,000"
"912828UN8","Note","9-Year 11-Month","03/13/2013","03/15/2013","02/15/2023","99.739223","No","$24,000,000,000","$40,473,000,000","No","2.000%","03/15/2013","$21,000,000,000","Yes","No","$21,000,012,400"
"912828US7","Note","3-Year","03/12/2013","03/15/2013","03/15/2016","99.892773","No","","$40,473,000,000","No","0.375%","03/15/2013","$32,000,000,000","No","No","$32,000,042,200"
"912795Z95","Bill","4-Week","03/12/2013","03/14/2013","04/11/2013","99.992222","No","$60,002,000,000","$104,997,000,000","No","","03/14/2013","$45,000,000,000","Yes","No","$45,000,530,000"
"912796AL3","Bill","13-Week","03/11/2013","03/14/2013","06/13/2013","99.975986","No","$27,995,000,000","$104,997,000,000","No","","03/14/2013","$35,000,000,000","Yes","No","$35,000,261,100"
"912796BB4","Bill","26-Week","03/11/2013","03/14/2013","09/12/2013","99.941861","No","","$104,997,000,000","No","","03/14/2013","$30,000,000,000","No","No","$30,000,082,900"
"9127956F3","Bill","4-Week","03/05/2013","03/07/2013","04/04/2013","99.993389","No","$85,996,000,000","$131,003,000,000","No","","03/07/2013","$45,000,000,000","Yes","No","$45,001,047,700"
"912796AW9","Bill","52-Week","03/05/2013","03/07/2013","03/06/2014","99.848333","No","","$131,003,000,000","No","","03/07/2013","$25,000,000,000","No","No","$25,000,922,700"
"912796EH8","Bill","40-Day","03/05/2013","03/06/2013","04/15/2013","99.988333","Yes","","","No","","03/06/2013","$30,000,000,000","No","No","$30,000,824,000"
"912796AJ8","Bill","13-Week","03/04/2013","03/07/2013","06/06/2013","99.972194","No","$28,001,000,000","$131,003,000,000","No","","03/07/2013","$35,000,000,000","Yes","No","$35,000,128,900"
"912796AZ2","Bill","26-Week","03/04/2013","03/07/2013","09/05/2013","99.939333","No","","$131,003,000,000","No","","03/07/2013","$30,000,000,000","No","No","$30,001,666,200"
"912828UQ1","Note","7-Year","02/27/2013","02/28/2013","02/29/2020","99.933199","No","","$54,706,000,000","No","1.250%","02/28/2013","$29,000,000,000","No","No","$29,000,021,000"
"912795Z61","Bill","4-Week","02/26/2013","02/28/2013","03/28/2013","99.991444","No","$60,000,000,000","$90,003,000,000","No","","02/28/2013","$45,000,000,000","Yes","No","$45,001,476,200"
"912828UR9","Note","5-Year","02/26/2013","02/28/2013","02/28/2018","99.867840","No","","$54,706,000,000","No","0.750%","02/28/2013","$35,000,000,000","No","No","$35,000,014,500"
"9127956R7","Bill","13-Week","02/25/2013","02/28/2013","05/30/2013","99.968403","No","$52,999,000,000","$90,003,000,000","No","","02/28/2013","$35,000,000,000","Yes","No","$35,000,618,000"
"912796AY5","Bill","26-Week","02/25/2013","02/28/2013","08/29/2013","99.931750","No","","$90,003,000,000","No","","02/28/2013","$30,000,000,000","No","No","$30,000,616,600"
"912828UP3","Note","2-Year","02/25/2013","02/28/2013","02/28/2015","99.986045","No","","$54,706,000,000","No","0.250%","02/28/2013","$35,000,000,000","No","No","$35,000,121,300"
"912810RA8","Bond","30-Year","02/21/2013","02/28/2013","02/15/2043","99.494180","No","","$54,706,000,000","No","0.625%","02/28/2013","$9,000,000,000","No","Yes","$9,000,042,800"
"9127957M7","Bill","4-Week","02/20/2013","02/21/2013","03/21/2013","99.991056","No","$59,998,000,000","$89,997,000,000","No","","02/21/2013","$45,000,000,000","Yes","No","$45,000,303,500"
"912796AH2","Bill","13-Week","02/19/2013","02/21/2013","05/23/2013","99.970931","No","$27,999,000,000","$89,997,000,000","No","","02/21/2013","$35,000,000,000","Yes","No","$35,000,451,100"
"9127957E5","Bill","26-Week","02/19/2013","02/21/2013","08/22/2013","99.934278","No","$25,001,000,000","$89,997,000,000","No","","02/21/2013","$30,000,000,000","Yes","No","$30,000,692,100"
"912796AB5","Bill","64-Day","02/19/2013","02/20/2013","04/25/2013","99.976889","Yes","$59,996,000,000","","No","","02/20/2013","$35,000,000,000","Yes","No","$35,000,952,000"
"912810QZ4","Bond","30-Year","02/14/2013","02/15/2013","02/15/2043","98.941680","No","","$63,995,000,000","No","3.125%","02/15/2013","$16,000,000,000","No","No","$16,000,139,500"
"912828UN8","Note","10-Year","02/13/2013","02/15/2013","02/15/2023","99.585912","No","","$63,995,000,000","No","2.000%","02/15/2013","$24,000,000,000","No","No","$24,000,010,900"
"912828UM0","Note","3-Year","02/12/2013","02/15/2013","02/15/2016","99.892773","No","","$63,995,000,000","No","0.375%","02/15/2013","$32,000,000,000","No","No","$32,000,052,200"
"9127957L9","Bill","4-Week","02/12/2013","02/14/2013","03/14/2013","99.993778","No","$59,995,000,000","$95,002,000,000","No","","02/14/2013","$45,000,000,000","Yes","No","$45,000,616,800"
"912796AA7","Bill","64-Day","02/12/2013","02/13/2013","04/18/2013","99.982222","Yes","$60,003,000,000","","No","","02/13/2013","$40,000,000,000","Yes","No","$40,001,350,000"
"912796AG4","Bill","13-Week","02/11/2013","02/14/2013","05/16/2013","99.978514","No","$27,995,000,000","$95,002,000,000","No","","02/14/2013","$35,000,000,000","Yes","No","$35,000,227,000"
"912796AX7","Bill","26-Week","02/11/2013","02/14/2013","08/15/2013","99.939333","No","","$95,002,000,000","No","","02/14/2013","$30,000,000,000","No","No","$30,001,004,200"
"9127956E6","Bill","4-Week","02/05/2013","02/07/2013","03/07/2013","99.994944","No","$86,002,000,000","$125,995,000,000","No","","02/07/2013","$45,000,000,000","Yes","No","$45,001,055,600"
"912796AR0","Bill","52-Week","02/05/2013","02/07/2013","02/06/2014","99.853389","No","","$125,995,000,000","No","","02/07/2013","$25,000,000,000","No","No","$25,000,362,600"
"912796AF6","Bill","13-Week","02/04/2013","02/07/2013","05/09/2013","99.982306","No","$27,999,000,000","$125,995,000,000","No","","02/07/2013","$32,000,000,000","Yes","No","$32,000,267,400"
"912796AV1","Bill","26-Week","02/04/2013","02/07/2013","08/08/2013","99.944389","No","","$125,995,000,000","No","","02/07/2013","$28,000,000,000","No","No","$28,001,068,100"
"912828UL2","Note","7-Year","01/30/2013","01/31/2013","01/31/2020","99.727681","No","","$51,397,000,000","No","1.375%","01/31/2013","$29,000,000,000","No","No","$29,000,019,000"
"9127957H8","Bill","4-Week","01/29/2013","01/31/2013","02/28/2013","99.997278","No","$60,001,000,000","$99,988,000,000","No","","01/31/2013","$30,000,000,000","Yes","No","$30,000,997,800"
"912828UJ7","Note","5-Year","01/29/2013","01/31/2013","01/31/2018","99.931681","No","","$51,397,000,000","No","0.875%","01/31/2013","$35,000,000,000","No","No","$35,000,013,900"
"9127956L0","Bill","13-Week","01/28/2013","01/31/2013","05/02/2013","99.981042","No","$53,999,000,000","$99,988,000,000","No","","01/31/2013","$32,000,000,000","Yes","No","$32,000,035,400"
"912796AU3","Bill","26-Week","01/28/2013","01/31/2013","08/01/2013","99.944389","No","","$99,988,000,000","No","","01/31/2013","$28,000,000,000","No","No","$28,000,699,700"
"912828UK4","Note","2-Year","01/28/2013","01/31/2013","01/31/2015","99.924273","No","","$51,397,000,000","No","0.250%","01/31/2013","$35,000,000,000","No","No","$35,000,111,200"
"912828UH1","Note","10-Year","01/24/2013","01/31/2013","01/15/2023","107.505925","No","","$51,397,000,000","No","0.125%","01/31/2013","$15,000,000,000","No","Yes","$15,000,000,300"
"9127957G0","Bill","4-Week","01/23/2013","01/24/2013","02/21/2013","99.995333","No","$60,000,000,000","$99,001,000,000","No","","01/24/2013","$30,000,000,000","Yes","No","$30,001,217,500"
"912796AB5","Bill","13-Week","01/22/2013","01/24/2013","04/25/2013","99.981042","No","$28,001,000,000","$99,001,000,000","No","","01/24/2013","$32,000,000,000","Yes","No","$32,000,344,700"
"9127957A3","Bill","26-Week","01/22/2013","01/24/2013","07/25/2013","99.951972","No","$25,000,000,000","$99,001,000,000","No","","01/24/2013","$28,000,000,000","Yes","No","$28,000,684,800"
"9127957F2","Bill","4-Week","01/15/2013","01/17/2013","02/14/2013","99.992611","No","$60,002,000,000","$99,002,000,000","No","","01/17/2013","$35,000,000,000","Yes","No","$35,000,247,400"
"912796AA7","Bill","13-Week","01/14/2013","01/17/2013","04/18/2013","99.981042","No","$28,000,000,000","$99,002,000,000","No","","01/17/2013","$32,000,000,000","Yes","No","$32,000,221,000"
"912796AT6","Bill","26-Week","01/14/2013","01/17/2013","07/18/2013","99.946917","No","","$99,002,000,000","No","","01/17/2013","$28,000,000,000","No","No","$28,000,052,700"
"912810QY7","Bond","29-Year 10-Month","01/10/2013","01/15/2013","11/15/2042","93.772210","No","$28,994,000,000","$41,552,000,000","No","2.750%","01/15/2013","$13,000,000,000","Yes","No","$13,000,000,900"
"912828TY6","Note","9-Year 10-Month","01/09/2013","01/15/2013","11/15/2022","97.869127","No","$45,000,000,000","$41,552,000,000","No","1.625%","01/15/2013","$21,000,000,000","Yes","No","$21,000,005,700"
"912828UG3","Note","3-Year","01/08/2013","01/15/2013","01/15/2016","99.970201","No","","$41,552,000,000","No","0.375%","01/15/2013","$32,000,000,000","No","No","$32,000,047,100"
"9127955Z0","Bill","4-Week","01/08/2013","01/10/2013","02/07/2013","99.995722","No","$85,992,000,000","$123,996,000,000","No","","01/10/2013","$40,000,000,000","Yes","No","$40,000,755,700"
"912796AQ2","Bill","52-Week","01/08/2013","01/10/2013","01/09/2014","99.858444","No","","$123,996,000,000","No","","01/10/2013","$25,000,000,000","No","No","$25,000,102,300"
"912795Z95","Bill","13-Week","01/07/2013","01/10/2013","04/11/2013","99.983569","No","$28,004,000,000","$123,996,000,000","No","","01/10/2013","$32,000,000,000","Yes","No","$32,000,116,900"
"912796AS8","Bill","26-Week","01/07/2013","01/10/2013","07/11/2013","99.946917","No","","$123,996,000,000","No","","01/10/2013","$28,000,000,000","No","No","$28,000,628,000"
"9127957D7","Bill","4-Week","01/02/2013","01/03/2013","01/31/2013","99.994167","No","$60,000,000,000","$98,998,000,000","No","","01/03/2013","$40,000,000,000","Yes","No","$40,000,114,700"
"9127956F3","Bill","13-Week","01/02/2013","01/03/2013","04/04/2013","99.981042","No","$54,001,000,000","$98,998,000,000","No","","01/03/2013","$32,000,000,000","Yes","No","$32,000,025,000"
"912796AN9","Bill","26-Week","01/02/2013","01/03/2013","07/05/2013","99.939000","No","","$98,998,000,000","No","","01/03/2013","$28,000,000,000","No","No","$28,000,697,900"
"9127957C9","Bill","4-Week","12/26/2012","12/27/2012","01/24/2013","99.996500","No","$59,000,000,000","$98,991,000,000","No","","12/27/2012","$40,000,000,000","Yes","No","$40,001,055,100"
"912795Z61","Bill","13-Week","12/26/2012","12/27/2012","03/28/2013","99.978514","No","$28,001,000,000","$98,991,000,000","No","","12/27/2012","$32,000,000,000","Yes","No","$32,000,392,300"
"9127956W6","Bill","26-Week","12/26/2012","12/27/2012","06/27/2013","99.934278","No","$25,000,000,000","$98,991,000,000","No","","12/27/2012","$28,000,000,000","Yes","No","$28,000,773,700"
"912828SQ4","Note","4-Year 4-Month","12/20/2012","12/31/2012","04/15/2017","109.183507","No","$30,427,000,000","$52,030,000,000","No","0.125%","12/31/2012","$14,000,000,000","Yes","Yes","$14,000,034,200"
"912828UF5","Note","7-Year","12/19/2012","12/31/2012","12/31/2019","99.277836","No","","$52,030,000,000","No","1.125%","12/31/2012","$29,000,000,000","No","No","$29,000,003,400"
"912828UE8","Note","5-Year","12/18/2012","12/31/2012","12/31/2017","99.906978","No","","$52,030,000,000","No","0.750%","12/31/2012","$35,000,000,000","No","No","$35,000,025,600"
"9127957B1","Bill","4-Week","12/18/2012","12/20/2012","01/17/2013","99.998833","No","$59,002,000,000","$124,001,000,000","No","","12/20/2012","$40,000,000,000","Yes","No","$40,000,200,400"
"912828UD0","Note","2-Year","12/17/2012","12/31/2012","12/31/2014","99.760733","No","","$52,030,000,000","No","0.125%","12/31/2012","$35,000,000,000","No","No","$35,000,165,000"
"9127957M7","Bill","13-Week","12/17/2012","12/20/2012","03/21/2013","99.989889","No","$28,000,000,000","$124,001,000,000","No","","12/20/2012","$32,000,000,000","Yes","No","$32,000,059,800"
"912796AM1","Bill","26-Week","12/17/2012","12/20/2012","06/20/2013","99.954500","No","","$124,001,000,000","No","","12/20/2012","$28,000,000,000","No","No","$28,000,844,500"
"912810QY7","Bond","29-Year 11-Month","12/13/2012","12/17/2012","11/15/2042","96.679626","No","$15,995,000,000","$40,217,000,000","No","2.750%","12/15/2012","$13,000,000,000","Yes","No","$13,000,003,900"
"912796DT3","Bill","3-Day","12/13/2012","12/14/2012","12/17/2012","99.999250","Yes","$25,001,000,000","","No","","12/14/2012","$10,000,000,000","Yes","No","$10,000,380,000"
"912828TY6","Note","9-Year 11-Month","12/12/2012","12/17/2012","11/15/2022","99.753105","No","$24,000,000,000","$40,217,000,000","No","1.625%","12/15/2012","$21,000,000,000","Yes","No","$21,000,045,500"
"912828UC2","Note","3-Year","12/11/2012","12/17/2012","12/15/2015","99.770732","No","","$40,217,000,000","No","0.250%","12/15/2012","$32,000,000,000","No","No","$32,000,073,700"
"9127955V9","Bill","4-Week","12/11/2012","12/13/2012","01/10/2013","99.996111","No","$83,995,000,000","$124,003,000,000","No","","12/13/2012","$40,000,000,000","Yes","No","$40,001,272,500"
"912796AK5","Bill","52-Week","12/11/2012","12/13/2012","12/12/2013","99.838222","No","","$124,003,000,000","No","","12/13/2012","$25,000,000,000","No","No","$25,000,640,300"
"9127957L9","Bill","13-Week","12/10/2012","12/13/2012","03/14/2013","99.977250","No","$28,000,000,000","$124,003,000,000","No","","12/13/2012","$32,000,000,000","Yes","No","$32,001,878,600"
"912796AL3","Bill","26-Week","12/10/2012","12/13/2012","06/13/2013","99.931750","No","","$124,003,000,000","No","","12/13/2012","$28,000,000,000","No","No","$28,000,410,600"
"912796DT3","Bill","11-Day","12/04/2012","12/06/2012","12/17/2012","99.994958","Yes","","","No","","12/06/2012","$25,000,000,000","No","No","$25,000,520,000"
"9127956Z9","Bill","4-Week","12/04/2012","12/06/2012","01/03/2013","99.995333","No","$58,997,000,000","$99,003,000,000","No","","12/06/2012","$40,000,000,000","Yes","No","$40,001,035,800"
"9127956E6","Bill","13-Week","12/03/2012","12/06/2012","03/07/2013","99.977250","No","$54,000,000,000","$99,003,000,000","No","","12/06/2012","$32,000,000,000","Yes","No","$32,001,081,400"
"912796AJ8","Bill","26-Week","12/03/2012","12/06/2012","06/06/2013","99.929222","No","","$99,003,000,000","No","","12/06/2012","$28,000,000,000","No","No","$28,000,456,600"
"912828UB4","Note","7-Year","11/29/2012","11/30/2012","11/30/2019","99.697008","No","","$52,236,000,000","No","1.000%","11/30/2012","$29,000,000,000","No","No","$29,000,055,100"
"912828UA6","Note","5-Year","11/28/2012","11/30/2012","11/30/2017","99.921392","No","","$52,236,000,000","No","0.625%","11/30/2012","$35,000,000,000","No","No","$35,000,027,500"
"912828TZ3","Note","2-Year","11/27/2012","11/30/2012","11/30/2014","99.960135","No","","$52,236,000,000","No","0.250%","11/30/2012","$35,000,000,000","No","No","$35,000,071,500"
"9127956Y2","Bill","4-Week","11/27/2012","11/29/2012","12/27/2012","99.986389","No","$58,992,000,000","$83,999,000,000","No","","11/29/2012","$40,000,000,000","Yes","No","$40,000,150,500"
"9127957H8","Bill","13-Week","11/26/2012","11/29/2012","02/28/2013","99.974722","No","$28,001,000,000","$83,999,000,000","No","","11/29/2012","$32,000,000,000","Yes","No","$32,001,277,400"
"9127956R7","Bill","26-Week","11/26/2012","11/29/2012","05/30/2013","99.926694","No","$25,000,000,000","$83,999,000,000","No","","11/29/2012","$28,000,000,000","Yes","No","$28,000,411,700"
"912828TE0","Note","9-Year 8-Month","11/21/2012","11/30/2012","07/15/2022","109.101900","No","$27,998,000,000","$52,236,000,000","No","0.125%","11/30/2012","$13,000,000,000","Yes","Yes","$13,000,022,400"
"912796DN6","Bill","21-Day","11/20/2012","11/23/2012","12/14/2012","99.990958","Yes","","","No","","11/23/2012","$20,000,000,000","No","No","$20,000,536,000"
"9127956X4","Bill","4-Week","11/20/2012","11/23/2012","12/20/2012","99.988375","No","$84,000,000,000","$99,002,000,000","No","","11/23/2012","$40,000,000,000","Yes","No","$40,001,037,000"
"9127957G0","Bill","13-Week","11/19/2012","11/23/2012","02/21/2013","99.977500","No","$28,004,000,000","$99,002,000,000","No","","11/23/2012","$32,000,000,000","Yes","No","$32,000,845,300"
"912796AH2","Bill","26-Week","11/19/2012","11/23/2012","05/23/2013","99.932125","No","","$99,002,000,000","No","","11/23/2012","$28,000,000,000","No","No","$28,000,103,200"
"9127955Q0","Bill","4-Week","11/14/2012","11/15/2012","12/13/2012","99.988722","No","$84,002,000,000","$124,000,000,000","No","","11/15/2012","$40,000,000,000","Yes","No","$40,000,919,000"
"912796DM8","Bill","46-Day","11/14/2012","11/15/2012","12/31/2012","99.975722","Yes","","","No","","11/15/2012","$25,000,000,000","No","No","$25,000,042,400"
"912796AE9","Bill","52-Week","11/14/2012","11/15/2012","11/14/2013","99.818000","No","","$124,000,000,000","No","","11/15/2012","$25,000,000,000","No","No","$25,001,902,100"
"9127957F2","Bill","13-Week","11/13/2012","11/15/2012","02/14/2013","99.973458","No","$28,002,000,000","$124,000,000,000","No","","11/15/2012","$32,000,000,000","Yes","No","$32,000,226,600"
"912796AG4","Bill","26-Week","11/13/2012","11/15/2012","05/16/2013","99.926694","No","","$124,000,000,000","No","","11/15/2012","$28,000,000,000","No","No","$28,000,373,400"
"912810QY7","Bond","30-Year","11/08/2012","11/15/2012","11/15/2042","98.589255","No","","$63,087,000,000","No","2.750%","11/15/2012","$16,000,000,000","No","No","$16,000,008,200"
"912828TY6","Note","10-Year","11/07/2012","11/15/2012","11/15/2022","99.541393","No","","$63,087,000,000","No","1.625%","11/15/2012","$24,000,000,000","No","No","$24,000,003,800"
"9127956X4","Bill","42-Day","11/07/2012","11/08/2012","12/20/2012","99.985417","Yes","$59,000,000,000","","No","","11/08/2012","$25,000,000,000","Yes","No","$25,000,575,500"
"912828TX8","Note","3-Year","11/06/2012","11/15/2012","11/15/2015","99.949348","No","","$63,087,000,000","No","0.375%","11/15/2012","$32,000,000,000","No","No","$32,000,089,300"
"9127956V8","Bill","4-Week","11/06/2012","11/08/2012","12/06/2012","99.990667","No","$59,002,000,000","$100,004,000,000","No","","11/08/2012","$40,000,000,000","Yes","No","$40,000,421,700"
"9127955Z0","Bill","13-Week","11/05/2012","11/08/2012","02/07/2013","99.973458","No","$53,995,000,000","$100,004,000,000","No","","11/08/2012","$32,000,000,000","Yes","No","$32,000,602,600"
"912796AF6","Bill","26-Week","11/05/2012","11/08/2012","05/09/2013","99.924167","No","","$100,004,000,000","No","","11/08/2012","$28,000,000,000","No","No","$28,000,555,900"
"9127956U0","Bill","4-Week","10/29/2012","11/01/2012","11/29/2012","99.989889","No","$58,999,000,000","$99,998,000,000","No","","11/01/2012","$25,000,000,000","Yes","No","$25,000,589,300"
"9127957D7","Bill","13-Week","10/29/2012","11/01/2012","01/31/2013","99.968403","No","$28,000,000,000","$99,998,000,000","No","","11/01/2012","$32,000,000,000","Yes","No","$32,000,312,700"
"9127956L0","Bill","26-Week","10/29/2012","11/01/2012","05/02/2013","99.919111","No","$25,999,000,000","$99,998,000,000","No","","11/01/2012","$28,000,000,000","Yes","No","$28,000,560,000"
"912828TV2","Note","7-Year","10/25/2012","10/31/2012","10/31/2019","99.886468","No","","$51,226,000,000","No","1.250%","10/31/2012","$29,000,000,000","No","No","$29,000,049,700"
"912828TW0","Note","5-Year","10/24/2012","10/31/2012","10/31/2017","99.882515","No","","$51,226,000,000","No","0.750%","10/31/2012","$35,000,000,000","No","No","$35,000,040,800"
"912828TU4","Note","2-Year","10/23/2012","10/31/2012","10/31/2014","99.910331","No","","$51,226,000,000","No","0.250%","10/31/2012","$35,000,000,000","No","No","$35,000,053,500"
"9127956T3","Bill","4-Week","10/23/2012","10/25/2012","11/23/2012","99.989931","No","$59,001,000,000","$97,996,000,000","No","","10/25/2012","$40,000,000,000","Yes","No","$40,000,836,100"
"9127957C9","Bill","13-Week","10/22/2012","10/25/2012","01/24/2013","99.974722","No","$27,002,000,000","$97,996,000,000","No","","10/25/2012","$32,000,000,000","Yes","No","$32,000,427,300"
"912796AB5","Bill","26-Week","10/22/2012","10/25/2012","04/25/2013","99.924167","No","","$97,996,000,000","No","","10/25/2012","$28,000,000,000","No","No","$28,001,653,800"
"912810QV3","Bond","29-Year 4-Month","10/18/2012","10/31/2012","02/15/2042","109.477963","No","$16,128,000,000","$51,226,000,000","No","0.750%","10/31/2012","$7,000,000,000","Yes","Yes","$7,000,088,200"
"9127955L1","Bill","4-Week","10/16/2012","10/18/2012","11/15/2012","99.990278","No","$83,999,000,000","$123,001,000,000","No","","10/18/2012","$40,000,000,000","Yes","No","$40,000,699,300"
"912795Z87","Bill","52-Week","10/16/2012","10/18/2012","10/17/2013","99.818000","No","","$123,001,000,000","No","","10/18/2012","$25,000,000,000","No","No","$25,000,490,300"
"9127957B1","Bill","13-Week","10/15/2012","10/18/2012","01/17/2013","99.973458","No","$27,002,000,000","$123,001,000,000","No","","10/18/2012","$32,000,000,000","Yes","No","$32,000,173,300"
"912796AA7","Bill","26-Week","10/15/2012","10/18/2012","04/18/2013","99.924167","No","","$123,001,000,000","No","","10/18/2012","$28,000,000,000","No","No","$28,000,098,600"
"912810QX9","Bond","29-Year 10-Month","10/11/2012","10/15/2012","08/15/2042","96.936227","No","$28,995,000,000","$39,306,000,000","No","2.750%","10/15/2012","$13,000,000,000","Yes","No","$13,000,014,200"
"912828TJ9","Note","9-Year 10-Month","10/10/2012","10/15/2012","08/15/2022","99.321876","No","$45,000,000,000","$39,306,000,000","No","1.625%","10/15/2012","$21,000,000,000","Yes","No","$21,000,029,300"
"9127956S5","Bill","4-Week","10/10/2012","10/11/2012","11/08/2012","99.991056","No","$60,003,000,000","$98,998,000,000","No","","10/11/2012","$40,000,000,000","Yes","No","$40,001,261,600"
"912828TT7","Note","3-Year","10/09/2012","10/15/2012","10/15/2015","99.713736","No","","$39,306,000,000","No","0.250%","10/15/2012","$32,000,000,000","No","No","$32,000,028,700"
"9127955V9","Bill","13-Week","10/09/2012","10/11/2012","01/10/2013","99.974722","No","$51,995,000,000","$98,998,000,000","No","","10/11/2012","$32,000,000,000","Yes","No","$32,000,434,700"
"912795Z95","Bill","26-Week","10/09/2012","10/11/2012","04/11/2013","99.926694","No","","$98,998,000,000","No","","10/11/2012","$28,000,000,000","No","No","$28,000,452,100"
"9127956P1","Bill","4-Week","10/02/2012","10/04/2012","11/01/2012","99.992222","No","$60,002,000,000","$99,006,000,000","No","","10/04/2012","$40,000,000,000","Yes","No","$40,001,041,000"
"9127956Z9","Bill","13-Week","10/01/2012","10/04/2012","01/03/2013","99.978514","No","$27,002,000,000","$99,006,000,000","No","","10/04/2012","$32,000,000,000","Yes","No","$32,000,080,100"
"9127956F3","Bill","26-Week","10/01/2012","10/04/2012","04/04/2013","99.931750","No","$26,000,000,000","$99,006,000,000","No","","10/04/2012","$28,000,000,000","Yes","No","$28,000,040,800"
"912828TR1","Note","7-Year","09/27/2012","10/01/2012","09/30/2019","99.629938","No","","$52,178,000,000","No","1.000%","09/30/2012","$29,000,000,000","No","No","$29,000,017,700"
"912828TS9","Note","5-Year","09/26/2012","10/01/2012","09/30/2017","99.891985","No","","$52,178,000,000","No","0.625%","09/30/2012","$35,000,000,000","No","No","$35,000,024,600"
"912828TQ3","Note","2-Year","09/25/2012","10/01/2012","09/30/2014","99.954218","No","","$52,178,000,000","No","0.250%","09/30/2012","$35,000,000,000","No","No","$35,000,079,200"
"9127956N6","Bill","4-Week","09/25/2012","09/27/2012","10/25/2012","99.995722","No","$57,995,000,000","$98,993,000,000","No","","09/27/2012","$40,000,000,000","Yes","No","$40,000,986,200"
"9127956Y2","Bill","13-Week","09/24/2012","09/27/2012","12/27/2012","99.972194","No","$26,996,000,000","$98,993,000,000","No","","09/27/2012","$32,000,000,000","Yes","No","$32,000,389,100"
"912795Z61","Bill","26-Week","09/24/2012","09/27/2012","03/28/2013","99.929222","No","","$98,993,000,000","No","","09/27/2012","$28,000,000,000","No","No","$28,000,769,500"
"912828TE0","Note","9-Year 10-Month","09/20/2012","09/28/2012","07/15/2022","108.522783","No","$14,998,000,000","$0","No","0.125%","09/28/2012","$13,000,000,000","Yes","Yes","$13,000,025,200"
"9127955G2","Bill","4-Week","09/18/2012","09/20/2012","10/18/2012","99.993778","No","$83,001,000,000","$126,003,000,000","No","","09/20/2012","$40,000,000,000","Yes","No","$40,001,089,300"
"9127957K1","Bill","52-Week","09/18/2012","09/20/2012","09/19/2013","99.823056","No","","$126,003,000,000","No","","09/20/2012","$25,000,000,000","No","No","$25,000,546,700"
"9127956X4","Bill","13-Week","09/17/2012","09/20/2012","12/20/2012","99.973458","No","$27,001,000,000","$126,003,000,000","No","","09/20/2012","$32,000,000,000","Yes","No","$32,000,649,900"
"9127957M7","Bill","26-Week","09/17/2012","09/20/2012","03/21/2013","99.934278","No","","$126,003,000,000","No","","09/20/2012","$28,000,000,000","No","No","$28,000,774,200"
"912810QX9","Bond","29-Year 11-Month","09/13/2012","09/17/2012","08/15/2042","97.088998","No","$16,000,000,000","$38,082,000,000","No","2.750%","09/15/2012","$13,000,000,000","Yes","No","$13,000,001,500"
"912828TJ9","Note","9-Year 11-Month","09/12/2012","09/17/2012","08/15/2022","98.740142","No","$24,000,000,000","$38,082,000,000","No","1.625%","09/15/2012","$21,000,000,000","Yes","No","$21,000,036,700"
"912828TP5","Note","3-Year","09/11/2012","09/17/2012","09/15/2015","99.741005","No","","$38,082,000,000","No","0.250%","09/15/2012","$32,000,000,000","No","No","$32,000,079,000"
"9127956M8","Bill","4-Week","09/11/2012","09/13/2012","10/11/2012","99.993000","No","$58,998,000,000","$101,001,000,000","No","","09/13/2012","$40,000,000,000","Yes","No","$40,000,215,200"
"9127955Q0","Bill","13-Week","09/10/2012","09/13/2012","12/13/2012","99.974722","No","$52,000,000,000","$101,001,000,000","No","","09/13/2012","$32,000,000,000","Yes","No","$32,000,500,400"
"9127957L9","Bill","26-Week","09/10/2012","09/13/2012","03/14/2013","99.934278","No","","$101,001,000,000","No","","09/13/2012","$28,000,000,000","No","No","$28,000,236,500"
"912796CY3","Bill","11-Day","09/05/2012","09/06/2012","09/17/2012","99.995569","Yes","$35,001,000,000","","No","","09/06/2012","$35,000,000,000","Yes","No","$35,000,000,000"
"9127956K2","Bill","4-Week","09/05/2012","09/06/2012","10/04/2012","99.991833","No","$59,003,000,000","$111,003,000,000","No","","09/06/2012","$40,000,000,000","Yes","No","$40,000,764,500"
"9127956V8","Bill","13-Week","09/04/2012","09/06/2012","12/06/2012","99.974722","No","$27,002,000,000","$111,003,000,000","No","","09/06/2012","$32,000,000,000","Yes","No","$32,000,091,100"
"9127956E6","Bill","26-Week","09/04/2012","09/06/2012","03/07/2013","99.931750","No","$25,999,000,000","$111,003,000,000","No","","09/06/2012","$28,000,000,000","Yes","No","$28,001,396,900"
"912828TN0","Note","7-Year","08/30/2012","08/31/2012","08/31/2019","99.455337","No","","$50,441,000,000","No","1.000%","08/31/2012","$29,000,000,000","No","No","$29,000,016,100"
"912828TM2","Note","5-Year","08/29/2012","08/31/2012","08/31/2017","99.592967","No","","$50,441,000,000","No","0.625%","08/31/2012","$35,000,000,000","No","No","$35,000,002,500"
"912796CY3","Bill","18-Day","08/29/2012","08/30/2012","09/17/2012","99.993750","Yes","","","No","","08/30/2012","$35,000,000,000","No","No","$35,000,678,000"
"912828TL4","Note","2-Year","08/28/2012","08/31/2012","08/31/2014","99.954157","No","","$50,441,000,000","No","0.250%","08/31/2012","$35,000,000,000","No","No","$35,000,091,200"
"9127956J5","Bill","4-Week","08/28/2012","08/30/2012","09/27/2012","99.990667","No","$58,995,000,000","$121,006,000,000","No","","08/30/2012","$40,000,000,000","Yes","No","$40,000,333,200"
"9127956U0","Bill","13-Week","08/27/2012","08/30/2012","11/29/2012","99.973458","No","$26,999,000,000","$121,006,000,000","No","","08/30/2012","$32,000,000,000","Yes","No","$32,000,190,900"
"9127957H8","Bill","26-Week","08/27/2012","08/30/2012","02/28/2013","99.929222","No","","$121,006,000,000","No","","08/30/2012","$28,000,000,000","No","No","$28,001,094,800"
"912828SQ4","Note","4-Year 8-Month","08/23/2012","08/31/2012","04/15/2017","107.850753","No","$16,427,000,000","$50,441,000,000","No","0.125%","08/31/2012","$14,000,000,000","Yes","Yes","$14,000,043,900"
"9127956G1","Bill","14-Day","08/22/2012","08/23/2012","09/06/2012","99.996111","Yes","$101,003,000,000","","No","","08/23/2012","$10,000,000,000","Yes","No","$10,000,026,000"
"9127955C1","Bill","4-Week","08/21/2012","08/23/2012","09/20/2012","99.991444","No","$86,005,000,000","$116,005,000,000","No","","08/23/2012","$40,000,000,000","Yes","No","$40,000,043,200"
"9127957E5","Bill","52-Week","08/21/2012","08/23/2012","08/22/2013","99.802833","No","","$116,005,000,000","No","","08/23/2012","$25,000,000,000","No","No","$25,000,901,700"
"9127956T3","Bill","13-Week","08/20/2012","08/23/2012","11/23/2012","99.973167","No","$26,999,000,000","$116,005,000,000","No","","08/23/2012","$32,000,000,000","Yes","No","$32,001,549,900"
"9127957G0","Bill","26-Week","08/20/2012","08/23/2012","02/21/2013","99.926694","No","","$116,005,000,000","No","","08/23/2012","$28,000,000,000","No","No","$28,000,622,400"
"9127956H9","Bill","4-Week","08/14/2012","08/16/2012","09/13/2012","99.991444","No","$61,000,000,000","$90,997,000,000","No","","08/16/2012","$40,000,000,000","Yes","No","$40,000,506,200"
"9127956C0","Bill","15-Day","08/14/2012","08/15/2012","08/30/2012","99.995417","Yes","$96,005,000,000","","No","","08/15/2012","$25,000,000,000","Yes","No","$25,001,465,000"
"9127955L1","Bill","13-Week","08/13/2012","08/16/2012","11/15/2012","99.972194","No","$52,001,000,000","$90,997,000,000","No","","08/16/2012","$32,000,000,000","Yes","No","$32,000,607,900"
"9127957F2","Bill","26-Week","08/13/2012","08/16/2012","02/14/2013","99.926694","No","","$90,997,000,000","No","","08/16/2012","$28,000,000,000","No","No","$28,000,917,400"
"912810QX9","Bond","30-Year","08/09/2012","08/15/2012","08/15/2042","98.489469","No","","$54,157,000,000","No","2.750%","08/15/2012","$16,000,000,000","No","No","$16,000,007,700"
"912828TJ9","Note","10-Year","08/08/2012","08/15/2012","08/15/2022","99.495660","No","","$54,157,000,000","No","1.625%","08/15/2012","$24,000,000,000","No","No","$24,000,045,500"
"912828TK6","Note","3-Year","08/07/2012","08/15/2012","08/15/2015","99.642320","No","","$54,157,000,000","No","0.250%","08/15/2012","$32,000,000,000","No","No","$32,000,116,900"
"9127956G1","Bill","4-Week","08/07/2012","08/09/2012","09/06/2012","99.993389","No","$61,002,000,000","$90,994,000,000","No","","08/09/2012","$40,000,000,000","Yes","No","$40,001,176,800"
"9127956S5","Bill","13-Week","08/06/2012","08/09/2012","11/08/2012","99.974722","No","$28,001,000,000","$90,994,000,000","No","","08/09/2012","$32,000,000,000","Yes","No","$32,000,993,600"
"9127955Z0","Bill","26-Week","08/06/2012","08/09/2012","02/07/2013","99.931750","No","$25,993,000,000","$90,994,000,000","No","","08/09/2012","$28,000,000,000","Yes","No","$28,000,339,900"
"9127956C0","Bill","4-Week","07/31/2012","08/02/2012","08/30/2012","99.994167","No","$61,005,000,000","$88,998,000,000","No","","08/02/2012","$35,000,000,000","Yes","No","$35,000,023,400"
"9127956P1","Bill","13-Week","07/30/2012","08/02/2012","11/01/2012","99.972194","No","$28,000,000,000","$88,998,000,000","No","","08/02/2012","$32,000,000,000","Yes","No","$32,001,113,600"
"9127957D7","Bill","26-Week","07/30/2012","08/02/2012","01/31/2013","99.926694","No","","$88,998,000,000","No","","08/02/2012","$28,000,000,000","No","No","$28,001,491,200"
"912828TH3","Note","7-Year","07/26/2012","07/31/2012","07/31/2019","99.466290","No","","$53,413,000,000","No","0.875%","07/31/2012","$29,000,000,000","No","No","$29,000,021,900"
"912828TG5","Note","5-Year","07/25/2012","07/31/2012","07/31/2017","99.586667","No","","$53,413,000,000","No","0.500%","07/31/2012","$35,000,000,000","No","No","$35,000,111,400"
"912828TF7","Note","2-Year","07/24/2012","07/31/2012","07/31/2014","99.810521","No","","$53,413,000,000","No","0.125%","07/31/2012","$35,000,000,000","No","No","$35,000,129,500"
"912795Y96","Bill","4-Week","07/24/2012","07/26/2012","08/23/2012","99.993778","No","$86,002,000,000","$107,003,000,000","No","","07/26/2012","$30,000,000,000","Yes","No","$30,000,905,400"
"9127957A3","Bill","52-Week","07/24/2012","07/26/2012","07/25/2013","99.823056","No","","$107,003,000,000","No","","07/26/2012","$25,000,000,000","No","No","$25,000,153,700"
"9127956N6","Bill","13-Week","07/23/2012","07/26/2012","10/25/2012","99.975986","No","$28,000,000,000","$107,003,000,000","No","","07/26/2012","$30,000,000,000","Yes","No","$30,000,334,400"
"9127957C9","Bill","26-Week","07/23/2012","07/26/2012","01/24/2013","99.929222","No","","$107,003,000,000","No","","07/26/2012","$27,000,000,000","No","No","$27,001,764,300"
"912828TE0","Note","10-Year","07/19/2012","07/31/2012","07/15/2022","107.779708","No","","$53,413,000,000","No","0.125%","07/31/2012","$15,000,000,000","No","Yes","$15,000,005,000"
"9127956B2","Bill","4-Week","07/17/2012","07/19/2012","08/16/2012","99.994167","No","$60,997,000,000","$87,002,000,000","No","","07/19/2012","$30,000,000,000","Yes","No","$30,000,672,500"
"9127955G2","Bill","13-Week","07/16/2012","07/19/2012","10/18/2012","99.975986","No","$52,999,000,000","$87,002,000,000","No","","07/19/2012","$30,000,000,000","Yes","No","$30,000,707,300"
"9127957B1","Bill","26-Week","07/16/2012","07/19/2012","01/17/2013","99.931750","No","","$87,002,000,000","No","","07/19/2012","$27,000,000,000","No","No","$27,000,354,800"
"912810QW1","Bond","29-Year 10-Month","07/12/2012","07/16/2012","05/15/2042","108.697683","No","$30,919,000,000","$64,837,000,000","No","3.000%","07/15/2012","$13,000,000,000","Yes","No","$13,000,030,200"
"912828SV3","Note","9-Year 10-Month","07/11/2012","07/16/2012","05/15/2022","102.654933","No","$47,984,000,000","$64,837,000,000","No","1.750%","07/15/2012","$21,000,000,000","Yes","No","$21,000,540,200"
"912828TD2","Note","3-Year","07/10/2012","07/16/2012","07/15/2015","99.654528","No","","$64,837,000,000","No","0.250%","07/15/2012","$32,000,000,000","No","No","$32,000,164,500"
"9127956A4","Bill","4-Week","07/10/2012","07/12/2012","08/09/2012","99.994556","No","$60,994,000,000","$87,991,000,000","No","","07/12/2012","$30,000,000,000","Yes","No","$30,000,191,600"
"9127956M8","Bill","13-Week","07/09/2012","07/12/2012","10/11/2012","99.977250","No","$28,996,000,000","$87,991,000,000","No","","07/12/2012","$30,000,000,000","Yes","No","$30,000,236,800"
"9127955V9","Bill","26-Week","07/09/2012","07/12/2012","01/10/2013","99.926694","No","$24,995,000,000","$87,991,000,000","No","","07/12/2012","$27,000,000,000","Yes","No","$27,000,736,100"
"9127955Y3","Bill","4-Week","07/03/2012","07/05/2012","08/02/2012","99.994167","No","$58,998,000,000","$88,000,000,000","No","","07/05/2012","$30,000,000,000","Yes","No","$30,001,071,200"
"9127956K2","Bill","13-Week","07/02/2012","07/05/2012","10/04/2012","99.974722","No","$29,003,000,000","$88,000,000,000","No","","07/05/2012","$30,000,000,000","Yes","No","$30,000,414,100"
"9127956Z9","Bill","26-Week","07/02/2012","07/05/2012","01/03/2013","99.924167","No","","$88,000,000,000","No","","07/05/2012","$27,000,000,000","No","No","$27,000,821,400"
"912828TC4","Note","7-Year","06/28/2012","07/02/2012","06/30/2019","99.495918","No","","$56,084,000,000","No","1.000%","06/30/2012","$29,000,000,000","No","No","$29,296,130,800"
"912828TB6","Note","5-Year","06/27/2012","07/02/2012","06/30/2017","99.990199","No","","$56,084,000,000","No","0.750%","06/30/2012","$35,000,000,000","No","No","$35,357,341,900"
"912828TA8","Note","2-Year","06/26/2012","07/02/2012","06/30/2014","99.874829","No","","$56,084,000,000","No","0.250%","06/30/2012","$35,000,000,000","No","No","$35,357,351,900"
"9127954B4","Bill","4-Week","06/26/2012","06/28/2012","07/26/2012","99.995333","No","$77,002,000,000","$112,002,000,000","No","","06/28/2012","$30,000,000,000","Yes","No","$35,938,793,800"
"9127956W6","Bill","52-Week","06/26/2012","06/28/2012","06/27/2013","99.792722","No","","$112,002,000,000","No","","06/28/2012","$25,000,000,000","No","No","$25,000,116,000"
"9127956J5","Bill","13-Week","06/25/2012","06/28/2012","09/27/2012","99.975986","No","$29,003,000,000","$112,002,000,000","No","","06/28/2012","$30,000,000,000","Yes","No","$30,000,191,300"
"9127956Y2","Bill","26-Week","06/25/2012","06/28/2012","12/27/2012","99.924167","No","","$112,002,000,000","No","","06/28/2012","$27,000,000,000","No","No","$27,000,041,400"
"912810QV3","Bond","29-Year 8-Month","06/21/2012","06/29/2012","02/15/2042","108.226791","No","$9,128,000,000","$0","No","0.750%","06/29/2012","$7,000,000,000","Yes","Yes","$7,000,024,900"
"9127955X5","Bill","4-Week","06/19/2012","06/21/2012","07/19/2012","99.996111","No","$57,001,000,000","$90,004,000,000","No","","06/21/2012","$30,000,000,000","Yes","No","$32,418,861,800"
"9127955C1","Bill","13-Week","06/18/2012","06/21/2012","09/20/2012","99.975986","No","$56,009,000,000","$90,004,000,000","No","","06/21/2012","$30,000,000,000","Yes","No","$30,000,791,100"
"9127956X4","Bill","26-Week","06/18/2012","06/21/2012","12/20/2012","99.924167","No","","$90,004,000,000","No","","06/21/2012","$27,000,000,000","No","No","$27,000,712,700"
"912810QW1","Bond","29-Year 11-Month","06/14/2012","06/15/2012","05/15/2042","105.703794","No","$17,001,000,000","$30,710,000,000","No","3.000%","06/15/2012","$13,000,000,000","Yes","No","$13,917,865,200"
"912828SV3","Note","9-Year 11-Month","06/13/2012","06/15/2012","05/15/2022","101.167093","No","$25,501,000,000","$30,710,000,000","No","1.750%","06/15/2012","$21,000,000,000","Yes","No","$22,482,717,900"
"912828SZ4","Note","3-Year","06/12/2012","06/15/2012","06/15/2015","99.964243","No","","$30,710,000,000","No","0.375%","06/15/2012","$32,000,000,000","No","No","$34,259,567,800"
"9127955W7","Bill","4-Week","06/12/2012","06/14/2012","07/12/2012","99.995722","No","$57,995,000,000","$89,998,000,000","No","","06/14/2012","$30,000,000,000","Yes","No","$36,285,796,000"
"9127956H9","Bill","13-Week","06/11/2012","06/14/2012","09/13/2012","99.978514","No","$31,002,000,000","$89,998,000,000","No","","06/14/2012","$30,000,000,000","Yes","No","$30,000,195,700"
"9127955Q0","Bill","26-Week","06/11/2012","06/14/2012","12/13/2012","99.929222","No","$24,999,000,000","$89,998,000,000","No","","06/14/2012","$27,000,000,000","Yes","No","$27,000,839,500"
"9127955U1","Bill","4-Week","06/05/2012","06/07/2012","07/05/2012","99.996889","No","$58,000,000,000","$89,998,000,000","No","","06/07/2012","$30,000,000,000","Yes","No","$33,781,747,100"
"9127956G1","Bill","13-Week","06/04/2012","06/07/2012","09/06/2012","99.981042","No","$31,002,000,000","$89,998,000,000","No","","06/07/2012","$30,000,000,000","Yes","No","$30,000,437,700"
"9127956V8","Bill","26-Week","06/04/2012","06/07/2012","12/06/2012","99.934278","No","","$89,998,000,000","No","","06/07/2012","$27,000,000,000","No","No","$27,000,754,200"
"9127953W9","Bill","4-Week","05/30/2012","05/31/2012","06/28/2012","99.995333","No","$82,001,000,000","$113,999,000,000","No","","05/31/2012","$30,000,000,000","Yes","No","$35,938,823,900"
"9127956R7","Bill","52-Week","05/30/2012","05/31/2012","05/30/2013","99.812944","No","","$113,999,000,000","No","","05/31/2012","$25,000,000,000","No","No","$25,000,805,000"
"9127956C0","Bill","13-Week","05/29/2012","05/31/2012","08/30/2012","99.978514","No","$31,000,000,000","$113,999,000,000","No","","05/31/2012","$30,000,000,000","Yes","No","$30,000,501,700"
"9127956U0","Bill","26-Week","05/29/2012","05/31/2012","11/29/2012","99.929222","No","","$113,999,000,000","No","","05/31/2012","$27,000,000,000","No","No","$27,000,138,400"
"912828SX9","Note","7-Year","05/24/2012","05/31/2012","05/31/2019","99.477861","No","","$59,149,000,000","No","1.125%","05/31/2012","$29,000,000,000","No","No","$29,000,406,200"
"912828SY7","Note","5-Year","05/23/2012","05/31/2012","05/31/2017","99.397464","No","","$59,149,000,000","No","0.625%","05/31/2012","$35,000,000,000","No","No","$35,000,482,100"
"912828SW1","Note","2-Year","05/22/2012","05/31/2012","05/31/2014","99.900374","No","","$59,149,000,000","No","0.250%","05/31/2012","$35,000,000,000","No","No","$35,000,803,300"
"9127955T4","Bill","4-Week","05/22/2012","05/24/2012","06/21/2012","99.994944","No","$60,003,000,000","$90,004,000,000","No","","05/24/2012","$30,000,000,000","Yes","No","$32,418,814,900"
"912795Y96","Bill","13-Week","05/21/2012","05/24/2012","08/23/2012","99.978514","No","$56,001,000,000","$90,004,000,000","No","","05/24/2012","$30,000,000,000","Yes","No","$30,000,208,200"
"9127956T3","Bill","26-Week","05/21/2012","05/24/2012","11/23/2012","99.928833","No","","$90,004,000,000","No","","05/24/2012","$27,000,000,000","No","No","$27,000,249,200"
"912828SA9","Note","9-Year 8-Month","05/17/2012","05/31/2012","01/15/2022","106.458589","No","$28,282,000,000","$59,149,000,000","No","0.125%","05/31/2012","$13,000,000,000","Yes","Yes","$13,000,457,900"
"9127955S6","Bill","4-Week","05/15/2012","05/17/2012","06/14/2012","99.994167","No","$60,000,000,000","$89,997,000,000","No","","05/17/2012","$30,000,000,000","Yes","No","$36,285,516,500"
"9127956B2","Bill","13-Week","05/14/2012","05/17/2012","08/16/2012","99.975986","No","$30,997,000,000","$89,997,000,000","No","","05/17/2012","$30,000,000,000","Yes","No","$30,000,322,300"
"9127955L1","Bill","26-Week","05/14/2012","05/17/2012","11/15/2012","99.926694","No","$25,001,000,000","$89,997,000,000","No","","05/17/2012","$27,000,000,000","Yes","No","$27,000,187,100"
"912810QW1","Bond","30-Year","05/10/2012","05/15/2012","05/15/2042","98.248216","No","","$36,690,000,000","No","3.000%","05/15/2012","$16,000,000,000","No","No","$17,001,019,800"
"912828SV3","Note","10-Year","05/09/2012","05/15/2012","05/15/2022","99.045657","No","","$36,690,000,000","No","1.750%","05/15/2012","$24,000,000,000","No","No","$25,501,532,900"
"912828SU5","Note","3-Year","05/08/2012","05/15/2012","05/15/2015","99.666118","No","","$36,690,000,000","No","0.250%","05/15/2012","$32,000,000,000","No","No","$34,002,103,500"
"9127955R8","Bill","4-Week","05/08/2012","05/10/2012","06/07/2012","99.994167","No","$59,998,000,000","$90,004,000,000","No","","05/10/2012","$30,000,000,000","Yes","No","$33,782,069,500"
"9127956A4","Bill","13-Week","05/07/2012","05/10/2012","08/09/2012","99.977250","No","$30,993,000,000","$90,004,000,000","No","","05/10/2012","$30,000,000,000","Yes","No","$30,000,575,400"