"CUSIP","Security Type","Security Term","Auction Date","Issue Date","Maturity Date","Price per $100","Cash Management Bill (CMB)","Currently Outstanding","Estimated Amount of Publicly Held Maturing Securities by Type","Floating Rate","Interest Rate","Maturing Date","Offering Amount","Reopening","TIPS","Total Accepted"
"91282CJU6","Note","1-Year 10-Month","03/27/2024","04/01/2024","01/31/2026","","No","$56,000,000,000","$0","Yes","","04/01/2024","$28,000,000,000","Yes","No",""
"91282CKF7","Note","7-Year","03/27/2024","04/01/2024","03/31/2031","","No","","$92,224,000,000","No","","03/31/2024","$43,000,000,000","No","No",""
"91282CKG5","Note","5-Year","03/26/2024","04/01/2024","03/31/2029","","No","","$92,224,000,000","No","","03/31/2024","$67,000,000,000","No","No",""
"912797HQ3","Bill","42-Day","03/26/2024","03/28/2024","05/09/2024","","Yes","$158,990,000,000","$216,999,000,000","No","","03/28/2024","$70,000,000,000","Yes","No",""
"91282CKH3","Note","2-Year","03/25/2024","04/01/2024","03/31/2026","99.820388","No","","$92,224,000,000","No","4.500%","03/31/2024","$66,000,000,000","No","No","$66,000,028,700"
"912796Y45","Bill","13-Week","03/25/2024","03/28/2024","06/27/2024","98.677972","No","$70,345,000,000","$216,999,000,000","No","","03/28/2024","$73,000,000,000","Yes","No","$73,494,330,300"
"912797KM8","Bill","26-Week","03/25/2024","03/28/2024","09/26/2024","97.419139","No","","$216,999,000,000","No","","03/28/2024","$70,000,000,000","No","No","$70,473,344,200"
"91282CJY8","Note","9-Year 10-Month","03/21/2024","03/28/2024","01/15/2034","98.639866","No","$18,000,000,000","$0","No","1.750%","03/28/2024","$16,000,000,000","Yes","Yes","$16,000,005,700"
"912797JP3","Bill","4-Week","03/21/2024","03/26/2024","04/23/2024","99.590111","No","$146,714,000,000","$240,977,000,000","No","","03/26/2024","$85,000,000,000","Yes","No","$85,097,200,800"
"912797JX6","Bill","8-Week","03/21/2024","03/26/2024","05/21/2024","99.180222","No","$58,305,000,000","$240,977,000,000","No","","03/26/2024","$85,000,000,000","Yes","No","$85,097,288,000"
"912797KQ9","Bill","17-Week","03/20/2024","03/26/2024","07/23/2024","98.276153","No","","$240,977,000,000","No","","03/26/2024","$60,000,000,000","No","No","$60,068,120,000"
"912810TZ1","Bond","19-Year 11-Month","03/19/2024","04/01/2024","02/15/2044","99.444553","No","$16,673,000,000","$92,224,000,000","No","4.500%","03/31/2024","$13,000,000,000","Yes","No","$13,000,024,800"
"912797HH3","Bill","42-Day","03/19/2024","03/21/2024","05/02/2024","99.384000","Yes","$162,567,000,000","$251,120,000,000","No","","03/21/2024","$75,000,000,000","Yes","No","$75,001,645,000"
"912797KJ5","Bill","52-Week","03/19/2024","03/21/2024","03/20/2025","95.136556","No","","$251,120,000,000","No","","03/21/2024","$46,000,000,000","No","No","$46,104,716,900"
"912796ZW2","Bill","13-Week","03/18/2024","03/21/2024","06/20/2024","98.674181","No","$68,485,000,000","$251,120,000,000","No","","03/21/2024","$76,000,000,000","Yes","No","$76,173,287,400"
"912797KL0","Bill","26-Week","03/18/2024","03/21/2024","09/19/2024","97.406500","No","","$251,120,000,000","No","","03/21/2024","$70,000,000,000","No","No","$70,159,663,500"
"912797JN8","Bill","4-Week","03/14/2024","03/19/2024","04/16/2024","99.589333","No","$146,697,000,000","$235,995,000,000","No","","03/19/2024","$95,000,000,000","Yes","No","$95,097,858,000"
"912797JW8","Bill","8-Week","03/14/2024","03/19/2024","05/14/2024","99.179444","No","$56,284,000,000","$235,995,000,000","No","","03/19/2024","$90,000,000,000","Yes","No","$90,091,935,800"
"912797KP1","Bill","17-Week","03/13/2024","03/19/2024","07/16/2024","98.277806","No","","$235,995,000,000","No","","03/19/2024","$60,000,000,000","No","No","$60,061,959,000"
"912810TX6","Bond","29-Year 11-Month","03/13/2024","03/15/2024","02/15/2054","98.642640","No","$26,846,000,000","$56,278,000,000","No","4.250%","03/15/2024","$22,000,000,000","Yes","No","$22,000,030,500"
"91282CJZ5","Note","9-Year 11-Month","03/12/2024","03/15/2024","02/15/2034","98.656761","No","$45,104,000,000","$56,278,000,000","No","4.000%","03/15/2024","$39,000,000,000","Yes","No","$39,000,004,400"
"912797HG5","Bill","42-Day","03/12/2024","03/14/2024","04/25/2024","99.383417","Yes","$153,578,000,000","$216,990,000,000","No","","03/14/2024","$80,000,000,000","Yes","No","$80,001,086,200"
"91282CKE0","Note","3-Year","03/11/2024","03/15/2024","03/15/2027","99.983268","No","","$56,278,000,000","No","4.250%","03/15/2024","$56,000,000,000","No","No","$56,000,018,600"
"912797FS1","Bill","13-Week","03/11/2024","03/14/2024","06/13/2024","98.672917","No","$109,644,000,000","$216,990,000,000","No","","03/14/2024","$79,000,000,000","Yes","No","$79,331,123,700"
"912797KK2","Bill","26-Week","03/11/2024","03/14/2024","09/12/2024","97.421667","No","","$216,990,000,000","No","","03/14/2024","$70,000,000,000","No","No","$70,293,933,600"
"912797JM0","Bill","4-Week","03/07/2024","03/12/2024","04/09/2024","99.589333","No","$146,691,000,000","$230,984,000,000","No","","03/12/2024","$95,000,000,000","Yes","No","$95,094,517,100"
"912797JV0","Bill","8-Week","03/07/2024","03/12/2024","05/07/2024","99.178667","No","$56,297,000,000","$230,984,000,000","No","","03/12/2024","$90,000,000,000","Yes","No","$90,091,153,900"
"912797KN6","Bill","17-Week","03/06/2024","03/12/2024","07/09/2024","98.279458","No","","$230,984,000,000","No","","03/12/2024","$60,000,000,000","No","No","$60,060,669,400"
"912796CX5","Bill","42-Day","03/05/2024","03/07/2024","04/18/2024","99.383417","Yes","$189,549,000,000","$211,987,000,000","No","","03/07/2024","$80,000,000,000","Yes","No","$80,000,045,200"
"912797HT7","Bill","13-Week","03/04/2024","03/07/2024","06/06/2024","98.675444","No","$69,250,000,000","$211,987,000,000","No","","03/07/2024","$79,000,000,000","Yes","No","$79,311,242,700"
"912797GL5","Bill","26-Week","03/04/2024","03/07/2024","09/05/2024","97.419139","No","$43,129,000,000","$211,987,000,000","No","","03/07/2024","$70,000,000,000","Yes","No","$70,275,894,100"
"912797JL2","Bill","4-Week","02/29/2024","03/05/2024","04/02/2024","99.588944","No","$146,695,000,000","$231,005,000,000","No","","03/05/2024","$95,000,000,000","Yes","No","$95,096,576,100"
"912797JQ1","Bill","8-Week","02/29/2024","03/05/2024","04/30/2024","99.177889","No","$56,288,000,000","$231,005,000,000","No","","03/05/2024","$90,000,000,000","Yes","No","$90,090,860,300"
"912797KH9","Bill","17-Week","02/28/2024","03/05/2024","07/02/2024","98.272847","No","","$231,005,000,000","No","","03/05/2024","$60,000,000,000","No","No","$60,060,634,300"
"912797HF7","Bill","42-Day","02/27/2024","02/29/2024","04/11/2024","99.382833","Yes","$149,179,000,000","$206,990,000,000","No","","02/29/2024","$80,000,000,000","Yes","No","$80,000,438,400"
"91282CKC4","Note","7-Year","02/27/2024","02/29/2024","02/28/2031","99.539228","No","","$98,329,000,000","No","4.250%","02/29/2024","$42,000,000,000","No","No","$43,817,110,700"
"912797HS9","Bill","13-Week","02/26/2024","02/29/2024","05/30/2024","98.671653","No","$73,113,000,000","$206,990,000,000","No","","02/29/2024","$79,000,000,000","Yes","No","$84,497,713,900"
"912797KD8","Bill","26-Week","02/26/2024","02/29/2024","08/29/2024","97.406500","No","","$206,990,000,000","No","","02/29/2024","$70,000,000,000","No","No","$74,873,397,600"
"91282CKB6","Note","2-Year","02/26/2024","02/29/2024","02/28/2026","99.875391","No","","$98,329,000,000","No","4.625%","02/29/2024","$63,000,000,000","No","No","$65,725,715,600"
"91282CKD2","Note","5-Year","02/26/2024","02/29/2024","02/28/2029","99.688225","No","","$98,329,000,000","No","4.250%","02/29/2024","$64,000,000,000","No","No","$66,768,916,600"
"912810TY4","Bond","30-Year","02/22/2024","02/29/2024","02/15/2054","98.312710","No","","$98,329,000,000","No","2.125%","02/29/2024","$9,000,000,000","No","Yes","$9,389,376,900"
"912797JK4","Bill","4-Week","02/22/2024","02/27/2024","03/26/2024","99.588944","No","$146,890,000,000","$225,987,000,000","No","","02/27/2024","$95,000,000,000","Yes","No","$95,468,432,800"
"912797JP3","Bill","8-Week","02/22/2024","02/27/2024","04/23/2024","99.179444","No","$56,266,000,000","$225,987,000,000","No","","02/27/2024","$90,000,000,000","Yes","No","$90,444,628,100"
"912810TZ1","Bond","20-Year","02/21/2024","02/29/2024","02/15/2044","98.763752","No","","$98,329,000,000","No","4.500%","02/29/2024","$16,000,000,000","No","No","$16,692,254,200"
"912797KG1","Bill","17-Week","02/21/2024","02/27/2024","06/25/2024","98.276153","No","","$225,987,000,000","No","","02/27/2024","$60,000,000,000","No","No","$60,296,088,300"
"91282CJU6","Note","1-Year 11-Month","02/21/2024","02/23/2024","01/31/2026","100.079758","No","$28,000,000,000","$0","Yes","","02/23/2024","$28,000,000,000","Yes","No","$28,000,449,500"
"912797GZ4","Bill","42-Day","02/20/2024","02/22/2024","04/04/2024","99.384000","Yes","$148,322,000,000","$240,972,000,000","No","","02/22/2024","$80,000,000,000","Yes","No","$80,002,374,500"
"912797HR1","Bill","13-Week","02/20/2024","02/22/2024","05/23/2024","98.677972","No","$73,312,000,000","$240,972,000,000","No","","02/22/2024","$79,000,000,000","Yes","No","$84,844,325,300"
"912797KC0","Bill","26-Week","02/20/2024","02/22/2024","08/22/2024","97.421667","No","","$240,972,000,000","No","","02/22/2024","$70,000,000,000","No","No","$75,177,481,300"
"912797KA4","Bill","52-Week","02/20/2024","02/22/2024","02/20/2025","95.252833","No","","$240,972,000,000","No","","02/22/2024","$46,000,000,000","No","No","$49,403,008,500"
"912797JJ7","Bill","4-Week","02/15/2024","02/20/2024","03/19/2024","99.589333","No","$141,829,000,000","$221,003,000,000","No","","02/20/2024","$95,000,000,000","Yes","No","$95,470,417,700"
"912797JN8","Bill","8-Week","02/15/2024","02/20/2024","04/16/2024","99.180222","No","$56,257,000,000","$221,003,000,000","No","","02/20/2024","$90,000,000,000","Yes","No","$90,446,287,300"
"912797KF3","Bill","17-Week","02/14/2024","02/20/2024","06/18/2024","98.276153","No","","$221,003,000,000","No","","02/20/2024","$60,000,000,000","No","No","$60,298,192,700"
"912797GY7","Bill","42-Day","02/13/2024","02/15/2024","03/28/2024","99.384000","Yes","$142,036,000,000","$206,994,000,000","No","","02/15/2024","$80,000,000,000","Yes","No","$80,002,082,800"
"912797FH5","Bill","13-Week","02/12/2024","02/15/2024","05/16/2024","98.677972","No","$115,245,000,000","$206,994,000,000","No","","02/15/2024","$79,000,000,000","Yes","No","$86,221,821,800"
"912797KB2","Bill","26-Week","02/12/2024","02/15/2024","08/15/2024","97.439361","No","","$206,994,000,000","No","","02/15/2024","$70,000,000,000","No","No","$76,398,644,200"
"912810TX6","Bond","30-Year","02/08/2024","02/15/2024","02/15/2054","98.168819","No","","$105,128,000,000","No","4.250%","02/15/2024","$25,000,000,000","No","No","$26,848,948,800"
"912797JH1","Bill","4-Week","02/08/2024","02/13/2024","03/12/2024","99.589333","No","$136,801,000,000","$215,992,000,000","No","","02/13/2024","$95,000,000,000","Yes","No","$95,455,243,600"
"912797JM0","Bill","8-Week","02/08/2024","02/13/2024","04/09/2024","99.180222","No","$56,264,000,000","$215,992,000,000","No","","02/13/2024","$90,000,000,000","Yes","No","$90,430,537,700"
"91282CJZ5","Note","10-Year","02/07/2024","02/15/2024","02/15/2034","99.243059","No","","$105,128,000,000","No","4.000%","02/15/2024","$42,000,000,000","No","No","$45,106,262,000"
"912797KE6","Bill","17-Week","02/07/2024","02/13/2024","06/11/2024","98.287722","No","","$215,992,000,000","No","","02/13/2024","$60,000,000,000","No","No","$60,287,042,200"
"91282CKA8","Note","3-Year","02/06/2024","02/15/2024","02/15/2027","99.877119","No","","$105,128,000,000","No","4.125%","02/15/2024","$54,000,000,000","No","No","$57,993,720,900"
"912797LL9","Bill","42-Day","02/06/2024","02/08/2024","03/21/2024","99.384000","Yes","$173,388,000,000","$205,003,000,000","No","","02/08/2024","$80,000,000,000","Yes","No","$80,001,228,100"
"912797HQ3","Bill","13-Week","02/05/2024","02/08/2024","05/09/2024","98.676708","No","$73,656,000,000","$205,003,000,000","No","","02/08/2024","$79,000,000,000","Yes","No","$85,328,333,200"
"912797GK7","Bill","26-Week","02/05/2024","02/08/2024","08/08/2024","97.449472","No","$43,792,000,000","$205,003,000,000","No","","02/08/2024","$70,000,000,000","Yes","No","$75,607,752,100"
"912797JG3","Bill","4-Week","02/01/2024","02/06/2024","03/05/2024","99.589333","No","$136,830,000,000","$214,002,000,000","No","","02/06/2024","$95,000,000,000","Yes","No","$95,468,290,700"
"912797JL2","Bill","8-Week","02/01/2024","02/06/2024","04/02/2024","99.181000","No","$56,254,000,000","$214,002,000,000","No","","02/06/2024","$90,000,000,000","Yes","No","$90,443,454,700"
"912797JZ1","Bill","17-Week","01/31/2024","02/06/2024","06/04/2024","98.297639","No","","$214,002,000,000","No","","02/06/2024","$60,000,000,000","No","No","$60,295,661,300"
"912797GX9","Bill","42-Day","01/30/2024","02/01/2024","03/14/2024","99.384000","Yes","$140,238,000,000","$203,003,000,000","No","","02/01/2024","$80,000,000,000","Yes","No","$80,001,432,900"
"912797HH3","Bill","13-Week","01/29/2024","02/01/2024","05/02/2024","98.683028","No","$75,417,000,000","$203,003,000,000","No","","02/01/2024","$79,000,000,000","Yes","No","$87,153,303,500"
"912797JU2","Bill","26-Week","01/29/2024","02/01/2024","08/01/2024","97.479806","No","","$203,003,000,000","No","","02/01/2024","$70,000,000,000","No","No","$77,224,738,500"
"91282CJX0","Note","7-Year","01/25/2024","01/31/2024","01/31/2031","99.342733","No","","$179,256,000,000","No","4.000%","01/31/2024","$41,000,000,000","No","No","$41,000,041,100"
"912797JF5","Bill","4-Week","01/25/2024","01/30/2024","02/27/2024","99.589333","No","$136,776,000,000","$211,978,000,000","No","","01/30/2024","$90,000,000,000","Yes","No","$90,425,225,200"
"912797JK4","Bill","8-Week","01/25/2024","01/30/2024","03/26/2024","99.179444","No","$56,472,000,000","$211,978,000,000","No","","01/30/2024","$90,000,000,000","Yes","No","$90,424,075,200"
"91282CJU6","Note","2-Year","01/24/2024","01/31/2024","01/31/2026","100.000000","No","","$179,256,000,000","Yes","","01/31/2024","$28,000,000,000","No","No","$28,000,612,800"
"91282CJW2","Note","5-Year","01/24/2024","01/31/2024","01/31/2029","99.753334","No","","$179,256,000,000","No","4.000%","01/31/2024","$61,000,000,000","No","No","$61,000,063,600"
"912797JY4","Bill","17-Week","01/24/2024","01/30/2024","05/28/2024","98.286069","No","","$211,978,000,000","No","","01/30/2024","$60,000,000,000","No","No","$60,282,969,700"
"91282CJV4","Note","2-Year","01/23/2024","01/31/2024","01/31/2026","99.782022","No","","$179,256,000,000","No","4.250%","01/31/2024","$60,000,000,000","No","No","$60,000,062,600"
"912797GQ4","Bill","42-Day","01/23/2024","01/25/2024","03/07/2024","99.384000","Yes","$140,043,000,000","$236,977,000,000","No","","01/25/2024","$75,000,000,000","Yes","No","$75,001,103,800"
"912797JR9","Bill","52-Week","01/23/2024","01/25/2024","01/23/2025","95.379222","No","","$236,977,000,000","No","","01/25/2024","$46,000,000,000","No","No","$48,616,630,400"
"912797HG5","Bill","13-Week","01/22/2024","01/25/2024","04/25/2024","98.679236","No","$72,208,000,000","$236,977,000,000","No","","01/25/2024","$77,000,000,000","Yes","No","$81,381,265,500"
"912797JT5","Bill","26-Week","01/22/2024","01/25/2024","07/25/2024","97.462111","No","","$236,977,000,000","No","","01/25/2024","$70,000,000,000","No","No","$73,982,180,800"
"91282CJY8","Note","10-Year","01/18/2024","01/31/2024","01/15/2034","99.351542","No","","$179,256,000,000","No","1.750%","01/31/2024","$18,000,000,000","No","Yes","$18,000,021,100"
"912797JE8","Bill","4-Week","01/18/2024","01/23/2024","02/20/2024","99.588944","No","$136,774,000,000","$210,001,000,000","No","","01/23/2024","$85,000,000,000","Yes","No","$85,445,537,500"
"912797JJ7","Bill","8-Week","01/18/2024","01/23/2024","03/19/2024","99.179444","No","$56,389,000,000","$210,001,000,000","No","","01/23/2024","$85,000,000,000","Yes","No","$85,445,060,000"
"912810TW8","Bond","19-Year 10-Month","01/17/2024","01/31/2024","11/15/2043","104.269985","No","$29,179,000,000","$179,256,000,000","No","4.750%","01/31/2024","$13,000,000,000","Yes","No","$13,000,010,700"
"912797JX6","Bill","17-Week","01/17/2024","01/23/2024","05/21/2024","98.286069","No","","$210,001,000,000","No","","01/23/2024","$58,000,000,000","No","No","$58,303,747,800"
"912797GP6","Bill","42-Day","01/16/2024","01/18/2024","02/29/2024","99.383417","Yes","$147,358,000,000","$203,004,000,000","No","","01/18/2024","$70,000,000,000","Yes","No","$70,000,345,000"
"912796CX5","Bill","13-Week","01/16/2024","01/18/2024","04/18/2024","98.679236","No","$110,281,000,000","$203,004,000,000","No","","01/18/2024","$75,000,000,000","Yes","No","$79,270,671,600"
"912797JS7","Bill","26-Week","01/16/2024","01/18/2024","07/18/2024","97.484861","No","","$203,004,000,000","No","","01/18/2024","$68,000,000,000","No","No","$71,872,473,300"
"912797JD0","Bill","4-Week","01/11/2024","01/16/2024","02/13/2024","99.589333","No","$136,763,000,000","$214,989,000,000","No","","01/16/2024","$80,000,000,000","Yes","No","$80,408,362,500"
"912797JH1","Bill","8-Week","01/11/2024","01/16/2024","03/12/2024","99.179444","No","$56,385,000,000","$214,989,000,000","No","","01/16/2024","$80,000,000,000","Yes","No","$80,408,178,700"
"912810TV0","Bond","29-Year 10-Month","01/11/2024","01/16/2024","11/15/2053","108.773246","No","$45,445,000,000","$91,910,000,000","No","4.750%","01/15/2024","$21,000,000,000","Yes","No","$21,000,006,300"
"912797JW8","Bill","17-Week","01/10/2024","01/16/2024","05/14/2024","98.287722","No","","$214,989,000,000","No","","01/16/2024","$56,000,000,000","No","No","$56,285,784,300"
"91282CJJ1","Note","9-Year 10-Month","01/10/2024","01/16/2024","11/15/2033","103.823381","No","$77,746,000,000","$91,910,000,000","No","4.500%","01/15/2024","$37,000,000,000","Yes","No","$37,000,011,200"
"91282CJT9","Note","3-Year","01/09/2024","01/16/2024","01/15/2027","99.706476","No","","$91,910,000,000","No","4.000%","01/15/2024","$52,000,000,000","No","No","$52,000,056,800"
"912796Z28","Bill","42-Day","01/09/2024","01/11/2024","02/22/2024","99.384000","Yes","$185,392,000,000","$201,003,000,000","No","","01/11/2024","$70,000,000,000","Yes","No","$70,001,284,400"
"912797HF7","Bill","13-Week","01/08/2024","01/11/2024","04/11/2024","98.676708","No","$70,074,000,000","$201,003,000,000","No","","01/11/2024","$75,000,000,000","Yes","No","$79,106,727,400"
"912797GB7","Bill","26-Week","01/08/2024","01/11/2024","07/11/2024","97.457056","No","$40,996,000,000","$201,003,000,000","No","","01/11/2024","$68,000,000,000","Yes","No","$71,722,844,200"
"912797JC2","Bill","4-Week","01/04/2024","01/09/2024","02/06/2024","99.588556","No","$134,786,000,000","$214,993,000,000","No","","01/09/2024","$80,000,000,000","Yes","No","$80,420,005,400"
"912797JG3","Bill","8-Week","01/04/2024","01/09/2024","03/05/2024","99.177889","No","$56,405,000,000","$214,993,000,000","No","","01/09/2024","$80,000,000,000","Yes","No","$80,419,811,400"
"912797JV0","Bill","17-Week","01/03/2024","01/09/2024","05/07/2024","98.281111","No","","$214,993,000,000","No","","01/09/2024","$56,000,000,000","No","No","$56,292,885,600"
"912797GN1","Bill","42-Day","01/02/2024","01/04/2024","02/15/2024","99.382833","Yes","$150,614,000,000","$203,943,000,000","No","","01/04/2024","$70,000,000,000","Yes","No","$70,000,620,000"
"912797GZ4","Bill","13-Week","01/02/2024","01/04/2024","04/04/2024","98.674181","No","$68,725,000,000","$203,943,000,000","No","","01/04/2024","$75,000,000,000","Yes","No","$79,594,046,500"
"912796Y52","Bill","26-Week","01/02/2024","01/04/2024","07/05/2024","97.435458","No","","$203,943,000,000","No","","01/04/2024","$68,000,000,000","No","No","$72,165,757,900"
"912797JB4","Bill","4-Week","12/28/2023","01/02/2024","01/30/2024","99.585833","No","$132,827,000,000","$214,992,000,000","No","","01/02/2024","$80,000,000,000","Yes","No","$80,414,688,600"
"912797JF5","Bill","8-Week","12/28/2023","01/02/2024","02/27/2024","99.177889","No","$56,366,000,000","$214,992,000,000","No","","01/02/2024","$80,000,000,000","Yes","No","$80,414,588,100"
"91282CJQ5","Note","7-Year","12/28/2023","01/02/2024","12/31/2030","99.336988","No","","$104,797,000,000","No","3.750%","12/31/2023","$40,000,000,000","No","No","$40,000,020,000"
"912797JQ1","Bill","17-Week","12/27/2023","01/02/2024","04/30/2024","98.277806","No","","$214,992,000,000","No","","01/02/2024","$56,000,000,000","No","No","$56,290,817,300"
"91282CJR3","Note","5-Year","12/27/2023","01/02/2024","12/31/2028","99.769595","No","","$104,797,000,000","No","3.750%","12/31/2023","$58,000,000,000","No","No","$58,000,021,100"
"91282CJD4","Note","1-Year 10-Month","12/27/2023","12/29/2023","10/31/2025","99.854493","No","$52,000,000,000","$0","Yes","","12/29/2023","$26,000,000,000","Yes","No","$26,000,222,700"
"912797GM3","Bill","42-Day","12/27/2023","12/28/2023","02/08/2024","99.384000","Yes","$146,937,000,000","$236,007,000,000","No","","12/28/2023","$70,000,000,000","Yes","No","$70,001,688,500"
"91282CJS1","Note","2-Year","12/26/2023","01/02/2024","12/31/2025","99.878444","No","","$104,797,000,000","No","4.250%","12/31/2023","$57,000,000,000","No","No","$57,000,058,100"
"912797GY7","Bill","13-Week","12/26/2023","12/28/2023","03/28/2024","98.670389","No","$64,442,000,000","$236,007,000,000","No","","12/28/2023","$75,000,000,000","Yes","No","$77,589,679,500"
"912796Y45","Bill","26-Week","12/26/2023","12/28/2023","06/27/2024","97.431778","No","","$236,007,000,000","No","","12/28/2023","$68,000,000,000","No","No","$70,347,968,600"
"912796ZV4","Bill","52-Week","12/26/2023","12/28/2023","12/26/2024","95.353944","No","","$236,007,000,000","No","","12/28/2023","$44,000,000,000","No","No","$45,519,211,000"
"91282CJH5","Note","4-Year 10-Month","12/21/2023","12/29/2023","10/15/2028","103.513682","No","$21,999,000,000","$0","No","2.375%","12/29/2023","$20,000,000,000","Yes","Yes","$20,000,009,700"
"912797JA6","Bill","4-Week","12/21/2023","12/26/2023","01/23/2024","99.590500","No","$131,012,000,000","$220,000,000,000","No","","12/26/2023","$80,000,000,000","Yes","No","$80,377,831,100"
"912797JE8","Bill","8-Week","12/21/2023","12/26/2023","02/20/2024","99.180222","No","$56,397,000,000","$220,000,000,000","No","","12/26/2023","$80,000,000,000","Yes","No","$80,379,495,600"
"912810TW8","Bond","19-Year 11-Month","12/20/2023","01/02/2024","11/15/2043","107.169753","No","$16,182,000,000","$104,797,000,000","No","4.750%","12/31/2023","$13,000,000,000","Yes","No","$13,000,033,000"
"912797JP3","Bill","17-Week","12/20/2023","12/26/2023","04/23/2024","98.274500","No","","$220,000,000,000","No","","12/26/2023","$56,000,000,000","No","No","$56,264,544,200"
"912797GE1","Bill","42-Day","12/19/2023","12/21/2023","02/01/2024","99.385167","Yes","$148,379,000,000","$201,992,000,000","No","","12/21/2023","$70,000,000,000","Yes","No","$70,001,156,000"
"912797LL9","Bill","13-Week","12/18/2023","12/21/2023","03/21/2024","98.670389","No","$97,831,000,000","$201,992,000,000","No","","12/21/2023","$75,000,000,000","Yes","No","$75,559,623,300"
"912796ZW2","Bill","26-Week","12/18/2023","12/21/2023","06/20/2024","97.406500","No","","$201,992,000,000","No","","12/21/2023","$68,000,000,000","No","No","$68,507,133,600"
"912797HZ3","Bill","4-Week","12/14/2023","12/19/2023","01/16/2024","99.590111","No","$135,907,000,000","$229,986,000,000","No","","12/19/2023","$80,000,000,000","Yes","No","$80,369,551,600"
"912797JD0","Bill","8-Week","12/14/2023","12/19/2023","02/13/2024","99.179444","No","$56,394,000,000","$229,986,000,000","No","","12/19/2023","$80,000,000,000","Yes","No","$80,369,932,900"
"912797JN8","Bill","17-Week","12/13/2023","12/19/2023","04/16/2024","98.264583","No","","$229,986,000,000","No","","12/19/2023","$56,000,000,000","No","No","$56,258,968,000"
"912810TV0","Bond","29-Year 11-Month","12/12/2023","12/15/2023","11/15/2053","106.755520","No","$24,457,000,000","$44,215,000,000","No","4.750%","12/15/2023","$21,000,000,000","Yes","No","$21,000,002,000"
"912796ZY8","Bill","42-Day","12/12/2023","12/14/2023","01/25/2024","99.383417","Yes","$179,727,000,000","$201,996,000,000","No","","12/14/2023","$70,000,000,000","Yes","No","$70,001,125,800"
"91282CJP7","Note","3-Year","12/11/2023","12/15/2023","12/15/2026","99.680564","No","","$44,215,000,000","No","4.375%","12/15/2023","$50,000,000,000","No","No","$50,000,068,500"
"91282CJJ1","Note","9-Year 11-Month","12/11/2023","12/15/2023","11/15/2033","101.626935","No","$40,759,000,000","$44,215,000,000","No","4.500%","12/15/2023","$37,000,000,000","Yes","No","$37,000,023,400"
"912797GX9","Bill","13-Week","12/11/2023","12/14/2023","03/14/2024","98.670389","No","$63,711,000,000","$201,996,000,000","No","","12/14/2023","$75,000,000,000","Yes","No","$76,532,569,200"
"912797FS1","Bill","26-Week","12/11/2023","12/14/2023","06/13/2024","97.376167","No","$40,256,000,000","$201,996,000,000","No","","12/14/2023","$68,000,000,000","Yes","No","$69,390,234,000"
"912797HY6","Bill","4-Week","12/07/2023","12/12/2023","01/09/2024","99.588944","No","$135,943,000,000","$227,989,000,000","No","","12/12/2023","$80,000,000,000","Yes","No","$80,377,857,600"
"912797JC2","Bill","8-Week","12/07/2023","12/12/2023","02/06/2024","99.179444","No","$54,411,000,000","$227,989,000,000","No","","12/12/2023","$80,000,000,000","Yes","No","$80,377,891,400"
"912797JM0","Bill","17-Week","12/06/2023","12/12/2023","04/09/2024","98.267889","No","","$227,989,000,000","No","","12/12/2023","$56,000,000,000","No","No","$56,264,456,300"
"912797GD3","Bill","42-Day","12/05/2023","12/07/2023","01/18/2024","99.383417","Yes","$142,459,000,000","$201,995,000,000","No","","12/07/2023","$70,000,000,000","Yes","No","$70,001,305,000"
"912797GQ4","Bill","13-Week","12/04/2023","12/07/2023","03/07/2024","98.672917","No","$63,667,000,000","$201,995,000,000","No","","12/07/2023","$75,000,000,000","Yes","No","$76,380,780,000"
"912797HT7","Bill","26-Week","12/04/2023","12/07/2023","06/06/2024","97.376167","No","","$201,995,000,000","No","","12/07/2023","$68,000,000,000","No","No","$69,251,678,800"
"912797HX8","Bill","4-Week","11/30/2023","12/05/2023","01/02/2024","99.588556","No","$135,928,000,000","$221,003,000,000","No","","12/05/2023","$80,000,000,000","Yes","No","$80,382,716,400"
"912797JB4","Bill","8-Week","11/30/2023","12/05/2023","01/30/2024","99.178667","No","$52,447,000,000","$221,003,000,000","No","","12/05/2023","$80,000,000,000","Yes","No","$80,381,685,300"
"912797JL2","Bill","17-Week","11/29/2023","12/05/2023","04/02/2024","98.267889","No","","$221,003,000,000","No","","12/05/2023","$56,000,000,000","No","No","$56,266,994,000"
"912797GC5","Bill","42-Day","11/28/2023","11/30/2023","01/11/2024","99.383417","Yes","$140,095,000,000","$233,963,000,000","No","","11/30/2023","$70,000,000,000","Yes","No","$70,000,748,500"
"912797HP5","Bill","52-Week","11/28/2023","11/30/2023","11/29/2024","94.996458","No","","$233,963,000,000","No","","11/30/2023","$44,000,000,000","No","No","$47,309,124,500"
"91282CJM4","Note","7-Year","11/28/2023","11/30/2023","11/30/2030","99.856744","No","","$105,708,000,000","No","4.375%","11/30/2023","$39,000,000,000","No","No","$39,449,232,700"
"912797GP6","Bill","13-Week","11/27/2023","11/30/2023","02/29/2024","98.665333","No","$66,716,000,000","$233,963,000,000","No","","11/30/2023","$75,000,000,000","Yes","No","$80,641,159,600"
"912797HS9","Bill","26-Week","11/27/2023","11/30/2023","05/30/2024","97.350889","No","","$233,963,000,000","No","","11/30/2023","$68,000,000,000","No","No","$73,114,058,100"
"91282CJL6","Note","2-Year","11/27/2023","11/30/2023","11/30/2025","99.977397","No","","$105,708,000,000","No","4.875%","11/30/2023","$54,000,000,000","No","No","$54,622,032,900"
"91282CJN2","Note","5-Year","11/27/2023","11/30/2023","11/30/2028","99.800095","No","","$105,708,000,000","No","4.375%","11/30/2023","$55,000,000,000","No","No","$55,633,518,500"
"912797HW0","Bill","4-Week","11/22/2023","11/28/2023","12/26/2023","99.587778","No","$136,157,000,000","$215,972,000,000","No","","11/28/2023","$85,000,000,000","Yes","No","$85,713,985,300"
"912797JA6","Bill","8-Week","11/22/2023","11/28/2023","01/23/2024","99.178667","No","$50,341,000,000","$215,972,000,000","No","","11/28/2023","$80,000,000,000","Yes","No","$80,673,678,600"
"912797JK4","Bill","17-Week","11/22/2023","11/28/2023","03/26/2024","98.261278","No","","$215,972,000,000","No","","11/28/2023","$56,000,000,000","No","No","$56,471,357,300"
"91282CHP9","Note","9-Year 8-Month","11/21/2023","11/30/2023","07/15/2033","94.285157","No","$31,850,000,000","$105,708,000,000","No","1.375%","11/30/2023","$15,000,000,000","Yes","Yes","$15,172,784,500"
"912797FW2","Bill","41-Day","11/21/2023","11/24/2023","01/04/2024","99.398097","Yes","$139,117,000,000","$192,986,000,000","No","","11/24/2023","$75,000,000,000","Yes","No","$75,000,199,600"
"91282CJD4","Note","1-Year 11-Month","11/21/2023","11/24/2023","10/31/2025","99.940709","No","$26,000,000,000","$0","Yes","","11/24/2023","$26,000,000,000","Yes","No","$26,000,061,100"
"912810TW8","Bond","20-Year","11/20/2023","11/30/2023","11/15/2043","99.612655","No","","$105,708,000,000","No","4.750%","11/30/2023","$16,000,000,000","No","No","$16,184,316,400"
"912796Z28","Bill","13-Week","11/20/2023","11/24/2023","02/22/2024","98.682500","No","$104,536,000,000","$192,986,000,000","No","","11/24/2023","$75,000,000,000","Yes","No","$80,867,489,100"
"912797HR1","Bill","26-Week","11/20/2023","11/24/2023","05/23/2024","97.370472","No","","$192,986,000,000","No","","11/24/2023","$68,000,000,000","No","No","$73,318,326,100"
"912797HV2","Bill","4-Week","11/16/2023","11/21/2023","12/19/2023","99.588556","No","$136,163,000,000","$210,958,000,000","No","","11/21/2023","$95,000,000,000","Yes","No","$95,663,287,300"
"912797HZ3","Bill","8-Week","11/16/2023","11/21/2023","01/16/2024","99.178667","No","$50,317,000,000","$210,958,000,000","No","","11/21/2023","$85,000,000,000","Yes","No","$85,591,218,800"
"912797JJ7","Bill","17-Week","11/15/2023","11/21/2023","03/19/2024","98.262931","No","","$210,958,000,000","No","","11/21/2023","$56,000,000,000","No","No","$56,389,795,100"
"912796ZN2","Bill","42-Day","11/14/2023","11/16/2023","12/28/2023","99.382833","Yes","$172,849,000,000","$185,000,000,000","No","","11/16/2023","$75,000,000,000","Yes","No","$75,000,202,000"
"912797GN1","Bill","13-Week","11/13/2023","11/16/2023","02/15/2024","98.664069","No","$68,383,000,000","$185,000,000,000","No","","11/16/2023","$75,000,000,000","Yes","No","$82,231,953,700"
"912797FH5","Bill","26-Week","11/13/2023","11/16/2023","05/16/2024","97.335722","No","$40,694,000,000","$185,000,000,000","No","","11/16/2023","$68,000,000,000","Yes","No","$74,556,027,600"
"912810TV0","Bond","30-Year","11/09/2023","11/15/2023","11/15/2053","99.698482","No","","$102,174,000,000","No","4.750%","11/15/2023","$24,000,000,000","No","No","$24,456,732,400"
"912797HU4","Bill","4-Week","11/09/2023","11/14/2023","12/12/2023","99.588556","No","$134,194,000,000","$210,986,000,000","No","","11/14/2023","$95,000,000,000","Yes","No","$95,668,276,100"
"912797HY6","Bill","8-Week","11/09/2023","11/14/2023","01/09/2024","99.177889","No","$50,340,000,000","$210,986,000,000","No","","11/14/2023","$85,000,000,000","Yes","No","$85,598,923,000"
"91282CJJ1","Note","10-Year","11/08/2023","11/15/2023","11/15/2033","99.848482","No","","$102,174,000,000","No","4.500%","11/15/2023","$40,000,000,000","No","No","$40,761,196,600"
"912797JH1","Bill","17-Week","11/08/2023","11/14/2023","03/12/2024","98.253014","No","","$210,986,000,000","No","","11/14/2023","$56,000,000,000","No","No","$56,393,887,400"
"91282CJK8","Note","3-Year","11/07/2023","11/15/2023","11/15/2026","99.789641","No","","$102,174,000,000","No","4.625%","11/15/2023","$48,000,000,000","No","No","$48,913,468,500"
"912797FV4","Bill","42-Day","11/07/2023","11/09/2023","12/21/2023","99.382833","Yes","$128,947,000,000","$225,000,000,000","No","","11/09/2023","$75,000,000,000","Yes","No","$75,000,805,000"
"912797GM3","Bill","13-Week","11/06/2023","11/09/2023","02/08/2024","98.664069","No","$65,708,000,000","$225,000,000,000","No","","11/09/2023","$75,000,000,000","Yes","No","$81,226,703,200"
"912797HQ3","Bill","26-Week","11/06/2023","11/09/2023","05/09/2024","97.340778","No","","$225,000,000,000","No","","11/09/2023","$68,000,000,000","No","No","$73,645,958,900"
"912797HN0","Bill","4-Week","11/02/2023","11/07/2023","12/05/2023","99.588556","No","$127,198,000,000","$205,983,000,000","No","","11/07/2023","$95,000,000,000","Yes","No","$95,686,476,000"
"912797HX8","Bill","8-Week","11/02/2023","11/07/2023","01/02/2024","99.175556","No","$50,309,000,000","$205,983,000,000","No","","11/07/2023","$85,000,000,000","Yes","No","$85,613,488,600"
"912797JG3","Bill","17-Week","11/01/2023","11/07/2023","03/05/2024","98.234833","No","","$205,983,000,000","No","","11/07/2023","$56,000,000,000","No","No","$56,404,603,600"
"912797FU6","Bill","42-Day","10/31/2023","11/02/2023","12/14/2023","99.382250","Yes","$132,352,000,000","$206,973,000,000","No","","11/02/2023","$75,000,000,000","Yes","No","$75,001,566,200"
"912797HE0","Bill","52-Week","10/31/2023","11/02/2023","10/31/2024","94.807944","No","","$206,973,000,000","No","","11/02/2023","$44,000,000,000","No","No","$48,802,373,200"
"912797GE1","Bill","13-Week","10/30/2023","11/02/2023","02/01/2024","98.653958","No","$65,196,000,000","$206,973,000,000","No","","11/02/2023","$75,000,000,000","Yes","No","$83,185,805,700"
"912797HH3","Bill","26-Week","10/30/2023","11/02/2023","05/02/2024","97.310444","No","","$206,973,000,000","No","","11/02/2023","$68,000,000,000","No","No","$75,422,331,800"
"912797HM2","Bill","4-Week","10/26/2023","10/31/2023","11/28/2023","99.588167","No","$122,221,000,000","$201,006,000,000","No","","10/31/2023","$95,000,000,000","Yes","No","$95,624,359,500"
"912797HW0","Bill","8-Week","10/26/2023","10/31/2023","12/26/2023","99.170889","No","$50,599,000,000","$201,006,000,000","No","","10/31/2023","$85,000,000,000","Yes","No","$85,558,681,400"
"91282CJG7","Note","7-Year","10/26/2023","10/31/2023","10/31/2030","99.806484","No","","$178,344,000,000","No","4.875%","10/31/2023","$38,000,000,000","No","No","$38,000,032,300"
"912797JF5","Bill","17-Week","10/25/2023","10/31/2023","02/27/2024","98.236486","No","","$201,006,000,000","No","","10/31/2023","$56,000,000,000","No","No","$56,367,869,100"
"91282CJD4","Note","2-Year","10/25/2023","10/31/2023","10/31/2025","100.000000","No","","$178,344,000,000","Yes","","10/31/2023","$26,000,000,000","No","No","$26,000,037,300"
"91282CJF9","Note","5-Year","10/25/2023","10/31/2023","10/31/2028","99.894701","No","","$178,344,000,000","No","4.875%","10/31/2023","$52,000,000,000","No","No","$52,000,027,800"
"91282CJE2","Note","2-Year","10/24/2023","10/31/2023","10/31/2025","99.896614","No","","$178,344,000,000","No","5.000%","10/31/2023","$51,000,000,000","No","No","$51,000,026,900"
"912797FT9","Bill","42-Day","10/24/2023","10/26/2023","12/07/2023","99.381667","Yes","$131,821,000,000","$217,949,000,000","No","","10/26/2023","$75,000,000,000","Yes","No","$75,000,784,500"
"912796ZY8","Bill","13-Week","10/23/2023","10/26/2023","01/25/2024","98.657750","No","$100,077,000,000","$217,949,000,000","No","","10/26/2023","$75,000,000,000","Yes","No","$79,648,036,200"
"912797HG5","Bill","26-Week","10/23/2023","10/26/2023","04/25/2024","97.307917","No","","$217,949,000,000","No","","10/26/2023","$68,000,000,000","No","No","$72,214,261,100"
"91282CJH5","Note","5-Year","10/19/2023","10/31/2023","10/15/2028","99.921449","No","","$178,344,000,000","No","2.375%","10/31/2023","$22,000,000,000","No","Yes","$22,000,048,900"
"912797HL4","Bill","4-Week","10/19/2023","10/24/2023","11/21/2023","99.587389","No","$116,969,000,000","$195,998,000,000","No","","10/24/2023","$95,000,000,000","Yes","No","$95,658,920,400"
"912797HV2","Bill","8-Week","10/19/2023","10/24/2023","12/19/2023","99.171667","No","$50,582,000,000","$195,998,000,000","No","","10/24/2023","$85,000,000,000","Yes","No","$85,589,955,000"
"912810TU2","Bond","19-Year 10-Month","10/18/2023","10/31/2023","08/15/2043","89.352074","No","$30,652,000,000","$178,344,000,000","No","4.375%","10/31/2023","$13,000,000,000","Yes","No","$13,000,016,300"
"912797JE8","Bill","17-Week","10/18/2023","10/24/2023","02/20/2024","98.229875","No","","$195,998,000,000","No","","10/24/2023","$56,000,000,000","No","No","$56,388,508,500"
"912796ZD4","Bill","42-Day","10/17/2023","10/19/2023","11/30/2023","99.378750","Yes","$173,025,000,000","$217,980,000,000","No","","10/19/2023","$75,000,000,000","Yes","No","$75,001,779,400"
"912797GD3","Bill","13-Week","10/16/2023","10/19/2023","01/18/2024","98.650167","No","$62,610,000,000","$217,980,000,000","No","","10/19/2023","$75,000,000,000","Yes","No","$79,839,537,800"
"912796CX5","Bill","26-Week","10/16/2023","10/19/2023","04/18/2024","97.302861","No","$37,894,000,000","$217,980,000,000","No","","10/19/2023","$68,000,000,000","Yes","No","$72,388,498,500"
"912797HK6","Bill","4-Week","10/12/2023","10/17/2023","11/14/2023","99.585833","No","$116,984,000,000","$195,953,000,000","No","","10/17/2023","$95,000,000,000","Yes","No","$95,665,502,300"
"912797HU4","Bill","8-Week","10/12/2023","10/17/2023","12/12/2023","99.168556","No","$48,598,000,000","$195,953,000,000","No","","10/17/2023","$85,000,000,000","Yes","No","$85,596,615,500"
"912810TT5","Bond","29-Year 10-Month","10/12/2023","10/16/2023","08/15/2053","88.806438","No","$51,583,000,000","$39,564,000,000","No","4.125%","10/15/2023","$20,000,000,000","Yes","No","$20,000,002,800"
"912797JD0","Bill","17-Week","10/11/2023","10/17/2023","02/13/2024","98.229875","No","","$195,953,000,000","No","","10/17/2023","$56,000,000,000","No","No","$56,392,560,300"
"91282CHT1","Note","9-Year 10-Month","10/11/2023","10/16/2023","08/15/2033","94.231522","No","$87,175,000,000","$39,564,000,000","No","3.875%","10/15/2023","$35,000,000,000","Yes","No","$35,000,052,400"
"91282CJC6","Note","3-Year","10/10/2023","10/16/2023","10/15/2026","99.681877","No","","$39,564,000,000","No","4.625%","10/15/2023","$46,000,000,000","No","No","$46,000,008,300"
"912797FL6","Bill","43-Day","10/10/2023","10/12/2023","11/24/2023","99.359778","Yes","$134,169,000,000","$217,978,000,000","No","","10/12/2023","$70,000,000,000","Yes","No","$70,000,366,000"
"912797GC5","Bill","13-Week","10/10/2023","10/12/2023","01/11/2024","98.650167","No","$62,584,000,000","$217,978,000,000","No","","10/12/2023","$73,000,000,000","Yes","No","$77,514,457,600"
"912797HF7","Bill","26-Week","10/10/2023","10/12/2023","04/11/2024","97.310444","No","","$217,978,000,000","No","","10/12/2023","$66,000,000,000","No","No","$70,081,629,900"
"912797HJ9","Bill","4-Week","10/05/2023","10/10/2023","11/07/2023","99.587000","No","$117,015,000,000","$190,976,000,000","No","","10/10/2023","$90,000,000,000","Yes","No","$90,687,595,200"
"912797HN0","Bill","8-Week","10/05/2023","10/10/2023","12/05/2023","99.167000","No","$46,587,000,000","$190,976,000,000","No","","10/10/2023","$80,000,000,000","Yes","No","$80,610,468,400"
"912797JC2","Bill","17-Week","10/04/2023","10/10/2023","02/06/2024","98.231528","No","","$190,976,000,000","No","","10/10/2023","$54,000,000,000","No","No","$54,412,469,000"
"912797FK8","Bill","42-Day","10/03/2023","10/05/2023","11/16/2023","99.378167","Yes","$133,785,000,000","$206,962,000,000","No","","10/05/2023","$65,000,000,000","Yes","No","$65,000,267,000"
"912797GW1","Bill","52-Week","10/03/2023","10/05/2023","10/03/2024","94.757389","No","","$206,962,000,000","No","","10/05/2023","$44,000,000,000","No","No","$47,248,736,400"
"912797FW2","Bill","13-Week","10/02/2023","10/05/2023","01/04/2024","98.648903","No","$62,875,000,000","$206,962,000,000","No","","10/05/2023","$71,000,000,000","Yes","No","$76,242,249,700"
"912797GZ4","Bill","26-Week","10/02/2023","10/05/2023","04/04/2024","97.300333","No","","$206,962,000,000","No","","10/05/2023","$64,000,000,000","No","No","$68,725,899,500"
"912797HD2","Bill","4-Week","09/28/2023","10/03/2023","10/31/2023","99.588556","No","$116,948,000,000","$183,986,000,000","No","","10/03/2023","$85,000,000,000","Yes","No","$85,734,379,200"
"912797HM2","Bill","8-Week","09/28/2023","10/03/2023","11/28/2023","99.170889","No","$46,578,000,000","$183,986,000,000","No","","10/03/2023","$75,000,000,000","Yes","No","$75,646,871,900"
"91282CHZ7","Note","7-Year","09/28/2023","10/02/2023","09/30/2030","99.715829","No","","$112,444,000,000","No","4.625%","09/30/2023","$37,000,000,000","No","No","$37,000,026,500"
"912797JB4","Bill","17-Week","09/27/2023","10/03/2023","01/30/2024","98.233181","No","","$183,986,000,000","No","","10/03/2023","$52,000,000,000","No","No","$52,449,051,000"
"91282CJA0","Note","5-Year","09/27/2023","10/02/2023","09/30/2028","99.849471","No","","$112,444,000,000","No","4.625%","09/30/2023","$49,000,000,000","No","No","$49,000,049,600"
"91282CHS3","Note","1-Year 10-Month","09/27/2023","09/29/2023","07/31/2025","99.898738","No","$47,878,000,000","$0","Yes","","09/29/2023","$24,000,000,000","Yes","No","$24,000,208,400"
"91282CJB8","Note","2-Year","09/26/2023","10/02/2023","09/30/2025","99.840020","No","","$112,444,000,000","No","5.000%","09/30/2023","$48,000,000,000","No","No","$48,000,137,800"
"912797FJ1","Bill","42-Day","09/26/2023","09/28/2023","11/09/2023","99.382833","Yes","$176,871,000,000","$172,985,000,000","No","","09/28/2023","$60,000,000,000","Yes","No","$60,000,457,000"
"912796ZN2","Bill","13-Week","09/25/2023","09/28/2023","12/28/2023","98.652694","No","$101,113,000,000","$172,985,000,000","No","","09/28/2023","$69,000,000,000","Yes","No","$71,726,717,100"
"912797GY7","Bill","26-Week","09/25/2023","09/28/2023","03/28/2024","97.312972","No","","$172,985,000,000","No","","09/28/2023","$62,000,000,000","No","No","$64,449,632,600"
"91282CHP9","Note","9-Year 10-Month","09/21/2023","09/29/2023","07/15/2033","94.260749","No","$16,860,000,000","$0","No","1.375%","09/29/2023","$15,000,000,000","Yes","Yes","$15,000,019,800"
"912797HC4","Bill","4-Week","09/21/2023","09/26/2023","10/24/2023","99.589333","No","$117,358,000,000","$181,988,000,000","No","","09/26/2023","$80,000,000,000","Yes","No","$80,538,554,100"
"912797HL4","Bill","8-Week","09/21/2023","09/26/2023","11/21/2023","99.175556","No","$46,500,000,000","$181,988,000,000","No","","09/26/2023","$70,000,000,000","Yes","No","$70,471,215,100"
"912797JA6","Bill","17-Week","09/20/2023","09/26/2023","01/23/2024","98.234833","No","","$181,988,000,000","No","","09/26/2023","$50,000,000,000","No","No","$50,336,239,400"
"912810TU2","Bond","19-Year 11-Month","09/19/2023","10/02/2023","08/15/2043","97.182044","No","$17,652,000,000","$112,444,000,000","No","4.375%","09/30/2023","$13,000,000,000","Yes","No","$13,000,007,300"
"912796YT0","Bill","42-Day","09/19/2023","09/21/2023","11/02/2023","99.383417","Yes","$167,381,000,000","$167,987,000,000","No","","09/21/2023","$60,000,000,000","Yes","No","$60,002,110,400"
"912797FV4","Bill","13-Week","09/18/2023","09/21/2023","12/21/2023","98.656486","No","$59,221,000,000","$167,987,000,000","No","","09/21/2023","$69,000,000,000","Yes","No","$69,733,361,400"
"912797LL9","Bill","26-Week","09/18/2023","09/21/2023","03/21/2024","97.320556","No","$35,179,000,000","$167,987,000,000","No","","09/21/2023","$62,000,000,000","Yes","No","$62,658,831,700"
"912797HB6","Bill","4-Week","09/14/2023","09/19/2023","10/17/2023","99.588944","No","$117,386,000,000","$178,972,000,000","No","","09/19/2023","$80,000,000,000","Yes","No","$80,510,641,100"
"912797HK6","Bill","8-Week","09/14/2023","09/19/2023","11/14/2023","99.176333","No","$46,546,000,000","$178,972,000,000","No","","09/19/2023","$70,000,000,000","Yes","No","$70,447,767,100"
"912797HZ3","Bill","17-Week","09/13/2023","09/19/2023","01/16/2024","98.238139","No","","$178,972,000,000","No","","09/19/2023","$50,000,000,000","No","No","$50,320,075,100"
"912810TT5","Bond","29-Year 11-Month","09/13/2023","09/15/2023","08/15/2053","96.329971","No","$31,584,000,000","$35,136,000,000","No","4.125%","09/15/2023","$20,000,000,000","Yes","No","$20,000,007,500"
"91282CHT1","Note","9-Year 11-Month","09/12/2023","09/15/2023","08/15/2033","96.678677","No","$52,176,000,000","$35,136,000,000","No","3.875%","09/15/2023","$35,000,000,000","Yes","No","$35,000,041,700"
"912797FC6","Bill","42-Day","09/12/2023","09/14/2023","10/26/2023","99.383417","Yes","$168,218,000,000","$162,991,000,000","No","","09/14/2023","$60,000,000,000","Yes","No","$60,001,812,000"
"91282CHY0","Note","3-Year","09/11/2023","09/15/2023","09/15/2026","99.903057","No","","$35,136,000,000","No","4.625%","09/15/2023","$44,000,000,000","No","No","$44,000,032,600"
"912797FU6","Bill","13-Week","09/11/2023","09/14/2023","12/14/2023","98.656486","No","$61,439,000,000","$162,991,000,000","No","","09/14/2023","$69,000,000,000","Yes","No","$70,911,825,800"
"912797GX9","Bill","26-Week","09/11/2023","09/14/2023","03/14/2024","97.320556","No","","$162,991,000,000","No","","09/14/2023","$62,000,000,000","No","No","$63,717,405,600"
"912797HA8","Bill","4-Week","09/07/2023","09/12/2023","10/10/2023","99.589333","No","$112,447,000,000","$170,958,000,000","No","","09/12/2023","$80,000,000,000","Yes","No","$80,536,573,900"
"912797HJ9","Bill","8-Week","09/07/2023","09/12/2023","11/07/2023","99.177111","No","$46,548,000,000","$170,958,000,000","No","","09/12/2023","$70,000,000,000","Yes","No","$70,469,209,000"
"912797HY6","Bill","17-Week","09/06/2023","09/12/2023","01/09/2024","98.236486","No","","$170,958,000,000","No","","09/12/2023","$50,000,000,000","No","No","$50,334,950,700"
"912797FB8","Bill","42-Day","09/05/2023","09/07/2023","10/19/2023","99.383417","Yes","$168,673,000,000","$196,988,000,000","No","","09/07/2023","$60,000,000,000","Yes","No","$60,001,029,900"
"912797FT9","Bill","13-Week","09/05/2023","09/07/2023","12/07/2023","98.656486","No","$60,964,000,000","$196,988,000,000","No","","09/07/2023","$69,000,000,000","Yes","No","$70,866,219,100"
"912797GQ4","Bill","26-Week","09/05/2023","09/07/2023","03/07/2024","97.320556","No","","$196,988,000,000","No","","09/07/2023","$62,000,000,000","No","No","$63,677,933,000"
"912797GL5","Bill","52-Week","09/05/2023","09/07/2023","09/05/2024","94.823111","No","","$196,988,000,000","No","","09/07/2023","$42,000,000,000","No","No","$43,136,340,400"
"912797GV3","Bill","4-Week","08/31/2023","09/05/2023","10/03/2023","99.589333","No","$105,628,000,000","$165,933,000,000","No","","09/05/2023","$80,000,000,000","Yes","No","$80,492,619,900"
"912797HD2","Bill","8-Week","08/31/2023","09/05/2023","10/31/2023","99.177111","No","$46,519,000,000","$165,933,000,000","No","","09/05/2023","$70,000,000,000","Yes","No","$70,430,002,400"
"912797HX8","Bill","17-Week","08/30/2023","09/05/2023","01/02/2024","98.238139","No","","$165,933,000,000","No","","09/05/2023","$50,000,000,000","No","No","$50,308,051,500"
"912797FA0","Bill","42-Day","08/29/2023","08/31/2023","10/12/2023","99.382833","Yes","$167,939,000,000","$160,953,000,000","No","","08/31/2023","$60,000,000,000","Yes","No","$60,000,704,200"
"91282CHW4","Note","7-Year","08/29/2023","08/31/2023","08/31/2030","99.477286","No","","$104,013,000,000","No","4.125%","08/31/2023","$36,000,000,000","No","No","$39,740,231,100"
"912796ZD4","Bill","13-Week","08/28/2023","08/31/2023","11/30/2023","98.650167","No","$98,768,000,000","$160,953,000,000","No","","08/31/2023","$69,000,000,000","Yes","No","$74,262,716,600"
"912797GP6","Bill","26-Week","08/28/2023","08/31/2023","02/29/2024","97.295278","No","","$160,953,000,000","No","","08/31/2023","$62,000,000,000","No","No","$66,728,588,700"
"91282CHV6","Note","2-Year","08/28/2023","08/31/2023","08/31/2025","99.954869","No","","$104,013,000,000","No","5.000%","08/31/2023","$45,000,000,000","No","No","$49,675,357,100"
"91282CHX2","Note","5-Year","08/28/2023","08/31/2023","08/31/2028","99.888884","No","","$104,013,000,000","No","4.375%","08/31/2023","$46,000,000,000","No","No","$50,779,277,000"
"912810TP3","Bond","29-Year 6-Month","08/24/2023","08/31/2023","02/15/2053","91.890055","No","$11,043,000,000","$104,013,000,000","No","1.500%","08/31/2023","$8,000,000,000","Yes","Yes","$8,831,162,400"
"912797GU5","Bill","4-Week","08/24/2023","08/29/2023","09/26/2023","99.588944","No","$103,759,000,000","$165,977,000,000","No","","08/29/2023","$80,000,000,000","Yes","No","$80,959,021,200"
"912797HC4","Bill","8-Week","08/24/2023","08/29/2023","10/24/2023","99.177111","No","$46,520,000,000","$165,977,000,000","No","","08/29/2023","$70,000,000,000","Yes","No","$70,838,740,200"
"912810TU2","Bond","20-Year","08/23/2023","08/31/2023","08/15/2043","98.374204","No","","$104,013,000,000","No","4.375%","08/31/2023","$16,000,000,000","No","No","$17,662,322,300"
"912797HW0","Bill","17-Week","08/23/2023","08/29/2023","12/26/2023","98.243097","No","","$165,977,000,000","No","","08/29/2023","$50,000,000,000","No","No","$50,599,331,900"
"91282CHS3","Note","1-Year 11-Month","08/23/2023","08/25/2023","07/31/2025","99.922256","No","$23,889,000,000","$0","Yes","","08/25/2023","$24,000,000,000","Yes","No","$24,000,038,100"
"912796YJ2","Bill","42-Day","08/22/2023","08/24/2023","10/05/2023","99.384000","Yes","$162,277,000,000","$154,965,000,000","No","","08/24/2023","$60,000,000,000","Yes","No","$60,001,718,500"
"912797FL6","Bill","13-Week","08/21/2023","08/24/2023","11/24/2023","98.645556","No","$59,518,000,000","$154,965,000,000","No","","08/24/2023","$69,000,000,000","Yes","No","$74,657,309,700"
"912796Z28","Bill","26-Week","08/21/2023","08/24/2023","02/22/2024","97.323083","No","$37,454,000,000","$154,965,000,000","No","","08/24/2023","$62,000,000,000","Yes","No","$67,083,043,500"
"912797GJ0","Bill","7-Day","08/17/2023","08/22/2023","08/29/2023","99.898500","Yes","$168,348,000,000","$165,697,000,000","No","","08/22/2023","$25,000,000","Yes","No","$25,000,200"
"912797GT8","Bill","4-Week","08/17/2023","08/22/2023","09/19/2023","99.589333","No","$100,637,000,000","$165,697,000,000","No","","08/22/2023","$80,000,000,000","Yes","No","$80,928,925,400"
"912797HB6","Bill","8-Week","08/17/2023","08/22/2023","10/17/2023","99.178667","No","$46,584,000,000","$165,697,000,000","No","","08/22/2023","$70,000,000,000","Yes","No","$70,811,790,500"
"912797HV2","Bill","17-Week","08/16/2023","08/22/2023","12/19/2023","98.246403","No","","$165,697,000,000","No","","08/22/2023","$50,000,000,000","No","No","$50,580,598,600"
"912796CS6","Bill","42-Day","08/15/2023","08/17/2023","09/28/2023","99.383417","Yes","$123,474,000,000","$154,993,000,000","No","","08/17/2023","$60,000,000,000","Yes","No","$60,000,419,200"
"912797FK8","Bill","13-Week","08/14/2023","08/17/2023","11/16/2023","98.661542","No","$57,669,000,000","$154,993,000,000","No","","08/17/2023","$69,000,000,000","Yes","No","$76,110,935,900"
"912797GN1","Bill","26-Week","08/14/2023","08/17/2023","02/15/2024","97.325611","No","","$154,993,000,000","No","","08/17/2023","$62,000,000,000","No","No","$68,389,374,200"
"912797GS0","Bill","4-Week","08/10/2023","08/15/2023","09/12/2023","99.589333","No","$97,751,000,000","$160,960,000,000","No","","08/15/2023","$75,000,000,000","Yes","No","$75,946,929,900"
"912797HA8","Bill","8-Week","08/10/2023","08/15/2023","10/10/2023","99.178667","No","$46,630,000,000","$160,960,000,000","No","","08/15/2023","$65,000,000,000","Yes","No","$65,820,738,700"
"912810TT5","Bond","30-Year","08/10/2023","08/15/2023","08/15/2053","98.912672","No","","$84,033,000,000","No","4.125%","08/15/2023","$23,000,000,000","No","No","$31,604,606,400"
"912797HU4","Bill","17-Week","08/09/2023","08/15/2023","12/12/2023","98.244750","No","","$160,960,000,000","No","","08/15/2023","$48,000,000,000","No","No","$48,606,975,600"
"91282CHT1","Note","10-Year","08/09/2023","08/15/2023","08/15/2033","98.986162","No","","$84,033,000,000","No","3.875%","08/15/2023","$38,000,000,000","No","No","$52,216,310,300"
"91282CHU8","Note","3-Year","08/08/2023","08/15/2023","08/15/2026","99.936014","No","","$84,033,000,000","No","4.375%","08/15/2023","$42,000,000,000","No","No","$57,712,800,900"
"912796CR8","Bill","42-Day","08/08/2023","08/10/2023","09/21/2023","99.384583","Yes","$115,806,000,000","$188,975,000,000","No","","08/10/2023","$55,000,000,000","Yes","No","$55,000,647,000"
"912797GK7","Bill","52-Week","08/08/2023","08/10/2023","08/08/2024","94.883778","No","","$188,975,000,000","No","","08/10/2023","$40,000,000,000","No","No","$43,806,079,400"
"912797FJ1","Bill","13-Week","08/07/2023","08/10/2023","11/09/2023","98.662806","No","$103,489,000,000","$188,975,000,000","No","","08/10/2023","$67,000,000,000","Yes","No","$73,375,288,300"
"912797GM3","Bill","26-Week","08/07/2023","08/10/2023","02/08/2024","97.338250","No","","$188,975,000,000","No","","08/10/2023","$60,000,000,000","No","No","$65,708,997,200"
"912797GR2","Bill","4-Week","08/03/2023","08/08/2023","09/05/2023","99.589722","No","$97,553,000,000","$156,000,000,000","No","","08/08/2023","$70,000,000,000","Yes","No","$70,899,634,400"
"912797GV3","Bill","8-Week","08/03/2023","08/08/2023","10/03/2023","99.177889","No","$44,854,000,000","$156,000,000,000","No","","08/08/2023","$60,000,000,000","Yes","No","$60,772,036,300"
"912797HN0","Bill","17-Week","08/02/2023","08/08/2023","12/05/2023","98.248056","No","","$156,000,000,000","No","","08/08/2023","$46,000,000,000","No","No","$46,591,893,200"
"912796CQ0","Bill","42-Day","08/01/2023","08/03/2023","09/14/2023","99.384000","Yes","$120,343,000,000","$154,965,000,000","No","","08/03/2023","$50,000,000,000","Yes","No","$50,001,270,900"
"912796YT0","Bill","13-Week","07/31/2023","08/03/2023","11/02/2023","98.665333","No","$94,325,000,000","$154,965,000,000","No","","08/03/2023","$65,000,000,000","Yes","No","$73,060,795,200"
"912797GE1","Bill","26-Week","07/31/2023","08/03/2023","02/01/2024","97.335722","No","","$154,965,000,000","No","","08/03/2023","$58,000,000,000","No","No","$65,191,191,600"
"912797GJ0","Bill","4-Week","07/27/2023","08/01/2023","08/29/2023","99.589722","No","$97,491,000,000","$140,991,000,000","No","","08/01/2023","$70,000,000,000","Yes","No","$70,891,053,800"
"912797GU5","Bill","8-Week","07/27/2023","08/01/2023","09/26/2023","99.177889","No","$42,994,000,000","$140,991,000,000","No","","08/01/2023","$60,000,000,000","Yes","No","$60,763,915,500"
"91282CHR5","Note","7-Year","07/27/2023","07/31/2023","07/31/2030","99.474987","No","","$184,965,000,000","No","4.000%","07/31/2023","$35,000,000,000","No","No","$35,000,002,700"
"912797HM2","Bill","17-Week","07/26/2023","08/01/2023","11/28/2023","98.248056","No","","$140,991,000,000","No","","08/01/2023","$46,000,000,000","No","No","$46,585,768,400"
"91282CHS3","Note","2-Year","07/26/2023","07/31/2023","07/31/2025","100.000000","No","","$184,965,000,000","Yes","","07/31/2023","$24,000,000,000","No","No","$24,000,083,600"
"91282CHQ7","Note","5-Year","07/25/2023","07/31/2023","07/31/2028","99.798788","No","","$184,965,000,000","No","4.125%","07/31/2023","$43,000,000,000","No","No","$43,000,047,900"
"912796YH6","Bill","42-Day","07/25/2023","07/27/2023","09/07/2023","99.384583","Yes","$156,470,000,000","","No","","07/27/2023","$50,000,000,000","Yes","No","$50,000,965,000"
"91282CHN4","Note","2-Year","07/24/2023","07/31/2023","07/31/2025","99.862395","No","","$184,965,000,000","No","4.750%","07/31/2023","$42,000,000,000","No","No","$42,000,109,600"
"912797FC6","Bill","13-Week","07/24/2023","07/27/2023","10/26/2023","98.667861","No","$98,208,000,000","$149,963,000,000","No","","07/27/2023","$65,000,000,000","Yes","No","$70,005,471,100"
"912796ZY8","Bill","26-Week","07/24/2023","07/27/2023","01/25/2024","97.335722","No","$37,621,000,000","$149,963,000,000","No","","07/27/2023","$58,000,000,000","Yes","No","$62,466,164,700"
"91282CHP9","Note","10-Year","07/20/2023","07/31/2023","07/15/2033","99.021857","No","","$184,965,000,000","No","1.375%","07/31/2023","$17,000,000,000","No","Yes","$17,000,032,200"
"912797GH4","Bill","4-Week","07/20/2023","07/25/2023","08/22/2023","99.591278","No","$97,521,000,000","$140,981,000,000","No","","07/25/2023","$70,000,000,000","Yes","No","$70,778,628,100"
"912797GT8","Bill","8-Week","07/20/2023","07/25/2023","09/19/2023","99.182556","No","$39,977,000,000","$140,981,000,000","No","","07/25/2023","$60,000,000,000","Yes","No","$60,668,062,500"
"912810TS7","Bond","19-Year 10-Month","07/19/2023","07/31/2023","05/15/2043","97.810388","No","$29,804,000,000","$184,965,000,000","No","3.875%","07/31/2023","$12,000,000,000","Yes","No","$12,000,005,400"
"912797HL4","Bill","17-Week","07/19/2023","07/25/2023","11/21/2023","98.257972","No","","$140,981,000,000","No","","07/25/2023","$46,000,000,000","No","No","$46,512,868,700"
"912796Z51","Bill","42-Day","07/18/2023","07/20/2023","08/31/2023","99.388667","Yes","$120,941,000,000","","No","","07/20/2023","$50,000,000,000","Yes","No","$50,001,821,500"
"912797FB8","Bill","13-Week","07/17/2023","07/20/2023","10/19/2023","98.672917","No","$98,505,000,000","$154,979,000,000","No","","07/20/2023","$65,000,000,000","Yes","No","$70,174,561,800"
"912797GD3","Bill","26-Week","07/17/2023","07/20/2023","01/18/2024","97.345833","No","","$154,979,000,000","No","","07/20/2023","$58,000,000,000","No","No","$62,616,891,100"
"912797GG6","Bill","4-Week","07/13/2023","07/18/2023","08/15/2023","99.594778","No","$92,528,000,000","$136,001,000,000","No","","07/18/2023","$70,000,000,000","Yes","No","$70,833,331,200"
"912797GS0","Bill","8-Week","07/13/2023","07/18/2023","09/12/2023","99.186444","No","$37,043,000,000","$136,001,000,000","No","","07/18/2023","$60,000,000,000","Yes","No","$60,714,401,500"
"912810TR9","Bond","29-Year 10-Month","07/13/2023","07/17/2023","05/15/2053","94.999360","No","$44,711,000,000","$84,885,000,000","No","3.625%","07/15/2023","$18,000,000,000","Yes","No","$18,000,002,300"
"912797HK6","Bill","17-Week","07/12/2023","07/18/2023","11/14/2023","98.261278","No","","$136,001,000,000","No","","07/18/2023","$46,000,000,000","No","No","$46,547,449,500"
"91282CHC8","Note","9-Year 10-Month","07/12/2023","07/17/2023","05/15/2033","96.080353","No","$76,525,000,000","$84,885,000,000","No","3.375%","07/15/2023","$32,000,000,000","Yes","No","$32,000,010,200"
"91282CHM6","Note","3-Year","07/11/2023","07/17/2023","07/15/2026","99.905249","No","","$84,885,000,000","No","4.500%","07/15/2023","$40,000,000,000","No","No","$40,000,012,600"
"912796Z44","Bill","42-Day","07/11/2023","07/13/2023","08/24/2023","99.392167","Yes","$115,703,000,000","","No","","07/13/2023","$50,000,000,000","Yes","No","$50,000,748,000"
"912797GB7","Bill","52-Week","07/11/2023","07/13/2023","07/11/2024","94.813000","No","","$189,004,000,000","No","","07/13/2023","$38,000,000,000","No","No","$40,999,957,500"
"912797FA0","Bill","13-Week","07/10/2023","07/13/2023","10/12/2023","98.672917","No","$97,817,000,000","$189,004,000,000","No","","07/13/2023","$65,000,000,000","Yes","No","$70,131,709,000"
"912797GC5","Bill","26-Week","07/10/2023","07/13/2023","01/11/2024","97.335722","No","","$189,004,000,000","No","","07/13/2023","$58,000,000,000","No","No","$62,579,191,000"
"912797GF8","Bill","4-Week","07/06/2023","07/11/2023","08/08/2023","99.599444","No","$87,436,000,000","$130,991,000,000","No","","07/11/2023","$70,000,000,000","Yes","No","$70,828,888,700"
"912797GR2","Bill","8-Week","07/06/2023","07/11/2023","09/05/2023","99.191111","No","$36,839,000,000","$130,991,000,000","No","","07/11/2023","$60,000,000,000","Yes","No","$60,710,857,000"
"912797HJ9","Bill","17-Week","07/05/2023","07/11/2023","11/07/2023","98.264583","No","","$130,991,000,000","No","","07/11/2023","$46,000,000,000","No","No","$46,545,564,300"
"912796Z36","Bill","42-Day","07/03/2023","07/06/2023","08/17/2023","99.396833","Yes","$118,492,000,000","","No","","07/06/2023","$50,000,000,000","Yes","No","$50,000,476,300"
"912796YJ2","Bill","13-Week","07/03/2023","07/06/2023","10/05/2023","98.677972","No","$91,819,000,000","$101,980,000,000","No","","07/06/2023","$65,000,000,000","Yes","No","$70,472,303,100"
"912797FW2","Bill","26-Week","07/03/2023","07/06/2023","01/04/2024","97.340778","No","","$101,980,000,000","No","","07/06/2023","$58,000,000,000","No","No","$62,881,970,300"
"912797GA9","Bill","4-Week","06/29/2023","07/05/2023","08/01/2023","99.618625","No","$72,436,000,000","$115,948,000,000","No","","07/05/2023","$70,000,000,000","Yes","No","$70,786,674,700"
"912797GJ0","Bill","8-Week","06/29/2023","07/05/2023","08/29/2023","99.207083","No","$36,807,000,000","$115,948,000,000","No","","07/05/2023","$60,000,000,000","Yes","No","$60,674,270,700"
"912797HD2","Bill","17-Week","06/28/2023","07/05/2023","10/31/2023","98.287361","No","","$115,948,000,000","No","","07/05/2023","$46,000,000,000","No","No","$46,517,616,100"
"91282CGY1","Note","1-Year 10-Month","06/28/2023","06/30/2023","04/30/2025","100.057371","No","$48,301,000,000","$105,577,000,000","Yes","","06/30/2023","$22,000,000,000","Yes","No","$22,000,084,700"
"91282CHJ3","Note","7-Year","06/28/2023","06/30/2023","06/30/2030","99.458207","No","","$105,577,000,000","No","3.750%","06/30/2023","$35,000,000,000","No","No","$35,000,007,900"
"91282CHK0","Note","5-Year","06/27/2023","06/30/2023","06/30/2028","99.914708","No","","$105,577,000,000","No","4.000%","06/30/2023","$43,000,000,000","No","No","$43,000,072,100"
"912796XY0","Bill","42-Day","06/27/2023","06/29/2023","08/10/2023","99.404417","Yes","$154,865,000,000","","No","","06/29/2023","$50,000,000,000","Yes","No","$50,000,048,000"
"91282CHL8","Note","2-Year","06/26/2023","06/30/2023","06/30/2025","99.915018","No","","$105,577,000,000","No","4.625%","06/30/2023","$42,000,000,000","No","No","$42,000,044,500"
"912796CS6","Bill","13-Week","06/26/2023","06/29/2023","09/28/2023","98.690611","No","$53,312,000,000","$102,004,000,000","No","","06/29/2023","$65,000,000,000","Yes","No","$70,173,092,600"
"912796ZN2","Bill","26-Week","06/26/2023","06/29/2023","12/28/2023","97.363528","No","$38,497,000,000","$102,004,000,000","No","","06/29/2023","$58,000,000,000","Yes","No","$62,615,496,400"
"91282CGW5","Note","4-Year 10-Month","06/22/2023","06/30/2023","04/15/2028","98.430918","No","$20,980,000,000","$105,577,000,000","No","1.250%","06/30/2023","$19,000,000,000","Yes","Yes","$19,000,123,900"
"912797FZ5","Bill","4-Week","06/22/2023","06/27/2023","07/25/2023","99.610333","No","$72,529,000,000","$115,965,000,000","No","","06/27/2023","$70,000,000,000","Yes","No","$70,793,272,500"
"912797GH4","Bill","8-Week","06/22/2023","06/27/2023","08/22/2023","99.200444","No","$36,848,000,000","$115,965,000,000","No","","06/27/2023","$60,000,000,000","Yes","No","$60,679,553,700"
"912810TS7","Bond","19-Year 11-Month","06/21/2023","06/30/2023","05/15/2043","98.155462","No","$17,806,000,000","$105,577,000,000","No","3.875%","06/30/2023","$12,000,000,000","Yes","No","$12,000,004,400"
"912797HC4","Bill","17-Week","06/21/2023","06/27/2023","10/24/2023","98.274500","No","","$115,965,000,000","No","","06/27/2023","$46,000,000,000","No","No","$46,520,999,700"
"912796Y37","Bill","42-Day","06/20/2023","06/22/2023","08/03/2023","99.408500","Yes","$120,215,000,000","","No","","06/22/2023","$50,000,000,000","Yes","No","$50,000,020,000"
"912796CR8","Bill","13-Week","06/20/2023","06/22/2023","09/21/2023","98.703250","No","$49,431,000,000","$101,991,000,000","No","","06/22/2023","$65,000,000,000","Yes","No","$66,371,035,600"
"912797FV4","Bill","26-Week","06/20/2023","06/22/2023","12/21/2023","97.386278","No","","$101,991,000,000","No","","06/22/2023","$58,000,000,000","No","No","$59,223,284,700"
"912797FY8","Bill","4-Week","06/15/2023","06/20/2023","07/18/2023","99.610333","No","$72,668,000,000","$115,962,000,000","No","","06/20/2023","$65,000,000,000","Yes","No","$65,836,316,500"
"912797GG6","Bill","8-Week","06/15/2023","06/20/2023","08/15/2023","99.209778","No","$36,824,000,000","$115,962,000,000","No","","06/20/2023","$55,000,000,000","Yes","No","$55,707,731,700"
"912797HB6","Bill","17-Week","06/14/2023","06/20/2023","10/17/2023","98.297639","No","","$115,962,000,000","No","","06/20/2023","$46,000,000,000","No","No","$46,591,960,000"
"912796Y29","Bill","42-Day","06/13/2023","06/15/2023","07/27/2023","99.414333","Yes","$116,307,000,000","","No","","06/15/2023","$45,000,000,000","Yes","No","$45,000,101,400"
"912797FS1","Bill","52-Week","06/13/2023","06/15/2023","06/13/2024","95.015222","No","","$171,011,000,000","No","","06/15/2023","$38,000,000,000","No","No","$40,258,074,700"
"912810TR9","Bond","29-Year 11-Month","06/13/2023","06/15/2023","05/15/2053","95.028556","No","$26,711,000,000","$32,446,000,000","No","3.625%","06/15/2023","$18,000,000,000","Yes","No","$18,000,018,100"
"912796CQ0","Bill","13-Week","06/12/2023","06/15/2023","09/14/2023","98.698194","No","$51,477,000,000","$171,011,000,000","No","","06/15/2023","$65,000,000,000","Yes","No","$68,863,157,400"
"912797FU6","Bill","26-Week","06/12/2023","06/15/2023","12/14/2023","97.393861","No","","$171,011,000,000","No","","06/15/2023","$58,000,000,000","No","No","$61,446,486,000"
"91282CHH7","Note","3-Year","06/12/2023","06/15/2023","06/15/2026","99.785078","No","","$32,446,000,000","No","4.125%","06/15/2023","$40,000,000,000","No","No","$40,000,073,800"
"91282CHC8","Note","9-Year 11-Month","06/12/2023","06/15/2023","05/15/2033","96.583639","No","$44,525,000,000","$32,446,000,000","No","3.375%","06/15/2023","$32,000,000,000","Yes","No","$32,000,009,600"
"912797FX0","Bill","4-Week","06/08/2023","06/13/2023","07/11/2023","99.604111","No","$72,660,000,000","$120,977,000,000","No","","06/13/2023","$60,000,000,000","Yes","No","$60,814,784,600"
"912797GF8","Bill","8-Week","06/08/2023","06/13/2023","08/08/2023","99.203556","No","$36,743,000,000","$120,977,000,000","No","","06/13/2023","$50,000,000,000","Yes","No","$50,678,966,800"
"912797HA8","Bill","17-Week","06/07/2023","06/13/2023","10/10/2023","98.281111","No","","$120,977,000,000","No","","06/13/2023","$46,000,000,000","No","No","$46,624,904,300"
"912796YH6","Bill","13-Week","06/05/2023","06/08/2023","09/07/2023","98.680500","No","$88,155,000,000","$101,998,000,000","No","","06/08/2023","$65,000,000,000","Yes","No","$68,317,673,900"
"912797FT9","Bill","26-Week","06/05/2023","06/08/2023","12/07/2023","97.345833","No","","$101,998,000,000","No","","06/08/2023","$58,000,000,000","No","No","$60,961,058,200"
"912796ZZ5","Bill","44-Day","06/05/2023","06/06/2023","07/20/2023","99.370556","Yes","$116,705,000,000","$150,979,000,000","No","","06/06/2023","$50,000,000,000","Yes","No","$50,000,667,000"
"912797FM4","Bill","1-Day","06/02/2023","06/05/2023","06/06/2023","99.985944","Yes","$138,758,000,000","","No","","06/05/2023","$15,000,000,000","Yes","No","$15,000,215,000"
"912796XQ7","Bill","38-Day","06/02/2023","06/05/2023","07/13/2023","99.445833","Yes","$154,226,000,000","","No","","06/05/2023","$50,000,000,000","Yes","No","$50,001,240,000"
"912797FR3","Bill","4-Week","06/01/2023","06/06/2023","07/05/2023","99.586750","No","$82,674,000,000","$135,979,000,000","No","","06/06/2023","$35,000,000,000","Yes","No","$35,680,543,600"
"912797GA9","Bill","8-Week","06/01/2023","06/06/2023","08/01/2023","99.188000","No","$36,759,000,000","$135,979,000,000","No","","06/06/2023","$35,000,000,000","Yes","No","$35,680,782,400"
"912797MF1","Bill","3-Day","06/01/2023","06/02/2023","06/05/2023","99.948750","Yes","","","No","","06/02/2023","$25,000,000,000","No","No","$25,000,060,000"
"912797GV3","Bill","17-Week","05/31/2023","06/06/2023","10/03/2023","98.239792","No","","$135,979,000,000","No","","06/06/2023","$44,000,000,000","No","No","$44,855,602,500"
"912796Z51","Bill","13-Week","05/30/2023","06/01/2023","08/31/2023","98.660278","No","$52,947,000,000","$105,011,000,000","No","","06/01/2023","$63,000,000,000","Yes","No","$68,034,141,100"
"912797FJ1","Bill","161-Day","05/30/2023","06/01/2023","11/09/2023","97.611833","Yes","$53,489,000,000","","No","","06/01/2023","$50,000,000,000","Yes","No","$50,000,029,000"
"912796ZD4","Bill","26-Week","05/30/2023","06/01/2023","11/30/2023","97.325611","No","$38,322,000,000","$105,011,000,000","No","","06/01/2023","$56,000,000,000","Yes","No","$60,474,642,500"
"91282CHF1","Note","7-Year","05/25/2023","05/31/2023","05/31/2030","99.531059","No","","$89,750,000,000","No","3.750%","05/31/2023","$35,000,000,000","No","No","$41,573,013,500"
"912797FQ5","Bill","4-Week","05/25/2023","05/30/2023","06/27/2023","99.552778","No","$82,640,000,000","$135,976,000,000","No","","05/30/2023","$35,000,000,000","Yes","No","$35,834,770,800"
"912797FZ5","Bill","8-Week","05/25/2023","05/30/2023","07/25/2023","99.167778","No","$36,702,000,000","$135,976,000,000","No","","05/30/2023","$35,000,000,000","Yes","No","$35,835,212,200"
"91282CHE4","Note","5-Year","05/24/2023","05/31/2023","05/31/2028","99.439405","No","","$89,750,000,000","No","3.625%","05/31/2023","$43,000,000,000","No","No","$51,075,301,400"
"912797GU5","Bill","17-Week","05/24/2023","05/30/2023","09/26/2023","98.261278","No","","$135,976,000,000","No","","05/30/2023","$42,000,000,000","No","No","$43,001,880,400"
"91282CGY1","Note","1-Year 11-Month","05/24/2023","05/26/2023","04/30/2025","99.994300","No","$26,312,000,000","$0","Yes","","05/26/2023","$22,000,000,000","Yes","No","$22,000,063,100"
"91282CHD6","Note","2-Year","05/23/2023","05/31/2023","05/31/2025","99.905152","No","","$89,750,000,000","No","4.250%","05/31/2023","$42,000,000,000","No","No","$49,887,600,600"
"912796X53","Bill","21-Day","05/23/2023","05/25/2023","06/15/2023","99.638333","Yes","$148,005,000,000","","No","","05/25/2023","$35,000,000,000","Yes","No","$35,000,093,000"
"912796Z44","Bill","13-Week","05/22/2023","05/25/2023","08/24/2023","98.672917","No","$52,879,000,000","$144,992,000,000","No","","05/25/2023","$57,000,000,000","Yes","No","$62,835,029,600"
"912797FL6","Bill","26-Week","05/22/2023","05/25/2023","11/24/2023","97.371917","No","","$144,992,000,000","No","","05/25/2023","$54,000,000,000","No","No","$59,528,059,300"
"91282CGK1","Note","9-Year 8-Month","05/18/2023","05/31/2023","01/15/2033","98.862426","No","$31,989,000,000","$89,750,000,000","No","1.125%","05/31/2023","$15,000,000,000","Yes","Yes","$17,816,978,800"
"912797FP7","Bill","4-Week","05/18/2023","05/23/2023","06/20/2023","99.582333","No","$82,774,000,000","$135,984,000,000","No","","05/23/2023","$35,000,000,000","Yes","No","$35,889,865,600"
"912797FY8","Bill","8-Week","05/18/2023","05/23/2023","07/18/2023","99.219111","No","$36,787,000,000","$135,984,000,000","No","","05/23/2023","$35,000,000,000","Yes","No","$35,889,939,200"
"912797FC6","Bill","156-Day","05/18/2023","05/23/2023","10/26/2023","97.733667","Yes","$53,208,000,000","","No","","05/23/2023","$45,000,000,000","Yes","No","$45,000,038,000"
"912810TS7","Bond","20-Year","05/17/2023","05/31/2023","05/15/2043","98.913642","No","","$89,750,000,000","No","3.875%","05/31/2023","$15,000,000,000","No","No","$17,816,959,200"
"912797GT8","Bill","17-Week","05/17/2023","05/23/2023","09/19/2023","98.314167","No","","$135,984,000,000","No","","05/23/2023","$39,000,000,000","No","No","$39,991,555,800"
"912797FB8","Bill","154-Day","05/16/2023","05/18/2023","10/19/2023","97.829028","Yes","$53,505,000,000","","No","","05/18/2023","$45,000,000,000","Yes","No","$45,000,064,000"
"912797FH5","Bill","52-Week","05/16/2023","05/18/2023","05/16/2024","95.303389","No","","$183,983,000,000","No","","05/18/2023","$36,000,000,000","No","No","$40,712,708,600"
"912796Z36","Bill","13-Week","05/15/2023","05/18/2023","08/17/2023","98.720944","No","$54,033,000,000","$183,983,000,000","No","","05/18/2023","$57,000,000,000","Yes","No","$64,462,088,300"
"912797FK8","Bill","26-Week","05/15/2023","05/18/2023","11/16/2023","97.482333","No","","$183,983,000,000","No","","05/18/2023","$51,000,000,000","No","No","$57,676,333,600"
"912797FN2","Bill","4-Week","05/11/2023","05/16/2023","06/13/2023","99.564056","No","$87,619,000,000","$145,996,000,000","No","","05/16/2023","$35,000,000,000","Yes","No","$36,024,160,600"
"912797FX0","Bill","8-Week","05/11/2023","05/16/2023","07/11/2023","99.272000","No","$36,654,000,000","$145,996,000,000","No","","05/16/2023","$35,000,000,000","Yes","No","$36,024,138,000"
"912797FA0","Bill","149-Day","05/11/2023","05/16/2023","10/12/2023","97.914000","Yes","$52,817,000,000","","No","","05/16/2023","$45,000,000,000","Yes","No","$45,000,020,000"
"912810TR9","Bond","30-Year","05/11/2023","05/15/2023","05/15/2053","97.919140","No","","$75,170,000,000","No","3.625%","05/15/2023","$21,000,000,000","No","No","$26,721,295,900"
"912797GS0","Bill","17-Week","05/10/2023","05/16/2023","09/12/2023","98.347222","No","","$145,996,000,000","No","","05/16/2023","$36,000,000,000","No","No","$37,053,292,800"
"91282CHC8","Note","10-Year","05/10/2023","05/15/2023","05/15/2033","99.386966","No","","$75,170,000,000","No","3.375%","05/15/2023","$35,000,000,000","No","No","$44,535,597,500"
"91282CHB0","Note","3-Year","05/09/2023","05/15/2023","05/15/2026","99.802937","No","","$75,170,000,000","No","3.625%","05/15/2023","$40,000,000,000","No","No","$50,897,713,300"
"912796XY0","Bill","13-Week","05/08/2023","05/11/2023","08/10/2023","98.700722","No","$91,360,000,000","$104,993,000,000","No","","05/11/2023","$57,000,000,000","Yes","No","$63,528,041,400"
"912797FJ1","Bill","26-Week","05/08/2023","05/11/2023","11/09/2023","97.527833","No","","$104,993,000,000","No","","05/11/2023","$48,000,000,000","No","No","$53,497,249,100"
"912797FM4","Bill","4-Week","05/04/2023","05/09/2023","06/06/2023","99.545778","No","$87,589,000,000","$147,975,000,000","No","","05/09/2023","$50,000,000,000","Yes","No","$51,181,050,900"
"912797FR3","Bill","8-Week","05/04/2023","05/09/2023","07/05/2023","99.145000","No","$36,620,000,000","$147,975,000,000","No","","05/09/2023","$45,000,000,000","Yes","No","$46,063,015,400"
"912797GR2","Bill","17-Week","05/03/2023","05/09/2023","09/05/2023","98.353833","No","","$147,975,000,000","No","","05/09/2023","$36,000,000,000","No","No","$36,850,348,300"
"912796ZF9","Bill","21-Day","05/02/2023","05/04/2023","05/25/2023","99.738083","Yes","$116,355,000,000","","No","","05/04/2023","$40,000,000,000","Yes","No","$40,000,029,500"
"912796Y37","Bill","13-Week","05/01/2023","05/04/2023","08/03/2023","98.705778","No","$54,830,000,000","$105,006,000,000","No","","05/04/2023","$57,000,000,000","Yes","No","$65,414,661,400"
"912796YT0","Bill","26-Week","05/01/2023","05/04/2023","11/02/2023","97.522778","No","$39,253,000,000","$105,006,000,000","No","","05/04/2023","$48,000,000,000","Yes","No","$55,085,873,800"
"912797FG7","Bill","4-Week","04/27/2023","05/02/2023","05/30/2023","99.702111","No","$87,513,000,000","$152,986,000,000","No","","05/02/2023","$50,000,000,000","Yes","No","$51,153,755,700"
"912797FQ5","Bill","8-Week","04/27/2023","05/02/2023","06/27/2023","99.231556","No","$36,620,000,000","$152,986,000,000","No","","05/02/2023","$45,000,000,000","Yes","No","$46,038,507,900"
"912796W47","Bill","17-Day","04/27/2023","05/01/2023","05/18/2023","99.794583","Yes","$157,834,000,000","","No","","05/01/2023","$45,000,000,000","Yes","No","$45,000,021,000"
"91282CGZ8","Note","7-Year","04/27/2023","05/01/2023","04/30/2030","99.612688","No","","$172,946,000,000","No","3.500%","04/30/2023","$35,000,000,000","No","No","$38,415,712,700"
"912797GJ0","Bill","17-Week","04/26/2023","05/02/2023","08/29/2023","98.355486","No","","$152,986,000,000","No","","05/02/2023","$36,000,000,000","No","No","$36,830,731,000"
"91282CGY1","Note","2-Year","04/26/2023","05/01/2023","04/30/2025","99.999806","No","","$172,946,000,000","Yes","","04/30/2023","$24,000,000,000","No","No","$26,342,256,900"
"91282CHA2","Note","5-Year","04/26/2023","05/01/2023","04/30/2028","99.999837","No","","$172,946,000,000","No","3.500%","04/30/2023","$43,000,000,000","No","No","$47,196,460,700"
"91282CGX3","Note","2-Year","04/25/2023","05/01/2023","04/30/2025","99.820997","No","","$172,946,000,000","No","3.875%","04/30/2023","$42,000,000,000","No","No","$46,098,902,200"
"912796Y29","Bill","13-Week","04/24/2023","04/27/2023","07/27/2023","98.719681","No","$53,123,000,000","$104,988,000,000","No","","04/27/2023","$57,000,000,000","Yes","No","$63,209,278,500"
"912797FC6","Bill","26-Week","04/24/2023","04/27/2023","10/26/2023","97.553111","No","","$104,988,000,000","No","","04/27/2023","$48,000,000,000","No","No","$53,228,819,900"
"91282CGW5","Note","5-Year","04/20/2023","04/28/2023","04/15/2028","99.904611","No","","$0","No","1.250%","04/28/2023","$21,000,000,000","No","Yes","$21,000,049,400"
"912797FF9","Bill","4-Week","04/20/2023","04/25/2023","05/23/2023","99.751889","No","$87,566,000,000","$152,984,000,000","No","","04/25/2023","$50,000,000,000","Yes","No","$51,196,020,600"
"912797FP7","Bill","8-Week","04/20/2023","04/25/2023","06/20/2023","99.245556","No","$36,709,000,000","$152,984,000,000","No","","04/25/2023","$45,000,000,000","Yes","No","$46,076,479,900"
"912810TQ1","Bond","19-Year 10-Month","04/19/2023","05/01/2023","02/15/2043","99.375292","No","$30,399,000,000","$172,946,000,000","No","3.875%","04/30/2023","$12,000,000,000","Yes","No","$13,171,112,900"
"912797GH4","Bill","17-Week","04/19/2023","04/25/2023","08/22/2023","98.327389","No","","$152,984,000,000","No","","04/25/2023","$36,000,000,000","No","No","$36,861,237,300"
"912796CX5","Bill","52-Week","04/18/2023","04/20/2023","04/18/2024","95.419667","No","","$138,999,000,000","No","","04/20/2023","$34,000,000,000","No","No","$37,910,019,700"
"912796ZZ5","Bill","13-Week","04/17/2023","04/20/2023","07/20/2023","98.715889","No","$53,163,000,000","$138,999,000,000","No","","04/20/2023","$57,000,000,000","Yes","No","$63,555,402,200"
"912797FB8","Bill","26-Week","04/17/2023","04/20/2023","10/19/2023","97.537944","No","","$138,999,000,000","No","","04/20/2023","$48,000,000,000","No","No","$53,520,068,700"
"912797FE2","Bill","4-Week","04/13/2023","04/18/2023","05/16/2023","99.686556","No","$87,720,000,000","$152,967,000,000","No","","04/18/2023","$60,000,000,000","Yes","No","$61,390,672,400"
"912797FN2","Bill","8-Week","04/13/2023","04/18/2023","06/13/2023","99.254889","No","$36,476,000,000","$152,967,000,000","No","","04/18/2023","$50,000,000,000","Yes","No","$51,156,684,400"
"912810TN8","Bond","29-Year 10-Month","04/13/2023","04/17/2023","02/15/2053","99.342510","No","$47,206,000,000","$74,709,000,000","No","3.625%","04/15/2023","$18,000,000,000","Yes","No","$19,150,871,600"
"912797GG6","Bill","17-Week","04/12/2023","04/18/2023","08/15/2023","98.353833","No","","$152,967,000,000","No","","04/18/2023","$36,000,000,000","No","No","$36,833,108,500"
"91282CGM7","Note","9-Year 10-Month","04/12/2023","04/17/2023","02/15/2033","100.365768","No","$80,667,000,000","$74,709,000,000","No","3.500%","04/15/2023","$32,000,000,000","Yes","No","$34,046,008,600"
"91282CGV7","Note","3-Year","04/11/2023","04/17/2023","04/15/2026","99.831325","No","","$74,709,000,000","No","3.750%","04/15/2023","$40,000,000,000","No","No","$42,557,489,100"
"912796XQ7","Bill","13-Week","04/10/2023","04/13/2023","07/13/2023","98.741167","No","$91,497,000,000","$101,998,000,000","No","","04/13/2023","$57,000,000,000","Yes","No","$62,737,063,000"
"912797FA0","Bill","26-Week","04/10/2023","04/13/2023","10/12/2023","97.575861","No","","$101,998,000,000","No","","04/13/2023","$48,000,000,000","No","No","$52,831,248,900"
"912797FD4","Bill","4-Week","04/06/2023","04/11/2023","05/09/2023","99.654667","No","$89,843,000,000","$157,988,000,000","No","","04/11/2023","$60,000,000,000","Yes","No","$61,257,521,600"
"912797FM4","Bill","8-Week","04/06/2023","04/11/2023","06/06/2023","99.276667","No","$36,547,000,000","$157,988,000,000","No","","04/11/2023","$50,000,000,000","Yes","No","$51,047,971,500"
"912797GF8","Bill","17-Week","04/05/2023","04/11/2023","08/08/2023","98.429861","No","","$157,988,000,000","No","","04/11/2023","$36,000,000,000","No","No","$36,754,769,800"
"912796ZS1","Bill","13-Week","04/03/2023","04/06/2023","07/06/2023","98.791722","No","$50,773,000,000","$125,996,000,000","No","","04/06/2023","$57,000,000,000","Yes","No","$63,624,401,900"
"912796YJ2","Bill","26-Week","04/03/2023","04/06/2023","10/05/2023","97.621361","No","$38,253,000,000","$125,996,000,000","No","","04/06/2023","$48,000,000,000","Yes","No","$53,578,383,400"
"912796CW7","Bill","4-Week","03/30/2023","04/04/2023","05/02/2023","99.642222","No","$94,739,000,000","$167,984,000,000","No","","04/04/2023","$60,000,000,000","Yes","No","$61,288,399,800"
"912797FG7","Bill","8-Week","03/30/2023","04/04/2023","05/30/2023","99.284444","No","$36,441,000,000","$167,984,000,000","No","","04/04/2023","$50,000,000,000","Yes","No","$51,073,561,700"
"912797GA9","Bill","17-Week","03/29/2023","04/04/2023","08/01/2023","98.419944","No","","$167,984,000,000","No","","04/04/2023","$36,000,000,000","No","No","$36,773,062,900"
"91282CGF2","Note","1-Year 10-Month","03/29/2023","03/31/2023","01/31/2025","100.014423","No","$45,989,000,000","$97,770,000,000","Yes","","03/31/2023","$22,000,000,000","Yes","No","$22,000,134,800"
"91282CGS4","Note","7-Year","03/29/2023","03/31/2023","03/31/2030","99.993866","No","","$97,770,000,000","No","3.625%","03/31/2023","$35,000,000,000","No","No","$35,000,010,400"
"912797LM7","Bill","17-Day","03/28/2023","03/31/2023","04/17/2023","99.778056","Yes","","","No","","03/31/2023","$45,000,000,000","No","No","$45,000,180,000"
"91282CGT2","Note","5-Year","03/28/2023","03/31/2023","03/31/2028","99.818764","No","","$97,770,000,000","No","3.625%","03/31/2023","$43,000,000,000","No","No","$43,000,054,200"
"912796YN3","Bill","7-Day","03/28/2023","03/30/2023","04/06/2023","99.921250","Yes","$108,198,000,000","","No","","03/30/2023","$30,000,000,000","Yes","No","$30,000,088,000"
"91282CGU9","Note","2-Year","03/27/2023","03/31/2023","03/31/2025","99.849511","No","","$97,770,000,000","No","3.875%","03/31/2023","$42,000,000,000","No","No","$42,000,018,600"
"912796ZR3","Bill","13-Week","03/27/2023","03/30/2023","06/29/2023","98.818264","No","$50,954,000,000","$95,997,000,000","No","","03/30/2023","$57,000,000,000","Yes","No","$63,314,645,300"
"912796CS6","Bill","26-Week","03/27/2023","03/30/2023","09/28/2023","97.649167","No","","$95,997,000,000","No","","03/30/2023","$48,000,000,000","No","No","$53,317,601,000"
"91282CGK1","Note","9-Year 10-Month","03/23/2023","03/31/2023","01/15/2033","99.880392","No","$16,990,000,000","$97,770,000,000","No","1.125%","03/31/2023","$15,000,000,000","Yes","Yes","$15,000,005,800"
"912796CV9","Bill","4-Week","03/23/2023","03/28/2023","04/25/2023","99.677222","No","$94,935,000,000","$167,992,000,000","No","","03/28/2023","$60,000,000,000","Yes","No","$61,195,616,800"
"912797FF9","Bill","8-Week","03/23/2023","03/28/2023","05/23/2023","99.315556","No","$36,577,000,000","$167,992,000,000","No","","03/28/2023","$50,000,000,000","Yes","No","$50,996,362,400"
"912797FZ5","Bill","17-Week","03/22/2023","03/28/2023","07/25/2023","98.411681","No","","$167,992,000,000","No","","03/28/2023","$36,000,000,000","No","No","$36,717,382,600"
"912810TQ1","Bond","19-Year 11-Month","03/21/2023","03/31/2023","02/15/2043","99.526236","No","$18,408,000,000","$97,770,000,000","No","3.875%","03/31/2023","$12,000,000,000","Yes","No","$12,000,001,600"
"912797LL9","Bill","52-Week","03/21/2023","03/23/2023","03/21/2024","95.561222","No","","$129,992,000,000","No","","03/23/2023","$34,000,000,000","No","No","$35,026,365,100"
"912796ZQ5","Bill","13-Week","03/20/2023","03/23/2023","06/22/2023","98.818264","No","$46,529,000,000","$129,992,000,000","No","","03/23/2023","$57,000,000,000","Yes","No","$58,720,480,500"
"912796CR8","Bill","26-Week","03/20/2023","03/23/2023","09/21/2023","97.664333","No","","$129,992,000,000","No","","03/23/2023","$48,000,000,000","No","No","$49,449,057,200"
"912796CU1","Bill","4-Week","03/17/2023","03/21/2023","04/18/2023","99.671778","No","$95,071,000,000","$167,987,000,000","No","","03/21/2023","$60,000,000,000","Yes","No","$61,304,077,400"
"912797FE2","Bill","8-Week","03/17/2023","03/21/2023","05/16/2023","99.307778","No","$36,626,000,000","$167,987,000,000","No","","03/21/2023","$50,000,000,000","Yes","No","$51,086,792,100"
"912797FY8","Bill","17-Week","03/15/2023","03/21/2023","07/18/2023","98.429861","No","","$167,987,000,000","No","","03/21/2023","$36,000,000,000","No","No","$36,782,584,600"
"912796X53","Bill","13-Week","03/13/2023","03/16/2023","06/15/2023","98.799306","No","$86,846,000,000","$111,010,000,000","No","","03/16/2023","$57,000,000,000","Yes","No","$61,146,933,400"
"912796CQ0","Bill","26-Week","03/13/2023","03/16/2023","09/14/2023","97.623889","No","","$111,010,000,000","No","","03/16/2023","$48,000,000,000","No","No","$51,492,070,400"
"912810TN8","Bond","29-Year 11-Month","03/09/2023","03/15/2023","02/15/2053","95.555716","No","$29,207,000,000","$30,927,000,000","No","3.625%","03/15/2023","$18,000,000,000","Yes","No","$18,000,000,000"
"912796CT4","Bill","4-Week","03/09/2023","03/14/2023","04/11/2023","99.639111","No","$94,874,000,000","$162,982,000,000","No","","03/14/2023","$65,000,000,000","Yes","No","$66,185,994,300"
"912797FD4","Bill","8-Week","03/09/2023","03/14/2023","05/09/2023","99.250222","No","$33,840,000,000","$162,982,000,000","No","","03/14/2023","$55,000,000,000","Yes","No","$56,003,831,500"
"91282CGM7","Note","9-Year 11-Month","03/08/2023","03/15/2023","02/15/2033","96.052286","No","$48,667,000,000","$30,927,000,000","No","3.500%","03/15/2023","$32,000,000,000","Yes","No","$32,000,042,400"
"912797FX0","Bill","17-Week","03/08/2023","03/14/2023","07/11/2023","98.332347","No","","$162,982,000,000","No","","03/14/2023","$36,000,000,000","No","No","$36,657,190,100"
"91282CGR6","Note","3-Year","03/07/2023","03/15/2023","03/15/2026","99.972290","No","","$30,927,000,000","No","4.625%","03/15/2023","$40,000,000,000","No","No","$40,000,003,600"
"912796ZP7","Bill","13-Week","03/06/2023","03/09/2023","06/08/2023","98.795514","No","$48,827,000,000","$156,003,000,000","No","","03/09/2023","$57,000,000,000","Yes","No","$61,042,303,800"
"912796YH6","Bill","26-Week","03/06/2023","03/09/2023","09/07/2023","97.487389","No","$36,756,000,000","$156,003,000,000","No","","03/09/2023","$48,000,000,000","Yes","No","$51,404,002,800"
"912796Z93","Bill","4-Week","03/02/2023","03/07/2023","04/04/2023","99.643000","No","$94,819,000,000","$152,966,000,000","No","","03/07/2023","$75,000,000,000","Yes","No","$76,303,119,000"
"912796CW7","Bill","8-Week","03/02/2023","03/07/2023","05/02/2023","99.275889","No","$33,694,000,000","$152,966,000,000","No","","03/07/2023","$60,000,000,000","Yes","No","$61,042,546,500"
"912797FR3","Bill","17-Week","03/01/2023","03/07/2023","07/05/2023","98.371667","No","","$152,966,000,000","No","","03/07/2023","$36,000,000,000","No","No","$36,625,584,800"
"912796ZG7","Bill","13-Week","02/27/2023","03/02/2023","06/01/2023","98.799306","No","$50,737,000,000","$95,995,000,000","No","","03/02/2023","$60,000,000,000","Yes","No","$66,194,689,400"
"912796Z51","Bill","26-Week","02/27/2023","03/02/2023","08/31/2023","97.502556","No","","$95,995,000,000","No","","03/02/2023","$48,000,000,000","No","No","$52,956,062,400"
"912796YL7","Bill","16-Day","02/23/2023","02/28/2023","03/16/2023","99.801778","Yes","$104,222,000,000","","No","","02/28/2023","$15,000,000,000","Yes","No","$15,000,017,000"
"912796Z85","Bill","4-Week","02/23/2023","02/28/2023","03/28/2023","99.648833","No","$94,824,000,000","$177,998,000,000","No","","02/28/2023","$75,000,000,000","Yes","No","$76,304,087,000"
"912796CV9","Bill","8-Week","02/23/2023","02/28/2023","04/25/2023","99.275111","No","$33,893,000,000","$177,998,000,000","No","","02/28/2023","$60,000,000,000","Yes","No","$61,043,604,600"
"91282CGQ8","Note","7-Year","02/23/2023","02/28/2023","02/28/2030","99.625524","No","","$93,232,000,000","No","4.000%","02/28/2023","$35,000,000,000","No","No","$42,952,149,500"
"912797FQ5","Bill","17-Week","02/22/2023","02/28/2023","06/27/2023","98.403417","No","","$177,998,000,000","No","","02/28/2023","$36,000,000,000","No","No","$36,625,910,400"
"91282CGP0","Note","5-Year","02/22/2023","02/28/2023","02/29/2028","99.511842","No","","$93,232,000,000","No","4.000%","02/28/2023","$43,000,000,000","No","No","$52,769,839,400"
"91282CGF2","Note","1-Year 11-Month","02/22/2023","02/24/2023","01/31/2025","100.071615","No","$23,989,000,000","$0","Yes","","02/24/2023","$22,000,000,000","Yes","No","$22,000,160,900"
"91282CGN5","Note","2-Year","02/21/2023","02/28/2023","02/28/2025","99.909356","No","","$93,232,000,000","No","4.625%","02/28/2023","$42,000,000,000","No","No","$51,542,599,200"
"912796ZF9","Bill","13-Week","02/21/2023","02/23/2023","05/25/2023","98.806889","No","$50,225,000,000","$189,998,000,000","No","","02/23/2023","$60,000,000,000","Yes","No","$66,130,221,500"
"912796Z44","Bill","26-Week","02/21/2023","02/23/2023","08/24/2023","97.515194","No","","$189,998,000,000","No","","02/23/2023","$48,000,000,000","No","No","$52,903,864,700"
"912796Z28","Bill","52-Week","02/21/2023","02/23/2023","02/22/2024","95.151722","No","","$189,998,000,000","No","","02/23/2023","$34,000,000,000","No","No","$37,473,707,700"
"912810TP3","Bond","30-Year","02/16/2023","02/28/2023","02/15/2053","98.663518","No","","$93,232,000,000","No","1.500%","02/28/2023","$9,000,000,000","No","Yes","$11,044,841,300"
"912796Z77","Bill","4-Week","02/16/2023","02/21/2023","03/21/2023","99.649222","No","$94,921,000,000","$147,983,000,000","No","","02/21/2023","$75,000,000,000","Yes","No","$76,482,116,800"
"912796CU1","Bill","8-Week","02/16/2023","02/21/2023","04/18/2023","99.276667","No","$33,886,000,000","$147,983,000,000","No","","02/21/2023","$60,000,000,000","Yes","No","$61,185,921,600"
"912810TQ1","Bond","20-Year","02/15/2023","02/28/2023","02/15/2043","98.601167","No","","$93,232,000,000","No","3.875%","02/28/2023","$15,000,000,000","No","No","$18,408,094,800"
"912797FP7","Bill","17-Week","02/15/2023","02/21/2023","06/20/2023","98.413333","No","","$147,983,000,000","No","","02/21/2023","$36,000,000,000","No","No","$36,711,416,600"
"912796Y78","Bill","12-Day","02/14/2023","02/16/2023","02/28/2023","99.848667","Yes","$155,970,000,000","","No","","02/16/2023","$25,000,000,000","Yes","No","$25,000,578,000"
"912796W47","Bill","13-Week","02/13/2023","02/16/2023","05/18/2023","98.817000","No","$90,287,000,000","$98,994,000,000","No","","02/16/2023","$60,000,000,000","Yes","No","$67,546,831,900"
"912796Z36","Bill","26-Week","02/13/2023","02/16/2023","08/17/2023","97.553111","No","","$98,994,000,000","No","","02/16/2023","$48,000,000,000","No","No","$54,037,580,800"
"912810TN8","Bond","30-Year","02/09/2023","02/15/2023","02/15/2053","98.898317","No","","$67,118,000,000","No","3.625%","02/15/2023","$21,000,000,000","No","No","$29,206,565,300"
"912796Z69","Bill","4-Week","02/09/2023","02/14/2023","03/14/2023","99.648444","No","$90,065,000,000","$137,980,000,000","No","","02/14/2023","$75,000,000,000","Yes","No","$75,989,239,000"
"912796CT4","Bill","8-Week","02/09/2023","02/14/2023","04/11/2023","99.284444","No","$34,083,000,000","$137,980,000,000","No","","02/14/2023","$60,000,000,000","Yes","No","$60,791,647,600"
"91282CGM7","Note","10-Year","02/08/2023","02/15/2023","02/15/2033","99.058658","No","","$67,118,000,000","No","3.500%","02/15/2023","$35,000,000,000","No","No","$48,677,914,400"
"912797FN2","Bill","17-Week","02/08/2023","02/14/2023","06/13/2023","98.446389","No","","$137,980,000,000","No","","02/14/2023","$36,000,000,000","No","No","$36,474,897,300"
"91282CGL9","Note","3-Year","02/07/2023","02/15/2023","02/15/2026","99.795799","No","","$67,118,000,000","No","4.000%","02/15/2023","$40,000,000,000","No","No","$55,631,649,500"
"912796ZE2","Bill","13-Week","02/06/2023","02/09/2023","05/11/2023","98.839750","No","$50,415,000,000","$99,009,000,000","No","","02/09/2023","$60,000,000,000","Yes","No","$66,608,638,800"
"912796XY0","Bill","26-Week","02/06/2023","02/09/2023","08/10/2023","97.596083","No","$38,082,000,000","$99,009,000,000","No","","02/09/2023","$48,000,000,000","Yes","No","$53,286,761,900"
"912796Y86","Bill","4-Week","02/02/2023","02/07/2023","03/07/2023","99.650778","No","$80,049,000,000","$119,988,000,000","No","","02/07/2023","$75,000,000,000","Yes","No","$76,146,279,900"
"912796Z93","Bill","8-Week","02/02/2023","02/07/2023","04/04/2023","99.299222","No","$33,911,000,000","$119,988,000,000","No","","02/07/2023","$60,000,000,000","Yes","No","$60,917,100,900"
"912797FM4","Bill","17-Week","02/01/2023","02/07/2023","06/06/2023","98.471181","No","","$119,988,000,000","No","","02/07/2023","$36,000,000,000","No","No","$36,550,246,200"
"912796YW3","Bill","13-Week","01/30/2023","02/02/2023","05/04/2023","98.838486","No","$51,964,000,000","$98,997,000,000","No","","02/02/2023","$60,000,000,000","Yes","No","$68,544,876,600"
"912796Y37","Bill","26-Week","01/30/2023","02/02/2023","08/03/2023","97.634000","No","","$98,997,000,000","No","","02/02/2023","$48,000,000,000","No","No","$54,836,455,200"
"912796Y78","Bill","4-Week","01/26/2023","01/31/2023","02/28/2023","99.650000","No","$80,057,000,000","$120,002,000,000","No","","01/31/2023","$75,000,000,000","Yes","No","$75,924,510,000"
"912796Z85","Bill","8-Week","01/26/2023","01/31/2023","03/28/2023","99.296111","No","$34,085,000,000","$120,002,000,000","No","","01/31/2023","$60,000,000,000","Yes","No","$60,739,803,400"
"91282CGJ4","Note","7-Year","01/26/2023","01/31/2023","01/31/2030","99.895326","No","","$183,542,000,000","No","3.500%","01/31/2023","$35,000,000,000","No","No","$35,000,009,400"
"912797FG7","Bill","17-Week","01/25/2023","01/31/2023","05/30/2023","98.472833","No","","$120,002,000,000","No","","01/31/2023","$36,000,000,000","No","No","$36,443,735,500"
"91282CGF2","Note","2-Year","01/25/2023","01/31/2023","01/31/2025","100.000000","No","","$183,542,000,000","Yes","","01/31/2023","$24,000,000,000","No","No","$24,000,111,300"
"91282CGH8","Note","5-Year","01/25/2023","01/31/2023","01/31/2028","99.863589","No","","$183,542,000,000","No","3.500%","01/31/2023","$43,000,000,000","No","No","$43,000,012,400"
"91282CGG0","Note","2-Year","01/24/2023","01/31/2023","01/31/2025","99.973391","No","","$183,542,000,000","No","4.125%","01/31/2023","$42,000,000,000","No","No","$42,000,002,800"
"912796ZY8","Bill","52-Week","01/24/2023","01/26/2023","01/25/2024","95.480333","No","","$132,997,000,000","No","","01/26/2023","$34,000,000,000","No","No","$37,636,865,100"
"912796YV5","Bill","13-Week","01/23/2023","01/26/2023","04/27/2023","98.843542","No","$50,018,000,000","$132,997,000,000","No","","01/26/2023","$60,000,000,000","Yes","No","$66,418,057,500"
"912796Y29","Bill","26-Week","01/23/2023","01/26/2023","07/27/2023","97.631472","No","","$132,997,000,000","No","","01/26/2023","$48,000,000,000","No","No","$53,134,495,300"
"91282CGK1","Note","10-Year","01/19/2023","01/31/2023","01/15/2033","99.060103","No","","$183,542,000,000","No","1.125%","01/31/2023","$17,000,000,000","No","Yes","$17,000,139,300"
"912796Y60","Bill","4-Week","01/19/2023","01/24/2023","02/21/2023","99.651556","No","$80,251,000,000","$124,991,000,000","No","","01/24/2023","$70,000,000,000","Yes","No","$71,126,170,000"
"912796YK9","Bill","44-Day","01/19/2023","01/24/2023","03/09/2023","99.446944","Yes","$104,008,000,000","","No","","01/24/2023","$60,000,000,000","Yes","No","$60,000,662,100"
"912796Z77","Bill","8-Week","01/19/2023","01/24/2023","03/21/2023","99.296889","No","$33,956,000,000","$124,991,000,000","No","","01/24/2023","$60,000,000,000","Yes","No","$60,965,189,000"
"912810TM0","Bond","19-Year 10-Month","01/18/2023","01/31/2023","11/15/2042","104.489600","No","$28,605,000,000","$183,542,000,000","No","4.000%","01/31/2023","$12,000,000,000","Yes","No","$12,000,004,700"
"912797FF9","Bill","17-Week","01/18/2023","01/24/2023","05/23/2023","98.476139","No","","$124,991,000,000","No","","01/24/2023","$36,000,000,000","No","No","$36,579,325,200"
"912796V48","Bill","13-Week","01/17/2023","01/19/2023","04/20/2023","98.847333","No","$88,520,000,000","$98,999,000,000","No","","01/19/2023","$60,000,000,000","Yes","No","$66,464,967,700"
"912796ZZ5","Bill","26-Week","01/17/2023","01/19/2023","07/20/2023","97.631472","No","","$98,999,000,000","No","","01/19/2023","$48,000,000,000","No","No","$53,171,963,300"
"912796T33","Bill","35-Day","01/12/2023","01/19/2023","02/23/2023","99.563472","Yes","$144,505,000,000","","No","","01/19/2023","$60,000,000,000","Yes","No","$60,000,530,000"
"912796ZU6","Bill","4-Week","01/12/2023","01/17/2023","02/14/2023","99.660111","No","$79,202,000,000","$129,973,000,000","No","","01/17/2023","$60,000,000,000","Yes","No","$61,044,801,600"
"912796Z69","Bill","8-Week","01/12/2023","01/17/2023","03/14/2023","99.305444","No","$34,112,000,000","$129,973,000,000","No","","01/17/2023","$55,000,000,000","Yes","No","$55,957,958,400"
"912810TL2","Bond","29-Year 10-Month","01/12/2023","01/17/2023","11/15/2052","107.556697","No","$46,340,000,000","$73,491,000,000","No","4.000%","01/15/2023","$18,000,000,000","Yes","No","$18,000,040,700"
"912797FE2","Bill","17-Week","01/11/2023","01/17/2023","05/16/2023","98.453000","No","","$129,973,000,000","No","","01/17/2023","$36,000,000,000","No","No","$36,627,205,300"
"91282CFV8","Note","9-Year 10-Month","01/11/2023","01/17/2023","11/15/2032","104.515580","No","$79,256,000,000","$73,491,000,000","No","4.125%","01/15/2023","$32,000,000,000","Yes","No","$32,000,033,900"
"91282CGE5","Note","3-Year","01/10/2023","01/17/2023","01/15/2026","99.714294","No","","$73,491,000,000","No","3.875%","01/15/2023","$40,000,000,000","No","No","$40,000,009,200"
"912796YU7","Bill","13-Week","01/09/2023","01/12/2023","04/13/2023","98.847333","No","$49,704,000,000","$98,995,000,000","No","","01/12/2023","$57,000,000,000","Yes","No","$62,863,425,100"
"912796XQ7","Bill","26-Week","01/09/2023","01/12/2023","07/13/2023","97.618833","No","$38,548,000,000","$98,995,000,000","No","","01/12/2023","$48,000,000,000","Yes","No","$52,937,320,700"
"912796ZT9","Bill","4-Week","01/05/2023","01/10/2023","02/07/2023","99.681111","No","$76,467,000,000","$129,989,000,000","No","","01/10/2023","$45,000,000,000","Yes","No","$46,136,848,700"
"912796Y86","Bill","8-Week","01/05/2023","01/10/2023","03/07/2023","99.310889","No","$33,911,000,000","$129,989,000,000","No","","01/10/2023","$45,000,000,000","Yes","No","$46,137,212,400"
"912797FD4","Bill","17-Week","01/04/2023","01/10/2023","05/09/2023","98.489361","No","","$129,989,000,000","No","","01/10/2023","$33,000,000,000","No","No","$33,833,775,100"
"912796YN3","Bill","13-Week","01/03/2023","01/05/2023","04/06/2023","98.885250","No","$47,275,000,000","$96,001,000,000","No","","01/05/2023","$54,000,000,000","Yes","No","$60,930,366,400"
"912796ZS1","Bill","26-Week","01/03/2023","01/05/2023","07/06/2023","97.656750","No","","$96,001,000,000","No","","01/05/2023","$45,000,000,000","No","No","$50,775,384,300"
"912796ZM4","Bill","4-Week","12/29/2022","01/03/2023","01/31/2023","99.702111","No","$76,256,000,000","$129,984,000,000","No","","01/03/2023","$45,000,000,000","Yes","No","$45,943,969,000"
"912796Y78","Bill","8-Week","12/29/2022","01/03/2023","02/28/2023","99.338889","No","$34,107,000,000","$129,984,000,000","No","","01/03/2023","$45,000,000,000","Yes","No","$45,944,216,400"
"91282CGB1","Note","7-Year","12/29/2022","01/03/2023","12/31/2029","99.720458","No","","$92,914,000,000","No","3.875%","12/31/2022","$35,000,000,000","No","No","$35,000,010,200"
"912796CW7","Bill","17-Week","12/28/2022","01/03/2023","05/02/2023","98.495972","No","","$129,984,000,000","No","","01/03/2023","$33,000,000,000","No","No","$33,692,286,700"
"91282CGC9","Note","5-Year","12/28/2022","01/03/2023","12/31/2027","99.559582","No","","$92,914,000,000","No","3.875%","12/31/2022","$43,000,000,000","No","No","$43,000,018,900"
"91282CFS5","Note","1-Year 10-Month","12/28/2022","12/30/2022","10/31/2024","99.821106","No","$45,983,000,000","$0","Yes","","12/30/2022","$22,000,000,000","Yes","No","$22,000,190,300"
"91282CGD7","Note","2-Year","12/27/2022","01/03/2023","12/31/2024","99.767054","No","","$92,914,000,000","No","4.250%","12/31/2022","$42,000,000,000","No","No","$42,000,043,000"
"912796YM5","Bill","13-Week","12/27/2022","12/29/2022","03/30/2023","98.900417","No","$47,360,000,000","$130,008,000,000","No","","12/29/2022","$54,000,000,000","Yes","No","$61,148,329,600"
"912796ZR3","Bill","26-Week","12/27/2022","12/29/2022","06/29/2023","97.674444","No","","$130,008,000,000","No","","12/29/2022","$45,000,000,000","No","No","$50,957,007,300"
"912796ZN2","Bill","52-Week","12/27/2022","12/29/2022","12/28/2023","95.434833","No","","$130,008,000,000","No","","12/29/2022","$34,000,000,000","No","No","$38,500,490,100"
"91282CFR7","Note","4-Year 10-Month","12/22/2022","12/30/2022","10/15/2027","101.135096","No","$20,994,000,000","$0","No","1.625%","12/30/2022","$19,000,000,000","Yes","Yes","$19,000,000,300"
"912796ZL6","Bill","4-Week","12/22/2022","12/27/2022","01/24/2023","99.719222","No","$81,635,000,000","$139,983,000,000","No","","12/27/2022","$45,000,000,000","Yes","No","$46,219,581,200"
"912796Y60","Bill","8-Week","12/22/2022","12/27/2022","02/21/2023","99.380111","No","$34,034,000,000","$139,983,000,000","No","","12/27/2022","$45,000,000,000","Yes","No","$46,219,496,400"
"912810TM0","Bond","19-Year 11-Month","12/21/2022","01/03/2023","11/15/2042","100.882504","No","$16,617,000,000","$92,914,000,000","No","4.000%","12/31/2022","$12,000,000,000","Yes","No","$12,000,000,800"
"912796CV9","Bill","17-Week","12/21/2022","12/27/2022","04/25/2023","98.537292","No","","$139,983,000,000","No","","12/27/2022","$33,000,000,000","No","No","$33,894,373,600"
"912796U31","Bill","13-Week","12/19/2022","12/22/2022","03/23/2023","98.915583","No","$78,661,000,000","$95,989,000,000","No","","12/22/2022","$54,000,000,000","Yes","No","$55,838,198,500"
"912796ZQ5","Bill","26-Week","12/19/2022","12/22/2022","06/22/2023","97.699722","No","","$95,989,000,000","No","","12/22/2022","$45,000,000,000","No","No","$46,531,951,800"
"912796ZK8","Bill","4-Week","12/15/2022","12/20/2022","01/17/2023","99.706000","No","$86,591,000,000","$149,993,000,000","No","","12/20/2022","$45,000,000,000","Yes","No","$46,210,558,600"
"912796ZU6","Bill","8-Week","12/15/2022","12/20/2022","02/14/2023","99.368444","No","$33,000,000,000","$149,993,000,000","No","","12/20/2022","$45,000,000,000","Yes","No","$46,210,650,100"
"912796CU1","Bill","17-Week","12/14/2022","12/20/2022","04/18/2023","98.532333","No","","$149,993,000,000","No","","12/20/2022","$33,000,000,000","No","No","$33,887,820,500"
"912810TL2","Bond","29-Year 11-Month","12/13/2022","12/15/2022","11/15/2052","108.967370","No","$28,353,000,000","$25,890,000,000","No","4.000%","12/15/2022","$18,000,000,000","Yes","No","$18,000,021,400"
"912796YL7","Bill","13-Week","12/12/2022","12/15/2022","03/16/2023","98.920639","No","$45,538,000,000","$95,990,000,000","No","","12/15/2022","$54,000,000,000","Yes","No","$58,686,117,500"
"912796X53","Bill","26-Week","12/12/2022","12/15/2022","06/15/2023","97.659278","No","$37,940,000,000","$95,990,000,000","No","","12/15/2022","$45,000,000,000","Yes","No","$48,905,110,300"
"91282CGA3","Note","3-Year","12/12/2022","12/15/2022","12/15/2025","99.739942","No","","$25,890,000,000","No","4.000%","12/15/2022","$40,000,000,000","No","No","$40,000,047,800"
"91282CFV8","Note","9-Year 11-Month","12/12/2022","12/15/2022","11/15/2032","104.129208","No","$47,267,000,000","$25,890,000,000","No","4.125%","12/15/2022","$32,000,000,000","Yes","No","$32,000,004,400"
"912796ZJ1","Bill","4-Week","12/08/2022","12/13/2022","01/10/2023","99.716111","No","$86,848,000,000","$144,974,000,000","No","","12/13/2022","$45,000,000,000","Yes","No","$46,476,751,400"
"912796ZT9","Bill","8-Week","12/08/2022","12/13/2022","02/07/2023","99.387111","No","$30,000,000,000","$144,974,000,000","No","","12/13/2022","$45,000,000,000","Yes","No","$46,476,876,500"
"912796CT4","Bill","17-Week","12/07/2022","12/13/2022","04/11/2023","98.545556","No","","$144,974,000,000","No","","12/13/2022","$33,000,000,000","No","No","$34,082,997,100"
"912796YK9","Bill","13-Week","12/05/2022","12/08/2022","03/09/2023","98.920639","No","$45,412,000,000","$135,999,000,000","No","","12/08/2022","$54,000,000,000","Yes","No","$58,594,283,100"
"912796ZP7","Bill","26-Week","12/05/2022","12/08/2022","06/08/2023","97.689611","No","","$135,999,000,000","No","","12/08/2022","$45,000,000,000","No","No","$48,828,530,300"
"912796ZH5","Bill","4-Week","12/01/2022","12/06/2022","01/03/2023","99.692778","No","$86,513,000,000","$140,001,000,000","No","","12/06/2022","$45,000,000,000","Yes","No","$46,247,919,700"
"912796ZM4","Bill","8-Week","12/01/2022","12/06/2022","01/31/2023","99.365333","No","$30,000,000,000","$140,001,000,000","No","","12/06/2022","$45,000,000,000","Yes","No","$46,247,559,400"
"912796Z93","Bill","17-Week","11/30/2022","12/06/2022","04/04/2023","98.535639","No","","$140,001,000,000","No","","12/06/2022","$33,000,000,000","No","No","$33,914,773,900"
"912796ZD4","Bill","52-Week","11/29/2022","12/01/2022","11/30/2023","95.394389","No","","$129,997,000,000","No","","12/01/2022","$34,000,000,000","No","No","$38,327,460,700"
"912796YB9","Bill","13-Week","11/28/2022","12/01/2022","03/02/2023","98.916847","No","$47,111,000,000","$129,997,000,000","No","","12/01/2022","$54,000,000,000","Yes","No","$60,872,161,100"
"912796ZG7","Bill","26-Week","11/28/2022","12/01/2022","06/01/2023","97.699722","No","","$129,997,000,000","No","","12/01/2022","$45,000,000,000","No","No","$50,727,519,500"
"912796ZA0","Bill","4-Week","11/23/2022","11/29/2022","12/27/2022","99.691222","No","$86,839,000,000","$139,983,000,000","No","","11/29/2022","$55,000,000,000","Yes","No","$56,807,524,000"
"912796ZL6","Bill","8-Week","11/23/2022","11/29/2022","01/24/2023","99.359111","No","$30,000,000,000","$139,983,000,000","No","","11/29/2022","$50,000,000,000","Yes","No","$51,643,288,200"
"912796Z85","Bill","17-Week","11/23/2022","11/29/2022","03/28/2023","98.545556","No","","$139,983,000,000","No","","11/29/2022","$33,000,000,000","No","No","$34,085,226,200"
"91282CFY2","Note","7-Year","11/22/2022","11/30/2022","11/30/2029","99.908851","No","","$92,727,000,000","No","3.875%","11/30/2022","$35,000,000,000","No","No","$38,805,040,100"
"91282CFS5","Note","1-Year 11-Month","11/22/2022","11/25/2022","10/31/2024","99.848062","No","$23,993,000,000","$0","Yes","","11/25/2022","$22,000,000,000","Yes","No","$22,000,102,000"
"91282CFX4","Note","2-Year","11/21/2022","11/30/2022","11/30/2024","99.990539","No","","$92,727,000,000","No","4.500%","11/30/2022","$42,000,000,000","No","No","$46,566,125,200"
"91282CFZ9","Note","5-Year","11/21/2022","11/30/2022","11/30/2027","99.555059","No","","$92,727,000,000","No","3.875%","11/30/2022","$43,000,000,000","No","No","$47,674,762,400"
"912796T33","Bill","13-Week","11/21/2022","11/25/2022","02/23/2023","98.945000","No","$84,229,000,000","$95,977,000,000","No","","11/25/2022","$54,000,000,000","Yes","No","$60,279,573,500"
"912796ZF9","Bill","26-Week","11/21/2022","11/25/2022","05/25/2023","97.727444","No","","$95,977,000,000","No","","11/25/2022","$45,000,000,000","No","No","$50,233,341,200"
"91282CEZ0","Note","9-Year 8-Month","11/17/2022","11/30/2022","07/15/2032","94.294626","No","$31,984,000,000","$92,727,000,000","No","0.625%","11/30/2022","$15,000,000,000","Yes","Yes","$16,630,747,900"
"912796X61","Bill","16-Day","11/17/2022","11/22/2022","12/08/2022","99.831111","Yes","$105,218,000,000","","No","","11/22/2022","$40,000,000,000","Yes","No","$40,001,268,000"
"912796YZ6","Bill","4-Week","11/17/2022","11/22/2022","12/20/2022","99.704833","No","$86,726,000,000","$139,988,000,000","No","","11/22/2022","$65,000,000,000","Yes","No","$66,899,665,300"
"912796ZK8","Bill","8-Week","11/17/2022","11/22/2022","01/17/2023","99.374667","No","$30,000,000,000","$139,988,000,000","No","","11/22/2022","$55,000,000,000","Yes","No","$56,607,456,600"
"912810TM0","Bond","20-Year","11/16/2022","11/30/2022","11/15/2042","99.019661","No","","$92,727,000,000","No","4.000%","11/30/2022","$15,000,000,000","No","No","$16,630,739,200"
"912796Z77","Bill","17-Week","11/16/2022","11/22/2022","03/21/2023","98.572000","No","","$139,988,000,000","No","","11/22/2022","$33,000,000,000","No","No","$33,964,567,500"
"912796YA1","Bill","13-Week","11/14/2022","11/17/2022","02/16/2023","98.949708","No","$47,823,000,000","$96,014,000,000","No","","11/17/2022","$57,000,000,000","Yes","No","$64,759,447,700"
"912796W47","Bill","26-Week","11/14/2022","11/17/2022","05/18/2023","97.755333","No","$39,167,000,000","$96,014,000,000","No","","11/17/2022","$45,000,000,000","Yes","No","$51,126,050,100"
"912796YY9","Bill","4-Week","11/10/2022","11/15/2022","12/13/2022","99.721556","No","$82,229,000,000","$134,994,000,000","No","","11/15/2022","$65,000,000,000","Yes","No","$67,192,260,300"
"912796ZJ1","Bill","8-Week","11/10/2022","11/15/2022","01/10/2023","99.401111","No","$30,000,000,000","$134,994,000,000","No","","11/15/2022","$55,000,000,000","Yes","No","$56,855,350,900"
"912810TL2","Bond","30-Year","11/10/2022","11/15/2022","11/15/2052","98.622933","No","","$55,332,000,000","No","4.000%","11/15/2022","$21,000,000,000","No","No","$28,364,253,300"
"912796Z69","Bill","17-Week","11/09/2022","11/15/2022","03/14/2023","98.578611","No","","$134,994,000,000","No","","11/15/2022","$33,000,000,000","No","No","$34,113,176,800"
"91282CFV8","Note","10-Year","11/09/2022","11/15/2022","11/15/2032","99.878189","No","","$55,332,000,000","No","4.125%","11/15/2022","$35,000,000,000","No","No","$47,273,701,400"
"91282CFW6","Note","3-Year","11/08/2022","11/15/2022","11/15/2025","99.708904","No","","$55,332,000,000","No","4.500%","11/15/2022","$40,000,000,000","No","No","$54,027,076,300"
"912796XZ7","Bill","13-Week","11/07/2022","11/10/2022","02/09/2023","98.958556","No","$47,044,000,000","$95,999,000,000","No","","11/10/2022","$57,000,000,000","Yes","No","$63,861,762,800"
"912796ZE2","Bill","26-Week","11/07/2022","11/10/2022","05/11/2023","97.730056","No","","$95,999,000,000","No","","11/10/2022","$45,000,000,000","No","No","$50,416,738,300"
"912796YX1","Bill","4-Week","11/03/2022","11/08/2022","12/06/2022","99.718444","No","$76,939,000,000","$124,985,000,000","No","","11/08/2022","$65,000,000,000","Yes","No","$66,795,116,900"
"912796ZH5","Bill","8-Week","11/03/2022","11/08/2022","01/03/2023","99.396444","No","$30,000,000,000","$124,985,000,000","No","","11/08/2022","$55,000,000,000","Yes","No","$56,519,102,300"
"912796Y86","Bill","17-Week","11/02/2022","11/08/2022","03/07/2023","98.585222","No","","$124,985,000,000","No","","11/08/2022","$33,000,000,000","No","No","$33,911,201,600"
"912796YT0","Bill","52-Week","11/01/2022","11/03/2022","11/02/2023","95.444944","No","","$129,995,000,000","No","","11/03/2022","$34,000,000,000","No","No","$39,255,251,700"
"912796XT1","Bill","13-Week","10/31/2022","11/03/2022","02/02/2023","98.971194","No","$48,568,000,000","$129,995,000,000","No","","11/03/2022","$57,000,000,000","Yes","No","$65,810,279,400"
"912796YW3","Bill","26-Week","10/31/2022","11/03/2022","05/04/2023","97.755333","No","","$129,995,000,000","No","","11/03/2022","$45,000,000,000","No","No","$51,955,433,800"
"912796YS2","Bill","4-Week","10/27/2022","11/01/2022","11/29/2022","99.720000","No","$77,362,000,000","$125,005,000,000","No","","11/01/2022","$65,000,000,000","Yes","No","$67,176,637,600"
"912796ZA0","Bill","8-Week","10/27/2022","11/01/2022","12/27/2022","99.405778","No","$30,001,000,000","$125,005,000,000","No","","11/01/2022","$55,000,000,000","Yes","No","$56,841,522,400"
"91282CFT3","Note","7-Year","10/27/2022","10/31/2022","10/31/2029","99.836721","No","","$168,715,000,000","No","4.000%","10/31/2022","$35,000,000,000","No","No","$35,000,027,000"
"912796Y78","Bill","17-Week","10/26/2022","11/01/2022","02/28/2023","98.618278","No","","$125,005,000,000","No","","11/01/2022","$33,000,000,000","No","No","$34,104,962,200"
"91282CFS5","Note","2-Year","10/26/2022","10/31/2022","10/31/2024","100.000000","No","","$168,715,000,000","Yes","","10/31/2022","$24,000,000,000","No","No","$24,000,072,400"
"91282CFU0","Note","5-Year","10/26/2022","10/31/2022","10/31/2027","99.700589","No","","$168,715,000,000","No","4.125%","10/31/2022","$43,000,000,000","No","No","$43,000,006,400"
"91282CFQ9","Note","2-Year","10/25/2022","10/31/2022","10/31/2024","99.839071","No","","$168,715,000,000","No","4.375%","10/31/2022","$42,000,000,000","No","No","$42,000,045,400"
"912796S34","Bill","13-Week","10/24/2022","10/27/2022","01/26/2023","98.988889","No","$85,924,000,000","$98,995,000,000","No","","10/27/2022","$57,000,000,000","Yes","No","$63,358,610,400"
"912796YV5","Bill","26-Week","10/24/2022","10/27/2022","04/27/2023","97.780611","No","","$98,995,000,000","No","","10/27/2022","$45,000,000,000","No","No","$50,019,995,000"
"91282CFR7","Note","5-Year","10/20/2022","10/31/2022","10/15/2027","99.475435","No","","$168,715,000,000","No","1.625%","10/31/2022","$21,000,000,000","No","Yes","$21,000,000,000"
"912796YR4","Bill","4-Week","10/20/2022","10/25/2022","11/22/2022","99.733222","No","$77,439,000,000","$129,991,000,000","No","","10/25/2022","$65,000,000,000","Yes","No","$67,035,824,200"
"912796YZ6","Bill","8-Week","10/20/2022","10/25/2022","12/20/2022","99.426000","No","$30,000,000,000","$129,991,000,000","No","","10/25/2022","$55,000,000,000","Yes","No","$56,722,646,100"
"912810TK4","Bond","19-Year 10-Month","10/19/2022","10/31/2022","08/15/2042","86.599384","No","$28,951,000,000","$168,715,000,000","No","3.375%","10/31/2022","$12,000,000,000","Yes","No","$12,000,010,800"
"912796Y60","Bill","17-Week","10/19/2022","10/25/2022","02/21/2023","98.631500","No","","$129,991,000,000","No","","10/25/2022","$33,000,000,000","No","No","$34,033,747,800"
"912796XS3","Bill","13-Week","10/17/2022","10/20/2022","01/19/2023","99.034389","No","$47,988,000,000","$102,004,000,000","No","","10/20/2022","$57,000,000,000","Yes","No","$63,487,091,100"
"912796V48","Bill","26-Week","10/17/2022","10/20/2022","04/20/2023","97.853917","No","$38,395,000,000","$102,004,000,000","No","","10/20/2022","$45,000,000,000","Yes","No","$50,121,298,800"
"912796YQ6","Bill","4-Week","10/13/2022","10/18/2022","11/15/2022","99.747222","No","$77,488,000,000","$129,999,000,000","No","","10/18/2022","$60,000,000,000","Yes","No","$62,670,854,600"
"912796YY9","Bill","8-Week","10/13/2022","10/18/2022","12/13/2022","99.458667","No","$30,000,000,000","$129,999,000,000","No","","10/18/2022","$50,000,000,000","Yes","No","$52,225,643,500"
"912810TJ7","Bond","29-Year 10-Month","10/13/2022","10/17/2022","08/15/2052","83.740689","No","$52,277,000,000","$23,235,000,000","No","3.000%","10/15/2022","$18,000,000,000","Yes","No","$18,000,001,400"
"912796ZU6","Bill","119-Day","10/12/2022","10/18/2022","02/14/2023","98.714139","Yes","","","No","","10/18/2022","$33,000,000,000","No","No","$33,000,241,100"
"91282CFF3","Note","9-Year 10-Month","10/12/2022","10/17/2022","08/15/2032","90.449122","No","$89,137,000,000","$23,235,000,000","No","2.750%","10/15/2022","$32,000,000,000","Yes","No","$32,000,029,600"
"91282CFP1","Note","3-Year","10/11/2022","10/17/2022","10/15/2025","99.810402","No","","$23,235,000,000","No","4.250%","10/15/2022","$40,000,000,000","No","No","$40,000,009,700"
"912796XR5","Bill","13-Week","10/11/2022","10/13/2022","01/12/2023","99.112750","No","$47,617,000,000","$98,984,000,000","No","","10/13/2022","$57,000,000,000","Yes","No","$62,960,089,000"
"912796YU7","Bill","26-Week","10/11/2022","10/13/2022","04/13/2023","97.962611","No","","$98,984,000,000","No","","10/13/2022","$45,000,000,000","No","No","$49,705,800,100"
"912796YP8","Bill","4-Week","10/06/2022","10/11/2022","11/08/2022","99.772889","No","$77,073,000,000","$129,996,000,000","No","","10/11/2022","$50,000,000,000","Yes","No","$52,153,157,500"
"912796YX1","Bill","8-Week","10/06/2022","10/11/2022","12/06/2022","99.497556","No","$30,000,000,000","$129,996,000,000","No","","10/11/2022","$45,000,000,000","Yes","No","$46,937,911,100"
"912796ZT9","Bill","119-Day","10/05/2022","10/11/2022","02/07/2023","98.776944","Yes","","","No","","10/11/2022","$30,000,000,000","No","No","$30,000,163,000"
"912796YJ2","Bill","52-Week","10/04/2022","10/06/2022","10/05/2023","96.001056","No","","$127,006,000,000","No","","10/06/2022","$34,000,000,000","No","No","$38,268,057,200"
"912796X95","Bill","13-Week","10/03/2022","10/06/2022","01/05/2023","99.155722","No","$48,845,000,000","$127,006,000,000","No","","10/06/2022","$54,000,000,000","Yes","No","$60,778,726,600"
"912796YN3","Bill","26-Week","10/03/2022","10/06/2022","04/06/2023","98.053611","No","","$127,006,000,000","No","","10/06/2022","$42,000,000,000","No","No","$47,272,346,800"
"912796YG8","Bill","4-Week","09/29/2022","10/04/2022","11/01/2022","99.793111","No","$77,495,000,000","$130,002,000,000","No","","10/04/2022","$50,000,000,000","Yes","No","$52,621,146,000"
"912796YS2","Bill","8-Week","09/29/2022","10/04/2022","11/29/2022","99.523222","No","$30,000,000,000","$130,002,000,000","No","","10/04/2022","$45,000,000,000","Yes","No","$47,358,940,200"
"912796ZM4","Bill","119-Day","09/28/2022","10/04/2022","01/31/2023","98.813306","Yes","","","No","","10/04/2022","$30,000,000,000","No","No","$30,000,203,000"
"91282CFD8","Note","1-Year 10-Month","09/28/2022","09/30/2022","07/31/2024","99.899772","No","$48,076,000,000","$92,487,000,000","Yes","","09/30/2022","$22,000,000,000","Yes","No","$22,000,029,100"
"91282CFL0","Note","7-Year","09/28/2022","09/30/2022","09/30/2029","99.860277","No","","$92,487,000,000","No","3.875%","09/30/2022","$36,000,000,000","No","No","$36,000,003,600"
"91282CFM8","Note","5-Year","09/27/2022","09/30/2022","09/30/2027","99.540144","No","","$92,487,000,000","No","4.125%","09/30/2022","$44,000,000,000","No","No","$44,000,107,900"
"91282CFN6","Note","2-Year","09/26/2022","09/30/2022","09/30/2024","99.924113","No","","$92,487,000,000","No","4.250%","09/30/2022","$43,000,000,000","No","No","$43,000,123,700"
"912796R27","Bill","13-Week","09/26/2022","09/29/2022","12/29/2022","99.173417","No","$88,381,000,000","$93,000,000,000","No","","09/29/2022","$54,000,000,000","Yes","No","$60,889,604,600"
"912796YM5","Bill","26-Week","09/26/2022","09/29/2022","03/30/2023","98.053611","No","","$93,000,000,000","No","","09/29/2022","$42,000,000,000","No","No","$47,358,539,300"
"91282CEZ0","Note","9-Year 10-Month","09/22/2022","09/30/2022","07/15/2032","96.133470","No","$16,994,000,000","$92,487,000,000","No","0.625%","09/30/2022","$15,000,000,000","Yes","Yes","$15,000,099,700"
"912796YF0","Bill","4-Week","09/22/2022","09/27/2022","10/25/2022","99.793111","No","$83,036,000,000","$134,997,000,000","No","","09/27/2022","$50,000,000,000","Yes","No","$52,706,246,700"
"912796YR4","Bill","8-Week","09/22/2022","09/27/2022","11/22/2022","99.534889","No","$30,000,000,000","$134,997,000,000","No","","09/27/2022","$45,000,000,000","Yes","No","$47,435,561,900"
"912796ZL6","Bill","119-Day","09/21/2022","09/27/2022","01/24/2023","98.813306","Yes","","","No","","09/27/2022","$30,000,000,000","No","No","$30,000,280,000"
"912810TK4","Bond","19-Year 11-Month","09/20/2022","09/30/2022","08/15/2042","93.835989","No","$16,952,000,000","$92,487,000,000","No","3.375%","09/30/2022","$12,000,000,000","Yes","No","$12,000,023,100"
"912796X87","Bill","13-Week","09/19/2022","09/22/2022","12/22/2022","99.173417","No","$43,926,000,000","$92,995,000,000","No","","09/22/2022","$54,000,000,000","Yes","No","$55,759,935,200"
"912796U31","Bill","26-Week","09/19/2022","09/22/2022","03/23/2023","98.089000","No","$35,299,000,000","$92,995,000,000","No","","09/22/2022","$42,000,000,000","Yes","No","$43,369,164,700"
"912796YE3","Bill","4-Week","09/15/2022","09/20/2022","10/18/2022","99.792333","No","$83,103,000,000","$134,999,000,000","No","","09/20/2022","$50,000,000,000","Yes","No","$52,766,172,000"
"912796YQ6","Bill","8-Week","09/15/2022","09/20/2022","11/15/2022","99.545000","No","$30,000,000,000","$134,999,000,000","No","","09/20/2022","$45,000,000,000","Yes","No","$47,489,466,900"
"912796ZK8","Bill","119-Day","09/14/2022","09/20/2022","01/17/2023","98.826528","Yes","","","No","","09/20/2022","$30,000,000,000","No","No","$30,000,185,000"
"912810TJ7","Bond","29-Year 11-Month","09/13/2022","09/15/2022","08/15/2052","90.579948","No","$34,277,000,000","$28,214,000,000","No","3.000%","09/15/2022","$18,000,000,000","Yes","No","$18,000,009,800"
"912796X79","Bill","13-Week","09/12/2022","09/15/2022","12/15/2022","99.222708","No","$46,865,000,000","$155,992,000,000","No","","09/15/2022","$54,000,000,000","Yes","No","$58,533,971,700"
"912796YL7","Bill","26-Week","09/12/2022","09/15/2022","03/16/2023","98.248250","No","","$155,992,000,000","No","","09/15/2022","$42,000,000,000","No","No","$45,526,255,400"
"91282CFK2","Note","3-Year","09/12/2022","09/15/2022","09/15/2025","99.819428","No","","$28,214,000,000","No","3.500%","09/15/2022","$41,000,000,000","No","No","$41,000,013,000"
"91282CFF3","Note","9-Year 11-Month","09/12/2022","09/15/2022","08/15/2032","95.132618","No","$57,137,000,000","$28,214,000,000","No","2.750%","09/15/2022","$32,000,000,000","Yes","No","$32,000,010,400"
"912796YD5","Bill","4-Week","09/08/2022","09/13/2022","10/11/2022","99.805556","No","$82,596,000,000","$124,996,000,000","No","","09/13/2022","$50,000,000,000","Yes","No","$52,302,145,100"
"912796YP8","Bill","8-Week","09/08/2022","09/13/2022","11/08/2022","99.569889","No","$30,000,000,000","$124,996,000,000","No","","09/13/2022","$45,000,000,000","Yes","No","$47,071,189,000"
"912796ZJ1","Bill","119-Day","09/07/2022","09/13/2022","01/10/2023","98.943875","Yes","","","No","","09/13/2022","$30,000,000,000","No","No","$30,000,075,000"
"912796X61","Bill","13-Week","09/06/2022","09/08/2022","12/08/2022","99.250514","No","$46,834,000,000","$130,001,000,000","No","","09/08/2022","$54,000,000,000","Yes","No","$58,386,270,100"
"912796YK9","Bill","26-Week","09/06/2022","09/08/2022","03/09/2023","98.321556","No","","$130,001,000,000","No","","09/08/2022","$42,000,000,000","No","No","$45,411,724,500"
"912796YH6","Bill","52-Week","09/06/2022","09/08/2022","09/07/2023","96.501556","No","","$130,001,000,000","No","","09/08/2022","$34,000,000,000","No","No","$36,761,824,600"
"912796YC7","Bill","4-Week","09/01/2022","09/06/2022","10/04/2022","99.807889","No","$83,190,000,000","$115,010,000,000","No","","09/06/2022","$50,000,000,000","Yes","No","$52,779,714,100"
"912796YG8","Bill","8-Week","09/01/2022","09/06/2022","11/01/2022","99.575333","No","$30,000,000,000","$115,010,000,000","No","","09/06/2022","$45,000,000,000","Yes","No","$47,502,077,100"
"912796ZH5","Bill","119-Day","08/31/2022","09/06/2022","01/03/2023","98.975278","Yes","","","No","","09/06/2022","$30,000,000,000","No","No","$30,000,296,000"
"912796P94","Bill","13-Week","08/29/2022","09/01/2022","12/01/2022","99.272000","No","$87,951,000,000","$95,990,000,000","No","","09/01/2022","$54,000,000,000","Yes","No","$60,577,571,100"
"912796YB9","Bill","26-Week","08/29/2022","09/01/2022","03/02/2023","98.364528","No","","$95,990,000,000","No","","09/01/2022","$42,000,000,000","No","No","$47,115,890,800"
"91282CFJ5","Note","7-Year","08/25/2022","08/31/2022","08/31/2029","99.968787","No","","$91,860,000,000","No","3.125%","08/31/2022","$37,000,000,000","No","No","$41,817,126,000"
"912796XX2","Bill","4-Week","08/25/2022","08/30/2022","09/27/2022","99.820333","No","$83,077,000,000","$114,999,000,000","No","","08/30/2022","$55,000,000,000","Yes","No","$58,339,545,600"
"912796YF0","Bill","8-Week","08/25/2022","08/30/2022","10/25/2022","99.594000","No","$30,000,000,000","$114,999,000,000","No","","08/30/2022","$50,000,000,000","Yes","No","$53,035,980,800"
"91282CFH9","Note","5-Year","08/24/2022","08/31/2022","08/31/2027","99.518772","No","","$91,860,000,000","No","3.125%","08/31/2022","$45,000,000,000","No","No","$50,858,640,200"
"912796ZA0","Bill","119-Day","08/24/2022","08/30/2022","12/27/2022","99.018250","Yes","","","No","","08/30/2022","$30,000,000,000","No","No","$30,000,571,900"
"91282CFD8","Note","1-Year 11-Month","08/24/2022","08/26/2022","07/31/2024","99.898407","No","$26,082,000,000","$0","Yes","","08/26/2022","$22,000,000,000","Yes","No","$22,000,011,500"
"91282CFG1","Note","2-Year","08/23/2022","08/31/2022","08/31/2024","99.890561","No","","$91,860,000,000","No","3.250%","08/31/2022","$44,000,000,000","No","No","$49,728,465,100"
"912796U49","Bill","21-Day","08/23/2022","08/25/2022","09/15/2022","99.871667","Yes","$106,056,000,000","","No","","08/25/2022","$60,000,000,000","Yes","No","$60,000,661,000"
"912796W70","Bill","13-Week","08/22/2022","08/25/2022","11/25/2022","99.299778","No","$47,362,000,000","$95,991,000,000","No","","08/25/2022","$54,000,000,000","Yes","No","$60,144,880,400"
"912796T33","Bill","26-Week","08/22/2022","08/25/2022","02/23/2023","98.427722","No","$37,445,000,000","$95,991,000,000","No","","08/25/2022","$42,000,000,000","Yes","No","$46,779,325,600"
"912810TE8","Bond","29-Year 6-Month","08/18/2022","08/31/2022","02/15/2052","84.615251","No","$10,536,000,000","$91,860,000,000","No","0.125%","08/31/2022","$8,000,000,000","Yes","Yes","$9,041,546,900"
"912796XW4","Bill","4-Week","08/18/2022","08/23/2022","09/20/2022","99.832778","No","$83,150,000,000","$114,989,000,000","No","","08/23/2022","$55,000,000,000","Yes","No","$58,411,077,400"
"912796YE3","Bill","8-Week","08/18/2022","08/23/2022","10/18/2022","99.612667","No","$30,000,000,000","$114,989,000,000","No","","08/23/2022","$50,000,000,000","Yes","No","$53,101,177,700"
"912810TK4","Bond","20-Year","08/17/2022","08/31/2022","08/15/2042","99.925621","No","","$91,860,000,000","No","3.375%","08/31/2022","$15,000,000,000","No","No","$16,952,881,200"
"912796YZ6","Bill","119-Day","08/17/2022","08/23/2022","12/20/2022","99.044694","Yes","","","No","","08/23/2022","$30,000,000,000","No","No","$30,000,002,000"
"912796W62","Bill","13-Week","08/15/2022","08/18/2022","11/17/2022","99.340250","No","$48,403,000,000","$95,996,000,000","No","","08/18/2022","$54,000,000,000","Yes","No","$61,489,266,900"
"912796YA1","Bill","26-Week","08/15/2022","08/18/2022","02/16/2023","98.473222","No","","$95,996,000,000","No","","08/18/2022","$42,000,000,000","No","No","$47,824,937,400"
"912796XV6","Bill","4-Week","08/11/2022","08/16/2022","09/13/2022","99.832778","No","$72,595,000,000","$104,999,000,000","No","","08/16/2022","$55,000,000,000","Yes","No","$57,861,066,800"
"912796YD5","Bill","8-Week","08/11/2022","08/16/2022","10/11/2022","99.622000","No","$30,000,000,000","$104,999,000,000","No","","08/16/2022","$50,000,000,000","Yes","No","$52,600,923,600"
"912810TJ7","Bond","30-Year","08/11/2022","08/15/2022","08/15/2052","97.941002","No","","$54,088,000,000","No","3.000%","08/15/2022","$21,000,000,000","No","No","$34,282,158,900"
"912796YY9","Bill","119-Day","08/10/2022","08/16/2022","12/13/2022","99.081056","Yes","","","No","","08/16/2022","$30,000,000,000","No","No","$30,000,039,000"
"91282CFF3","Note","10-Year","08/10/2022","08/15/2022","08/15/2032","99.956556","No","","$54,088,000,000","No","2.750%","08/15/2022","$35,000,000,000","No","No","$57,136,938,400"
"91282CFE6","Note","3-Year","08/09/2022","08/15/2022","08/15/2025","99.781411","No","","$54,088,000,000","No","3.125%","08/15/2022","$42,000,000,000","No","No","$68,564,317,600"
"912796XY0","Bill","52-Week","08/09/2022","08/11/2022","08/10/2023","96.764444","No","","$130,003,000,000","No","","08/11/2022","$34,000,000,000","No","No","$38,075,404,000"
"912796W54","Bill","13-Week","08/08/2022","08/11/2022","11/10/2022","99.347833","No","$47,807,000,000","$130,003,000,000","No","","08/11/2022","$54,000,000,000","Yes","No","$60,472,603,100"
"912796XZ7","Bill","26-Week","08/08/2022","08/11/2022","02/09/2023","98.463111","No","","$130,003,000,000","No","","08/11/2022","$42,000,000,000","No","No","$47,034,126,300"
"912796XU8","Bill","4-Week","08/04/2022","08/09/2022","09/06/2022","99.835889","No","$63,090,000,000","$94,998,000,000","No","","08/09/2022","$55,000,000,000","Yes","No","$58,506,754,700"
"912796YC7","Bill","8-Week","08/04/2022","08/09/2022","10/04/2022","99.645333","No","$30,000,000,000","$94,998,000,000","No","","08/09/2022","$50,000,000,000","Yes","No","$53,187,897,900"
"912796YX1","Bill","119-Day","08/03/2022","08/09/2022","12/06/2022","99.097583","Yes","","","No","","08/09/2022","$30,000,000,000","No","No","$30,000,110,000"
"912796N96","Bill","13-Week","08/01/2022","08/04/2022","11/03/2022","99.370583","No","$88,569,000,000","$95,995,000,000","No","","08/04/2022","$54,000,000,000","Yes","No","$62,447,681,800"
"912796XT1","Bill","26-Week","08/01/2022","08/04/2022","02/02/2023","98.559167","No","","$95,995,000,000","No","","08/04/2022","$42,000,000,000","No","No","$48,570,665,400"
"912796XP9","Bill","4-Week","07/28/2022","08/02/2022","08/30/2022","99.833556","No","$62,986,000,000","$94,996,000,000","No","","08/02/2022","$55,000,000,000","Yes","No","$58,389,970,000"
"912796XX2","Bill","8-Week","07/28/2022","08/02/2022","09/27/2022","99.656222","No","$30,000,000,000","$94,996,000,000","No","","08/02/2022","$50,000,000,000","Yes","No","$53,081,933,500"
"91282CFC0","Note","7-Year","07/28/2022","08/01/2022","07/31/2029","99.335208","No","","$159,799,000,000","No","2.625%","07/31/2022","$38,000,000,000","No","No","$41,297,000,800"
"912796YS2","Bill","119-Day","07/27/2022","08/02/2022","11/29/2022","99.110806","Yes","","","No","","08/02/2022","$30,000,000,000","No","No","$30,000,188,500"
"91282CFD8","Note","2-Year","07/27/2022","08/01/2022","07/31/2024","99.999954","No","","$159,799,000,000","Yes","","07/31/2022","$24,000,000,000","No","No","$26,082,304,300"
"91282CFB2","Note","5-Year","07/26/2022","08/01/2022","07/31/2027","99.491044","No","","$159,799,000,000","No","2.750%","07/31/2022","$46,000,000,000","No","No","$49,991,086,600"
"91282CFA4","Note","2-Year","07/25/2022","08/01/2022","07/31/2024","99.971015","No","","$159,799,000,000","No","3.000%","07/31/2022","$45,000,000,000","No","No","$48,904,336,300"
"912796V71","Bill","13-Week","07/25/2022","07/28/2022","10/27/2022","99.363000","No","$51,193,000,000","$101,991,000,000","No","","07/28/2022","$54,000,000,000","Yes","No","$61,440,560,900"
"912796S34","Bill","26-Week","07/25/2022","07/28/2022","01/26/2023","98.523778","No","$38,137,000,000","$101,991,000,000","No","","07/28/2022","$42,000,000,000","Yes","No","$47,787,404,000"
"91282CEZ0","Note","10-Year","07/21/2022","07/29/2022","07/15/2032","100.446487","No","","$0","No","0.625%","07/29/2022","$17,000,000,000","No","Yes","$17,000,000,400"
"912796XN4","Bill","4-Week","07/21/2022","07/26/2022","08/23/2022","99.835111","No","$63,045,000,000","$94,994,000,000","No","","07/26/2022","$55,000,000,000","Yes","No","$58,467,412,500"
"912796XW4","Bill","8-Week","07/21/2022","07/26/2022","09/20/2022","99.653111","No","$30,000,000,000","$94,994,000,000","No","","07/26/2022","$50,000,000,000","Yes","No","$53,152,260,300"
"912810TH1","Bond","19-Year 10-Month","07/20/2022","08/01/2022","05/15/2042","97.563393","No","$34,626,000,000","$159,799,000,000","No","3.250%","07/31/2022","$14,000,000,000","Yes","No","$15,214,669,000"
"912796YR4","Bill","119-Day","07/20/2022","07/26/2022","11/22/2022","99.100889","Yes","","","No","","07/26/2022","$30,000,000,000","No","No","$30,000,404,000"
"912796V63","Bill","13-Week","07/18/2022","07/21/2022","10/20/2022","99.375639","No","$54,210,000,000","$107,996,000,000","No","","07/21/2022","$54,000,000,000","Yes","No","$61,700,455,500"
"912796XS3","Bill","26-Week","07/18/2022","07/21/2022","01/19/2023","98.528833","No","","$107,996,000,000","No","","07/21/2022","$42,000,000,000","No","No","$47,988,648,300"
"912796XM6","Bill","4-Week","07/14/2022","07/19/2022","08/16/2022","99.846000","No","$62,538,000,000","$100,001,000,000","No","","07/19/2022","$45,000,000,000","Yes","No","$47,924,396,900"
"912796XV6","Bill","8-Week","07/14/2022","07/19/2022","09/13/2022","99.646889","No","$30,001,000,000","$100,001,000,000","No","","07/19/2022","$40,000,000,000","Yes","No","$42,599,482,300"
"91282CEL1","Note","1-Year 10-Month","07/14/2022","07/18/2022","04/30/2024","99.884582","No","$71,324,000,000","$0","Yes","","07/18/2022","$25,000,000","Yes","No","$25,000,000"
"912796YQ6","Bill","119-Day","07/13/2022","07/19/2022","11/15/2022","99.140556","Yes","","","No","","07/19/2022","$30,000,000,000","No","No","$30,000,319,000"
"912810TG3","Bond","29-Year 10-Month","07/13/2022","07/15/2022","05/15/2052","95.354138","No","$57,504,000,000","$64,351,000,000","No","2.875%","07/15/2022","$19,000,000,000","Yes","No","$21,421,698,300"
"91282CEP2","Note","9-Year 10-Month","07/12/2022","07/15/2022","05/15/2032","99.274623","No","$96,135,000,000","$64,351,000,000","No","2.875%","07/15/2022","$33,000,000,000","Yes","No","$37,206,110,400"
"912796XQ7","Bill","52-Week","07/12/2022","07/14/2022","07/13/2023","97.007111","No","","$142,000,000,000","No","","07/14/2022","$34,000,000,000","No","No","$38,548,854,700"
"91282CEY3","Note","3-Year","07/11/2022","07/15/2022","07/15/2025","99.735500","No","","$64,351,000,000","No","3.000%","07/15/2022","$43,000,000,000","No","No","$48,480,681,900"
"912796V55","Bill","13-Week","07/11/2022","07/14/2022","10/13/2022","99.466639","No","$53,942,000,000","$142,000,000,000","No","","07/14/2022","$51,000,000,000","Yes","No","$57,822,865,700"
"912796XR5","Bill","26-Week","07/11/2022","07/14/2022","01/12/2023","98.642583","No","","$142,000,000,000","No","","07/14/2022","$42,000,000,000","No","No","$47,618,835,100"
"912796XL8","Bill","4-Week","07/07/2022","07/12/2022","08/09/2022","99.881000","No","$63,091,000,000","$99,995,000,000","No","","07/12/2022","$35,000,000,000","Yes","No","$38,603,424,600"
"912796XU8","Bill","8-Week","07/07/2022","07/12/2022","09/06/2022","99.713778","No","$30,000,000,000","$99,995,000,000","No","","07/12/2022","$30,000,000,000","Yes","No","$33,088,627,600"
"912796YP8","Bill","119-Day","07/06/2022","07/12/2022","11/08/2022","99.262861","Yes","","","No","","07/12/2022","$30,000,000,000","No","No","$30,000,275,000"
"912796M89","Bill","13-Week","07/05/2022","07/07/2022","10/06/2022","99.532361","No","$94,228,000,000","$107,987,000,000","No","","07/07/2022","$45,000,000,000","Yes","No","$52,331,324,700"
"912796X95","Bill","26-Week","07/05/2022","07/07/2022","01/05/2023","98.736111","No","","$107,987,000,000","No","","07/07/2022","$42,000,000,000","No","No","$48,842,949,000"
"912796X46","Bill","4-Week","06/30/2022","07/05/2022","08/02/2022","99.903556","No","$62,989,000,000","$100,002,000,000","No","","07/05/2022","$35,000,000,000","Yes","No","$38,483,414,900"
"912796XP9","Bill","8-Week","06/30/2022","07/05/2022","08/30/2022","99.743333","No","$30,000,000,000","$100,002,000,000","No","","07/05/2022","$30,000,000,000","Yes","No","$32,985,852,500"
"912796YG8","Bill","119-Day","06/29/2022","07/05/2022","11/01/2022","99.277736","Yes","","","No","","07/05/2022","$30,000,000,000","No","No","$30,000,107,000"
"91282CEV9","Note","7-Year","06/28/2022","06/30/2022","06/30/2029","99.813719","No","","$86,090,000,000","No","3.250%","06/30/2022","$40,000,000,000","No","No","$43,057,150,400"
"912796U64","Bill","13-Week","06/27/2022","06/30/2022","09/29/2022","99.557639","No","$55,169,000,000","$107,989,000,000","No","","06/30/2022","$45,000,000,000","Yes","No","$53,126,280,300"
"912796R27","Bill","26-Week","06/27/2022","06/30/2022","12/29/2022","98.736111","No","$38,798,000,000","$107,989,000,000","No","","06/30/2022","$42,000,000,000","Yes","No","$49,584,557,400"
"91282CEX5","Note","2-Year","06/27/2022","06/30/2022","06/30/2024","99.838282","No","","$86,090,000,000","No","3.000%","06/30/2022","$46,000,000,000","No","No","$49,515,934,000"
"91282CEW7","Note","5-Year","06/27/2022","06/30/2022","06/30/2027","99.903859","No","","$86,090,000,000","No","3.250%","06/30/2022","$47,000,000,000","No","No","$50,592,129,800"
"91282CEJ6","Note","4-Year 10-Month","06/23/2022","06/30/2022","04/15/2027","101.224234","No","$19,997,000,000","$86,090,000,000","No","0.125%","06/30/2022","$18,000,000,000","Yes","Yes","$19,375,711,400"
"912796X38","Bill","4-Week","06/23/2022","06/28/2022","07/26/2022","99.914444","No","$63,066,000,000","$100,001,000,000","No","","06/28/2022","$35,000,000,000","Yes","No","$38,552,290,600"
"912796XN4","Bill","8-Week","06/23/2022","06/28/2022","08/23/2022","99.766667","No","$30,000,000,000","$100,001,000,000","No","","06/28/2022","$30,000,000,000","Yes","No","$33,044,887,500"
"912810TH1","Bond","19-Year 11-Month","06/22/2022","06/30/2022","05/15/2042","96.603091","No","$19,556,000,000","$86,090,000,000","No","3.250%","06/30/2022","$14,000,000,000","Yes","No","$15,069,995,600"
"912796YF0","Bill","119-Day","06/22/2022","06/28/2022","10/25/2022","99.319056","Yes","","","No","","06/28/2022","$30,000,000,000","No","No","$30,000,011,000"
"91282CEL1","Note","1-Year 10-Month","06/22/2022","06/24/2022","04/30/2024","99.866853","No","$49,324,000,000","$0","Yes","","06/24/2022","$22,000,000,000","Yes","No","$22,000,422,500"
"912796U56","Bill","13-Week","06/21/2022","06/23/2022","09/22/2022","99.577861","No","$49,837,000,000","$108,000,000,000","No","","06/23/2022","$45,000,000,000","Yes","No","$47,066,964,700"
"912796X87","Bill","26-Week","06/21/2022","06/23/2022","12/22/2022","98.791722","No","","$108,000,000,000","No","","06/23/2022","$42,000,000,000","No","No","$43,929,151,900"
"912796X20","Bill","4-Week","06/16/2022","06/21/2022","07/19/2022","99.908222","No","$67,563,000,000","$104,996,000,000","No","","06/21/2022","$35,000,000,000","Yes","No","$37,960,218,000"
"912796XM6","Bill","8-Week","06/16/2022","06/21/2022","08/16/2022","99.771333","No","$30,000,000,000","$104,996,000,000","No","","06/21/2022","$30,000,000,000","Yes","No","$32,537,888,700"
"912796YE3","Bill","119-Day","06/15/2022","06/21/2022","10/18/2022","99.309139","Yes","","","No","","06/21/2022","$30,000,000,000","No","No","$30,000,040,000"
"912796X53","Bill","52-Week","06/14/2022","06/16/2022","06/15/2023","96.946444","No","","$144,999,000,000","No","","06/16/2022","$34,000,000,000","No","No","$37,943,216,500"
"912796U49","Bill","13-Week","06/13/2022","06/16/2022","09/15/2022","99.585444","No","$55,838,000,000","$144,999,000,000","No","","06/16/2022","$45,000,000,000","Yes","No","$50,218,604,600"
"912796X79","Bill","26-Week","06/13/2022","06/16/2022","12/15/2022","98.908000","No","","$144,999,000,000","No","","06/16/2022","$42,000,000,000","No","No","$46,871,036,300"
"912810TG3","Bond","29-Year 11-Month","06/09/2022","06/15/2022","05/15/2052","94.045539","No","$37,386,000,000","$23,079,000,000","No","2.875%","06/15/2022","$19,000,000,000","Yes","No","$20,117,204,100"
"912796W96","Bill","4-Week","06/09/2022","06/14/2022","07/12/2022","99.919111","No","$68,085,000,000","$105,003,000,000","No","","06/14/2022","$35,000,000,000","Yes","No","$38,606,396,900"
"912796XL8","Bill","8-Week","06/09/2022","06/14/2022","08/09/2022","99.821111","No","$30,000,000,000","$105,003,000,000","No","","06/14/2022","$30,000,000,000","Yes","No","$33,091,190,100"
"91282CEP2","Note","9-Year 11-Month","06/08/2022","06/15/2022","05/15/2032","98.677928","No","$61,194,000,000","$23,079,000,000","No","2.875%","06/15/2022","$33,000,000,000","Yes","No","$34,940,394,200"
"912796YD5","Bill","119-Day","06/08/2022","06/14/2022","10/11/2022","99.500861","Yes","","","No","","06/14/2022","$30,000,000,000","No","No","$30,000,113,000"
"91282CEU1","Note","3-Year","06/07/2022","06/15/2022","06/15/2025","99.851689","No","","$23,079,000,000","No","2.875%","06/15/2022","$44,000,000,000","No","No","$46,587,278,700"
"912796M71","Bill","13-Week","06/06/2022","06/09/2022","09/08/2022","99.689083","No","$93,006,000,000","$110,985,000,000","No","","06/09/2022","$45,000,000,000","Yes","No","$50,179,614,600"
"912796X61","Bill","26-Week","06/06/2022","06/09/2022","12/08/2022","99.135500","No","","$110,985,000,000","No","","06/09/2022","$42,000,000,000","No","No","$46,834,393,300"
"912796W88","Bill","4-Week","06/02/2022","06/07/2022","07/05/2022","99.933111","No","$67,984,000,000","$104,998,000,000","No","","06/07/2022","$35,000,000,000","Yes","No","$38,486,431,000"
"912796X46","Bill","8-Week","06/02/2022","06/07/2022","08/02/2022","99.838222","No","$30,000,000,000","$104,998,000,000","No","","06/07/2022","$30,000,000,000","Yes","No","$32,988,767,400"
"912796YC7","Bill","119-Day","06/01/2022","06/07/2022","10/04/2022","99.540528","Yes","","","No","","06/07/2022","$30,000,000,000","No","No","$30,000,051,000"
"912796T66","Bill","13-Week","05/31/2022","06/02/2022","09/01/2022","99.716889","No","$57,814,000,000","$110,999,000,000","No","","06/02/2022","$45,000,000,000","Yes","No","$52,784,659,100"
"912796P94","Bill","26-Week","05/31/2022","06/02/2022","12/01/2022","99.201222","No","$38,686,000,000","$110,999,000,000","No","","06/02/2022","$42,000,000,000","Yes","No","$49,265,666,600"
"912796W39","Bill","4-Week","05/26/2022","05/31/2022","06/28/2022","99.942444","No","$68,014,000,000","$104,994,000,000","No","","05/31/2022","$35,000,000,000","Yes","No","$38,578,160,800"
"912796X38","Bill","8-Week","05/26/2022","05/31/2022","07/26/2022","99.857667","No","$30,000,000,000","$104,994,000,000","No","","05/31/2022","$30,000,000,000","Yes","No","$33,067,325,500"
"91282CES6","Note","7-Year","05/26/2022","05/31/2022","05/31/2029","99.829306","No","","$90,451,000,000","No","2.750%","05/31/2022","$42,000,000,000","No","No","$48,314,150,600"
"912796XX2","Bill","119-Day","05/25/2022","05/31/2022","09/27/2022","99.576889","Yes","","","No","","05/31/2022","$30,000,000,000","No","No","$30,000,129,500"
"91282CET4","Note","5-Year","05/25/2022","05/31/2022","05/31/2027","99.484571","No","","$90,451,000,000","No","2.625%","05/31/2022","$48,000,000,000","No","No","$55,216,217,500"
"91282CEL1","Note","1-Year 11-Month","05/25/2022","05/27/2022","04/30/2024","99.854908","No","$27,323,000,000","$0","Yes","","05/27/2022","$22,000,000,000","Yes","No","$22,000,711,400"
"91282CER8","Note","2-Year","05/24/2022","05/31/2022","05/31/2024","99.963167","No","","$90,451,000,000","No","2.500%","05/31/2022","$47,000,000,000","No","No","$54,065,998,700"
"912796T58","Bill","13-Week","05/23/2022","05/26/2022","08/25/2022","99.732056","No","$56,167,000,000","$110,998,000,000","No","","05/26/2022","$45,000,000,000","Yes","No","$50,751,096,900"
"912796W70","Bill","26-Week","05/23/2022","05/26/2022","11/25/2022","99.222250","No","","$110,998,000,000","No","","05/26/2022","$42,000,000,000","No","No","$47,367,839,900"
"91282CDX6","Note","9-Year 8-Month","05/19/2022","05/31/2022","01/15/2032","102.616800","No","$34,996,000,000","$90,451,000,000","No","0.125%","05/31/2022","$14,000,000,000","Yes","Yes","$16,104,716,300"
"912796W21","Bill","4-Week","05/19/2022","05/24/2022","06/21/2022","99.950222","No","$72,507,000,000","$105,000,000,000","No","","05/24/2022","$35,000,000,000","Yes","No","$37,990,927,600"
"912796X20","Bill","8-Week","05/19/2022","05/24/2022","07/19/2022","99.860000","No","$35,000,000,000","$105,000,000,000","No","","05/24/2022","$30,000,000,000","Yes","No","$32,563,991,000"
"912810TH1","Bond","20-Year","05/18/2022","05/31/2022","05/15/2042","99.416025","No","","$90,451,000,000","No","3.250%","05/31/2022","$17,000,000,000","No","No","$19,555,763,900"
"912796XW4","Bill","119-Day","05/18/2022","05/24/2022","09/20/2022","99.586806","Yes","","","No","","05/24/2022","$30,000,000,000","No","No","$30,000,189,400"
"912796W47","Bill","52-Week","05/18/2022","05/19/2022","05/18/2023","97.876667","No","","$144,999,000,000","No","","05/19/2022","$34,000,000,000","No","No","$39,178,060,400"
"912796T41","Bill","13-Week","05/16/2022","05/19/2022","08/18/2022","99.734583","No","$57,461,000,000","$144,999,000,000","No","","05/19/2022","$45,000,000,000","Yes","No","$51,853,274,100"
"912796W62","Bill","26-Week","05/16/2022","05/19/2022","11/17/2022","99.246722","No","","$144,999,000,000","No","","05/19/2022","$42,000,000,000","No","No","$48,396,546,900"
"912796V97","Bill","4-Week","05/12/2022","05/17/2022","06/14/2022","99.953333","No","$73,097,000,000","$110,000,000,000","No","","05/17/2022","$35,000,000,000","Yes","No","$38,600,100,500"
"912796W96","Bill","8-Week","05/12/2022","05/17/2022","07/12/2022","99.882556","No","$35,000,000,000","$110,000,000,000","No","","05/17/2022","$30,000,000,000","Yes","No","$33,085,738,300"
"912810TG3","Bond","30-Year","05/12/2022","05/16/2022","05/15/2052","97.596896","No","","$47,846,000,000","No","2.875%","05/15/2022","$22,000,000,000","No","No","$37,396,398,800"
"912796XV6","Bill","119-Day","05/11/2022","05/17/2022","09/13/2022","99.616556","Yes","","","No","","05/17/2022","$30,000,000,000","No","No","$30,000,514,000"
"91282CEP2","Note","10-Year","05/11/2022","05/16/2022","05/15/2032","99.414646","No","","$47,846,000,000","No","2.875%","05/15/2022","$36,000,000,000","No","No","$61,194,142,100"
"91282CEQ0","Note","3-Year","05/10/2022","05/16/2022","05/15/2025","99.831427","No","","$47,846,000,000","No","2.750%","05/15/2022","$45,000,000,000","No","No","$76,492,768,400"
"912796L64","Bill","13-Week","05/09/2022","05/12/2022","08/11/2022","99.772500","No","$94,357,000,000","$108,004,000,000","No","","05/12/2022","$45,000,000,000","Yes","No","$51,221,244,600"
"912796W54","Bill","26-Week","05/09/2022","05/12/2022","11/10/2022","99.299806","No","","$108,004,000,000","No","","05/12/2022","$42,000,000,000","No","No","$47,805,557,700"
"912796V89","Bill","4-Week","05/05/2022","05/10/2022","06/07/2022","99.961889","No","$72,993,000,000","$110,001,000,000","No","","05/10/2022","$35,000,000,000","Yes","No","$38,479,722,700"
"912796W88","Bill","8-Week","05/05/2022","05/10/2022","07/05/2022","99.889556","No","$35,000,000,000","$110,001,000,000","No","","05/10/2022","$30,000,000,000","Yes","No","$32,983,057,900"
"912796XU8","Bill","119-Day","05/04/2022","05/10/2022","09/06/2022","99.595069","Yes","","","No","","05/10/2022","$30,000,000,000","No","No","$30,000,278,500"
"912796S67","Bill","13-Week","05/02/2022","05/05/2022","08/04/2022","99.769972","No","$58,013,000,000","$107,993,000,000","No","","05/05/2022","$45,000,000,000","Yes","No","$53,000,294,900"
"912796N96","Bill","26-Week","05/02/2022","05/05/2022","11/03/2022","99.282111","No","$39,105,000,000","$107,993,000,000","No","","05/05/2022","$42,000,000,000","Yes","No","$49,466,411,000"
"912796V30","Bill","4-Week","04/28/2022","05/03/2022","05/31/2022","99.962667","No","$73,123,000,000","$110,000,000,000","No","","05/03/2022","$35,000,000,000","Yes","No","$38,522,204,800"
"912796W39","Bill","8-Week","04/28/2022","05/03/2022","06/28/2022","99.889556","No","$35,000,000,000","$110,000,000,000","No","","05/03/2022","$30,000,000,000","Yes","No","$33,019,239,100"
"91282CEM9","Note","7-Year","04/28/2022","05/02/2022","04/30/2029","99.792275","No","","$152,209,000,000","No","2.875%","04/30/2022","$44,000,000,000","No","No","$50,100,607,600"
"912796XP9","Bill","119-Day","04/27/2022","05/03/2022","08/30/2022","99.633083","Yes","","","No","","05/03/2022","$30,000,000,000","No","No","$30,000,099,000"
"91282CEL1","Note","2-Year","04/27/2022","05/02/2022","04/30/2024","99.999991","No","","$152,209,000,000","Yes","","04/30/2022","$24,000,000,000","No","No","$27,327,613,900"
"91282CEN7","Note","5-Year","04/27/2022","05/02/2022","04/30/2027","99.837649","No","","$152,209,000,000","No","2.750%","04/30/2022","$49,000,000,000","No","No","$55,793,844,000"
"91282CEK3","Note","2-Year","04/26/2022","05/02/2022","04/30/2024","99.835616","No","","$152,209,000,000","No","2.500%","04/30/2022","$48,000,000,000","No","No","$54,655,193,600"
"912796S59","Bill","13-Week","04/25/2022","04/28/2022","07/28/2022","99.775028","No","$57,196,000,000","$107,998,000,000","No","","04/28/2022","$51,000,000,000","Yes","No","$58,020,377,300"
"912796V71","Bill","26-Week","04/25/2022","04/28/2022","10/27/2022","99.307389","No","","$107,998,000,000","No","","04/28/2022","$45,000,000,000","No","No","$51,194,392,700"
"91282CEJ6","Note","5-Year","04/21/2022","04/29/2022","04/15/2027","102.762649","No","","$0","No","0.125%","04/29/2022","$20,000,000,000","No","Yes","$20,000,220,100"
"912796V22","Bill","4-Week","04/21/2022","04/26/2022","05/24/2022","99.961111","No","$72,631,000,000","$109,995,000,000","No","","04/26/2022","$35,000,000,000","Yes","No","$37,924,589,900"
"912796W21","Bill","8-Week","04/21/2022","04/26/2022","06/21/2022","99.902778","No","$40,001,000,000","$109,995,000,000","No","","04/26/2022","$30,000,000,000","Yes","No","$32,506,741,700"
"912810TF5","Bond","19-Year 10-Month","04/20/2022","05/02/2022","02/15/2042","89.399717","No","$41,228,000,000","$152,209,000,000","No","2.375%","04/30/2022","$16,000,000,000","Yes","No","$18,218,454,400"
"912796XN4","Bill","119-Day","04/20/2022","04/26/2022","08/23/2022","99.646306","Yes","","","No","","04/26/2022","$30,000,000,000","No","No","$30,000,201,500"
"912796V48","Bill","52-Week","04/19/2022","04/21/2022","04/20/2023","98.109222","No","","$139,000,000,000","No","","04/21/2022","$34,000,000,000","No","No","$38,399,013,500"
"912796S42","Bill","13-Week","04/18/2022","04/21/2022","07/21/2022","99.782611","No","$57,311,000,000","$139,000,000,000","No","","04/21/2022","$57,000,000,000","Yes","No","$64,374,414,700"
"912796V63","Bill","26-Week","04/18/2022","04/21/2022","10/20/2022","99.368056","No","","$139,000,000,000","No","","04/21/2022","$48,000,000,000","No","No","$54,210,422,800"
"912796U98","Bill","4-Week","04/14/2022","04/19/2022","05/17/2022","99.971222","No","$78,073,000,000","$120,000,000,000","No","","04/19/2022","$35,000,000,000","Yes","No","$38,613,589,900"
"912796V97","Bill","8-Week","04/14/2022","04/19/2022","06/14/2022","99.911333","No","$40,001,000,000","$120,000,000,000","No","","04/19/2022","$30,000,000,000","Yes","No","$33,097,806,900"
"912796XM6","Bill","119-Day","04/13/2022","04/19/2022","08/16/2022","99.681014","Yes","","","No","","04/19/2022","$30,000,000,000","No","No","$30,000,005,000"
"912810TD0","Bond","29-Year 10-Month","04/13/2022","04/18/2022","02/15/2052","88.643787","No","$60,275,000,000","$65,734,000,000","No","2.250%","04/15/2022","$20,000,000,000","Yes","No","$24,770,919,400"
"91282CDY4","Note","9-Year 10-Month","04/12/2022","04/18/2022","02/15/2032","92.751781","No","$99,096,000,000","$65,734,000,000","No","1.875%","04/15/2022","$34,000,000,000","Yes","No","$42,110,578,600"
"91282CEH0","Note","3-Year","04/11/2022","04/18/2022","04/15/2025","99.677225","No","","$65,734,000,000","No","2.625%","04/15/2022","$46,000,000,000","No","No","$56,973,107,400"
"912796K57","Bill","13-Week","04/11/2022","04/14/2022","07/14/2022","99.801569","No","$94,921,000,000","$102,006,000,000","No","","04/14/2022","$57,000,000,000","Yes","No","$64,073,918,900"
"912796V55","Bill","26-Week","04/11/2022","04/14/2022","10/13/2022","99.383222","No","","$102,006,000,000","No","","04/14/2022","$48,000,000,000","No","No","$53,958,554,800"
"912796U80","Bill","4-Week","04/07/2022","04/12/2022","05/10/2022","99.984056","No","$77,970,000,000","$119,996,000,000","No","","04/12/2022","$35,000,000,000","Yes","No","$38,494,008,100"
"912796V89","Bill","8-Week","04/07/2022","04/12/2022","06/07/2022","99.922222","No","$40,001,000,000","$119,996,000,000","No","","04/12/2022","$30,000,000,000","Yes","No","$32,995,139,500"
"912796XL8","Bill","119-Day","04/06/2022","04/12/2022","08/09/2022","99.699194","Yes","","","No","","04/12/2022","$30,000,000,000","No","No","$30,000,226,500"
"912796R68","Bill","13-Week","04/04/2022","04/07/2022","07/07/2022","99.830639","No","$57,344,000,000","$102,003,000,000","No","","04/07/2022","$57,000,000,000","Yes","No","$64,828,618,200"
"912796M89","Bill","26-Week","04/04/2022","04/07/2022","10/06/2022","99.438833","No","$39,631,000,000","$102,003,000,000","No","","04/07/2022","$48,000,000,000","Yes","No","$54,592,866,800"
"912796U72","Bill","4-Week","03/31/2022","04/05/2022","05/03/2022","99.989500","No","$77,896,000,000","$125,001,000,000","No","","04/05/2022","$35,000,000,000","Yes","No","$38,644,189,400"
"912796V30","Bill","8-Week","03/31/2022","04/05/2022","05/31/2022","99.940889","No","$40,000,000,000","$125,001,000,000","No","","04/05/2022","$30,000,000,000","Yes","No","$33,123,052,900"
"912796X46","Bill","119-Day","03/30/2022","04/05/2022","08/02/2022","99.733903","Yes","","","No","","04/05/2022","$30,000,000,000","No","No","$30,000,117,000"
"91282CEE7","Note","7-Year","03/29/2022","03/31/2022","03/31/2029","99.208197","No","","$79,355,000,000","No","2.375%","03/31/2022","$47,000,000,000","No","No","$55,749,674,800"
"912796R50","Bill","13-Week","03/28/2022","03/31/2022","06/30/2022","99.847069","No","$58,198,000,000","$102,003,000,000","No","","03/31/2022","$57,000,000,000","Yes","No","$65,513,537,000"
"912796U64","Bill","26-Week","03/28/2022","03/31/2022","09/29/2022","99.469167","No","","$102,003,000,000","No","","03/31/2022","$48,000,000,000","No","No","$55,169,589,100"
"91282CEG2","Note","2-Year","03/28/2022","03/31/2022","03/31/2024","99.776642","No","","$79,355,000,000","No","2.250%","03/31/2022","$50,000,000,000","No","No","$59,308,206,800"
"91282CEF4","Note","5-Year","03/28/2022","03/31/2022","03/31/2027","99.799301","No","","$79,355,000,000","No","2.500%","03/31/2022","$51,000,000,000","No","No","$60,494,406,000"
"91282CDX6","Note","9-Year 10-Month","03/24/2022","03/31/2022","01/15/2032","108.705125","No","$18,390,000,000","$79,355,000,000","No","0.125%","03/31/2022","$14,000,000,000","Yes","Yes","$16,606,322,800"
"912796U23","Bill","4-Week","03/24/2022","03/29/2022","04/26/2022","99.989500","No","$77,364,000,000","$124,998,000,000","No","","03/29/2022","$35,000,000,000","Yes","No","$38,068,181,300"
"912796V22","Bill","8-Week","03/24/2022","03/29/2022","05/24/2022","99.953333","No","$40,001,000,000","$124,998,000,000","No","","03/29/2022","$30,000,000,000","Yes","No","$32,629,928,300"
"912810TF5","Bond","19-Year 11-Month","03/23/2022","03/31/2022","02/15/2042","95.753797","No","$22,252,000,000","$79,355,000,000","No","2.375%","03/31/2022","$16,000,000,000","Yes","No","$18,978,623,300"
"912796X38","Bill","119-Day","03/23/2022","03/29/2022","07/26/2022","99.765306","Yes","","","No","","03/29/2022","$30,000,000,000","No","No","$30,000,046,000"
"91282CDU2","Note","1-Year 10-Month","03/23/2022","03/25/2022","01/31/2024","100.074861","No","$51,887,000,000","$0","Yes","","03/25/2022","$22,000,000,000","Yes","No","$22,000,552,700"
"912796U31","Bill","52-Week","03/22/2022","03/24/2022","03/23/2023","98.392333","No","","$139,001,000,000","No","","03/24/2022","$34,000,000,000","No","No","$35,303,663,300"
"912796R43","Bill","13-Week","03/21/2022","03/24/2022","06/23/2022","99.878667","No","$52,811,000,000","$139,001,000,000","No","","03/24/2022","$57,000,000,000","Yes","No","$59,185,723,300"
"912796U56","Bill","26-Week","03/21/2022","03/24/2022","09/22/2022","99.560167","No","","$139,001,000,000","No","","03/24/2022","$48,000,000,000","No","No","$49,840,430,800"
"912796T90","Bill","4-Week","03/17/2022","03/22/2022","04/19/2022","99.985222","No","$77,762,000,000","$129,997,000,000","No","","03/22/2022","$45,000,000,000","Yes","No","$48,950,044,900"
"912796U98","Bill","8-Week","03/17/2022","03/22/2022","05/17/2022","99.953333","No","$40,000,000,000","$129,997,000,000","No","","03/22/2022","$35,000,000,000","Yes","No","$38,073,797,300"
"912796X20","Bill","119-Day","03/16/2022","03/22/2022","07/19/2022","99.780181","Yes","","","No","","03/22/2022","$35,000,000,000","No","No","$35,000,071,000"
"912796J42","Bill","13-Week","03/14/2022","03/17/2022","06/16/2022","99.886250","No","$93,329,000,000","$102,004,000,000","No","","03/17/2022","$60,000,000,000","Yes","No","$65,702,837,400"
"912796U49","Bill","26-Week","03/14/2022","03/17/2022","09/15/2022","99.585444","No","","$102,004,000,000","No","","03/17/2022","$51,000,000,000","No","No","$55,848,041,400"
"912796T82","Bill","4-Week","03/10/2022","03/15/2022","04/12/2022","99.984833","No","$77,673,000,000","$130,002,000,000","No","","03/15/2022","$45,000,000,000","Yes","No","$48,816,466,400"
"912796U80","Bill","8-Week","03/10/2022","03/15/2022","05/10/2022","99.958778","No","$40,001,000,000","$130,002,000,000","No","","03/15/2022","$35,000,000,000","Yes","No","$37,968,440,800"
"912810TD0","Bond","29-Year 11-Month","03/10/2022","03/15/2022","02/15/2052","97.331824","No","$36,914,000,000","$20,862,000,000","No","2.250%","03/15/2022","$20,000,000,000","Yes","No","$23,360,394,000"
"912796W96","Bill","119-Day","03/09/2022","03/15/2022","07/12/2022","99.818194","Yes","","","No","","03/15/2022","$35,000,000,000","No","No","$35,000,086,500"
"91282CDY4","Note","9-Year 11-Month","03/09/2022","03/15/2022","02/15/2032","99.594019","No","$59,383,000,000","$20,862,000,000","No","1.875%","03/15/2022","$34,000,000,000","Yes","No","$39,712,689,300"
"91282CED9","Note","3-Year","03/08/2022","03/15/2022","03/15/2025","99.927276","No","","$20,862,000,000","No","1.750%","03/15/2022","$48,000,000,000","No","No","$56,065,009,400"
"912796R35","Bill","13-Week","03/07/2022","03/10/2022","06/09/2022","99.903944","No","$55,609,000,000","$165,001,000,000","No","","03/10/2022","$60,000,000,000","Yes","No","$65,398,391,100"
"912796M71","Bill","26-Week","03/07/2022","03/10/2022","09/08/2022","99.641056","No","$37,419,000,000","$165,001,000,000","No","","03/10/2022","$51,000,000,000","Yes","No","$55,588,557,300"
"912796T74","Bill","4-Week","03/03/2022","03/08/2022","04/05/2022","99.987167","No","$83,043,000,000","$129,990,000,000","No","","03/08/2022","$45,000,000,000","Yes","No","$48,725,611,100"
"912796U72","Bill","8-Week","03/03/2022","03/08/2022","05/03/2022","99.968111","No","$40,001,000,000","$129,990,000,000","No","","03/08/2022","$35,000,000,000","Yes","No","$37,897,489,900"
"912796W88","Bill","119-Day","03/02/2022","03/08/2022","07/05/2022","99.823153","Yes","","","No","","03/08/2022","$35,000,000,000","No","No","$35,000,160,000"
"912796Q44","Bill","13-Week","02/28/2022","03/03/2022","06/02/2022","99.909000","No","$58,030,000,000","$104,999,000,000","No","","03/03/2022","$60,000,000,000","Yes","No","$68,021,883,300"
"912796T66","Bill","26-Week","02/28/2022","03/03/2022","09/01/2022","99.661278","No","","$104,999,000,000","No","","03/03/2022","$51,000,000,000","No","No","$57,818,423,800"
"912796T25","Bill","4-Week","02/24/2022","03/01/2022","03/29/2022","99.996111","No","$82,660,000,000","$129,993,000,000","No","","03/01/2022","$45,000,000,000","Yes","No","$48,038,524,800"
"912796U23","Bill","8-Week","02/24/2022","03/01/2022","04/26/2022","99.968889","No","$40,000,000,000","$129,993,000,000","No","","03/01/2022","$35,000,000,000","Yes","No","$37,364,319,500"
"91282CEB3","Note","7-Year","02/24/2022","02/28/2022","02/28/2029","99.804270","No","","$82,409,000,000","No","1.875%","02/28/2022","$50,000,000,000","No","No","$58,565,810,800"
"912796W39","Bill","119-Day","02/23/2022","03/01/2022","06/28/2022","99.811583","Yes","","","No","","03/01/2022","$35,000,000,000","No","No","$35,000,250,500"
"91282CEC1","Note","5-Year","02/23/2022","02/28/2022","02/28/2027","99.976245","No","","$82,409,000,000","No","1.875%","02/28/2022","$53,000,000,000","No","No","$62,079,759,100"
"91282CDU2","Note","1-Year 11-Month","02/23/2022","02/25/2022","01/31/2024","100.068232","No","$29,887,000,000","$0","Yes","","02/25/2022","$22,000,000,000","Yes","No","$22,000,223,000"
"91282CEA5","Note","2-Year","02/22/2022","02/28/2022","02/29/2024","99.896026","No","","$82,409,000,000","No","1.500%","02/28/2022","$52,000,000,000","No","No","$60,908,420,100"
"912796Q36","Bill","13-Week","02/22/2022","02/24/2022","05/26/2022","99.903944","No","$56,034,000,000","$138,996,000,000","No","","02/24/2022","$60,000,000,000","Yes","No","$66,086,249,400"
"912796T58","Bill","26-Week","02/22/2022","02/24/2022","08/25/2022","99.641056","No","","$138,996,000,000","No","","02/24/2022","$51,000,000,000","No","No","$56,173,116,800"
"912796T33","Bill","52-Week","02/22/2022","02/24/2022","02/23/2023","98.842278","No","","$138,996,000,000","No","","02/24/2022","$34,000,000,000","No","No","$37,448,802,200"
"912810TE8","Bond","30-Year","02/17/2022","02/28/2022","02/15/2052","98.102682","No","","$82,409,000,000","No","0.125%","02/28/2022","$9,000,000,000","No","Yes","$10,541,851,400"
"912796S91","Bill","4-Week","02/17/2022","02/22/2022","03/22/2022","99.993778","No","$83,572,000,000","$129,999,000,000","No","","02/22/2022","$50,000,000,000","Yes","No","$53,452,805,300"
"912796T90","Bill","8-Week","02/17/2022","02/22/2022","04/19/2022","99.961111","No","$35,001,000,000","$129,999,000,000","No","","02/22/2022","$40,000,000,000","Yes","No","$42,761,813,300"
"912810TF5","Bond","20-Year","02/16/2022","02/28/2022","02/15/2042","99.667386","No","","$82,409,000,000","No","2.375%","02/28/2022","$19,000,000,000","No","No","$22,255,007,600"
"912796W21","Bill","119-Day","02/16/2022","02/22/2022","06/21/2022","99.818194","Yes","","","No","","02/22/2022","$40,000,000,000","No","No","$40,000,751,000"
"912796H44","Bill","13-Week","02/14/2022","02/17/2022","05/19/2022","99.888778","No","$95,827,000,000","$104,996,000,000","No","","02/17/2022","$60,000,000,000","Yes","No","$67,601,899,500"
"912796T41","Bill","26-Week","02/14/2022","02/17/2022","08/18/2022","99.610722","No","","$104,996,000,000","No","","02/17/2022","$51,000,000,000","No","No","$57,460,946,200"
"912796S83","Bill","4-Week","02/10/2022","02/15/2022","03/15/2022","99.998444","No","$83,449,000,000","$110,007,000,000","No","","02/15/2022","$50,000,000,000","Yes","No","$53,340,817,500"
"912796T82","Bill","8-Week","02/10/2022","02/15/2022","04/12/2022","99.961111","No","$35,000,000,000","$110,007,000,000","No","","02/15/2022","$40,000,000,000","Yes","No","$42,672,888,300"
"912810TD0","Bond","30-Year","02/10/2022","02/15/2022","02/15/2052","98.067757","No","","$54,805,000,000","No","2.250%","02/15/2022","$23,000,000,000","No","No","$36,914,133,100"
"912796V97","Bill","119-Day","02/09/2022","02/15/2022","06/14/2022","99.857861","Yes","","","No","","02/15/2022","$40,000,000,000","No","No","$40,000,598,000"
"91282CDY4","Note","10-Year","02/09/2022","02/15/2022","02/15/2032","99.737071","No","","$54,805,000,000","No","1.875%","02/15/2022","$37,000,000,000","No","No","$59,383,597,100"
"91282CDZ1","Note","3-Year","02/08/2022","02/15/2022","02/15/2025","99.731529","No","","$54,805,000,000","No","1.500%","02/15/2022","$50,000,000,000","No","No","$80,248,121,000"
"912796Q28","Bill","13-Week","02/07/2022","02/10/2022","05/12/2022","99.926694","No","$53,540,000,000","$105,000,000,000","No","","02/10/2022","$60,000,000,000","Yes","No","$66,488,048,400"
"912796L64","Bill","26-Week","02/07/2022","02/10/2022","08/11/2022","99.706778","No","$37,847,000,000","$105,000,000,000","No","","02/10/2022","$51,000,000,000","Yes","No","$56,514,293,400"
"912796S75","Bill","4-Week","02/03/2022","02/08/2022","03/08/2022","99.997278","No","$82,817,000,000","$104,997,000,000","No","","02/08/2022","$50,000,000,000","Yes","No","$53,803,046,300"
"912796T74","Bill","8-Week","02/03/2022","02/08/2022","04/05/2022","99.978222","No","$40,001,000,000","$104,997,000,000","No","","02/08/2022","$40,000,000,000","Yes","No","$43,041,663,600"
"912796V89","Bill","119-Day","02/02/2022","02/08/2022","06/07/2022","99.887611","Yes","","","No","","02/08/2022","$40,000,000,000","No","No","$40,000,672,000"
"912796P45","Bill","13-Week","01/31/2022","02/03/2022","05/05/2022","99.939333","No","$55,212,000,000","$105,004,000,000","No","","02/03/2022","$60,000,000,000","Yes","No","$68,258,089,900"
"912796S67","Bill","26-Week","01/31/2022","02/03/2022","08/04/2022","99.747222","No","","$105,004,000,000","No","","02/03/2022","$51,000,000,000","No","No","$58,018,485,000"
"912796S26","Bill","4-Week","01/27/2022","02/01/2022","03/01/2022","99.997278","No","$82,077,000,000","$105,001,000,000","No","","02/01/2022","$50,000,000,000","Yes","No","$53,324,762,700"
"912796T25","Bill","8-Week","01/27/2022","02/01/2022","03/29/2022","99.978222","No","$40,001,000,000","$105,001,000,000","No","","02/01/2022","$40,000,000,000","Yes","No","$42,659,613,200"
"91282CDW8","Note","7-Year","01/27/2022","01/31/2022","01/31/2029","99.875422","No","","$133,872,000,000","No","1.750%","01/31/2022","$53,000,000,000","No","No","$60,921,526,900"
"912796V30","Bill","119-Day","01/26/2022","02/01/2022","05/31/2022","99.907444","Yes","","","No","","02/01/2022","$40,000,000,000","No","No","$40,000,210,200"
"91282CDU2","Note","2-Year","01/26/2022","01/31/2022","01/31/2024","100.000000","No","","$133,872,000,000","Yes","","01/31/2022","$26,000,000,000","No","No","$29,886,042,100"
"912828Z78","Note","5-Year","01/25/2022","01/31/2022","01/31/2027","99.841748","No","","$133,872,000,000","No","1.500%","01/31/2022","$55,000,000,000","Yes","No","$63,220,529,200"
"912796S34","Bill","52-Week","01/25/2022","01/27/2022","01/26/2023","99.363000","No","","$139,008,000,000","No","","01/27/2022","$34,000,000,000","No","No","$38,138,467,400"
"91282CDV0","Note","2-Year","01/24/2022","01/31/2022","01/31/2024","99.772818","No","","$133,872,000,000","No","0.875%","01/31/2022","$54,000,000,000","No","No","$62,071,266,800"
"912796P37","Bill","13-Week","01/24/2022","01/27/2022","04/28/2022","99.951972","No","$53,913,000,000","$139,008,000,000","No","","01/27/2022","$60,000,000,000","Yes","No","$67,303,430,600"
"912796S59","Bill","26-Week","01/24/2022","01/27/2022","07/28/2022","99.807889","No","","$139,008,000,000","No","","01/27/2022","$51,000,000,000","No","No","$57,208,629,400"
"91282CDX6","Note","10-Year","01/20/2022","01/31/2022","01/15/2032","107.081463","No","","$133,872,000,000","No","0.125%","01/31/2022","$16,000,000,000","No","Yes","$18,391,416,900"
"912796R92","Bill","4-Week","01/20/2022","01/25/2022","02/22/2022","99.996889","No","$81,752,000,000","$105,001,000,000","No","","01/25/2022","$50,000,000,000","Yes","No","$54,464,445,500"
"912796S91","Bill","8-Week","01/20/2022","01/25/2022","03/22/2022","99.986778","No","$40,001,000,000","$105,001,000,000","No","","01/25/2022","$40,000,000,000","Yes","No","$43,571,145,500"
"912810TC2","Bond","19-Year 10-Month","01/19/2022","01/31/2022","11/15/2041","96.646052","No","$47,637,000,000","$133,872,000,000","No","2.000%","01/31/2022","$20,000,000,000","Yes","No","$22,989,260,500"
"912796V22","Bill","119-Day","01/19/2022","01/25/2022","05/24/2022","99.909097","Yes","","","No","","01/25/2022","$40,000,000,000","No","No","$40,000,806,000"
"912796G45","Bill","13-Week","01/18/2022","01/20/2022","04/21/2022","99.957028","No","$89,555,000,000","$98,998,000,000","No","","01/20/2022","$60,000,000,000","Yes","No","$67,428,465,600"
"912796S42","Bill","26-Week","01/18/2022","01/20/2022","07/21/2022","99.815472","No","","$98,998,000,000","No","","01/20/2022","$51,000,000,000","No","No","$57,313,967,900"
"912796R84","Bill","4-Week","01/13/2022","01/18/2022","02/15/2022","99.996889","No","$61,711,000,000","$85,000,000,000","No","","01/18/2022","$50,000,000,000","Yes","No","$54,305,899,400"
"912796S83","Bill","8-Week","01/13/2022","01/18/2022","03/15/2022","99.992222","No","$40,002,000,000","$85,000,000,000","No","","01/18/2022","$40,000,000,000","Yes","No","$43,444,501,000"
"912810TB4","Bond","29-Year 10-Month","01/13/2022","01/18/2022","11/15/2051","95.566819","No","$64,705,000,000","$70,901,000,000","No","1.875%","01/15/2022","$22,000,000,000","Yes","No","$25,529,881,900"
"912796U98","Bill","119-Day","01/12/2022","01/18/2022","05/17/2022","99.933889","Yes","","","No","","01/18/2022","$40,000,000,000","No","No","$40,000,196,000"
"91282CDJ7","Note","9-Year 10-Month","01/12/2022","01/18/2022","11/15/2031","96.866042","No","$102,868,000,000","$70,901,000,000","No","1.375%","01/15/2022","$36,000,000,000","Yes","No","$41,776,170,100"
"91282CDS7","Note","3-Year","01/11/2022","01/18/2022","01/15/2025","99.671988","No","","$70,901,000,000","No","1.125%","01/15/2022","$52,000,000,000","No","No","$60,343,434,900"
"912796P29","Bill","13-Week","01/10/2022","01/13/2022","04/14/2022","99.969667","No","$48,267,000,000","$152,999,000,000","No","","01/13/2022","$60,000,000,000","Yes","No","$66,765,659,500"
"912796K57","Bill","26-Week","01/10/2022","01/13/2022","07/14/2022","99.860972","No","$38,166,000,000","$152,999,000,000","No","","01/13/2022","$51,000,000,000","Yes","No","$56,750,853,200"
"912796R76","Bill","4-Week","01/06/2022","01/11/2022","02/08/2022","99.996111","No","$58,313,000,000","$64,999,000,000","No","","01/11/2022","$50,000,000,000","Yes","No","$53,528,423,800"
"912796S75","Bill","8-Week","01/06/2022","01/11/2022","03/08/2022","99.991444","No","$40,000,000,000","$64,999,000,000","No","","01/11/2022","$40,000,000,000","Yes","No","$42,821,936,100"
"912796U80","Bill","119-Day","01/05/2022","01/11/2022","05/10/2022","99.950417","Yes","","","No","","01/11/2022","$40,000,000,000","No","No","$40,001,492,500"
"912796N47","Bill","13-Week","01/03/2022","01/06/2022","04/07/2022","99.977250","No","$48,958,000,000","$96,001,000,000","No","","01/06/2022","$60,000,000,000","Yes","No","$67,465,952,300"
"912796R68","Bill","26-Week","01/03/2022","01/06/2022","07/07/2022","99.888778","No","","$96,001,000,000","No","","01/06/2022","$51,000,000,000","No","No","$57,345,989,100"
"912796Q93","Bill","4-Week","12/30/2021","01/04/2022","02/01/2022","99.995722","No","$58,388,000,000","$65,002,000,000","No","","01/04/2022","$50,000,000,000","Yes","No","$52,596,785,500"
"912796S26","Bill","8-Week","12/30/2021","01/04/2022","03/01/2022","99.991444","No","$40,000,000,000","$65,002,000,000","No","","01/04/2022","$40,000,000,000","Yes","No","$42,078,065,000"
"912796U72","Bill","119-Day","12/29/2021","01/04/2022","05/03/2022","99.958681","Yes","","","No","","01/04/2022","$40,000,000,000","No","No","$40,000,607,500"
"91282CDE8","Note","1-Year 10-Month","12/29/2021","12/31/2021","10/31/2023","100.009279","No","$54,843,000,000","$80,037,000,000","Yes","","12/31/2021","$24,000,000,000","Yes","No","$27,261,069,200"
"91282CDP3","Note","7-Year","12/29/2021","12/31/2021","12/31/2028","99.304232","No","","$80,037,000,000","No","1.375%","12/31/2021","$56,000,000,000","No","No","$63,608,177,100"
"91282CDQ1","Note","5-Year","12/28/2021","12/31/2021","12/31/2026","99.937202","No","","$80,037,000,000","No","1.250%","12/31/2021","$57,000,000,000","No","No","$64,744,045,600"
"912796R27","Bill","52-Week","12/28/2021","12/30/2021","12/29/2022","99.605667","No","","$130,002,000,000","No","","12/30/2021","$34,000,000,000","No","No","$38,798,516,900"
"91282CDR9","Note","2-Year","12/27/2021","12/31/2021","12/31/2023","99.962362","No","","$80,037,000,000","No","0.750%","12/31/2021","$56,000,000,000","No","No","$63,608,352,900"
"912796N39","Bill","13-Week","12/27/2021","12/30/2021","03/31/2022","99.978514","No","$49,217,000,000","$130,002,000,000","No","","12/30/2021","$60,000,000,000","Yes","No","$68,467,986,700"
"912796R50","Bill","26-Week","12/27/2021","12/30/2021","06/30/2022","99.893833","No","","$130,002,000,000","No","","12/30/2021","$51,000,000,000","No","No","$58,197,749,500"
"912796Q85","Bill","4-Week","12/23/2021","12/28/2021","01/25/2022","99.996889","No","$60,850,000,000","$64,997,000,000","No","","12/28/2021","$50,000,000,000","Yes","No","$52,185,604,900"
"912796R92","Bill","8-Week","12/23/2021","12/28/2021","02/22/2022","99.992222","No","$40,002,000,000","$64,997,000,000","No","","12/28/2021","$40,000,000,000","Yes","No","$41,749,434,100"
"91282CDC2","Note","4-Year 10-Month","12/22/2021","12/31/2021","10/15/2026","109.428984","No","$18,999,000,000","$80,037,000,000","No","0.125%","12/31/2021","$17,000,000,000","Yes","Yes","$19,309,655,800"
"912796U23","Bill","119-Day","12/22/2021","12/28/2021","04/26/2022","99.963639","Yes","","","No","","12/28/2021","$40,000,000,000","No","No","$40,000,159,000"
"912810TC2","Bond","19-Year 11-Month","12/21/2021","12/31/2021","11/15/2041","100.950671","No","$24,920,000,000","$80,037,000,000","No","2.000%","12/31/2021","$20,000,000,000","Yes","No","$22,717,275,700"
"912796F38","Bill","13-Week","12/20/2021","12/23/2021","03/24/2022","99.981042","No","$82,203,000,000","$129,002,000,000","No","","12/23/2021","$60,000,000,000","Yes","No","$62,130,234,400"
"912796R43","Bill","26-Week","12/20/2021","12/23/2021","06/23/2022","99.919111","No","","$129,002,000,000","No","","12/23/2021","$51,000,000,000","No","No","$52,810,903,900"
"912796M97","Bill","78-Day","12/20/2021","12/22/2021","03/10/2022","99.984833","Yes","$114,987,000,000","","No","","12/22/2021","$60,000,000,000","Yes","No","$60,000,443,800"
"912796K73","Bill","23-Day","12/17/2021","12/21/2021","01/13/2022","99.996806","Yes","$105,514,000,000","","No","","12/21/2021","$60,000,000,000","Yes","No","$60,000,084,000"
"912796Q77","Bill","4-Week","12/16/2021","12/21/2021","01/18/2022","99.997667","No","$60,699,000,000","$65,003,000,000","No","","12/21/2021","$30,000,000,000","Yes","No","$32,050,544,400"
"912796R84","Bill","8-Week","12/16/2021","12/21/2021","02/15/2022","99.992222","No","$35,002,000,000","$65,003,000,000","No","","12/21/2021","$25,000,000,000","Yes","No","$26,708,910,600"
"912796T90","Bill","119-Day","12/15/2021","12/21/2021","04/19/2022","99.970250","Yes","","","No","","12/21/2021","$35,000,000,000","No","No","$35,000,504,000"
"912796N21","Bill","13-Week","12/13/2021","12/16/2021","03/17/2022","99.986097","No","$49,966,000,000","$142,001,000,000","No","","12/16/2021","$57,000,000,000","Yes","No","$62,587,247,300"
"912796J42","Bill","26-Week","12/13/2021","12/16/2021","06/16/2022","99.934278","No","$37,331,000,000","$142,001,000,000","No","","12/16/2021","$51,000,000,000","Yes","No","$55,998,706,800"
"912810TB4","Bond","29-Year 11-Month","12/09/2021","12/15/2021","11/15/2051","99.543665","No","$39,461,000,000","$21,485,000,000","No","1.875%","12/15/2021","$22,000,000,000","Yes","No","$25,244,019,100"
"912796Q69","Bill","4-Week","12/09/2021","12/14/2021","01/11/2022","99.997667","No","$60,023,000,000","$125,000,000,000","No","","12/14/2021","$10,000,000,000","Yes","No","$11,326,954,300"
"912796R76","Bill","8-Week","12/09/2021","12/14/2021","02/08/2022","99.992222","No","$30,000,000,000","$125,000,000,000","No","","12/14/2021","$25,000,000,000","Yes","No","$28,317,813,900"
"91282CDJ7","Note","9-Year 11-Month","12/08/2021","12/15/2021","11/15/2031","98.687294","No","$61,560,000,000","$21,485,000,000","No","1.375%","12/15/2021","$36,000,000,000","Yes","No","$41,308,393,200"
"912796T82","Bill","119-Day","12/08/2021","12/14/2021","04/12/2022","99.970250","Yes","","","No","","12/14/2021","$35,000,000,000","No","No","$35,000,113,000"
"91282CDN8","Note","3-Year","12/07/2021","12/15/2021","12/15/2024","100.000000","No","","$21,485,000,000","No","1.000%","12/15/2021","$54,000,000,000","No","No","$61,962,809,400"
"912796M97","Bill","13-Week","12/06/2021","12/09/2021","03/10/2022","99.986097","No","$52,827,000,000","$105,002,000,000","No","","12/09/2021","$57,000,000,000","Yes","No","$62,159,982,200"
"912796R35","Bill","26-Week","12/06/2021","12/09/2021","06/09/2022","99.946917","No","","$105,002,000,000","No","","12/09/2021","$51,000,000,000","No","No","$55,615,811,500"
"912796Q51","Bill","4-Week","12/02/2021","12/07/2021","01/04/2022","99.996889","No","$58,320,000,000","$65,001,000,000","No","","12/07/2021","$10,000,000,000","Yes","No","$11,355,002,500"
"912796Q93","Bill","8-Week","12/02/2021","12/07/2021","02/01/2022","99.993000","No","$30,000,000,000","$65,001,000,000","No","","12/07/2021","$25,000,000,000","Yes","No","$28,387,988,800"
"912810TC2","Bond","19-Year 11-Month","12/02/2021","12/06/2021","11/15/2041","102.121152","No","$24,895,000,000","$0","No","2.000%","12/06/2021","$25,000,000","Yes","No","$25,000,100"
"912796ZX0","Bill","8-Day","12/01/2021","12/07/2021","12/15/2021","99.996444","Yes","$80,001,000,000","","No","","12/07/2021","$40,000,000,000","Yes","No","$40,000,156,000"
"912796T74","Bill","119-Day","12/01/2021","12/07/2021","04/05/2022","99.975208","Yes","","","No","","12/07/2021","$40,000,000,000","No","No","$40,001,321,900"
"912796J75","Bill","21-Day","11/30/2021","12/02/2021","12/23/2021","99.990667","Yes","$102,943,000,000","","No","","12/02/2021","$30,000,000,000","Yes","No","$30,000,101,000"
"912796P94","Bill","52-Week","11/30/2021","12/02/2021","12/01/2022","99.757333","No","","$199,005,000,000","No","","12/02/2021","$34,000,000,000","No","No","$38,686,130,600"
"912796L98","Bill","13-Week","11/29/2021","12/02/2021","03/03/2022","99.987361","No","$54,987,000,000","$199,005,000,000","No","","12/02/2021","$57,000,000,000","Yes","No","$64,856,704,600"
"912796Q44","Bill","26-Week","11/29/2021","12/02/2021","06/02/2022","99.954500","No","","$199,005,000,000","No","","12/02/2021","$51,000,000,000","No","No","$58,030,135,300"
"912796P60","Bill","14-Day","11/24/2021","11/30/2021","12/14/2021","99.997667","Yes","$69,644,000,000","","No","","11/30/2021","$60,000,000,000","Yes","No","$60,000,191,000"
"912796P86","Bill","4-Week","11/24/2021","11/30/2021","12/28/2021","99.990278","No","$56,596,000,000","$175,011,000,000","No","","11/30/2021","$10,000,000,000","Yes","No","$12,339,773,900"
"912796Q85","Bill","8-Week","11/24/2021","11/30/2021","01/25/2022","99.993000","No","$30,001,000,000","$175,011,000,000","No","","11/30/2021","$25,000,000,000","Yes","No","$30,849,479,400"
"912796T25","Bill","119-Day","11/24/2021","11/30/2021","03/29/2022","99.976861","Yes","","","No","","11/30/2021","$40,000,000,000","No","No","$40,000,656,900"
"91282CDL2","Note","7-Year","11/23/2021","11/30/2021","11/30/2028","99.419180","No","","$92,237,000,000","No","1.500%","11/30/2021","$59,000,000,000","No","No","$63,862,990,700"
"912796Y94","Bill","35-Day","11/23/2021","11/26/2021","12/31/2021","99.985417","Yes","","","No","","11/26/2021","$40,000,000,000","No","No","$40,000,176,000"
"91282CDE8","Note","1-Year 11-Month","11/23/2021","11/26/2021","10/31/2023","99.994138","No","$30,844,000,000","$0","Yes","","11/26/2021","$24,000,000,000","Yes","No","$24,000,063,100"
"91282CDM0","Note","2-Year","11/22/2021","11/30/2021","11/30/2023","99.755904","No","","$92,237,000,000","No","0.500%","11/30/2021","$58,000,000,000","No","No","$62,780,583,800"
"91282CDK4","Note","5-Year","11/22/2021","11/30/2021","11/30/2026","99.667191","No","","$92,237,000,000","No","1.250%","11/30/2021","$59,000,000,000","No","No","$63,863,050,800"
"912796D30","Bill","13-Week","11/22/2021","11/26/2021","02/24/2022","99.987500","No","$91,079,000,000","$165,003,000,000","No","","11/26/2021","$57,000,000,000","Yes","No","$62,625,667,100"
"912796Q36","Bill","26-Week","11/22/2021","11/26/2021","05/26/2022","99.964806","No","","$165,003,000,000","No","","11/26/2021","$51,000,000,000","No","No","$56,034,496,300"
"91282CCM1","Note","9-Year 8-Month","11/18/2021","11/30/2021","07/15/2031","115.601579","No","$31,685,000,000","$92,237,000,000","No","0.125%","11/30/2021","$14,000,000,000","Yes","Yes","$15,153,946,400"
"912796P78","Bill","4-Week","11/18/2021","11/23/2021","12/21/2021","99.991444","No","$56,488,000,000","$114,998,000,000","No","","11/23/2021","$10,000,000,000","Yes","No","$12,279,339,400"
"912796Q77","Bill","8-Week","11/18/2021","11/23/2021","01/18/2022","99.993000","No","$30,001,000,000","$114,998,000,000","No","","11/23/2021","$25,000,000,000","Yes","No","$30,698,321,100"
"912810TC2","Bond","20-Year","11/17/2021","11/30/2021","11/15/2041","98.940421","No","","$92,237,000,000","No","2.000%","11/30/2021","$23,000,000,000","No","No","$24,895,749,600"
"912796ZX0","Bill","22-Day","11/17/2021","11/23/2021","12/15/2021","99.992056","Yes","$40,000,000,000","","No","","11/23/2021","$40,000,000,000","Yes","No","$40,000,111,000"
"912796S91","Bill","119-Day","11/17/2021","11/23/2021","03/22/2022","99.981819","Yes","","","No","","11/23/2021","$40,000,000,000","No","No","$40,001,120,000"
"9127965G0","Bill","14-Day","11/16/2021","11/18/2021","12/02/2021","99.997861","Yes","$158,574,000,000","","No","","11/18/2021","$60,000,000,000","Yes","No","$60,000,835,400"
"912796L80","Bill","13-Week","11/15/2021","11/18/2021","02/17/2022","99.988625","No","$54,720,000,000","$164,999,000,000","No","","11/18/2021","$57,000,000,000","Yes","No","$64,340,059,600"
"912796H44","Bill","26-Week","11/15/2021","11/18/2021","05/19/2022","99.967139","No","$38,260,000,000","$164,999,000,000","No","","11/18/2021","$51,000,000,000","Yes","No","$57,568,599,200"
"912796P60","Bill","4-Week","11/10/2021","11/16/2021","12/14/2021","99.996111","No","$57,638,000,000","$84,999,000,000","No","","11/16/2021","$10,000,000,000","Yes","No","$12,008,260,200"
"912796Q69","Bill","8-Week","11/10/2021","11/16/2021","01/11/2022","99.990667","No","$30,002,000,000","$84,999,000,000","No","","11/16/2021","$25,000,000,000","Yes","No","$30,021,268,100"
"912796S83","Bill","119-Day","11/10/2021","11/16/2021","03/15/2022","99.981819","Yes","","","No","","11/16/2021","$40,000,000,000","No","No","$40,001,635,000"
"912810TB4","Bond","30-Year","11/10/2021","11/15/2021","11/15/2051","98.526943","No","","$75,855,000,000","No","1.875%","11/15/2021","$25,000,000,000","No","No","$39,461,425,700"
"91282CDJ7","Note","10-Year","11/09/2021","11/15/2021","11/15/2031","99.359650","No","","$75,855,000,000","No","1.375%","11/15/2021","$39,000,000,000","No","No","$61,559,787,100"
"91282CDH1","Note","3-Year","11/08/2021","11/15/2021","11/15/2024","100.000000","No","","$75,855,000,000","No","0.750%","11/15/2021","$56,000,000,000","No","No","$88,393,596,100"
"912796L72","Bill","13-Week","11/08/2021","11/12/2021","02/10/2022","99.988750","No","$56,769,000,000","$108,000,000,000","No","","11/12/2021","$54,000,000,000","Yes","No","$60,232,111,200"
"912796Q28","Bill","26-Week","11/08/2021","11/12/2021","05/12/2022","99.967319","No","","$108,000,000,000","No","","11/12/2021","$48,000,000,000","No","No","$53,540,792,900"
"912796P52","Bill","4-Week","11/04/2021","11/09/2021","12/07/2021","99.996889","No","$58,416,000,000","$74,994,000,000","No","","11/09/2021","$10,000,000,000","Yes","No","$11,327,784,800"
"912796Q51","Bill","8-Week","11/04/2021","11/09/2021","01/04/2022","99.991444","No","$30,001,000,000","$74,994,000,000","No","","11/09/2021","$25,000,000,000","Yes","No","$28,319,250,300"
"912796S75","Bill","119-Day","11/03/2021","11/09/2021","03/08/2022","99.981819","Yes","","","No","","11/09/2021","$40,000,000,000","No","No","$40,000,090,400"
"912796N96","Bill","52-Week","11/02/2021","11/04/2021","11/03/2022","99.838222","No","","$142,002,000,000","No","","11/04/2021","$34,000,000,000","No","No","$39,106,625,800"
"912796K99","Bill","13-Week","11/01/2021","11/04/2021","02/03/2022","99.987361","No","$58,167,000,000","$142,002,000,000","No","","11/04/2021","$54,000,000,000","Yes","No","$62,112,052,400"
"912796P45","Bill","26-Week","11/01/2021","11/04/2021","05/05/2022","99.967139","No","","$142,002,000,000","No","","11/04/2021","$48,000,000,000","No","No","$55,210,450,900"
"912796N88","Bill","4-Week","10/28/2021","11/02/2021","11/30/2021","99.995722","No","$119,371,000,000","$75,004,000,000","No","","11/02/2021","$60,000,000,000","Yes","No","$63,830,397,600"
"912796P86","Bill","8-Week","10/28/2021","11/02/2021","12/28/2021","99.985222","No","$30,003,000,000","$75,004,000,000","No","","11/02/2021","$25,000,000,000","Yes","No","$26,594,278,800"
"91282CDF5","Note","7-Year","10/28/2021","11/01/2021","10/31/2028","99.429922","No","","$143,457,000,000","No","1.375%","10/31/2021","$62,000,000,000","No","No","$68,303,284,400"
"912796S26","Bill","119-Day","10/27/2021","11/02/2021","03/01/2022","99.981819","Yes","","","No","","11/02/2021","$40,000,000,000","No","No","$40,000,108,600"
"91282CDE8","Note","2-Year","10/27/2021","11/01/2021","10/31/2023","100.000000","No","","$143,457,000,000","Yes","","10/31/2021","$28,000,000,000","No","No","$30,846,849,000"
"91282CDG3","Note","5-Year","10/27/2021","11/01/2021","10/31/2026","99.845040","No","","$143,457,000,000","No","1.125%","10/31/2021","$61,000,000,000","No","No","$67,201,668,600"
"91282CDD0","Note","2-Year","10/26/2021","11/01/2021","10/31/2023","99.789555","No","","$143,457,000,000","No","0.375%","10/31/2021","$60,000,000,000","No","No","$66,099,945,100"
"912796ZX0","Bill","48-Day","10/26/2021","10/28/2021","12/15/2021","99.986667","Yes","","","No","","10/28/2021","$40,000,000,000","No","No","$40,000,408,000"