"CUSIP","Security Type","Security Term","Auction Date","Issue Date","Maturity Date","Price per $100","Cash Management Bill (CMB)","Currently Outstanding","Estimated Amount of Publicly Held Maturing Securities by Type","Floating Rate","Interest Rate","Maturing Date","Offering Amount","Reopening","TIPS","Total Accepted"
"912795AP6","Bill","13-Week","07/27/1998","07/30/1998","10/29/1998","","No","","","No","","07/30/1998","$5,750,000,000","Yes","No","$8,878,805,000"
"912795AZ4","Bill","26-Week","07/27/1998","07/30/1998","01/28/1999","","No","","","No","","07/30/1998","$7,250,000,000","No","No","$11,539,775,000"
"912795AN1","Bill","13-Week","07/20/1998","07/23/1998","10/22/1998","","No","","","No","","07/23/1998","$5,750,000,000","Yes","No","$9,204,122,000"
"912795AY7","Bill","26-Week","07/20/1998","07/23/1998","01/21/1999","","No","","","No","","07/23/1998","$7,250,000,000","No","No","$11,109,104,000"
"912795BZ3","Bill","52-Week","07/16/1998","07/23/1998","07/22/1999","","No","","","No","","07/23/1998","$10,000,000,000","No","No","$15,747,484,000"
"9127945A8","Bill","13-Week","07/13/1998","07/16/1998","10/15/1998","","No","","","No","","07/16/1998","$5,750,000,000","Yes","No","$8,920,192,000"
"912795AX9","Bill","26-Week","07/13/1998","07/16/1998","01/14/1999","","No","","","No","","07/16/1998","$7,250,000,000","No","No","$11,191,379,000"
"912810FD5","Bond","29-Year 9-Month","07/08/1998","07/15/1998","04/15/2028","99.550","No","","","No","3.625%","","$8,000,000,000","Yes","Yes","$8,404,017,000"
"912795AM3","Bill","13-Week","07/06/1998","07/09/1998","10/08/1998","","No","","","No","","07/09/1998","$5,750,000,000","Yes","No","$8,786,758,000"
"912795BS9","Bill","26-Week","07/06/1998","07/09/1998","01/07/1999","","No","","","No","","07/09/1998","$7,250,000,000","Yes","No","$12,157,848,000"
"912795AL5","Bill","13-Week","06/29/1998","07/02/1998","10/01/1998","","No","","","No","","07/02/1998","$5,750,000,000","Yes","No","$9,018,289,000"
"912795AW1","Bill","26-Week","06/29/1998","07/02/1998","12/31/1998","","No","","","No","","07/02/1998","$7,250,000,000","No","No","$12,132,607,000"
"9128274K5","Note","5-Year","06/24/1998","06/30/1998","06/30/2003","99.658","No","","","No","5.375%","06/30/1998","$11,000,000,000","No","No","$13,116,157,000"
"9128274J8","Note","2-Year","06/23/1998","06/30/1998","06/30/2000","99.776","No","","","No","5.375%","06/30/1998","$12,000,000,000","No","No","$14,904,150,000"
"912795AK7","Bill","13-Week","06/22/1998","06/25/1998","09/24/1998","","No","","","No","","06/25/1998","$5,750,000,000","Yes","No","$9,166,002,000"
"912795AV3","Bill","26-Week","06/22/1998","06/25/1998","12/24/1998","","No","","","No","","06/25/1998","$7,250,000,000","No","No","$11,868,522,000"
"912795BY6","Bill","52-Week","06/18/1998","06/25/1998","06/24/1999","","No","","","No","","06/25/1998","$10,000,000,000","No","No","$15,072,779,000"
"9127944Z4","Bill","13-Week","06/15/1998","06/18/1998","09/17/1998","","No","","","No","","06/18/1998","$5,750,000,000","Yes","No","$8,698,810,000"
"912795AU5","Bill","26-Week","06/15/1998","06/18/1998","12/17/1998","","No","","","No","","06/18/1998","$7,250,000,000","No","No","$11,220,429,000"
"912795AJ0","Bill","13-Week","06/08/1998","06/11/1998","09/10/1998","","No","","","No","","06/11/1998","$5,750,000,000","Yes","No","$9,247,705,000"
"9127945C4","Bill","26-Week","06/08/1998","06/11/1998","12/10/1998","","No","","","No","","06/11/1998","$7,250,000,000","Yes","No","$11,548,354,000"
"912795EK3","Bill","12-Day","06/02/1998","06/03/1998","06/15/1998","","Yes","","","No","","","$15,000,000,000","No","No","$15,003,900,000"
"912795AH4","Bill","13-Week","06/01/1998","06/04/1998","09/03/1998","","No","","","No","","06/04/1998","$5,750,000,000","Yes","No","$9,278,451,000"
"912795AT8","Bill","26-Week","06/01/1998","06/04/1998","12/03/1998","","No","","","No","","06/04/1998","$7,250,000,000","No","No","$11,163,135,000"
"9128274H2","Note","5-Year","05/28/1998","06/01/1998","05/31/2003","99.676","No","","","No","5.500%","05/31/1998","$11,000,000,000","No","No","$13,115,216,000"
"9128274G4","Note","2-Year","05/27/1998","06/01/1998","05/31/2000","99.944","No","","","No","5.500%","05/31/1998","$13,000,000,000","No","No","$16,525,680,000"
"912795AG6","Bill","13-Week","05/26/1998","05/28/1998","08/27/1998","","No","","","No","","05/28/1998","$5,750,000,000","Yes","No","$9,745,586,000"
"912795AS0","Bill","26-Week","05/26/1998","05/28/1998","11/27/1998","","No","","","No","","05/28/1998","$7,250,000,000","No","No","$11,295,259,000"
"912795BX8","Bill","52-Week","05/21/1998","05/28/1998","05/27/1999","","No","","","No","","05/28/1998","$10,000,000,000","No","No","$15,515,104,000"
"9127944Y7","Bill","13-Week","05/18/1998","05/21/1998","08/20/1998","","No","","","No","","05/21/1998","$5,750,000,000","Yes","No","$9,011,206,000"
"912795AR2","Bill","26-Week","05/18/1998","05/21/1998","11/19/1998","","No","","","No","","05/21/1998","$7,250,000,000","No","No","$11,340,389,000"
"9128274F6","Note","10-Year","05/13/1998","05/15/1998","05/15/2008","","No","","","No","5.625%","05/15/1998","$12,000,000,000","No","No","$14,772,032,000"
"9128274E9","Note","3-Year","05/12/1998","05/15/1998","05/15/2001","","No","","","No","5.625%","05/15/1998","$10,000,000,000","No","No","$12,856,544,000"
"912795AF8","Bill","13-Week","05/11/1998","05/14/1998","08/13/1998","","No","","","No","","05/14/1998","$5,750,000,000","Yes","No","$8,900,458,000"
"9127945B6","Bill","26-Week","05/11/1998","05/14/1998","11/12/1998","","No","","","No","","05/14/1998","$7,250,000,000","Yes","No","$11,867,390,000"
"912795AE1","Bill","13-Week","05/04/1998","05/07/1998","08/06/1998","","No","","","No","","05/07/1998","$5,750,000,000","Yes","No","$9,477,243,000"
"912795AQ4","Bill","26-Week","05/04/1998","05/07/1998","11/05/1998","","No","","","No","","05/07/1998","$7,250,000,000","No","No","$11,812,331,000"
"9128274D1","Note","5-Year","04/29/1998","04/30/1998","04/30/2003","99.807","No","","","No","5.750%","04/30/1998","$11,000,000,000","No","No","$12,560,495,000"
"9128274C3","Note","2-Year","04/28/1998","04/30/1998","04/30/2000","99.903","No","","","No","5.625%","04/30/1998","$13,000,000,000","No","No","$15,594,331,000"
"912795AD3","Bill","13-Week","04/27/1998","04/30/1998","07/30/1998","","No","","","No","","04/30/1998","$5,750,000,000","Yes","No","$9,516,026,000"
"912795AP6","Bill","26-Week","04/27/1998","04/30/1998","10/29/1998","","No","","","No","","04/30/1998","$7,250,000,000","No","No","$11,044,130,000"
"912795BW0","Bill","52-Week","04/23/1998","04/30/1998","04/29/1999","","No","","","No","","04/30/1998","$10,000,000,000","No","No","$15,319,547,000"
"9127944X9","Bill","13-Week","04/20/1998","04/23/1998","07/23/1998","","No","","","No","","04/23/1998","$5,750,000,000","Yes","No","$9,024,094,000"
"912795AN1","Bill","26-Week","04/20/1998","04/23/1998","10/22/1998","","No","","","No","","04/23/1998","$7,250,000,000","No","No","$10,743,523,000"
"912795AC5","Bill","13-Week","04/13/1998","04/16/1998","07/16/1998","","No","","","No","","04/16/1998","$5,750,000,000","Yes","No","$9,134,794,000"
"9127945A8","Bill","26-Week","04/13/1998","04/16/1998","10/15/1998","","No","","","No","","04/16/1998","$7,250,000,000","Yes","No","$11,419,466,000"
"912810FD5","Bond","30-Year","04/08/1998","04/15/1998","04/15/2028","97.937","No","","","No","3.625%","","$8,000,000,000","No","Yes","$8,402,158,000"
"912795AB7","Bill","13-Week","04/06/1998","04/09/1998","07/09/1998","","No","","","No","","04/09/1998","$5,750,000,000","Yes","No","$9,349,730,000"
"912795AM3","Bill","26-Week","04/06/1998","04/09/1998","10/08/1998","","No","","","No","","04/09/1998","$7,250,000,000","No","No","$10,767,004,000"
"9127946L3","Bill","13-Day","04/01/1998","04/03/1998","04/16/1998","","Yes","","","No","","","$19,000,000,000","Yes","No","$19,124,520,000"
"912795AA9","Bill","13-Week","03/30/1998","04/02/1998","07/02/1998","","No","","","No","","04/02/1998","$6,250,000,000","Yes","No","$9,870,624,000"
"912795AL5","Bill","26-Week","03/30/1998","04/02/1998","10/01/1998","","No","","","No","","04/02/1998","$7,250,000,000","No","No","$10,888,456,000"
"912795BV2","Bill","52-Week","03/26/1998","04/02/1998","04/01/1999","","No","","","No","","04/02/1998","$11,000,000,000","No","No","$16,727,162,000"
"9128274B5","Note","5-Year","03/25/1998","03/31/1998","03/31/2003","99.483","No","","","No","5.500%","03/31/1998","$11,000,000,000","No","No","$14,161,498,000"
"9128274A7","Note","2-Year","03/24/1998","03/31/1998","03/31/2000","100.000","No","","","No","5.500%","03/31/1998","$14,000,000,000","No","No","$17,161,941,000"
"9127944W1","Bill","13-Week","03/23/1998","03/26/1998","06/25/1998","","No","","","No","","03/26/1998","$6,250,000,000","Yes","No","$9,277,919,000"
"912795AK7","Bill","26-Week","03/23/1998","03/26/1998","09/24/1998","","No","","","No","","03/26/1998","$7,250,000,000","No","No","$10,363,015,000"
"9127946T6","Bill","13-Week","03/16/1998","03/19/1998","06/18/1998","","No","","","No","","03/19/1998","$6,250,000,000","Yes","No","$9,440,682,000"
"9127944Z4","Bill","26-Week","03/16/1998","03/19/1998","09/17/1998","","No","","","No","","03/19/1998","$7,250,000,000","Yes","No","$10,959,935,000"
"9127946S8","Bill","13-Week","03/09/1998","03/12/1998","06/11/1998","","No","","","No","","03/12/1998","$6,250,000,000","Yes","No","$10,175,436,000"
"912795AJ0","Bill","26-Week","03/09/1998","03/12/1998","09/10/1998","","No","","","No","","03/12/1998","$7,250,000,000","No","No","$11,347,374,000"
"9127946R0","Bill","13-Week","03/02/1998","03/05/1998","06/04/1998","","No","","","No","","03/05/1998","$7,250,000,000","Yes","No","$11,592,844,000"
"912795AH4","Bill","26-Week","03/02/1998","03/05/1998","09/03/1998","","No","","","No","","03/05/1998","$7,250,000,000","No","No","$10,819,024,000"
"912795BU4","Bill","52-Week","02/26/1998","03/05/1998","03/04/1999","","No","","","No","","03/05/1998","$12,000,000,000","No","No","$17,948,038,000"
"9127946L3","Bill","44-Day","02/26/1998","03/03/1998","04/16/1998","","Yes","","","No","","","$23,000,000,000","Yes","No","$23,376,375,000"
"9128273Z3","Note","5-Year","02/25/1998","03/02/1998","02/28/2003","99.547","No","","","No","5.500%","02/28/1998","$11,000,000,000","No","No","$13,656,043,000"
"9128273Y6","Note","2-Year","02/24/1998","03/02/1998","02/29/2000","99.930","No","","","No","5.500%","02/28/1998","$15,000,000,000","No","No","$17,733,589,000"
"9127944V3","Bill","13-Week","02/23/1998","02/26/1998","05/28/1998","","No","","","No","","02/26/1998","$7,250,000,000","Yes","No","$10,766,971,000"
"912795AG6","Bill","26-Week","02/23/1998","02/26/1998","08/27/1998","","No","","","No","","02/26/1998","$7,250,000,000","No","No","$10,843,775,000"
"9127946Q2","Bill","13-Week","02/17/1998","02/19/1998","05/21/1998","","No","","","No","","02/19/1998","$7,250,000,000","Yes","No","$10,897,228,000"
"9127944Y7","Bill","26-Week","02/17/1998","02/19/1998","08/20/1998","","No","","","No","","02/19/1998","$7,250,000,000","Yes","No","$11,331,922,000"
"9127946M1","Bill","65-Day","02/12/1998","02/17/1998","04/23/1998","","Yes","","","No","","","$22,000,000,000","Yes","No","$22,388,500,000"
"912810FB9","Bond","29-Year 9-Month","02/12/1998","02/17/1998","11/15/2027","","No","","","No","6.125%","02/15/1998","$10,000,000,000","Yes","No","$11,331,676,000"
"9128273X8","Note","10-Year","02/11/1998","02/17/1998","02/15/2008","","No","","","No","5.500%","02/15/1998","$12,000,000,000","No","No","$13,574,716,000"
"9128273W0","Note","3-Year","02/10/1998","02/17/1998","02/15/2001","","No","","","No","5.375%","02/15/1998","$13,000,000,000","No","No","$15,335,729,000"
"9127946P4","Bill","13-Week","02/09/1998","02/12/1998","05/14/1998","","No","","","No","","02/12/1998","$7,250,000,000","Yes","No","$11,115,106,000"
"912795AF8","Bill","26-Week","02/09/1998","02/12/1998","08/13/1998","","No","","","No","","02/12/1998","$7,250,000,000","No","No","$10,822,957,000"
"9127946N9","Bill","13-Week","02/02/1998","02/05/1998","05/07/1998","","No","","","No","","02/05/1998","$7,250,000,000","Yes","No","$11,514,298,000"
"912795AE1","Bill","26-Week","02/02/1998","02/05/1998","08/06/1998","","No","","","No","","02/05/1998","$7,250,000,000","No","No","$11,482,488,000"
"912795BT7","Bill","52-Week","01/29/1998","02/05/1998","02/04/1999","","No","","","No","","02/05/1998","$12,000,000,000","No","No","$19,169,574,000"
"9128273V2","Note","5-Year","01/28/1998","02/02/1998","01/31/2003","99.749","No","","","No","5.500%","01/31/1998","$11,000,000,000","No","No","$13,085,530,000"
"9128273U4","Note","2-Year","01/27/1998","02/02/1998","01/31/2000","99.878","No","","","No","5.375%","01/31/1998","$15,000,000,000","No","No","$17,449,768,000"
"9127944U5","Bill","13-Week","01/26/1998","01/29/1998","04/30/1998","","No","","","No","","01/29/1998","$7,250,000,000","Yes","No","$10,780,619,000"
"912795AD3","Bill","26-Week","01/26/1998","01/29/1998","07/30/1998","","No","","","No","","01/29/1998","$7,250,000,000","No","No","$10,308,324,000"
"9127946M1","Bill","13-Week","01/20/1998","01/22/1998","04/23/1998","","No","","","No","","01/22/1998","$7,250,000,000","Yes","No","$10,840,669,000"
"9127944X9","Bill","26-Week","01/20/1998","01/22/1998","07/23/1998","","No","","","No","","01/22/1998","$7,250,000,000","Yes","No","$10,907,237,000"
"9127946L3","Bill","13-Week","01/12/1998","01/15/1998","04/16/1998","","No","","","No","","01/15/1998","$7,250,000,000","Yes","No","$11,240,542,000"
"912795AC5","Bill","26-Week","01/12/1998","01/15/1998","07/16/1998","","No","","","No","","01/15/1998","$7,250,000,000","No","No","$11,752,450,000"
"9128273T7","Note","10-Year","01/08/1998","01/15/1998","01/15/2008","99.130","No","","","No","3.625%","","$8,000,000,000","No","Yes","$8,408,613,000"
"912795BS9","Bill","52-Week","01/06/1998","01/08/1998","01/07/1999","","No","","","No","","01/08/1998","$12,000,000,000","No","No","$17,813,541,000"
"9127946K5","Bill","13-Week","01/05/1998","01/08/1998","04/09/1998","","No","","","No","","01/08/1998","$7,250,000,000","Yes","No","$11,435,491,000"
"912795AB7","Bill","26-Week","01/05/1998","01/08/1998","07/09/1998","","No","","","No","","01/08/1998","$7,250,000,000","No","No","$12,256,648,000"
"9127944T8","Bill","13-Week","12/29/1997","01/02/1998","04/02/1998","","No","","","No","","01/02/1998","$7,250,000,000","Yes","No","$11,088,248,000"
"912795AA9","Bill","26-Week","12/29/1997","01/02/1998","07/02/1998","","No","","","No","","01/02/1998","$7,250,000,000","No","No","$10,750,220,000"
"9128273S9","Note","5-Year","12/23/1997","12/31/1997","12/31/2002","99.742","No","","","No","5.625%","12/31/1997","$11,000,000,000","No","No","$12,036,659,000"
"9128273R1","Note","2-Year","12/22/1997","12/31/1997","12/31/1999","99.879","No","","","No","5.625%","12/31/1997","$15,000,000,000","No","No","$16,698,658,000"
"9127946J8","Bill","13-Week","12/22/1997","12/26/1997","03/26/1998","","No","","","No","","12/26/1997","$7,250,000,000","Yes","No","$10,426,761,000"
"9127944W1","Bill","26-Week","12/22/1997","12/26/1997","06/25/1998","","No","","","No","","12/26/1997","$7,250,000,000","Yes","No","$10,472,597,000"
"9127946H2","Bill","13-Week","12/15/1997","12/18/1997","03/19/1998","","No","","","No","","12/18/1997","$7,250,000,000","Yes","No","$10,809,039,000"
"9127946T6","Bill","26-Week","12/15/1997","12/18/1997","06/18/1998","","No","","","No","","12/18/1997","$7,250,000,000","No","No","$11,301,350,000"
"9127946G4","Bill","13-Week","12/08/1997","12/11/1997","03/12/1998","","No","","","No","","12/11/1997","$7,250,000,000","Yes","No","$11,329,737,000"
"9127946S8","Bill","26-Week","12/08/1997","12/11/1997","06/11/1998","","No","","","No","","12/11/1997","$7,250,000,000","No","No","$11,296,821,000"
"9127945C4","Bill","52-Week","12/04/1997","12/11/1997","12/10/1998","","No","","","No","","12/11/1997","$12,000,000,000","No","No","$17,992,820,000"
"9127944S0","Bill","13-Week","12/01/1997","12/04/1997","03/05/1998","","No","","","No","","12/04/1997","$7,250,000,000","Yes","No","$10,834,406,000"
"9127946R0","Bill","26-Week","12/01/1997","12/04/1997","06/04/1998","","No","","","No","","12/04/1997","$7,250,000,000","No","No","$10,961,114,000"
"9127947B4","Bill","15-Day","11/25/1997","12/01/1997","12/16/1997","","Yes","","","No","","","$35,000,000,000","No","No","$35,209,200,000"
"9128273Q3","Note","5-Year","11/25/1997","12/01/1997","11/30/2002","99.918","No","","","No","5.750%","11/30/1997","$11,000,000,000","No","No","$12,102,576,000"
"9128273P5","Note","2-Year","11/24/1997","12/01/1997","11/30/1999","99.860","No","","","No","5.625%","11/30/1997","$15,000,000,000","No","No","$16,976,052,000"
"9127946F6","Bill","13-Week","11/24/1997","11/28/1997","02/26/1998","","No","","","No","","11/28/1997","$7,250,000,000","Yes","No","$10,543,939,000"
"9127944V3","Bill","26-Week","11/24/1997","11/28/1997","05/28/1998","","No","","","No","","11/28/1997","$7,250,000,000","Yes","No","$11,301,480,000"
"9127946E9","Bill","13-Week","11/17/1997","11/20/1997","02/19/1998","","No","","","No","","11/20/1997","$7,250,000,000","Yes","No","$10,909,775,000"
"9127946Q2","Bill","26-Week","11/17/1997","11/20/1997","05/21/1998","","No","","","No","","11/20/1997","$7,250,000,000","No","No","$10,820,894,000"
"9127946D1","Bill","13-Week","11/10/1997","11/13/1997","02/12/1998","","No","","","No","","11/13/1997","$7,500,000,000","Yes","No","$11,397,197,000"
"9127946P4","Bill","26-Week","11/10/1997","11/13/1997","05/14/1998","","No","","","No","","11/13/1997","$7,500,000,000","No","No","$10,861,664,000"
"912810FB9","Bond","30-Year","11/06/1997","11/17/1997","11/15/2027","","No","","","No","6.125%","11/15/1997","$10,000,000,000","No","No","$11,182,711,000"
"9127945B6","Bill","52-Week","11/06/1997","11/13/1997","11/12/1998","","No","","","No","","11/13/1997","$12,000,000,000","No","No","$18,427,542,000"
"9128273E0","Note","9-Year 9-Month","11/05/1997","11/17/1997","08/15/2007","","No","","","No","6.125%","11/15/1997","$11,000,000,000","Yes","No","$12,597,654,000"
"9128273M2","Note","3-Year","11/04/1997","11/17/1997","11/15/2000","","No","","","No","5.750%","11/15/1997","$14,000,000,000","No","No","$16,006,889,000"
"9127944R2","Bill","13-Week","11/03/1997","11/06/1997","02/05/1998","","No","","","No","","11/06/1997","$7,500,000,000","Yes","No","$11,060,061,000"
"9127946N9","Bill","26-Week","11/03/1997","11/06/1997","05/07/1998","","No","","","No","","11/06/1997","$7,500,000,000","No","No","$10,956,858,000"
"9127946B5","Bill","80-Day","10/30/1997","11/03/1997","01/22/1998","","Yes","","","No","","","$21,000,000,000","Yes","No","$21,139,435,000"
"9128273L4","Note","5-Year","10/29/1997","10/31/1997","10/31/2002","99.657","No","","","No","5.750%","10/31/1997","$11,000,000,000","No","No","$11,717,875,000"
"9128273K6","Note","2-Year","10/28/1997","10/31/1997","10/31/1999","99.823","No","","","No","5.625%","10/31/1997","$15,000,000,000","No","No","$16,784,898,000"
"9127946C3","Bill","13-Week","10/27/1997","10/30/1997","01/29/1998","","No","","","No","","10/30/1997","$7,500,000,000","Yes","No","$10,575,483,000"
"9127944U5","Bill","26-Week","10/27/1997","10/30/1997","04/30/1998","","No","","","No","","10/30/1997","$7,500,000,000","Yes","No","$11,563,233,000"
"9127946B5","Bill","13-Week","10/20/1997","10/23/1997","01/22/1998","","No","","","No","","10/23/1997","$7,500,000,000","Yes","No","$10,671,775,000"
"9127946M1","Bill","26-Week","10/20/1997","10/23/1997","04/23/1998","","No","","","No","","10/23/1997","$7,500,000,000","No","No","$10,674,669,000"
"9127946A7","Bill","13-Week","10/14/1997","10/16/1997","01/15/1998","","No","","","No","","10/16/1997","$7,500,000,000","Yes","No","$11,260,003,000"
"9127946L3","Bill","26-Week","10/14/1997","10/16/1997","04/16/1998","","No","","","No","","10/16/1997","$7,500,000,000","No","No","$11,144,989,000"
"9127945A8","Bill","52-Week","10/09/1997","10/16/1997","10/15/1998","","No","","","No","","10/16/1997","$12,500,000,000","No","No","$18,753,237,000"
"9128273A8","Note","4-Year 9-Month","10/08/1997","10/15/1997","07/15/2002","100.400","No","","","No","3.625%","","$8,000,000,000","Yes","Yes","$8,411,717,000"
"9127944Q4","Bill","13-Week","10/06/1997","10/09/1997","01/08/1998","","No","","","No","","10/09/1997","$7,500,000,000","Yes","No","$10,775,902,000"
"9127946K5","Bill","26-Week","10/06/1997","10/09/1997","04/09/1998","","No","","","No","","10/09/1997","$7,500,000,000","No","No","$10,740,102,000"
"9127945Z3","Bill","13-Week","09/29/1997","10/02/1997","01/02/1998","","No","","","No","","10/02/1997","$7,500,000,000","Yes","No","$10,867,882,000"
"9127944T8","Bill","26-Week","09/29/1997","10/02/1997","04/02/1998","","No","","","No","","10/02/1997","$7,500,000,000","Yes","No","$11,015,417,000"
"9128273J9","Note","5-Year","09/24/1997","09/30/1997","09/30/2002","99.637","No","","","No","5.875%","09/30/1997","$11,500,000,000","No","No","$12,783,978,000"
"9128273H3","Note","2-Year","09/23/1997","09/30/1997","09/30/1999","99.918","No","","","No","5.750%","09/30/1997","$15,500,000,000","No","No","$17,443,341,000"
"9127945Y6","Bill","13-Week","09/22/1997","09/25/1997","12/26/1997","","No","","","No","","09/25/1997","$7,500,000,000","Yes","No","$10,966,333,000"
"9127946J8","Bill","26-Week","09/22/1997","09/25/1997","03/26/1998","","No","","","No","","09/25/1997","$7,500,000,000","No","No","$10,477,406,000"
"9127945X8","Bill","13-Week","09/15/1997","09/18/1997","12/18/1997","","No","","","No","","09/18/1997","$7,500,000,000","Yes","No","$11,266,623,000"
"9127946H2","Bill","26-Week","09/15/1997","09/18/1997","03/19/1998","","No","","","No","","09/18/1997","$7,500,000,000","No","No","$10,982,829,000"
"9127944Z4","Bill","52-Week","09/11/1997","09/18/1997","09/17/1998","","No","","","No","","09/18/1997","$12,500,000,000","No","No","$18,284,067,000"
"9127942X1","Bill","13-Week","09/08/1997","09/11/1997","12/11/1997","","No","","","No","","09/11/1997","$8,000,000,000","Yes","No","$11,648,438,000"
"9127946G4","Bill","26-Week","09/08/1997","09/11/1997","03/12/1998","","No","","","No","","09/11/1997","$8,000,000,000","No","No","$11,816,163,000"
"9127945W0","Bill","13-Week","09/02/1997","09/04/1997","12/04/1997","","No","","","No","","09/04/1997","$8,000,000,000","Yes","No","$11,119,551,000"
"9127944S0","Bill","26-Week","09/02/1997","09/04/1997","03/05/1998","","No","","","No","","09/04/1997","$8,000,000,000","Yes","No","$12,884,913,000"
"9127947A6","Bill","13-Day","08/28/1997","09/02/1997","09/15/1997","","Yes","","","No","","","$26,000,000,000","No","No","$26,224,200,000"
"9128273G5","Note","5-Year","08/27/1997","09/02/1997","08/31/2002","99.987","No","","","No","6.250%","08/31/1997","$11,500,000,000","No","No","$12,706,013,000"
"9128273F7","Note","2-Year","08/26/1997","09/02/1997","08/31/1999","99.772","No","","","No","5.875%","08/31/1997","$15,500,000,000","No","No","$17,161,334,000"
"9127945V2","Bill","13-Week","08/25/1997","08/28/1997","11/28/1997","","No","","","No","","08/28/1997","$8,000,000,000","Yes","No","$11,863,093,000"
"9127946F6","Bill","26-Week","08/25/1997","08/28/1997","02/26/1998","","No","","","No","","08/28/1997","$8,000,000,000","No","No","$12,046,919,000"
"9127945U4","Bill","13-Week","08/18/1997","08/21/1997","11/20/1997","","No","","","No","","08/21/1997","$8,000,000,000","Yes","No","$12,086,041,000"
"9127946E9","Bill","26-Week","08/18/1997","08/21/1997","02/19/1998","","No","","","No","","08/21/1997","$8,000,000,000","No","No","$11,625,219,000"
"9127944Y7","Bill","52-Week","08/14/1997","08/21/1997","08/20/1998","","No","","","No","","08/21/1997","$13,000,000,000","No","No","$18,767,158,000"
"9127942W3","Bill","13-Week","08/11/1997","08/14/1997","11/13/1997","","No","","","No","","08/14/1997","$8,500,000,000","Yes","No","$12,323,176,000"
"9127946D1","Bill","26-Week","08/11/1997","08/14/1997","02/12/1998","","No","","","No","","08/14/1997","$8,500,000,000","No","No","$12,304,736,000"
"912810FA1","Bond","30-Year","08/07/1997","08/15/1997","08/15/2027","","No","","","No","6.375%","08/15/1997","$10,000,000,000","No","No","$10,733,045,000"
"9128273E0","Note","10-Year","08/06/1997","08/15/1997","08/15/2007","","No","","","No","6.125%","08/15/1997","$12,000,000,000","No","No","$13,031,557,000"
"9128273D2","Note","3-Year","08/05/1997","08/15/1997","08/15/2000","","No","","","No","6.000%","08/15/1997","$16,000,000,000","No","No","$18,023,922,000"
"9127945T7","Bill","13-Week","08/04/1997","08/07/1997","11/06/1997","","No","","","No","","08/07/1997","$8,500,000,000","Yes","No","$12,015,049,000"
"9127944R2","Bill","26-Week","08/04/1997","08/07/1997","02/05/1998","","No","","","No","","08/07/1997","$8,500,000,000","Yes","No","$13,220,247,000"
"9127942U7","Bill","48-Day","07/31/1997","08/01/1997","09/18/1997","","Yes","","","No","","","$18,000,000,000","Yes","No","$18,060,155,000"
"9127945S9","Bill","13-Week","07/28/1997","07/31/1997","10/30/1997","","No","","","No","","07/31/1997","$8,500,000,000","Yes","No","$11,951,170,000"
"9127946C3","Bill","26-Week","07/28/1997","07/31/1997","01/29/1998","","No","","","No","","07/31/1997","$8,500,000,000","No","No","$12,140,748,000"
"9128273C4","Note","5-Year","07/23/1997","07/31/1997","07/31/2002","99.898","No","","","No","6.000%","07/31/1997","$11,500,000,000","No","No","$12,206,129,000"
"9128273B6","Note","2-Year","07/22/1997","07/31/1997","07/31/1999","99.898","No","","","No","5.875%","07/31/1997","$15,500,000,000","No","No","$16,784,553,000"
"9127945R1","Bill","13-Week","07/21/1997","07/24/1997","10/23/1997","","No","","","No","","07/24/1997","$8,000,000,000","Yes","No","$11,691,937,000"
"9127946B5","Bill","26-Week","07/21/1997","07/24/1997","01/22/1998","","No","","","No","","07/24/1997","$8,000,000,000","No","No","$11,667,979,000"
"9127944X9","Bill","52-Week","07/17/1997","07/24/1997","07/23/1998","","No","","","No","","07/24/1997","$13,000,000,000","No","No","$18,810,577,000"
"9127942V5","Bill","13-Week","07/14/1997","07/17/1997","10/16/1997","","No","","","No","","07/17/1997","$8,000,000,000","Yes","No","$11,580,411,000"
"9127946A7","Bill","26-Week","07/14/1997","07/17/1997","01/15/1998","","No","","","No","","07/17/1997","$8,000,000,000","No","No","$12,114,818,000"
"9128273A8","Note","5-Year","07/09/1997","07/15/1997","07/15/2002","99.462","No","","","No","3.625%","","$8,000,000,000","No","Yes","$8,401,066,000"
"9127945Q3","Bill","13-Week","07/07/1997","07/10/1997","10/09/1997","","No","","","No","","07/10/1997","$7,500,000,000","Yes","No","$11,018,193,000"
"9127944Q4","Bill","26-Week","07/07/1997","07/10/1997","01/08/1998","","No","","","No","","07/10/1997","$7,500,000,000","Yes","No","$11,947,176,000"
"9127945P5","Bill","13-Week","06/30/1997","07/03/1997","10/02/1997","","No","","","No","","07/03/1997","$7,500,000,000","Yes","No","$11,552,732,000"
"9127945Z3","Bill","26-Week","06/30/1997","07/03/1997","01/02/1998","","No","","","No","","07/03/1997","$7,500,000,000","No","No","$12,019,894,000"
"9128272Y7","Note","5-Year","06/25/1997","06/30/1997","06/30/2002","99.797","No","","","No","6.250%","06/30/1997","$11,500,000,000","No","No","$13,038,265,000"
"9128272X9","Note","2-Year","06/24/1997","06/30/1997","06/30/1999","99.950","No","","","No","6.000%","06/30/1997","$15,500,000,000","No","No","$17,810,922,000"
"9127945N0","Bill","13-Week","06/23/1997","06/26/1997","09/25/1997","","No","","","No","","06/26/1997","$7,000,000,000","Yes","No","$10,389,397,000"
"9127945Y6","Bill","26-Week","06/23/1997","06/26/1997","12/26/1997","","No","","","No","","06/26/1997","$7,000,000,000","No","No","$11,463,803,000"
"9127944W1","Bill","52-Week","06/19/1997","06/26/1997","06/25/1998","","No","","","No","","06/26/1997","$13,000,000,000","No","No","$19,412,259,000"
"9127942U7","Bill","13-Week","06/16/1997","06/19/1997","09/18/1997","","No","","","No","","06/19/1997","$7,000,000,000","Yes","No","$10,739,385,000"
"9127945X8","Bill","26-Week","06/16/1997","06/19/1997","12/18/1997","","No","","","No","","06/19/1997","$7,000,000,000","No","No","$10,033,998,000"
"9127945M2","Bill","13-Week","06/09/1997","06/12/1997","09/11/1997","","No","","","No","","06/12/1997","$7,000,000,000","Yes","No","$10,399,120,000"
"9127942X1","Bill","26-Week","06/09/1997","06/12/1997","12/11/1997","","No","","","No","","06/12/1997","$7,000,000,000","Yes","No","$10,946,958,000"
"9127945L4","Bill","13-Week","06/02/1997","06/05/1997","09/04/1997","","No","","","No","","06/05/1997","$7,500,000,000","Yes","No","$11,519,431,000"
"9127945W0","Bill","26-Week","06/02/1997","06/05/1997","12/04/1997","","No","","","No","","06/05/1997","$7,500,000,000","No","No","$10,982,872,000"
"9127946Z2","Bill","14-Day","06/02/1997","06/03/1997","06/17/1997","","Yes","","","No","","","$30,000,000,000","No","No","$30,022,000,000"
"9128272W1","Note","5-Year","05/29/1997","06/02/1997","05/31/2002","99.513","No","","","No","6.500%","05/31/1997","$12,000,000,000","No","No","$13,475,903,000"
"9128272V3","Note","2-Year","05/28/1997","06/02/1997","05/31/1999","99.856","No","","","No","6.250%","05/31/1997","$16,500,000,000","No","No","$18,514,355,000"
"9127945K6","Bill","13-Week","05/27/1997","05/29/1997","08/28/1997","","No","","","No","","05/29/1997","$7,500,000,000","Yes","No","$11,224,656,000"
"9127945V2","Bill","26-Week","05/27/1997","05/29/1997","11/28/1997","","No","","","No","","05/29/1997","$7,500,000,000","No","No","$11,019,582,000"
"9127944V3","Bill","52-Week","05/22/1997","05/29/1997","05/28/1998","","No","","","No","","05/29/1997","$13,750,000,000","No","No","$20,807,108,000"
"9127942T0","Bill","13-Week","05/19/1997","05/22/1997","08/21/1997","","No","","","No","","05/22/1997","$7,500,000,000","Yes","No","$11,488,047,000"
"9127945U4","Bill","26-Week","05/19/1997","05/22/1997","11/20/1997","","No","","","No","","05/22/1997","$7,500,000,000","No","No","$10,484,676,000"
"9127945J9","Bill","13-Week","05/12/1997","05/15/1997","08/14/1997","","No","","","No","","05/15/1997","$7,500,000,000","Yes","No","$11,254,228,000"
"9127942W3","Bill","26-Week","05/12/1997","05/15/1997","11/13/1997","","No","","","No","","05/15/1997","$7,500,000,000","Yes","No","$11,059,912,000"
"9128272U5","Note","10-Year","05/07/1997","05/15/1997","05/15/2007","","No","","","No","6.625%","05/15/1997","$12,000,000,000","No","No","$13,950,603,000"
"9128272T8","Note","3-Year","05/06/1997","05/15/1997","05/15/2000","","No","","","No","6.375%","05/15/1997","$17,000,000,000","No","No","$20,725,851,000"
"9127945H3","Bill","13-Week","05/05/1997","05/08/1997","08/07/1997","","No","","","No","","05/08/1997","$7,000,000,000","Yes","No","$11,349,352,000"
"9127945T7","Bill","26-Week","05/05/1997","05/08/1997","11/06/1997","","No","","","No","","05/08/1997","$7,000,000,000","No","No","$10,601,962,000"
"9127945G5","Bill","13-Week","04/28/1997","05/01/1997","07/31/1997","","No","","","No","","05/01/1997","$7,000,000,000","Yes","No","$11,162,729,000"
"9127945S9","Bill","26-Week","04/28/1997","05/01/1997","10/30/1997","","No","","","No","","05/01/1997","$7,000,000,000","No","No","$10,084,970,000"
"9127944U5","Bill","52-Week","04/24/1997","05/01/1997","04/30/1998","","No","","","No","","05/01/1997","$13,750,000,000","No","No","$20,669,185,000"
"9128272S0","Note","5-Year","04/23/1997","04/30/1997","04/30/2002","99.498","No","","","No","6.625%","04/30/1997","$12,500,000,000","No","No","$14,425,504,000"
"9128272R2","Note","2-Year","04/22/1997","04/30/1997","04/30/1999","99.843","No","","","No","6.375%","04/30/1997","$17,000,000,000","No","No","$19,289,148,000"
"9127942S2","Bill","13-Week","04/21/1997","04/24/1997","07/24/1997","","No","","","No","","04/24/1997","$6,000,000,000","Yes","No","$10,033,386,000"
"9127945R1","Bill","26-Week","04/21/1997","04/24/1997","10/23/1997","","No","","","No","","04/24/1997","$6,000,000,000","No","No","$8,980,892,000"
"9127945E0","Bill","13-Week","04/14/1997","04/17/1997","07/17/1997","","No","","","No","","04/17/1997","$6,000,000,000","Yes","No","$10,080,176,000"
"9127942V5","Bill","26-Week","04/14/1997","04/17/1997","10/16/1997","","No","","","No","","04/17/1997","$6,000,000,000","Yes","No","$9,568,429,000"
"9128272M3","Note","9-Year 9-Month","04/08/1997","04/15/1997","01/15/2007","98.307","No","","","No","3.375%","","$8,000,000,000","Yes","Yes","$8,402,618,000"
"9127945F7","Bill","13-Week","04/07/1997","04/10/1997","07/10/1997","","No","","","No","","04/10/1997","$6,500,000,000","Yes","No","$11,368,646,000"
"9127945Q3","Bill","26-Week","04/07/1997","04/10/1997","10/09/1997","","No","","","No","","04/10/1997","$6,500,000,000","No","No","$10,301,123,000"
"9127944F8","Bill","14-Day","04/01/1997","04/03/1997","04/17/1997","","Yes","","","No","","","$10,000,000,000","Yes","No","$10,039,350,000"
"9127946Y5","Bill","19-Day","04/01/1997","04/03/1997","04/22/1997","","Yes","","","No","","","$17,000,000,000","No","No","$17,066,140,000"
"9127945D2","Bill","13-Week","03/31/1997","04/03/1997","07/03/1997","","No","","","No","","04/03/1997","$7,000,000,000","Yes","No","$10,833,489,000"
"9127945P5","Bill","26-Week","03/31/1997","04/03/1997","10/02/1997","","No","","","No","","04/03/1997","$7,000,000,000","No","No","$10,020,293,000"
"9127944T8","Bill","52-Week","03/26/1997","04/03/1997","04/02/1998","","No","","","No","","04/03/1997","$13,750,000,000","No","No","$19,037,362,000"
"9128272P6","Note","5-Year","03/26/1997","03/31/1997","03/31/2002","99.853","No","","","No","6.625%","03/31/1997","$12,500,000,000","No","No","$14,260,535,000"
"9128272N1","Note","2-Year","03/25/1997","03/31/1997","03/31/1999","99.963","No","","","No","6.250%","03/31/1997","$17,250,000,000","No","No","$19,743,292,000"
"9127942R4","Bill","13-Week","03/24/1997","03/27/1997","06/26/1997","","No","","","No","","03/27/1997","$11,500,000,000","Yes","No","$11,648,073,000"
"9127945N0","Bill","26-Week","03/24/1997","03/27/1997","09/25/1997","","No","","","No","","03/27/1997","$11,500,000,000","No","No","$11,528,982,000"
"9127944N1","Bill","13-Week","03/17/1997","03/20/1997","06/19/1997","","No","","","No","","03/20/1997","$11,500,000,000","Yes","No","$11,715,087,000"
"9127942U7","Bill","26-Week","03/17/1997","03/20/1997","09/18/1997","","No","","","No","","03/20/1997","$11,500,000,000","Yes","No","$11,914,391,000"
"9127944M3","Bill","13-Week","03/10/1997","03/13/1997","06/12/1997","","No","","","No","","03/13/1997","$12,000,000,000","Yes","No","$12,068,408,000"
"9127945M2","Bill","26-Week","03/10/1997","03/13/1997","09/11/1997","","No","","","No","","03/13/1997","$12,000,000,000","No","No","$12,117,497,000"
"9127944L5","Bill","13-Week","03/03/1997","03/06/1997","06/05/1997","","No","","","No","","03/06/1997","$13,000,000,000","Yes","No","$13,082,149,000"
"9127945L4","Bill","26-Week","03/03/1997","03/06/1997","09/04/1997","","No","","","No","","03/06/1997","$13,000,000,000","No","No","$13,074,947,000"
"9127944S0","Bill","52-Week","02/27/1997","03/06/1997","03/05/1998","","No","","","No","","03/06/1997","$19,250,000,000","No","No","$20,804,040,000"
"9127944F8","Bill","45-Day","02/27/1997","03/03/1997","04/17/1997","","Yes","","","No","","","$23,000,000,000","Yes","No","$23,140,380,000"
"9128272L5","Note","5-Year","02/26/1997","02/28/1997","02/28/2002","99.539","No","","","No","6.250%","02/28/1997","$12,500,000,000","No","No","$13,783,306,000"
"9128272K7","Note","2-Year","02/25/1997","02/28/1997","02/28/1999","99.981","No","","","No","5.875%","02/28/1997","$17,500,000,000","No","No","$19,880,847,000"
"9127942Q6","Bill","13-Week","02/24/1997","02/27/1997","05/29/1997","","No","","","No","","02/27/1997","$13,000,000,000","Yes","No","$13,254,179,000"
"9127945K6","Bill","26-Week","02/24/1997","02/27/1997","08/28/1997","","No","","","No","","02/27/1997","$13,000,000,000","No","No","$13,424,020,000"
"9127944K7","Bill","13-Week","02/18/1997","02/20/1997","05/22/1997","","No","","","No","","02/20/1997","$13,000,000,000","Yes","No","$13,200,171,000"
"9127942T0","Bill","26-Week","02/18/1997","02/20/1997","08/21/1997","","No","","","No","","02/20/1997","$13,000,000,000","Yes","No","$13,353,550,000"
"912810EZ7","Bond","30-Year","02/13/1997","02/18/1997","02/15/2027","","No","","","No","6.625%","02/15/1997","$10,000,000,000","No","No","$10,453,879,000"
"9128272J0","Note","10-Year","02/12/1997","02/18/1997","02/15/2007","","No","","","No","6.250%","02/15/1997","$12,000,000,000","No","No","$13,095,226,000"
"9128272H4","Note","3-Year","02/11/1997","02/18/1997","02/15/2000","","No","","","No","5.875%","02/15/1997","$17,750,000,000","No","No","$20,395,926,000"
"9127944J0","Bill","13-Week","02/10/1997","02/13/1997","05/15/1997","","No","","","No","","02/13/1997","$13,000,000,000","Yes","No","$13,087,295,000"
"9127945J9","Bill","26-Week","02/10/1997","02/13/1997","08/14/1997","","No","","","No","","02/13/1997","$13,000,000,000","No","No","$13,204,489,000"
"9127944H4","Bill","13-Week","02/03/1997","02/06/1997","05/08/1997","","No","","","No","","02/06/1997","$12,500,000,000","Yes","No","$12,519,480,000"
"9127945H3","Bill","26-Week","02/03/1997","02/06/1997","08/07/1997","","No","","","No","","02/06/1997","$12,500,000,000","No","No","$12,536,274,000"
"9127944R2","Bill","52-Week","01/30/1997","02/06/1997","02/05/1998","","No","","","No","","02/06/1997","$19,250,000,000","No","No","$20,958,644,000"
"9128272M3","Note","10-Year","01/29/1997","02/06/1997","01/15/2007","99.482","No","","","No","3.375%","","$7,000,000,000","No","Yes","$7,353,017,000"
"9127942P8","Bill","13-Week","01/27/1997","01/30/1997","05/01/1997","","No","","","No","","01/30/1997","$11,500,000,000","Yes","No","$11,557,777,000"
"9127945G5","Bill","26-Week","01/27/1997","01/30/1997","07/31/1997","","No","","","No","","01/30/1997","$11,500,000,000","No","No","$11,605,505,000"
"9128272G6","Note","5-Year","01/23/1997","01/31/1997","01/31/2002","99.683","No","","","No","6.250%","01/31/1997","$12,500,000,000","No","No","$13,432,564,000"
"9128272F8","Note","2-Year","01/22/1997","01/31/1997","01/31/1999","99.797","No","","","No","5.875%","01/31/1997","$17,500,000,000","No","No","$19,423,168,000"
"9127944G6","Bill","13-Week","01/21/1997","01/23/1997","04/24/1997","","No","","","No","","01/23/1997","$11,500,000,000","Yes","No","$11,615,946,000"
"9127942S2","Bill","26-Week","01/21/1997","01/23/1997","07/24/1997","","No","","","No","","01/23/1997","$11,500,000,000","Yes","No","$11,518,710,000"
"9127944F8","Bill","13-Week","01/13/1997","01/16/1997","04/17/1997","","No","","","No","","01/16/1997","$11,500,000,000","Yes","No","$11,639,075,000"
"9127945E0","Bill","26-Week","01/13/1997","01/16/1997","07/17/1997","","No","","","No","","01/16/1997","$11,500,000,000","No","No","$11,568,031,000"
"9127944E1","Bill","13-Week","01/06/1997","01/09/1997","04/10/1997","","No","","","No","","01/09/1997","$12,500,000,000","Yes","No","$12,615,209,000"
"9127945F7","Bill","26-Week","01/06/1997","01/09/1997","07/10/1997","","No","","","No","","01/09/1997","$12,500,000,000","No","No","$12,567,191,000"
"9127944Q4","Bill","52-Week","01/02/1997","01/09/1997","01/08/1998","","No","","","No","","01/09/1997","$19,250,000,000","No","No","$20,597,575,000"
"9127942N3","Bill","13-Week","12/30/1996","01/02/1997","04/03/1997","","No","","","No","","01/02/1997","$13,500,000,000","Yes","No","$13,514,053,000"
"9127945D2","Bill","26-Week","12/30/1996","01/02/1997","07/03/1997","","No","","","No","","01/02/1997","$13,500,000,000","No","No","$13,557,321,000"
"9127944D3","Bill","13-Week","12/23/1996","12/26/1996","03/27/1997","","No","","","No","","12/26/1996","$13,000,000,000","Yes","No","$13,008,114,000"
"9127942R4","Bill","26-Week","12/23/1996","12/26/1996","06/26/1997","","No","","","No","","12/26/1996","$13,000,000,000","Yes","No","$13,073,003,000"
"9128272E1","Note","5-Year","12/19/1996","12/31/1996","12/31/2001","99.830","No","","","No","6.125%","12/31/1996","$12,500,000,000","No","No","$13,957,580,000"
"9128272D3","Note","2-Year","12/18/1996","12/31/1996","12/31/1998","99.769","No","","","No","5.750%","12/31/1996","$18,250,000,000","No","No","$20,575,058,000"
"9127944C5","Bill","13-Week","12/16/1996","12/19/1996","03/20/1997","","No","","","No","","12/19/1996","$13,000,000,000","Yes","No","$13,006,259,000"
"9127944N1","Bill","26-Week","12/16/1996","12/19/1996","06/19/1997","","No","","","No","","12/19/1996","$13,000,000,000","No","No","$13,019,545,000"
"9127944B7","Bill","13-Week","12/09/1996","12/12/1996","03/13/1997","","No","","","No","","12/12/1996","$13,000,000,000","Yes","No","$13,034,551,000"
"9127944M3","Bill","26-Week","12/09/1996","12/12/1996","06/12/1997","","No","","","No","","12/12/1996","$13,000,000,000","No","No","$13,100,968,000"
"9127942X1","Bill","52-Week","12/05/1996","12/12/1996","12/11/1997","","No","","","No","","12/12/1996","$19,250,000,000","No","No","$20,527,767,000"
"9127942M5","Bill","13-Week","12/02/1996","12/05/1996","03/06/1997","","No","","","No","","12/05/1996","$14,000,000,000","Yes","No","$14,065,461,000"
"9127944L5","Bill","26-Week","12/02/1996","12/05/1996","06/05/1997","","No","","","No","","12/05/1996","$14,000,000,000","No","No","$14,123,857,000"
"9127946X7","Bill","14-Day","12/02/1996","12/03/1996","12/17/1996","","Yes","","","No","","","$9,000,000,000","No","No","$9,059,750,000"
"9127944A9","Bill","13-Week","11/25/1996","11/29/1996","02/27/1997","","No","","","No","","11/29/1996","$14,000,000,000","Yes","No","$14,050,577,000"
"9127942Q6","Bill","26-Week","11/25/1996","11/29/1996","05/29/1997","","No","","","No","","11/29/1996","$14,000,000,000","Yes","No","$14,062,534,000"
"9128272C5","Note","5-Year","11/20/1996","12/02/1996","11/30/2001","99.680","No","","","No","5.875%","11/30/1996","$12,500,000,000","No","No","$14,014,325,000"
"9128272B7","Note","2-Year","11/19/1996","12/02/1996","11/30/1998","99.931","No","","","No","5.625%","11/30/1996","$18,250,000,000","No","No","$20,489,594,000"
"9127943Z5","Bill","13-Week","11/18/1996","11/21/1996","02/20/1997","","No","","","No","","11/21/1996","$14,000,000,000","Yes","No","$14,131,009,000"
"9127944K7","Bill","26-Week","11/18/1996","11/21/1996","05/22/1997","","No","","","No","","11/21/1996","$14,000,000,000","No","No","$14,111,289,000"
"9127943S1","Bill","34-Day","11/13/1996","11/15/1996","12/19/1996","","Yes","","","No","","","$13,000,000,000","Yes","No","$13,217,310,000"
"9127943Y8","Bill","13-Week","11/12/1996","11/14/1996","02/13/1997","","No","","","No","","11/14/1996","$14,000,000,000","Yes","No","$14,015,185,000"
"9127944J0","Bill","26-Week","11/12/1996","11/14/1996","05/15/1997","","No","","","No","","11/14/1996","$14,000,000,000","No","No","$14,079,059,000"
"912810EY0","Bond","30-Year","11/07/1996","11/15/1996","11/15/2026","","No","","","No","6.500%","11/15/1996","$10,000,000,000","No","No","$11,470,139,000"
"9127942W3","Bill","52-Week","11/07/1996","11/14/1996","11/13/1997","","No","","","No","","11/14/1996","$19,250,000,000","No","No","$20,121,360,000"
"912827Z62","Note","9-Year 11-Month","11/06/1996","11/15/1996","10/15/2006","","No","","","No","6.500%","11/15/1996","$10,000,000,000","Yes","No","$11,471,825,000"
"912827Z96","Note","3-Year","11/05/1996","11/15/1996","11/15/1999","","No","","","No","5.875%","11/15/1996","$18,500,000,000","No","No","$22,852,060,000"
"9127942L7","Bill","13-Week","11/04/1996","11/07/1996","02/06/1997","","No","","","No","","11/07/1996","$14,000,000,000","Yes","No","$14,187,780,000"
"9127944H4","Bill","26-Week","11/04/1996","11/07/1996","05/08/1997","","No","","","No","","11/07/1996","$14,000,000,000","No","No","$14,268,702,000"
"9127943S1","Bill","48-Day","10/31/1996","11/01/1996","12/19/1996","","Yes","","","No","","","$17,000,000,000","Yes","No","$17,047,500,000"
"9127943X0","Bill","13-Week","10/28/1996","10/31/1996","01/30/1997","","No","","","No","","10/31/1996","$14,000,000,000","Yes","No","$14,194,664,000"
"9127942P8","Bill","26-Week","10/28/1996","10/31/1996","05/01/1997","","No","","","No","","10/31/1996","$14,000,000,000","Yes","No","$14,023,511,000"
"912827Z88","Note","5-Year","10/23/1996","10/31/1996","10/31/2001","99.683","No","","","No","6.250%","10/31/1996","$12,500,000,000","No","No","$14,620,705,000"
"912827Z70","Note","2-Year","10/22/1996","10/31/1996","10/31/1998","99.898","No","","","No","5.875%","10/31/1996","$18,250,000,000","No","No","$21,178,077,000"
"9127943W2","Bill","13-Week","10/21/1996","10/24/1996","01/23/1997","","No","","","No","","10/24/1996","$13,000,000,000","Yes","No","$13,103,689,000"
"9127944G6","Bill","26-Week","10/21/1996","10/24/1996","04/24/1997","","No","","","No","","10/24/1996","$13,000,000,000","No","No","$13,120,764,000"
"9127943V4","Bill","13-Week","10/15/1996","10/17/1996","01/16/1997","","No","","","No","","10/17/1996","$13,000,000,000","Yes","No","$13,004,928,000"
"9127944F8","Bill","26-Week","10/15/1996","10/17/1996","04/17/1997","","No","","","No","","10/17/1996","$13,000,000,000","No","No","$13,045,506,000"
"9127942V5","Bill","52-Week","10/10/1996","10/17/1996","10/16/1997","","No","","","No","","10/17/1996","$19,250,000,000","No","No","$20,177,637,000"
"912827Z62","Note","10-Year","10/08/1996","10/15/1996","10/15/2006","","No","","","No","6.500%","10/15/1996","$10,000,000,000","No","No","$10,979,919,000"
"9127942K9","Bill","13-Week","10/07/1996","10/10/1996","01/09/1997","","No","","","No","","10/10/1996","$13,000,000,000","Yes","No","$13,091,982,000"
"9127944E1","Bill","26-Week","10/07/1996","10/10/1996","04/10/1997","","No","","","No","","10/10/1996","$13,000,000,000","No","No","$13,145,648,000"
"9127943U6","Bill","13-Week","09/30/1996","10/03/1996","01/02/1997","","No","","","No","","10/03/1996","$13,000,000,000","Yes","No","$13,491,098,000"
"9127942N3","Bill","26-Week","09/30/1996","10/03/1996","04/03/1997","","No","","","No","","10/03/1996","$13,000,000,000","Yes","No","$13,650,338,000"
"912827Z54","Note","5-Year","09/26/1996","09/30/1996","09/30/2001","99.856","No","","","No","6.375%","09/30/1996","$12,500,000,000","No","No","$14,502,323,000"
"912827Z47","Note","2-Year","09/25/1996","09/30/1996","09/30/1998","99.851","No","","","No","6.000%","09/30/1996","$18,250,000,000","No","No","$21,436,217,000"
"9127943T9","Bill","13-Week","09/23/1996","09/26/1996","12/26/1996","","No","","","No","","09/26/1996","$11,500,000,000","Yes","No","$11,566,454,000"
"9127944D3","Bill","26-Week","09/23/1996","09/26/1996","03/27/1997","","No","","","No","","09/26/1996","$11,500,000,000","No","No","$11,531,957,000"
"9127943S1","Bill","13-Week","09/16/1996","09/19/1996","12/19/1996","","No","","","No","","09/19/1996","$11,000,000,000","Yes","No","$11,070,369,000"
"9127944C5","Bill","26-Week","09/16/1996","09/19/1996","03/20/1997","","No","","","No","","09/19/1996","$11,000,000,000","No","No","$11,081,635,000"
"9127942U7","Bill","52-Week","09/12/1996","09/19/1996","09/18/1997","","No","","","No","","09/19/1996","$19,250,000,000","No","No","$19,892,866,000"
"9127942B9","Bill","13-Week","09/09/1996","09/12/1996","12/12/1996","","No","","","No","","09/12/1996","$11,000,000,000","Yes","No","$11,055,771,000"
"9127944B7","Bill","26-Week","09/09/1996","09/12/1996","03/13/1997","","No","","","No","","09/12/1996","$11,000,000,000","No","No","$11,170,651,000"
"9127943R3","Bill","13-Week","09/03/1996","09/05/1996","12/05/1996","","No","","","No","","09/05/1996","$12,000,000,000","Yes","No","$12,066,356,000"
"9127942M5","Bill","26-Week","09/03/1996","09/05/1996","03/06/1997","","No","","","No","","09/05/1996","$12,000,000,000","Yes","No","$12,094,076,000"
"9127946W9","Bill","14-Day","08/29/1996","09/03/1996","09/17/1996","","Yes","","","No","","","$30,000,000,000","No","No","$30,010,400,000"
"912827Z39","Note","5-Year","08/28/1996","09/03/1996","08/31/2001","99.715","No","","","No","6.500%","08/31/1996","$12,500,000,000","No","No","$13,976,858,000"
"912827Z21","Note","2-Year","08/27/1996","09/03/1996","08/31/1998","99.917","No","","","No","6.125%","08/31/1996","$18,750,000,000","No","No","$21,886,354,000"
"9127943Q5","Bill","13-Week","08/26/1996","08/29/1996","11/29/1996","","No","","","No","","08/29/1996","$12,000,000,000","Yes","No","$12,001,518,000"
"9127944A9","Bill","26-Week","08/26/1996","08/29/1996","02/27/1997","","No","","","No","","08/29/1996","$12,000,000,000","No","No","$12,038,654,000"
"9127943P7","Bill","13-Week","08/19/1996","08/22/1996","11/21/1996","","No","","","No","","08/22/1996","$12,500,000,000","Yes","No","$12,818,968,000"
"9127943Z5","Bill","26-Week","08/19/1996","08/22/1996","02/20/1997","","No","","","No","","08/22/1996","$12,500,000,000","No","No","$12,998,799,000"
"9127942T0","Bill","52-Week","08/15/1996","08/22/1996","08/21/1997","","No","","","No","","08/22/1996","$19,250,000,000","No","No","$20,557,395,000"
"9127942A1","Bill","13-Week","08/12/1996","08/15/1996","11/14/1996","","No","","","No","","08/15/1996","$12,500,000,000","Yes","No","$12,600,281,000"
"9127943Y8","Bill","26-Week","08/12/1996","08/15/1996","02/13/1997","","No","","","No","","08/15/1996","$12,500,000,000","No","No","$12,529,620,000"
"912810EX2","Bond","30-Year","08/08/1996","08/15/1996","08/15/2026","","No","","","No","6.750%","08/15/1996","$10,000,000,000","No","No","$10,900,848,000"
"912827Y55","Note","9-Year 11-Month","08/07/1996","08/15/1996","07/15/2006","","No","","","No","7.000%","08/15/1996","$10,000,000,000","Yes","No","$11,200,028,000"
"912827Y89","Note","3-Year","08/06/1996","08/15/1996","08/15/1999","","No","","","No","6.000%","08/15/1996","$19,000,000,000","No","No","$22,668,403,000"
"9127943N2","Bill","13-Week","08/05/1996","08/08/1996","11/07/1996","","No","","","No","","08/08/1996","$13,000,000,000","Yes","No","$13,245,010,000"
"9127942L7","Bill","26-Week","08/05/1996","08/08/1996","02/06/1997","","No","","","No","","08/08/1996","$13,000,000,000","Yes","No","$13,069,502,000"
"9127943M4","Bill","13-Week","07/29/1996","08/01/1996","10/31/1996","","No","","","No","","08/01/1996","$13,000,000,000","Yes","No","$13,044,666,000"
"9127943X0","Bill","26-Week","07/29/1996","08/01/1996","01/30/1997","","No","","","No","","08/01/1996","$13,000,000,000","No","No","$13,158,411,000"
"912827Y71","Note","5-Year","07/24/1996","07/31/1996","07/31/2001","100.000","No","","","No","6.625%","07/31/1996","$12,500,000,000","No","No","$14,110,193,000"
"912827Y63","Note","2-Year","07/23/1996","07/31/1996","07/31/1998","99.930","No","","","No","6.250%","07/31/1996","$18,750,000,000","No","No","$21,502,774,000"
"9127943L6","Bill","13-Week","07/22/1996","07/25/1996","10/24/1996","","No","","","No","","07/25/1996","$13,500,000,000","Yes","No","$13,644,382,000"
"9127943W2","Bill","26-Week","07/22/1996","07/25/1996","01/23/1997","","No","","","No","","07/25/1996","$13,500,000,000","No","No","$14,026,998,000"
"9127942S2","Bill","52-Week","07/18/1996","07/25/1996","07/24/1997","","No","","","No","","07/25/1996","$19,250,000,000","No","No","$20,167,564,000"
"912794Z98","Bill","13-Week","07/15/1996","07/18/1996","10/17/1996","","No","","","No","","07/18/1996","$14,000,000,000","Yes","No","$14,279,339,000"
"9127943V4","Bill","26-Week","07/15/1996","07/18/1996","01/16/1997","","No","","","No","","07/18/1996","$14,000,000,000","No","No","$14,509,760,000"
"912827Y55","Note","10-Year","07/09/1996","07/15/1996","07/15/2006","","No","","","No","7.000%","07/15/1996","$10,000,000,000","No","No","$11,525,896,000"
"9127943K8","Bill","13-Week","07/08/1996","07/11/1996","10/10/1996","","No","","","No","","07/11/1996","$14,500,000,000","Yes","No","$14,596,482,000"
"9127942K9","Bill","26-Week","07/08/1996","07/11/1996","01/09/1997","","No","","","No","","07/11/1996","$14,500,000,000","Yes","No","$14,641,582,000"
"9127943J1","Bill","13-Week","07/01/1996","07/05/1996","10/03/1996","","No","","","No","","07/05/1996","$14,500,000,000","Yes","No","$14,764,082,000"
"9127943U6","Bill","26-Week","07/01/1996","07/05/1996","01/02/1997","","No","","","No","","07/05/1996","$14,500,000,000","No","No","$15,021,477,000"
"912827Y48","Note","5-Year","06/26/1996","07/01/1996","06/30/2001","99.795","No","","","No","6.625%","06/30/1996","$12,500,000,000","No","No","$14,250,648,000"
"912827Y30","Note","2-Year","06/25/1996","07/01/1996","06/30/1998","99.908","No","","","No","6.250%","06/30/1996","$18,750,000,000","No","No","$21,985,031,000"
"9127943H5","Bill","13-Week","06/24/1996","06/27/1996","09/26/1996","","No","","","No","","06/27/1996","$13,000,000,000","Yes","No","$13,079,752,000"
"9127943T9","Bill","26-Week","06/24/1996","06/27/1996","12/26/1996","","No","","","No","","06/27/1996","$13,000,000,000","No","No","$13,125,977,000"
"9127942R4","Bill","52-Week","06/20/1996","06/27/1996","06/26/1997","","No","","","No","","06/27/1996","$19,250,000,000","No","No","$19,578,382,000"
"912794Z80","Bill","13-Week","06/17/1996","06/20/1996","09/19/1996","","No","","","No","","06/20/1996","$13,500,000,000","Yes","No","$13,587,526,000"
"9127943S1","Bill","26-Week","06/17/1996","06/20/1996","12/19/1996","","No","","","No","","06/20/1996","$13,500,000,000","No","No","$13,532,100,000"
"9127943G7","Bill","13-Week","06/10/1996","06/13/1996","09/12/1996","","No","","","No","","06/13/1996","$15,500,000,000","Yes","No","$15,726,581,000"
"9127942B9","Bill","26-Week","06/10/1996","06/13/1996","12/12/1996","","No","","","No","","06/13/1996","$15,500,000,000","Yes","No","$15,574,277,000"
"9127943F9","Bill","13-Week","06/03/1996","06/06/1996","09/05/1996","","No","","","No","","06/06/1996","$14,500,000,000","Yes","No","$14,554,786,000"
"9127943R3","Bill","26-Week","06/03/1996","06/06/1996","12/05/1996","","No","","","No","","06/06/1996","$14,500,000,000","No","No","$14,694,257,000"
"912794Z31","Bill","10-Day","05/30/1996","06/03/1996","06/13/1996","","Yes","","","No","","","$7,000,000,000","Yes","No","$7,010,500,000"
"9127946V1","Bill","15-Day","05/30/1996","06/03/1996","06/18/1996","","Yes","","","No","","","$23,000,000,000","No","No","$23,086,200,000"
"912827Y22","Note","5-Year","05/30/1996","05/31/1996","05/31/2001","99.727","No","","","No","6.500%","05/31/1996","$12,500,000,000","No","No","$13,700,550,000"
"912827X98","Note","2-Year","05/29/1996","05/31/1996","05/31/1998","99.902","No","","","No","6.000%","05/31/1996","$18,750,000,000","No","No","$21,066,923,000"
"9127943E2","Bill","13-Week","05/28/1996","05/30/1996","08/29/1996","","No","","","No","","05/30/1996","$14,000,000,000","Yes","No","$14,104,092,000"
"9127943Q5","Bill","26-Week","05/28/1996","05/30/1996","11/29/1996","","No","","","No","","05/30/1996","$14,000,000,000","No","No","$14,069,991,000"
"9127942Q6","Bill","52-Week","05/23/1996","05/30/1996","05/29/1997","","No","","","No","","05/30/1996","$19,250,000,000","No","No","$19,301,289,000"
"912794Z72","Bill","13-Week","05/20/1996","05/23/1996","08/22/1996","","No","","","No","","05/23/1996","$13,500,000,000","Yes","No","$13,688,465,000"
"9127943P7","Bill","26-Week","05/20/1996","05/23/1996","11/21/1996","","No","","","No","","05/23/1996","$13,500,000,000","No","No","$13,615,711,000"
"9127943D4","Bill","13-Week","05/13/1996","05/16/1996","08/15/1996","","No","","","No","","05/16/1996","$13,500,000,000","Yes","No","$13,595,836,000"
"9127942A1","Bill","26-Week","05/13/1996","05/16/1996","11/14/1996","","No","","","No","","05/16/1996","$13,500,000,000","Yes","No","$13,682,910,000"
"912794Z49","Bill","36-Day","05/09/1996","05/15/1996","06/20/1996","","Yes","","","No","","","$13,000,000,000","Yes","No","$13,045,400,000"
"912827X80","Note","10-Year","05/08/1996","05/15/1996","05/15/2006","","No","","","No","6.875%","05/15/1996","$14,000,000,000","No","No","$16,002,334,000"
"912827X72","Note","3-Year","05/07/1996","05/15/1996","05/15/1999","","No","","","No","6.375%","05/15/1996","$19,000,000,000","No","No","$23,308,302,000"
"9127943C6","Bill","13-Week","05/06/1996","05/09/1996","08/08/1996","","No","","","No","","05/09/1996","$13,500,000,000","Yes","No","$13,670,968,000"
"9127943N2","Bill","26-Week","05/06/1996","05/09/1996","11/07/1996","","No","","","No","","05/09/1996","$13,500,000,000","No","No","$13,524,885,000"
"9127943B8","Bill","13-Week","04/29/1996","05/02/1996","08/01/1996","","No","","","No","","05/02/1996","$13,500,000,000","Yes","No","$13,529,629,000"
"9127943M4","Bill","26-Week","04/29/1996","05/02/1996","10/31/1996","","No","","","No","","05/02/1996","$13,500,000,000","No","No","$13,619,444,000"
"9127942P8","Bill","52-Week","04/25/1996","05/02/1996","05/01/1997","","No","","","No","","05/02/1996","$19,250,000,000","No","No","$19,435,306,000"
"912827X64","Note","5-Year","04/24/1996","04/30/1996","04/30/2001","99.877","No","","","No","6.250%","04/30/1996","$12,500,000,000","No","No","$13,750,415,000"
"912827X56","Note","2-Year","04/23/1996","04/30/1996","04/30/1998","99.881","No","","","No","5.875%","04/30/1996","$18,750,000,000","No","No","$21,352,806,000"
"912794Z64","Bill","13-Week","04/22/1996","04/25/1996","07/25/1996","","No","","","No","","04/25/1996","$11,500,000,000","Yes","No","$11,512,520,000"
"9127943L6","Bill","26-Week","04/22/1996","04/25/1996","10/24/1996","","No","","","No","","04/25/1996","$11,500,000,000","No","No","$11,728,879,000"
"9127943A0","Bill","13-Week","04/15/1996","04/18/1996","07/18/1996","","No","","","No","","04/18/1996","$10,500,000,000","Yes","No","$10,506,275,000"
"912794Z98","Bill","26-Week","04/15/1996","04/18/1996","10/17/1996","","No","","","No","","04/18/1996","$10,500,000,000","Yes","No","$10,543,843,000"
"912827X49","Note","5-Year","04/09/1996","04/10/1996","03/31/2001","99.832","No","","","No","6.375%","04/10/1996","$12,000,000,000","No","No","$14,156,231,000"
"9127942Z6","Bill","13-Week","04/08/1996","04/11/1996","07/11/1996","","No","","","No","","04/11/1996","$13,500,000,000","Yes","No","$13,580,152,000"
"9127943K8","Bill","26-Week","04/08/1996","04/11/1996","10/10/1996","","No","","","No","","04/11/1996","$13,500,000,000","No","No","$13,560,510,000"
"912827X31","Note","2-Year","04/08/1996","04/10/1996","03/31/1998","99.965","No","","","No","6.125%","04/10/1996","$18,250,000,000","No","No","$21,666,003,000"
"9127942N3","Bill","52-Week","04/02/1996","04/04/1996","04/03/1997","","No","","","No","","04/04/1996","$18,750,000,000","No","No","$18,937,179,000"
"912794Y32","Bill","15-Day","04/02/1996","04/03/1996","04/18/1996","","Yes","","","No","","","$14,000,000,000","Yes","No","$14,008,000,000"
"912794Y40","Bill","22-Day","04/02/1996","04/03/1996","04/25/1996","","Yes","","","No","","","$11,000,000,000","Yes","No","$11,062,155,000"
"9127942Y9","Bill","13-Week","04/01/1996","04/04/1996","07/05/1996","","No","","","No","","04/04/1996","$13,500,000,000","Yes","No","$13,644,590,000"
"9127943J1","Bill","26-Week","04/01/1996","04/04/1996","10/03/1996","","No","","","No","","04/04/1996","$13,500,000,000","No","No","$13,573,229,000"
"9127946U3","Bill","9-Day","04/01/1996","04/01/1996","04/10/1996","","Yes","","","No","","03/31/1996","$30,000,000,000","No","No","$33,111,220,000"
"912794Z56","Bill","13-Week","03/25/1996","03/28/1996","06/27/1996","","No","","","No","","03/28/1996","$13,500,000,000","Yes","No","$13,596,030,000"
"9127943H5","Bill","26-Week","03/25/1996","03/28/1996","09/26/1996","","No","","","No","","03/28/1996","$13,500,000,000","No","No","$13,519,389,000"
"912794Z49","Bill","13-Week","03/18/1996","03/21/1996","06/20/1996","","No","","","No","","03/21/1996","$13,500,000,000","Yes","No","$13,504,498,000"
"912794Z80","Bill","26-Week","03/18/1996","03/21/1996","09/19/1996","","No","","","No","","03/21/1996","$13,500,000,000","Yes","No","$13,528,838,000"
"912794Y40","Bill","42-Day","03/13/1996","03/14/1996","04/25/1996","","Yes","","","No","","","$9,000,000,000","Yes","No","$9,059,900,000"
"912794Z31","Bill","13-Week","03/11/1996","03/14/1996","06/13/1996","","No","","","No","","03/14/1996","$12,700,000,000","Yes","No","$12,719,589,000"
"9127943G7","Bill","26-Week","03/11/1996","03/14/1996","09/12/1996","","No","","","No","","03/14/1996","$12,700,000,000","No","No","$12,729,057,000"
"912794Z23","Bill","13-Week","03/04/1996","03/07/1996","06/06/1996","","No","","","No","","03/07/1996","$15,200,000,000","Yes","No","$15,229,928,000"
"9127943F9","Bill","26-Week","03/04/1996","03/07/1996","09/05/1996","","No","","","No","","03/07/1996","$15,200,000,000","No","No","$15,370,033,000"
"9127942M5","Bill","52-Week","02/29/1996","03/07/1996","03/06/1997","","No","","","No","","03/07/1996","$18,750,000,000","No","No","$18,780,288,000"
"912794X66","Bill","13-Day","02/28/1996","03/01/1996","03/14/1996","","Yes","","","No","","","$6,000,000,000","Yes","No","$6,003,150,000"
"912827X23","Note","5-Year","02/28/1996","02/29/1996","02/28/2001","99.763","No","","","No","5.625%","02/29/1996","$12,000,000,000","No","No","$12,802,814,000"
"912827J94","Note","2-Year","02/27/1996","02/29/1996","02/28/1998","99.794","No","","","No","5.125%","02/29/1996","$18,250,000,000","Yes","No","$19,161,230,000"
"912794Y99","Bill","13-Week","02/26/1996","02/29/1996","05/30/1996","","No","","","No","","02/29/1996","$12,200,000,000","Yes","No","$12,402,132,000"
"9127943E2","Bill","26-Week","02/26/1996","02/29/1996","08/29/1996","","No","","","No","","02/29/1996","$12,200,000,000","No","No","$12,379,045,000"
"912794Y32","Bill","55-Day","02/22/1996","02/23/1996","04/18/1996","","Yes","","","No","","","$29,000,000,000","Yes","No","$29,191,759,000"
"912794Y81","Bill","13-Week","02/20/1996","02/22/1996","05/23/1996","","No","","","No","","02/22/1996","$13,200,000,000","Yes","No","$13,308,103,000"
"912794Z72","Bill","26-Week","02/20/1996","02/22/1996","08/22/1996","","No","","","No","","02/22/1996","$13,200,000,000","Yes","No","$13,203,319,000"
"912794Y73","Bill","13-Week","02/12/1996","02/15/1996","05/16/1996","","No","","","No","","02/15/1996","$13,700,000,000","Yes","No","$13,815,033,000"
"9127943D4","Bill","26-Week","02/12/1996","02/15/1996","08/15/1996","","No","","","No","","02/15/1996","$13,700,000,000","No","No","$13,785,170,000"
"912794X33","Bill","7-Day","02/08/1996","02/15/1996","02/22/1996","","Yes","","","No","","","$8,000,000,000","Yes","No","$8,055,370,000"
"912810EW4","Bond","30-Year","02/08/1996","02/15/1996","02/15/2026","","No","","","No","6.000%","","$12,000,000,000","No","No","$12,901,082,000"
"912827W81","Note","10-Year","02/07/1996","02/15/1996","02/15/2006","","No","","","No","5.625%","","$14,000,000,000","No","No","$15,509,293,000"
"912827W73","Note","3-Year","02/06/1996","02/15/1996","02/15/1999","","No","","","No","5.000%","","$18,500,000,000","No","No","$21,977,941,000"
"912794Y65","Bill","13-Week","02/05/1996","02/08/1996","05/09/1996","","No","","","No","","","$16,200,000,000","Yes","No","$16,210,440,000"
"9127943C6","Bill","26-Week","02/05/1996","02/08/1996","08/08/1996","","No","","","No","","","$16,200,000,000","No","No","$16,443,724,000"
"9127942L7","Bill","52-Week","02/01/1996","02/08/1996","02/06/1997","","No","","","No","","","$18,750,000,000","No","No","$18,880,297,000"
"912794Y57","Bill","13-Week","01/29/1996","02/01/1996","05/02/1996","","No","","","No","","","$14,000,000,000","Yes","No","$14,082,927,000"
"9127943B8","Bill","26-Week","01/29/1996","02/01/1996","08/01/1996","","No","","","No","","","$14,000,000,000","No","No","$14,003,196,000"
"912827W65","Note","5-Year","01/24/1996","01/31/1996","01/31/2001","99.523","No","","","No","5.250%","","$12,000,000,000","No","No","$12,805,113,000"
"912827W57","Note","2-Year","01/23/1996","01/31/1996","01/31/1998","99.872","No","","","No","5.000%","","$18,250,000,000","No","No","$19,058,210,000"
"912794Y40","Bill","13-Week","01/22/1996","01/25/1996","04/25/1996","","No","","","No","","","$11,500,000,000","Yes","No","$11,537,010,000"
"912794Z64","Bill","26-Week","01/22/1996","01/25/1996","07/25/1996","","No","","","No","","","$11,500,000,000","Yes","No","$11,584,787,000"
"912794Y32","Bill","13-Week","01/16/1996","01/18/1996","04/18/1996","","No","","","No","","","$12,500,000,000","Yes","No","$12,540,217,000"
"9127943A0","Bill","26-Week","01/16/1996","01/18/1996","07/18/1996","","No","","","No","","","$12,500,000,000","No","No","$12,521,666,000"
"912794Y24","Bill","13-Week","01/09/1996","01/11/1996","04/11/1996","","No","","","No","","","$14,000,000,000","Yes","No","$14,064,545,000"
"9127942Z6","Bill","26-Week","01/09/1996","01/11/1996","07/11/1996","","No","","","No","","","$14,000,000,000","No","No","$14,081,381,000"
"9127942K9","Bill","52-Week","01/04/1996","01/11/1996","01/09/1997","","No","","","No","","","$18,750,000,000","No","No","$18,893,552,000"
"912794X90","Bill","13-Week","01/02/1996","01/04/1996","04/04/1996","","No","","","No","","","$14,000,000,000","Yes","No","$14,084,322,000"
"9127942Y9","Bill","26-Week","01/02/1996","01/04/1996","07/05/1996","","No","","","No","","","$14,000,000,000","No","No","$14,046,577,000"
"912794X82","Bill","13-Week","12/26/1995","12/28/1995","03/28/1996","","No","","","No","","","$13,000,000,000","Yes","No","$13,003,759,000"
"912794Z56","Bill","26-Week","12/26/1995","12/28/1995","06/27/1996","","No","","","No","","","$13,000,000,000","Yes","No","$13,048,762,000"
"912827W40","Note","5-Year","12/21/1995","01/02/1996","12/31/2000","99.784","No","","","No","5.500%","","$12,000,000,000","No","No","$12,814,574,000"
"912827W32","Note","2-Year","12/20/1995","01/02/1996","12/31/1997","99.927","No","","","No","5.250%","","$18,250,000,000","No","No","$19,133,546,000"
"912794X74","Bill","13-Week","12/18/1995","12/21/1995","03/21/1996","","No","","","No","","","$14,000,000,000","Yes","No","$14,065,853,000"
"912794Z49","Bill","26-Week","12/18/1995","12/21/1995","06/20/1996","","No","","","No","","","$14,000,000,000","No","No","$14,053,931,000"
"912794X66","Bill","13-Week","12/11/1995","12/14/1995","03/14/1996","","No","","","No","","","$14,000,000,000","Yes","No","$14,051,108,000"
"912794Z31","Bill","26-Week","12/11/1995","12/14/1995","06/13/1996","","No","","","No","","","$14,000,000,000","No","No","$14,092,587,000"
"9127942B9","Bill","52-Week","12/07/1995","12/14/1995","12/12/1996","","No","","","No","","","$18,750,000,000","No","No","$18,780,500,000"
"912794X58","Bill","13-Week","12/04/1995","12/07/1995","03/07/1996","","No","","","No","","","$14,000,000,000","Yes","No","$14,025,069,000"
"912794Z23","Bill","26-Week","12/04/1995","12/07/1995","06/06/1996","","No","","","No","","","$14,000,000,000","No","No","$14,020,376,000"
"912794T61","Bill","13-Day","11/30/1995","12/01/1995","12/14/1995","","Yes","","","No","","","$10,000,000,000","Yes","No","$10,016,696,000"
"912794W34","Bill","27-Day","11/30/1995","12/01/1995","12/28/1995","","Yes","","","No","","","$10,000,000,000","Yes","No","$10,007,270,000"
"912827W24","Note","5-Year","11/29/1995","11/30/1995","11/30/2000","100.000","No","","","No","5.625%","","$12,000,000,000","No","No","$12,351,742,000"
"912827V90","Note","2-Year","11/28/1995","11/30/1995","11/30/1997","99.806","No","","","No","5.375%","","$18,250,000,000","No","No","$18,665,868,000"
"912794X41","Bill","13-Week","11/27/1995","11/30/1995","02/29/1996","","No","","","No","","","$14,000,000,000","Yes","No","$14,035,132,000"
"912794Y99","Bill","26-Week","11/27/1995","11/30/1995","05/30/1996","","No","","","No","","","$14,000,000,000","Yes","No","$14,067,281,000"
"912827V82","Note","10-Year","11/21/1995","11/24/1995","11/15/2005","","No","","","No","5.875%","","$13,500,000,000","No","No","$15,208,114,000"
"912794X33","Bill","13-Week","11/20/1995","11/24/1995","02/22/1996","","No","","","No","","","$12,500,000,000","Yes","No","$12,616,912,000"
"912794Y81","Bill","26-Week","11/20/1995","11/24/1995","05/23/1996","","No","","","No","","","$12,500,000,000","No","No","$12,632,068,000"
"912827V74","Note","3-Year","11/20/1995","11/24/1995","11/15/1998","","No","","","No","5.500%","","$18,000,000,000","No","No","$20,565,762,000"
"9127942A1","Bill","52-Week","11/15/1995","11/16/1995","11/14/1996","","No","","","No","","","$18,750,000,000","No","No","$18,867,890,000"
"912794V76","Bill","9-Day","11/14/1995","11/15/1995","11/24/1995","","Yes","","","No","","","$31,500,000,000","Yes","No","$31,521,150,000"
"912794W26","Bill","36-Day","11/14/1995","11/15/1995","12/21/1995","","Yes","","","No","","","$26,000,000,000","Yes","No","$26,052,500,000"
"912794X25","Bill","13-Week","11/13/1995","11/16/1995","02/15/1996","","No","","","No","","","$14,600,000,000","Yes","No","$14,602,216,000"
"912794Y73","Bill","26-Week","11/13/1995","11/16/1995","05/16/1996","","No","","","No","","","$14,600,000,000","No","No","$14,801,569,000"
"912794W91","Bill","13-Week","11/06/1995","11/09/1995","02/08/1996","","No","","","No","","","$14,600,000,000","Yes","No","$14,639,716,000"
"912794Y65","Bill","26-Week","11/06/1995","11/09/1995","05/09/1996","","No","","","No","","","$14,600,000,000","No","No","$14,674,257,000"
"912794W26","Bill","48-Day","11/02/1995","11/03/1995","12/21/1995","","Yes","","","No","","","$6,000,000,000","Yes","No","$6,008,150,000"
"912794W75","Bill","83-Day","11/02/1995","11/03/1995","01/25/1996","","Yes","","","No","","","$8,000,000,000","Yes","No","$8,060,800,000"
"912794W83","Bill","13-Week","10/30/1995","11/02/1995","02/01/1996","","No","","","No","","","$12,600,000,000","Yes","No","$12,638,931,000"
"912794Y57","Bill","26-Week","10/30/1995","11/02/1995","05/02/1996","","No","","","No","","","$12,700,000,000","Yes","No","$12,777,655,000"
"912827V66","Note","5-Year","10/25/1995","10/31/1995","10/31/2000","99.743","No","","","No","5.750%","","$11,500,000,000","No","No","$12,065,483,000"
"912827V58","Note","2-Year","10/24/1995","10/31/1995","10/31/1997","99.851","No","","","No","5.625%","","$17,750,000,000","No","No","$18,806,999,000"
"912794W75","Bill","13-Week","10/23/1995","10/26/1995","01/25/1996","","No","","","No","","","$6,000,000,000","Yes","No","$6,024,068,000"
"912794Y40","Bill","26-Week","10/23/1995","10/26/1995","04/25/1996","","No","","","No","","","$13,000,000,000","No","No","$13,016,227,000"
"912794W67","Bill","13-Week","10/16/1995","10/19/1995","01/18/1996","","No","","","No","","","$13,000,000,000","Yes","No","$13,028,820,000"
"912794Y32","Bill","26-Week","10/16/1995","10/19/1995","04/18/1996","","No","","","No","","","$13,000,000,000","No","No","$13,040,225,000"
"912794Z98","Bill","52-Week","10/12/1995","10/19/1995","10/17/1996","","No","","","No","","","$18,250,000,000","No","No","$18,466,364,000"
"912794W59","Bill","13-Week","10/10/1995","10/12/1995","01/11/1996","","No","","","No","","","$13,000,000,000","Yes","No","$13,145,395,000"
"912794Y24","Bill","26-Week","10/10/1995","10/12/1995","04/11/1996","","No","","","No","","","$13,000,000,000","No","No","$13,210,272,000"
"912794W42","Bill","13-Week","10/02/1995","10/05/1995","01/04/1996","","No","","","No","","","$12,600,000,000","Yes","No","$12,722,171,000"
"912794X90","Bill","26-Week","10/02/1995","10/05/1995","04/04/1996","","No","","","No","","","$12,600,000,000","Yes","No","$12,814,219,000"
"912827V41","Note","5-Year","09/27/1995","10/02/1995","09/30/2000","99.932","No","","","No","6.125%","","$11,500,000,000","No","No","$12,000,349,000"
"912827V33","Note","2-Year","09/26/1995","10/02/1995","09/30/1997","99.796","No","","","No","5.750%","","$17,750,000,000","No","No","$19,080,925,000"
"912794W34","Bill","13-Week","09/25/1995","09/28/1995","12/28/1995","","No","","","No","","","$11,400,000,000","Yes","No","$11,533,244,000"
"912794X82","Bill","26-Week","09/25/1995","09/28/1995","03/28/1996","","No","","","No","","","$11,400,000,000","No","No","$11,663,922,000"
"912794W26","Bill","13-Week","09/18/1995","09/21/1995","12/21/1995","","No","","","No","","","$11,400,000,000","Yes","No","$11,436,447,000"
"912794X74","Bill","26-Week","09/18/1995","09/21/1995","03/21/1996","","No","","","No","","","$11,400,000,000","No","No","$11,410,581,000"
"912794Z80","Bill","52-Week","09/14/1995","09/21/1995","09/19/1996","","No","","","No","","","$18,250,000,000","No","No","$19,254,868,000"
"912794T61","Bill","13-Week","09/11/1995","09/14/1995","12/14/1995","","No","","","No","","","$12,000,000,000","Yes","No","$12,650,737,000"
"912794X66","Bill","26-Week","09/11/1995","09/14/1995","03/14/1996","","No","","","No","","","$12,000,000,000","No","No","$13,539,635,000"
"9127944P6","Bill","8-Day","09/06/1995","09/07/1995","09/15/1995","","Yes","","","No","","","$5,000,000,000","No","No","$5,000,000,000"
"912794V92","Bill","13-Week","09/05/1995","09/07/1995","12/07/1995","","No","","","No","","","$12,000,000,000","Yes","No","$12,138,751,000"
"912794X58","Bill","26-Week","09/05/1995","09/07/1995","03/07/1996","","No","","","No","","","$12,000,000,000","Yes","No","$12,355,752,000"
"912794T38","Bill","20-Day","08/31/1995","09/01/1995","09/21/1995","","Yes","","","No","","","$18,000,000,000","Yes","No","$18,031,137,000"
"912794V84","Bill","13-Week","08/28/1995","08/31/1995","11/30/1995","","No","","","No","","","$12,000,000,000","Yes","No","$12,114,203,000"
"912794X41","Bill","26-Week","08/28/1995","08/31/1995","02/29/1996","","No","","","No","","","$12,000,000,000","No","No","$12,402,591,000"
"912827V25","Note","5-Year","08/23/1995","08/31/1995","08/31/2000","99.493","No","","","No","6.250%","","$11,500,000,000","No","No","$11,902,647,000"
"912827U91","Note","2-Year","08/22/1995","08/31/1995","08/31/1997","99.833","No","","","No","6.000%","","$17,750,000,000","No","No","$19,335,918,000"
"912794V76","Bill","13-Week","08/21/1995","08/24/1995","11/24/1995","","No","","","No","","","$12,000,000,000","Yes","No","$12,121,366,000"
"912794X33","Bill","26-Week","08/21/1995","08/24/1995","02/22/1996","","No","","","No","","","$12,000,000,000","No","No","$12,108,074,000"
"912794Z72","Bill","52-Week","08/17/1995","08/24/1995","08/22/1996","","No","","","No","","","$18,250,000,000","No","No","$18,443,698,000"
"912794T53","Bill","13-Week","08/14/1995","08/17/1995","11/16/1995","","No","","","No","","","$12,000,000,000","Yes","No","$12,161,984,000"
"912794X25","Bill","26-Week","08/14/1995","08/17/1995","02/15/1996","","No","","","No","","","$12,000,000,000","No","No","$12,473,163,000"
"912810EV6","Bond","30-Year","08/10/1995","08/15/1995","08/15/2025","","No","","","No","6.875%","","$11,500,000,000","No","No","$12,600,101,000"
"912827U83","Note","10-Year","08/09/1995","08/15/1995","08/15/2005","","No","","","No","6.500%","","$13,000,000,000","No","No","$15,006,102,000"
"912827U75","Note","3-Year","08/08/1995","08/15/1995","08/15/1998","","No","","","No","5.875%","","$18,000,000,000","No","No","$22,382,329,000"
"912794V68","Bill","13-Week","08/07/1995","08/10/1995","11/09/1995","","No","","","No","","","$12,600,000,000","Yes","No","$12,758,662,000"
"912794W91","Bill","26-Week","08/07/1995","08/10/1995","02/08/1996","","No","","","No","","","$12,600,000,000","Yes","No","$13,151,524,000"
"912794V50","Bill","13-Week","07/31/1995","08/03/1995","11/02/1995","","No","","","No","","","$12,600,000,000","Yes","No","$12,934,413,000"
"912794W83","Bill","26-Week","07/31/1995","08/03/1995","02/01/1996","","No","","","No","","","$12,600,000,000","No","No","$12,977,607,000"
"912827U67","Note","5-Year","07/26/1995","07/31/1995","07/31/2000","99.601","No","","","No","6.125%","","$11,500,000,000","No","No","$12,325,577,000"
"912827U59","Note","2-Year","07/25/1995","07/31/1995","07/31/1997","99.851","No","","","No","5.875%","","$17,750,000,000","No","No","$18,908,551,000"
"912794V43","Bill","13-Week","07/24/1995","07/27/1995","10/26/1995","","No","","","No","","","$13,200,000,000","Yes","No","$13,269,067,000"
"912794W75","Bill","26-Week","07/24/1995","07/27/1995","01/25/1996","","No","","","No","","","$13,200,000,000","No","No","$13,254,712,000"
"912794Z64","Bill","52-Week","07/20/1995","07/27/1995","07/25/1996","","No","","","No","","","$18,250,000,000","No","No","$18,344,043,000"
"912794T46","Bill","13-Week","07/17/1995","07/20/1995","10/19/1995","","No","","","No","","","$13,200,000,000","Yes","No","$13,543,762,000"
"912794W67","Bill","26-Week","07/17/1995","07/20/1995","01/18/1996","","No","","","No","","","$13,200,000,000","No","No","$14,383,326,000"
"912794V35","Bill","13-Week","07/10/1995","07/13/1995","10/12/1995","","No","","","No","","","$13,600,000,000","Yes","No","$14,068,528,000"
"912794W59","Bill","26-Week","07/10/1995","07/13/1995","01/11/1996","","No","","","No","","","$13,600,000,000","Yes","No","$14,498,219,000"
"912794V27","Bill","13-Week","07/03/1995","07/06/1995","10/05/1995","","No","","","No","","","$13,600,000,000","Yes","No","$13,963,735,000"
"912794W42","Bill","26-Week","07/03/1995","07/06/1995","01/04/1996","","No","","","No","","","$13,600,000,000","No","No","$14,809,872,000"
"912827U42","Note","5-Year","06/28/1995","06/30/1995","06/30/2000","99.872","No","","","No","5.875%","","$11,500,000,000","No","No","$12,454,684,000"
"912827U34","Note","2-Year","06/27/1995","06/30/1995","06/30/1997","99.879","No","","","No","5.625%","","$17,750,000,000","No","No","$19,225,477,000"
"912794U93","Bill","13-Week","06/26/1995","06/29/1995","09/28/1995","","No","","","No","","","$13,600,000,000","Yes","No","$13,849,873,000"
"912794W34","Bill","26-Week","06/26/1995","06/29/1995","12/28/1995","","No","","","No","","","$13,600,000,000","No","No","$14,410,396,000"
"912794Z56","Bill","52-Week","06/22/1995","06/29/1995","06/27/1996","","No","","","No","","","$18,250,000,000","No","No","$19,299,692,000"
"912794T38","Bill","13-Week","06/19/1995","06/22/1995","09/21/1995","","No","","","No","","","$14,200,000,000","Yes","No","$14,252,087,000"
"912794W26","Bill","26-Week","06/19/1995","06/22/1995","12/21/1995","","No","","","No","","","$14,200,000,000","No","No","$14,340,983,000"
"912794U85","Bill","13-Week","06/12/1995","06/15/1995","09/14/1995","","No","","","No","","","$14,200,000,000","Yes","No","$14,307,790,000"
"912794T61","Bill","26-Week","06/12/1995","06/15/1995","12/14/1995","","No","","","No","","","$14,200,000,000","Yes","No","$14,275,166,000"
"912794U77","Bill","13-Week","06/05/1995","06/08/1995","09/07/1995","","No","","","No","","","$14,200,000,000","Yes","No","$14,219,454,000"
"912794V92","Bill","26-Week","06/05/1995","06/08/1995","12/07/1995","","No","","","No","","","$14,200,000,000","No","No","$14,224,067,000"
"912794S62","Bill","13-Day","05/31/1995","06/02/1995","06/15/1995","","Yes","","","No","","","$17,000,000,000","Yes","No","$17,126,000,000"
"912794U69","Bill","13-Week","05/30/1995","06/01/1995","08/31/1995","","No","","","No","","","$14,200,000,000","Yes","No","$14,324,351,000"
"912794V84","Bill","26-Week","05/30/1995","06/01/1995","11/30/1995","","No","","","No","","","$14,200,000,000","No","No","$14,846,975,000"
"912794Y99","Bill","52-Week","05/25/1995","06/01/1995","05/30/1996","","No","","","No","","","$18,250,000,000","No","No","$18,546,795,000"
"912827U26","Note","5-Year","05/24/1995","05/31/1995","05/31/2000","100.000","No","","","No","6.250%","","$11,500,000,000","No","No","$12,729,128,000"
"912827T93","Note","2-Year","05/23/1995","05/31/1995","05/31/1997","99.917","No","","","No","6.125%","","$17,750,000,000","No","No","$18,872,539,000"
"912794T20","Bill","13-Week","05/22/1995","05/25/1995","08/24/1995","","No","","","No","","","$13,600,000,000","Yes","No","$13,957,024,000"
"912794V76","Bill","26-Week","05/22/1995","05/25/1995","11/24/1995","","No","","","No","","","$13,600,000,000","No","No","$14,925,265,000"
"912794U51","Bill","13-Week","05/15/1995","05/18/1995","08/17/1995","","No","","","No","","","$13,200,000,000","Yes","No","$13,468,332,000"
"912794T53","Bill","26-Week","05/15/1995","05/18/1995","11/16/1995","","No","","","No","","","$13,200,000,000","Yes","No","$14,719,433,000"
"912794S70","Bill","38-Day","05/11/1995","05/15/1995","06/22/1995","","Yes","","","No","","","$17,000,000,000","Yes","No","$17,135,700,000"
"912827T85","Note","10-Year","05/10/1995","05/15/1995","05/15/2005","","No","","","No","6.500%","","$12,500,000,000","No","No","$14,703,227,000"
"912827T77","Note","3-Year","05/09/1995","05/15/1995","05/15/1998","","No","","","No","6.125%","","$17,500,000,000","No","No","$21,162,347,000"
"912794U44","Bill","13-Week","05/08/1995","05/11/1995","08/10/1995","","No","","","No","","","$12,800,000,000","Yes","No","$12,911,219,000"
"912794V68","Bill","26-Week","05/08/1995","05/11/1995","11/09/1995","","No","","","No","","","$12,800,000,000","No","No","$12,949,778,000"
"912794U36","Bill","13-Week","05/01/1995","05/04/1995","08/03/1995","","No","","","No","","","$12,200,000,000","Yes","No","$12,409,307,000"
"912794V50","Bill","26-Week","05/01/1995","05/04/1995","11/02/1995","","No","","","No","","","$12,200,000,000","No","No","$12,263,503,000"
"912794Y57","Bill","52-Week","04/27/1995","05/04/1995","05/02/1996","","No","","","No","","","$17,750,000,000","No","No","$17,921,119,000"
"912827T69","Note","5-Year","04/26/1995","05/01/1995","04/30/2000","99.729","No","","","No","6.750%","","$11,500,000,000","No","No","$12,405,017,000"
"912827T51","Note","2-Year","04/25/1995","05/01/1995","04/30/1997","99.956","No","","","No","6.500%","","$17,750,000,000","No","No","$18,634,448,000"
"912794S96","Bill","13-Week","04/24/1995","04/27/1995","07/27/1995","","No","","","No","","","$11,600,000,000","Yes","No","$11,693,761,000"
"912794V43","Bill","26-Week","04/24/1995","04/27/1995","10/26/1995","","No","","","No","","","$11,600,000,000","No","No","$11,735,929,000"
"912794U28","Bill","13-Week","04/17/1995","04/20/1995","07/20/1995","","No","","","No","","","$11,600,000,000","Yes","No","$11,604,938,000"
"912794T46","Bill","26-Week","04/17/1995","04/20/1995","10/19/1995","","No","","","No","","","$11,600,000,000","Yes","No","$11,621,314,000"
"912794T95","Bill","13-Week","04/10/1995","04/13/1995","07/13/1995","","No","","","No","","","$11,600,000,000","Yes","No","$11,637,450,000"
"912794V35","Bill","26-Week","04/10/1995","04/13/1995","10/12/1995","","No","","","No","","","$11,600,000,000","No","No","$11,631,036,000"
"912794T87","Bill","13-Week","04/03/1995","04/06/1995","07/06/1995","","No","","","No","","","$12,000,000,000","Yes","No","$12,005,190,000"
"912794V27","Bill","26-Week","04/03/1995","04/06/1995","10/05/1995","","No","","","No","","","$12,000,000,000","No","No","$12,166,037,000"
"912794X90","Bill","52-Week","03/30/1995","04/06/1995","04/04/1996","","No","","","No","","","$17,250,000,000","No","No","$17,539,771,000"
"912794R63","Bill","17-Day","03/30/1995","04/03/1995","04/20/1995","","Yes","","","No","","","$25,000,000,000","Yes","No","$25,108,900,000"
"912827T44","Note","5-Year","03/29/1995","03/31/1995","03/31/2000","99.505","No","","","No","6.875%","","$11,000,000,000","No","No","$13,148,166,000"
"912827T36","Note","2-Year","03/28/1995","03/31/1995","03/31/1997","99.830","No","","","No","6.625%","","$17,250,000,000","No","No","$19,269,483,000"
"912794S88","Bill","13-Week","03/27/1995","03/30/1995","06/29/1995","","No","","","No","","","$12,000,000,000","Yes","No","$12,076,316,000"
"912794U93","Bill","26-Week","03/27/1995","03/30/1995","09/28/1995","","No","","","No","","","$12,000,000,000","No","No","$12,088,579,000"
"912794S70","Bill","13-Week","03/20/1995","03/23/1995","06/22/1995","","No","","","No","","","$12,400,000,000","Yes","No","$12,493,555,000"
"912794T38","Bill","26-Week","03/20/1995","03/23/1995","09/21/1995","","No","","","No","","","$12,400,000,000","Yes","No","$12,576,233,000"
"912794S62","Bill","13-Week","03/13/1995","03/16/1995","06/15/1995","","No","","","No","","","$12,400,000,000","Yes","No","$12,423,683,000"
"912794U85","Bill","26-Week","03/13/1995","03/16/1995","09/14/1995","","No","","","No","","","$12,400,000,000","No","No","$12,414,572,000"
"912794S54","Bill","13-Week","03/06/1995","03/09/1995","06/08/1995","","No","","","No","","","$13,000,000,000","Yes","No","$13,002,764,000"
"912794U77","Bill","26-Week","03/06/1995","03/09/1995","09/07/1995","","No","","","No","","","$13,000,000,000","No","No","$13,077,535,000"
"912794X58","Bill","52-Week","03/02/1995","03/09/1995","03/07/1996","","No","","","No","","","$17,250,000,000","No","No","$17,254,254,000"
"912794Q98","Bill","9-Day","03/01/1995","03/07/1995","03/16/1995","","Yes","","","No","","","$8,000,000,000","Yes","No","$8,033,000,000"
"912794S47","Bill","13-Week","02/27/1995","03/02/1995","06/01/1995","","No","","","No","","","$13,000,000,000","Yes","No","$13,339,955,000"
"912794U69","Bill","26-Week","02/27/1995","03/02/1995","08/31/1995","","No","","","No","","","$13,000,000,000","No","No","$13,466,983,000"
"912827T28","Note","5-Year","02/23/1995","02/28/1995","02/29/2000","100.000","No","","","No","7.125%","","$11,000,000,000","No","No","$12,370,607,000"
"912827S94","Note","2-Year","02/22/1995","02/28/1995","02/28/1997","99.772","No","","","No","6.875%","","$17,250,000,000","No","No","$18,553,846,000"
"912794S39","Bill","13-Week","02/21/1995","02/23/1995","05/25/1995","","No","","","No","","","$13,400,000,000","Yes","No","$13,514,172,000"
"912794T20","Bill","26-Week","02/21/1995","02/23/1995","08/24/1995","","No","","","No","","","$13,400,000,000","Yes","No","$13,497,872,000"
"912794S21","Bill","13-Week","02/13/1995","02/16/1995","05/18/1995","","No","","","No","","","$13,800,000,000","Yes","No","$14,340,832,000"
"912794U51","Bill","26-Week","02/13/1995","02/16/1995","08/17/1995","","No","","","No","","","$13,800,000,000","No","No","$14,331,599,000"
"912794R63","Bill","64-Day","02/09/1995","02/15/1995","04/20/1995","","Yes","","","No","","","$9,000,000,000","Yes","No","$9,116,780,000"
"912810ET1","Bond","30-Year","02/09/1995","02/15/1995","02/15/2025","","No","","","No","7.625%","","$11,000,000,000","No","No","$11,717,017,000"
"912827S86","Note","10-Year","02/08/1995","02/15/1995","02/15/2005","","No","","","No","7.500%","","$12,000,000,000","No","No","$13,794,560,000"
"912827S78","Note","3-Year","02/07/1995","02/15/1995","02/15/1998","","No","","","No","7.250%","","$17,000,000,000","No","No","$20,852,643,000"
"912794R97","Bill","13-Week","02/06/1995","02/09/1995","05/11/1995","","No","","","No","","","$13,800,000,000","Yes","No","$13,848,276,000"
"912794U44","Bill","26-Week","02/06/1995","02/09/1995","08/10/1995","","No","","","No","","","$13,800,000,000","No","No","$13,888,908,000"
"912794W91","Bill","52-Week","02/02/1995","02/09/1995","02/08/1996","","No","","","No","","","$17,250,000,000","No","No","$17,331,346,000"
"912794R89","Bill","13-Week","01/30/1995","02/02/1995","05/04/1995","","No","","","No","","","$13,400,000,000","Yes","No","$13,459,197,000"
"912794U36","Bill","26-Week","01/30/1995","02/02/1995","08/03/1995","","No","","","No","","","$13,400,000,000","No","No","$13,490,880,000"
"912827S60","Note","5-Year","01/25/1995","01/31/1995","01/31/2000","99.837","No","","","No","7.750%","","$11,000,000,000","No","No","$12,092,438,000"
"912827S52","Note","2-Year","01/24/1995","01/31/1995","01/31/1997","99.872","No","","","No","7.500%","","$17,250,000,000","No","No","$18,630,214,000"
"912794R71","Bill","13-Week","01/23/1995","01/26/1995","04/27/1995","","No","","","No","","","$13,400,000,000","Yes","No","$13,409,896,000"
"912794S96","Bill","26-Week","01/23/1995","01/26/1995","07/27/1995","","No","","","No","","","$13,400,000,000","Yes","No","$13,465,456,000"
"912794R63","Bill","13-Week","01/17/1995","01/19/1995","04/20/1995","","No","","","No","","","$13,400,000,000","Yes","No","$13,452,915,000"
"912794U28","Bill","26-Week","01/17/1995","01/19/1995","07/20/1995","","No","","","No","","","$13,400,000,000","No","No","$13,498,766,000"
"912794R55","Bill","13-Week","01/09/1995","01/12/1995","04/13/1995","","No","","","No","","","$13,400,000,000","Yes","No","$13,545,186,000"
"912794T95","Bill","26-Week","01/09/1995","01/12/1995","07/13/1995","","No","","","No","","","$13,400,000,000","No","No","$13,724,945,000"
"912794W59","Bill","52-Week","01/05/1995","01/12/1995","01/11/1996","","No","","","No","","","$17,250,000,000","No","No","$17,255,702,000"
"912794R48","Bill","13-Week","01/03/1995","01/05/1995","04/06/1995","","No","","","No","","","$13,400,000,000","Yes","No","$13,759,072,000"
"912794T87","Bill","26-Week","01/03/1995","01/05/1995","07/06/1995","","No","","","No","","","$13,400,000,000","No","No","$14,233,169,000"
"912794P99","Bill","16-Day","12/29/1994","01/03/1995","01/19/1995","","Yes","","","No","","","$14,000,000,000","Yes","No","$14,009,000,000"
"912794R30","Bill","13-Week","12/27/1994","12/29/1994","03/30/1995","","No","","","No","","","$13,000,000,000","Yes","No","$13,209,879,000"
"912794S88","Bill","26-Week","12/27/1994","12/29/1994","06/29/1995","","No","","","No","","","$13,000,000,000","Yes","No","$13,434,738,000"
"912827S45","Note","5-Year","12/22/1994","01/03/1995","12/31/1999","99.593","No","","","No","7.750%","","$11,000,000,000","No","No","$12,411,326,000"
"912827S37","Note","2-Year","12/21/1994","01/03/1995","12/31/1996","99.873","No","","","No","7.500%","","$17,250,000,000","No","No","$19,299,335,000"
"912794R22","Bill","13-Week","12/19/1994","12/22/1994","03/23/1995","","No","","","No","","","$13,000,000,000","Yes","No","$13,068,076,000"
"912794S70","Bill","26-Week","12/19/1994","12/22/1994","06/22/1995","","No","","","No","","","$13,000,000,000","No","No","$13,084,670,000"
"912794Q98","Bill","13-Week","12/12/1994","12/15/1994","03/16/1995","","No","","","No","","","$13,600,000,000","Yes","No","$13,847,585,000"
"912794S62","Bill","26-Week","12/12/1994","12/15/1994","06/15/1995","","No","","","No","","","$13,600,000,000","No","No","$14,261,208,000"
"912794T61","Bill","52-Week","12/08/1994","12/15/1994","12/14/1995","","No","","","No","","","$17,000,000,000","No","No","$17,000,426,000"
"912794Q80","Bill","13-Week","12/05/1994","12/08/1994","03/09/1995","","No","","","No","","","$13,600,000,000","Yes","No","$13,774,440,000"
"912794S54","Bill","26-Week","12/05/1994","12/08/1994","06/08/1995","","No","","","No","","","$13,600,000,000","No","No","$14,175,655,000"
"912794P57","Bill","20-Day","11/30/1994","12/02/1994","12/22/1994","","Yes","","","No","","","$8,000,000,000","Yes","No","$8,005,000,000"
"912794Q72","Bill","13-Week","11/28/1994","12/01/1994","03/02/1995","","No","","","No","","","$13,600,000,000","Yes","No","$13,831,809,000"
"912794S47","Bill","26-Week","11/28/1994","12/01/1994","06/01/1995","","No","","","No","","","$13,600,000,000","Yes","No","$13,994,875,000"
"912827S29","Note","5-Year","11/22/1994","11/30/1994","11/30/1999","99.756","No","","","No","7.750%","","$11,000,000,000","No","No","$11,811,255,000"
"912827R95","Note","2-Year","11/21/1994","11/30/1994","11/30/1996","99.908","No","","","No","7.250%","","$17,250,000,000","No","No","$18,671,000,000"
"912794Q64","Bill","13-Week","11/21/1994","11/25/1994","02/23/1995","","No","","","No","","","$13,600,000,000","Yes","No","$13,693,530,000"
"912794S39","Bill","26-Week","11/21/1994","11/25/1994","05/25/1995","","No","","","No","","","$13,600,000,000","No","No","$13,660,309,000"
"912794Q56","Bill","13-Week","11/14/1994","11/17/1994","02/16/1995","","No","","","No","","","$13,600,000,000","Yes","No","$13,854,989,000"
"912794S21","Bill","26-Week","11/14/1994","11/17/1994","05/18/1995","","No","","","No","","","$13,600,000,000","No","No","$13,828,325,000"
"912794T53","Bill","52-Week","11/10/1994","11/17/1994","11/16/1995","","No","","","No","","","$17,000,000,000","No","No","$17,435,896,000"
"912794P57","Bill","37-Day","11/10/1994","11/15/1994","12/22/1994","","Yes","","","No","","","$12,000,000,000","Yes","No","$12,009,150,000"
"912827R87","Note","10-Year","11/09/1994","11/15/1994","11/15/2004","","No","","","No","7.875%","","$12,000,000,000","No","No","$14,303,857,000"
"912827R79","Note","3-Year","11/08/1994","11/15/1994","11/15/1997","","No","","","No","7.375%","","$17,000,000,000","No","No","$20,727,644,000"
"912794Q49","Bill","13-Week","11/07/1994","11/10/1994","02/09/1995","","No","","","No","","","$13,600,000,000","Yes","No","$13,689,909,000"
"912794R97","Bill","26-Week","11/07/1994","11/10/1994","05/11/1995","","No","","","No","","","$13,600,000,000","No","No","$13,655,101,000"
"912794Q31","Bill","13-Week","10/31/1994","11/03/1994","02/02/1995","","No","","","No","","","$13,600,000,000","Yes","No","$13,815,423,000"
"912794R89","Bill","26-Week","10/31/1994","11/03/1994","05/04/1995","","No","","","No","","","$13,600,000,000","Yes","No","$13,984,702,000"
"912827R61","Note","5-Year","10/26/1994","10/31/1994","10/31/1999","99.795","No","","","No","7.500%","","$11,000,000,000","No","No","$12,060,571,000"
"912827C83","Note","2-Year","10/25/1994","10/31/1994","10/31/1996","99.991","No","","","No","6.875%","","$17,250,000,000","Yes","No","$18,801,213,000"
"912794Q23","Bill","13-Week","10/24/1994","10/27/1994","01/26/1995","","No","","","No","","","$13,600,000,000","Yes","No","$13,619,160,000"
"912794R71","Bill","26-Week","10/24/1994","10/27/1994","04/27/1995","","No","","","No","","","$13,600,000,000","No","No","$13,610,802,000"
"912794P99","Bill","13-Week","10/17/1994","10/20/1994","01/19/1995","","No","","","No","","","$13,000,000,000","Yes","No","$13,142,546,000"
"912794R63","Bill","26-Week","10/17/1994","10/20/1994","04/20/1995","","No","","","No","","","$13,000,000,000","No","No","$13,066,784,000"
"912794T46","Bill","52-Week","10/13/1994","10/20/1994","10/19/1995","","No","","","No","","","$17,000,000,000","No","No","$17,227,766,000"
"912794P57","Bill","66-Day","10/12/1994","10/17/1994","12/22/1994","","Yes","","","No","","","$15,000,000,000","Yes","No","$15,040,000,000"
"912794P81","Bill","13-Week","10/11/1994","10/13/1994","01/12/1995","","No","","","No","","","$13,000,000,000","Yes","No","$13,261,004,000"
"912794R55","Bill","26-Week","10/11/1994","10/13/1994","04/13/1995","","No","","","No","","","$13,000,000,000","No","No","$13,230,287,000"
"912794P73","Bill","13-Week","10/03/1994","10/06/1994","01/05/1995","","No","","","No","","","$12,400,000,000","Yes","No","$12,911,701,000"
"912794R48","Bill","26-Week","10/03/1994","10/06/1994","04/06/1995","","No","","","No","","","$12,400,000,000","Yes","No","$12,867,866,000"
"912827R46","Note","5-Year","09/28/1994","09/30/1994","09/30/1999","99.772","No","","","No","7.125%","","$11,000,000,000","No","No","$12,768,392,000"
"912827R38","Note","2-Year","09/27/1994","09/30/1994","09/30/1996","99.908","No","","","No","6.500%","","$17,250,000,000","No","No","$19,522,136,000"
"912794P65","Bill","13-Week","09/26/1994","09/29/1994","12/29/1994","","No","","","No","","","$11,600,000,000","Yes","No","$11,728,044,000"
"912794R30","Bill","26-Week","09/26/1994","09/29/1994","03/30/1995","","No","","","No","","","$11,600,000,000","No","No","$11,628,764,000"
"912794P57","Bill","13-Week","09/19/1994","09/22/1994","12/22/1994","","No","","","No","","","$11,600,000,000","Yes","No","$11,626,421,000"
"912794R22","Bill","26-Week","09/19/1994","09/22/1994","03/23/1995","","No","","","No","","","$11,600,000,000","No","No","$11,736,480,000"
"912794T38","Bill","52-Week","09/15/1994","09/22/1994","09/21/1995","","No","","","No","","","$16,750,000,000","No","No","$16,763,190,000"
"912794M27","Bill","13-Week","09/12/1994","09/15/1994","12/15/1994","","No","","","No","","","$11,600,000,000","Yes","No","$11,985,996,000"
"912794Q98","Bill","26-Week","09/12/1994","09/15/1994","03/16/1995","","No","","","No","","","$11,600,000,000","No","No","$11,916,215,000"
"9127942C7","Bill","7-Day","09/09/1994","09/09/1994","09/16/1994","","Yes","","","No","","","$4,000,000,000","No","No","$4,003,000,000"
"912794P40","Bill","13-Week","09/06/1994","09/08/1994","12/08/1994","","No","","","No","","","$11,600,000,000","Yes","No","$11,864,314,000"
"912794Q80","Bill","26-Week","09/06/1994","09/08/1994","03/09/1995","","No","","","No","","","$11,600,000,000","Yes","No","$12,238,119,000"
"912794L77","Bill","16-Day","08/31/1994","09/06/1994","09/22/1994","","Yes","","","No","","","$7,000,000,000","Yes","No","$7,005,000,000"
"912794P32","Bill","13-Week","08/29/1994","09/01/1994","12/01/1994","","No","","","No","","","$12,200,000,000","Yes","No","$12,344,960,000"
"912794Q72","Bill","26-Week","08/29/1994","09/01/1994","03/02/1995","","No","","","No","","","$12,200,000,000","No","No","$12,336,856,000"
"912827R20","Note","5-Year","08/24/1994","08/31/1994","08/31/1999","99.854","No","","","No","6.875%","","$11,000,000,000","No","No","$12,318,319,000"
"912827Q96","Note","2-Year","08/23/1994","08/31/1994","08/31/1996","99.963","No","","","No","6.250%","","$17,250,000,000","No","No","$19,102,732,000"
"912794P24","Bill","13-Week","08/22/1994","08/25/1994","11/25/1994","","No","","","No","","","$12,200,000,000","Yes","No","$12,223,760,000"
"912794Q64","Bill","26-Week","08/22/1994","08/25/1994","02/23/1995","","No","","","No","","","$12,200,000,000","No","No","$12,333,317,000"
"912794T20","Bill","52-Week","08/18/1994","08/25/1994","08/24/1995","","No","","","No","","","$16,750,000,000","No","No","$16,788,613,000"
"912794L93","Bill","13-Week","08/15/1994","08/18/1994","11/17/1994","","No","","","No","","","$12,400,000,000","Yes","No","$13,056,401,000"
"912794Q56","Bill","26-Week","08/15/1994","08/18/1994","02/16/1995","","No","","","No","","","$12,400,000,000","No","No","$13,196,791,000"
"912794L77","Bill","38-Day","08/11/1994","08/15/1994","09/22/1994","","Yes","","","No","","","$7,000,000,000","Yes","No","$7,004,500,000"
"912810ES3","Bond","30-Year 3-Month","08/11/1994","08/15/1994","11/15/2024","","No","","","No","7.500%","","$11,000,000,000","No","No","$11,455,549,000"
"912827Q88","Note","10-Year","08/10/1994","08/15/1994","08/15/2004","","No","","","No","7.250%","","$12,000,000,000","No","No","$13,323,181,000"
"912827Q70","Note","3-Year","08/09/1994","08/15/1994","08/15/1997","","No","","","No","6.500%","","$17,000,000,000","No","No","$20,125,837,000"
"912794N91","Bill","13-Week","08/08/1994","08/11/1994","11/10/1994","","No","","","No","","","$12,400,000,000","Yes","No","$12,654,258,000"
"912794Q49","Bill","26-Week","08/08/1994","08/11/1994","02/09/1995","","No","","","No","","","$12,400,000,000","Yes","No","$12,818,716,000"
"912794N83","Bill","13-Week","08/01/1994","08/04/1994","11/03/1994","","No","","","No","","","$12,400,000,000","Yes","No","$12,725,220,000"
"912794Q31","Bill","26-Week","08/01/1994","08/04/1994","02/02/1995","","No","","","No","","","$12,400,000,000","No","No","$12,590,422,000"
"912827Q62","Note","5-Year","07/27/1994","08/01/1994","07/31/1999","99.563","No","","","No","6.875%","","$11,000,000,000","No","No","$12,343,632,000"
"912827Q54","Note","2-Year","07/26/1994","08/01/1994","07/31/1996","99.917","No","","","No","6.125%","","$17,250,000,000","No","No","$19,279,021,000"
"912794N75","Bill","13-Week","07/25/1994","07/28/1994","10/27/1994","","No","","","No","","","$12,400,000,000","Yes","No","$12,571,841,000"
"912794Q23","Bill","26-Week","07/25/1994","07/28/1994","01/26/1995","","No","","","No","","","$12,400,000,000","No","No","$12,561,283,000"
"912794S96","Bill","52-Week","07/21/1994","07/28/1994","07/27/1995","","No","","","No","","","$16,750,000,000","No","No","$16,922,991,000"
"912794L85","Bill","13-Week","07/18/1994","07/21/1994","10/20/1994","","No","","","No","","","$12,400,000,000","Yes","No","$12,650,066,000"
"912794P99","Bill","26-Week","07/18/1994","07/21/1994","01/19/1995","","No","","","No","","","$12,400,000,000","No","No","$12,674,827,000"
"912794L77","Bill","69-Day","07/13/1994","07/15/1994","09/22/1994","","Yes","","","No","","","$6,000,000,000","Yes","No","$6,034,500,000"
"912794N67","Bill","13-Week","07/11/1994","07/14/1994","10/13/1994","","No","","","No","","","$12,000,000,000","Yes","No","$12,257,068,000"
"912794P81","Bill","26-Week","07/11/1994","07/14/1994","01/12/1995","","No","","","No","","","$12,000,000,000","Yes","No","$12,288,567,000"
"912794N59","Bill","13-Week","07/05/1994","07/07/1994","10/06/1994","","No","","","No","","","$12,000,000,000","Yes","No","$12,277,510,000"
"912794P73","Bill","26-Week","07/05/1994","07/07/1994","01/05/1995","","No","","","No","","","$12,000,000,000","No","No","$12,282,236,000"
"912794N42","Bill","13-Week","06/27/1994","06/30/1994","09/29/1994","","No","","","No","","","$11,000,000,000","Yes","No","$11,006,141,000"
"912794P65","Bill","26-Week","06/27/1994","06/30/1994","12/29/1994","","No","","","No","","","$11,000,000,000","No","No","$11,033,187,000"
"912794S88","Bill","52-Week","06/23/1994","06/30/1994","06/29/1995","","No","","","No","","","$16,500,000,000","No","No","$16,720,714,000"
"912827Q47","Note","5-Year","06/22/1994","06/30/1994","06/30/1999","99.916","No","","","No","6.750%","","$11,000,000,000","No","No","$13,055,287,000"
"912827Q39","Note","2-Year","06/21/1994","06/30/1994","06/30/1996","99.926","No","","","No","6.000%","","$17,000,000,000","No","No","$19,744,817,000"
"912794L77","Bill","13-Week","06/20/1994","06/23/1994","09/22/1994","","No","","","No","","","$12,000,000,000","Yes","No","$12,618,746,000"
"912794P57","Bill","26-Week","06/20/1994","06/23/1994","12/22/1994","","No","","","No","","","$12,000,000,000","No","No","$12,954,982,000"
"912794N34","Bill","13-Week","06/13/1994","06/16/1994","09/15/1994","","No","","","No","","","$12,000,000,000","Yes","No","$12,169,543,000"
"912794M27","Bill","26-Week","06/13/1994","06/16/1994","12/15/1994","","No","","","No","","","$12,000,000,000","Yes","No","$12,233,499,000"
"912794N26","Bill","13-Week","06/06/1994","06/09/1994","09/08/1994","","No","","","No","","","$12,600,000,000","Yes","No","$12,986,748,000"
"912794P40","Bill","26-Week","06/06/1994","06/09/1994","12/08/1994","","No","","","No","","","$12,600,000,000","No","No","$13,143,344,000"
"912794L28","Bill","13-Day","06/01/1994","06/03/1994","06/16/1994","","Yes","","","No","","","$14,000,000,000","Yes","No","$14,006,500,000"
"912794M92","Bill","13-Week","05/31/1994","06/02/1994","09/01/1994","","No","","","No","","","$12,600,000,000","Yes","No","$13,304,155,000"
"912794P32","Bill","26-Week","05/31/1994","06/02/1994","12/01/1994","","No","","","No","","","$12,600,000,000","No","No","$13,421,426,000"
"912794S47","Bill","52-Week","05/26/1994","06/02/1994","06/01/1995","","No","","","No","","","$16,500,000,000","No","No","$16,864,948,000"
"912827Q21","Note","5-Year","05/25/1994","05/31/1994","05/31/1999","99.875","No","","","No","6.750%","","$11,000,000,000","No","No","$12,283,485,000"
"912827P97","Note","2-Year","05/24/1994","05/31/1994","05/31/1996","99.879","No","","","No","5.875%","","$17,000,000,000","No","No","$18,827,443,000"
"912794L69","Bill","13-Week","05/23/1994","05/26/1994","08/25/1994","","No","","","No","","","$12,600,000,000","Yes","No","$12,782,621,000"
"912794P24","Bill","26-Week","05/23/1994","05/26/1994","11/25/1994","","No","","","No","","","$12,600,000,000","No","No","$12,639,955,000"
"912794M84","Bill","13-Week","05/16/1994","05/19/1994","08/18/1994","","No","","","No","","","$12,000,000,000","Yes","No","$12,254,521,000"
"912794L93","Bill","26-Week","05/16/1994","05/19/1994","11/17/1994","","No","","","No","","","$12,000,000,000","Yes","No","$12,188,484,000"
"912827P89","Note","10-Year","05/11/1994","05/16/1994","05/15/2004","","No","","","No","7.250%","","$12,000,000,000","No","No","$14,422,642,000"
"912827P71","Note","3-Year","05/10/1994","05/16/1994","05/15/1997","","No","","","No","6.500%","","$17,000,000,000","No","No","$21,671,620,000"
"912794M76","Bill","13-Week","05/09/1994","05/12/1994","08/11/1994","","No","","","No","","","$12,000,000,000","Yes","No","$12,659,067,000"
"912794N91","Bill","26-Week","05/09/1994","05/12/1994","11/10/1994","","No","","","No","","","$12,000,000,000","No","No","$12,470,560,000"
"912794M68","Bill","13-Week","05/02/1994","05/05/1994","08/04/1994","","No","","","No","","","$11,400,000,000","Yes","No","$11,455,270,000"
"912794N83","Bill","26-Week","05/02/1994","05/05/1994","11/03/1994","","No","","","No","","","$11,400,000,000","No","No","$11,615,872,000"
"912794R89","Bill","52-Week","04/28/1994","05/05/1994","05/04/1995","","No","","","No","","","$16,500,000,000","No","No","$16,577,288,000"
"912827P63","Note","5-Year","04/28/1994","05/02/1994","04/30/1999","99.580","No","","","No","6.500%","","$11,000,000,000","No","No","$12,263,628,000"
"912827P55","Note","2-Year","04/26/1994","05/02/1994","04/30/1996","99.832","No","","","No","5.500%","","$17,000,000,000","No","No","$18,707,787,000"
"912794L51","Bill","13-Week","04/25/1994","04/28/1994","07/28/1994","","No","","","No","","","$11,400,000,000","Yes","No","$11,464,934,000"
"912794N75","Bill","26-Week","04/25/1994","04/28/1994","10/27/1994","","No","","","No","","","$11,400,000,000","No","No","$11,464,426,000"
"912794M50","Bill","13-Week","04/18/1994","04/21/1994","07/21/1994","","No","","","No","","","$11,800,000,000","Yes","No","$11,883,064,000"
"912794L85","Bill","26-Week","04/18/1994","04/21/1994","10/20/1994","","No","","","No","","","$11,800,000,000","Yes","No","$11,869,723,000"
"912794M43","Bill","13-Week","04/11/1994","04/14/1994","07/14/1994","","No","","","No","","","$12,200,000,000","Yes","No","$12,660,974,000"
"912794N67","Bill","26-Week","04/11/1994","04/14/1994","10/13/1994","","No","","","No","","","$12,200,000,000","No","No","$12,586,123,000"
"912794M35","Bill","13-Week","04/04/1994","04/07/1994","07/07/1994","","No","","","No","","","$12,600,000,000","Yes","No","$12,823,256,000"
"912794N59","Bill","26-Week","04/04/1994","04/07/1994","10/06/1994","","No","","","No","","","$12,600,000,000","No","No","$12,802,884,000"
"912794R48","Bill","52-Week","03/31/1994","04/07/1994","04/06/1995","","No","","","No","","","$16,500,000,000","No","No","$16,602,793,000"
"912794K29","Bill","21-Day","03/29/1994","03/31/1994","04/21/1994","","Yes","","","No","","","$14,000,000,000","Yes","No","$14,005,800,000"
"912794L44","Bill","13-Week","03/28/1994","03/31/1994","06/30/1994","","No","","","No","","","$12,600,000,000","Yes","No","$13,132,421,000"
"912794N42","Bill","26-Week","03/28/1994","03/31/1994","09/29/1994","","No","","","No","","","$12,600,000,000","No","No","$13,250,322,000"
"912827P48","Note","5-Year","03/23/1994","03/31/1994","03/31/1999","99.850","No","","","No","5.875%","","$11,000,000,000","No","No","$12,753,233,000"
"912827P30","Note","2-Year","03/22/1994","03/31/1994","03/31/1996","99.953","No","","","No","5.125%","","$17,000,000,000","No","No","$19,519,488,000"
"912794L36","Bill","13-Week","03/21/1994","03/24/1994","06/23/1994","","No","","","No","","","$12,600,000,000","Yes","No","$12,609,800,000"
"912794L77","Bill","26-Week","03/21/1994","03/24/1994","09/22/1994","","No","","","No","","","$12,600,000,000","Yes","No","$12,752,250,000"
"912794L28","Bill","13-Week","03/14/1994","03/17/1994","06/16/1994","","No","","","No","","","$12,600,000,000","Yes","No","$12,773,721,000"
"912794N34","Bill","26-Week","03/14/1994","03/17/1994","09/15/1994","","No","","","No","","","$12,600,000,000","No","No","$13,092,692,000"
"912794K94","Bill","13-Week","03/07/1994","03/10/1994","06/09/1994","","No","","","No","","","$12,600,000,000","Yes","No","$12,635,922,000"
"912794N26","Bill","26-Week","03/07/1994","03/10/1994","09/08/1994","","No","","","No","","","$12,600,000,000","No","No","$12,610,812,000"
"912794Q80","Bill","52-Week","03/03/1994","03/10/1994","03/09/1995","","No","","","No","","","$16,500,000,000","No","No","$16,522,027,000"
"912794K86","Bill","13-Week","02/28/1994","03/03/1994","06/02/1994","","No","","","No","","","$12,600,000,000","Yes","No","$12,857,776,000"
"912794M92","Bill","26-Week","02/28/1994","03/03/1994","09/01/1994","","No","","","No","","","$12,600,000,000","No","No","$13,034,875,000"
"912827P22","Note","5-Year","02/24/1994","02/28/1994","02/28/1999","99.526","No","","","No","5.500%","","$11,000,000,000","No","No","$11,901,186,000"
"912827N99","Note","2-Year","02/23/1994","02/28/1994","02/29/1996","99.934","No","","","No","4.625%","","$17,000,000,000","No","No","$18,926,936,000"
"912794K78","Bill","13-Week","02/22/1994","02/24/1994","05/26/1994","","No","","","No","","","$12,200,000,000","Yes","No","$12,343,484,000"
"912794L69","Bill","26-Week","02/22/1994","02/24/1994","08/25/1994","","No","","","No","","","$12,200,000,000","Yes","No","$12,385,556,000"
"912794K60","Bill","13-Week","02/14/1994","02/17/1994","05/19/1994","","No","","","No","","","$12,200,000,000","Yes","No","$12,571,005,000"
"912794M84","Bill","26-Week","02/14/1994","02/17/1994","08/18/1994","","No","","","No","","","$12,200,000,000","No","No","$13,032,852,000"
"912810EQ7","Bond","29-Year 6-Month","02/10/1994","02/15/1994","08/15/2023","","No","","","No","6.250%","","$11,000,000,000","Yes","No","$11,375,785,000"
"912827N81","Note","10-Year","02/09/1994","02/15/1994","02/15/2004","","No","","","No","5.875%","","$12,000,000,000","No","No","$12,951,397,000"
"912827N73","Note","3-Year","02/08/1994","02/15/1994","02/15/1997","","No","","","No","4.750%","","$17,000,000,000","No","No","$19,808,002,000"
"912794K52","Bill","13-Week","02/07/1994","02/10/1994","05/12/1994","","No","","","No","","","$12,600,000,000","Yes","No","$12,753,223,000"
"912794M76","Bill","26-Week","02/07/1994","02/10/1994","08/11/1994","","No","","","No","","","$12,600,000,000","No","No","$12,780,162,000"
"912794Q49","Bill","52-Week","02/03/1994","02/10/1994","02/09/1995","","No","","","No","","","$16,500,000,000","No","No","$16,512,652,000"
"912794K45","Bill","13-Week","01/31/1994","02/03/1994","05/05/1994","","No","","","No","","","$12,600,000,000","Yes","No","$12,639,057,000"
"912794M68","Bill","26-Week","01/31/1994","02/03/1994","08/04/1994","","No","","","No","","","$12,600,000,000","No","No","$12,819,533,000"
"912827N65","Note","5-Year","01/26/1994","01/31/1994","01/31/1999","99.564","No","","","No","5.000%","","$12,000,000,000","No","No","$12,879,064,000"
"912827N57","Note","2-Year","01/25/1994","01/31/1994","01/31/1996","99.791","No","","","No","4.000%","","$17,000,000,000","No","No","$18,389,220,000"
"912794K37","Bill","13-Week","01/24/1994","01/27/1994","04/28/1994","","No","","","No","","","$12,600,000,000","Yes","No","$12,683,119,000"
"912794L51","Bill","26-Week","01/24/1994","01/27/1994","07/28/1994","","No","","","No","","","$12,600,000,000","Yes","No","$12,675,989,000"
"912794K29","Bill","13-Week","01/18/1994","01/20/1994","04/21/1994","","No","","","No","","","$12,600,000,000","Yes","No","$12,680,355,000"
"912794M50","Bill","26-Week","01/18/1994","01/20/1994","07/21/1994","","No","","","No","","","$12,600,000,000","No","No","$12,644,273,000"
"912794J96","Bill","13-Week","01/10/1994","01/13/1994","04/14/1994","","No","","","No","","","$12,600,000,000","Yes","No","$12,844,165,000"
"912794M43","Bill","26-Week","01/10/1994","01/13/1994","07/14/1994","","No","","","No","","","$12,600,000,000","No","No","$12,617,770,000"
"912794P81","Bill","52-Week","01/06/1994","01/13/1994","01/12/1995","","No","","","No","","","$16,000,000,000","No","No","$16,029,478,000"
"912794J88","Bill","13-Week","01/03/1994","01/06/1994","04/07/1994","","No","","","No","","","$12,600,000,000","Yes","No","$12,744,741,000"
"912794M35","Bill","26-Week","01/03/1994","01/06/1994","07/07/1994","","No","","","No","","","$12,600,000,000","No","No","$13,070,712,000"
"912794J70","Bill","13-Week","12/27/1993","12/30/1993","03/31/1994","","No","","","No","","","$13,000,000,000","Yes","No","$13,069,073,000"
"912794L44","Bill","26-Week","12/27/1993","12/30/1993","06/30/1994","","No","","","No","","","$13,000,000,000","Yes","No","$13,083,140,000"
"912827N40","Note","5-Year","12/22/1993","12/31/1993","12/31/1998","99.717","No","","","No","5.125%","","$11,000,000,000","No","No","$12,432,099,000"
"912827N32","Note","2-Year","12/21/1993","12/31/1993","12/31/1995","99.943","No","","","No","4.250%","","$17,000,000,000","No","No","$19,275,826,000"
"912794J62","Bill","13-Week","12/20/1993","12/23/1993","03/24/1994","","No","","","No","","","$13,000,000,000","Yes","No","$13,014,137,000"
"912794L36","Bill","26-Week","12/20/1993","12/23/1993","06/23/1994","","No","","","No","","","$13,000,000,000","No","No","$13,124,336,000"
"912794J54","Bill","13-Week","12/13/1993","12/16/1993","03/17/1994","","No","","","No","","","$13,000,000,000","Yes","No","$13,073,996,000"
"912794L28","Bill","26-Week","12/13/1993","12/16/1993","06/16/1994","","No","","","No","","","$13,000,000,000","No","No","$13,080,408,000"
"912794M27","Bill","52-Week","12/09/1993","12/16/1993","12/15/1994","","No","","","No","","","$16,000,000,000","No","No","$16,230,440,000"
"912794J47","Bill","13-Week","12/06/1993","12/09/1993","03/10/1994","","No","","","No","","","$13,400,000,000","Yes","No","$13,603,406,000"
"912794K94","Bill","26-Week","12/06/1993","12/09/1993","06/09/1994","","No","","","No","","","$13,400,000,000","No","No","$13,482,831,000"
"912794E67","Bill","10-Day","12/02/1993","12/06/1993","12/16/1993","","Yes","","","No","","","$4,000,000,000","Yes","No","$4,020,160,000"
"912794J39","Bill","13-Week","11/29/1993","12/02/1993","03/03/1994","","No","","","No","","","$13,400,000,000","Yes","No","$13,609,796,000"
"912794K86","Bill","26-Week","11/29/1993","12/02/1993","06/02/1994","","No","","","No","","","$13,400,000,000","Yes","No","$13,616,226,000"
"912827N24","Note","5-Year","11/23/1993","11/30/1993","11/30/1998","99.673","No","","","No","5.125%","","$11,000,000,000","No","No","$12,102,605,000"
"912827M90","Note","2-Year","11/22/1993","11/30/1993","11/30/1995","99.962","No","","","No","4.250%","","$17,000,000,000","No","No","$18,576,294,000"
"912794J21","Bill","13-Week","11/22/1993","11/26/1993","02/24/1994","","No","","","No","","","$13,800,000,000","Yes","No","$13,979,152,000"
"912794K78","Bill","26-Week","11/22/1993","11/26/1993","05/26/1994","","No","","","No","","","$13,800,000,000","No","No","$14,055,997,000"
"912794L93","Bill","52-Week","11/16/1993","11/18/1993","11/17/1994","","No","","","No","","","$16,000,000,000","No","No","$16,149,975,000"
"912794H98","Bill","13-Week","11/15/1993","11/18/1993","02/17/1994","","No","","","No","","","$13,800,000,000","Yes","No","$13,952,694,000"
"912794K60","Bill","26-Week","11/15/1993","11/18/1993","05/19/1994","","No","","","No","","","$13,800,000,000","No","No","$14,031,240,000"
"912827L83","Note","9-Year 9-Month","11/10/1993","11/15/1993","08/15/2003","","No","","","No","5.750%","","$12,000,000,000","Yes","No","$15,073,851,000"
"912794H56","Bill","66-Day","11/09/1993","11/15/1993","01/20/1994","","Yes","","","No","","","$14,000,000,000","Yes","No","$14,102,235,000"
"912827M74","Note","3-Year","11/09/1993","11/15/1993","11/15/1996","","No","","","No","4.375%","","$17,000,000,000","No","No","$22,046,378,000"
"912794H80","Bill","13-Week","11/08/1993","11/12/1993","02/10/1994","","No","","","No","","","$13,800,000,000","Yes","No","$13,804,830,000"
"912794K52","Bill","26-Week","11/08/1993","11/12/1993","05/12/1994","","No","","","No","","","$13,800,000,000","No","No","$13,915,048,000"
"912794E67","Bill","36-Day","11/04/1993","11/10/1993","12/16/1993","","Yes","","","No","","","$10,000,000,000","Yes","No","$10,045,250,000"
"912794H72","Bill","13-Week","11/01/1993","11/04/1993","02/03/1994","","No","","","No","","","$13,400,000,000","Yes","No","$13,464,048,000"
"912794K45","Bill","26-Week","11/01/1993","11/04/1993","05/05/1994","","No","","","No","","","$13,400,000,000","Yes","No","$13,428,722,000"
"912827M66","Note","5-Year","10/27/1993","11/01/1993","10/31/1998","99.736","No","","","No","4.750%","","$11,000,000,000","No","No","$13,013,385,000"
"912827M58","Note","2-Year","10/26/1993","11/01/1993","10/31/1995","99.876","No","","","No","3.875%","","$16,500,000,000","No","No","$18,250,884,000"
"912794H64","Bill","13-Week","10/25/1993","10/28/1993","01/27/1994","","No","","","No","","","$13,000,000,000","Yes","No","$13,031,121,000"
"912794K37","Bill","26-Week","10/25/1993","10/28/1993","04/28/1994","","No","","","No","","","$13,000,000,000","No","No","$13,066,165,000"
"912794H56","Bill","13-Week","10/18/1993","10/21/1993","01/20/1994","","No","","","No","","","$12,800,000,000","Yes","No","$13,031,113,000"
"912794K29","Bill","26-Week","10/18/1993","10/21/1993","04/21/1994","","No","","","No","","","$12,800,000,000","No","No","$12,906,880,000"
"912794L85","Bill","52-Week","10/14/1993","10/21/1993","10/20/1994","","No","","","No","","","$15,750,000,000","No","No","$15,869,520,000"
"912794H49","Bill","13-Week","10/12/1993","10/14/1993","01/13/1994","","No","","","No","","","$12,800,000,000","Yes","No","$13,121,684,000"
"912794J96","Bill","26-Week","10/12/1993","10/14/1993","04/14/1994","","No","","","No","","","$12,800,000,000","No","No","$12,977,620,000"
"912794H31","Bill","13-Week","10/04/1993","10/07/1993","01/06/1994","","No","","","No","","","$11,800,000,000","Yes","No","$11,899,226,000"
"912794J88","Bill","26-Week","10/04/1993","10/07/1993","04/07/1994","","No","","","No","","","$11,800,000,000","Yes","No","$11,837,315,000"
"912794H23","Bill","13-Week","09/27/1993","09/30/1993","12/30/1993","","No","","","No","","","$11,200,000,000","Yes","No","$11,426,989,000"
"912794J70","Bill","26-Week","09/27/1993","09/30/1993","03/31/1994","","No","","","No","","","$11,200,000,000","No","No","$11,752,572,000"
"912827M41","Note","5-Year","09/22/1993","09/30/1993","09/30/1998","99.648","No","","","No","4.750%","","$11,000,000,000","No","No","$12,565,137,000"
"912827M33","Note","2-Year","09/21/1993","09/30/1993","09/30/1995","99.876","No","","","No","3.875%","","$16,000,000,000","No","No","$17,878,573,000"
"912794G99","Bill","13-Week","09/20/1993","09/23/1993","12/23/1993","","No","","","No","","","$11,200,000,000","Yes","No","$11,201,276,000"
"912794J62","Bill","26-Week","09/20/1993","09/23/1993","03/24/1994","","No","","","No","","","$11,200,000,000","No","No","$11,331,653,000"
"912794L77","Bill","52-Week","09/16/1993","09/23/1993","09/22/1994","","No","","","No","","","$15,250,000,000","No","No","$15,330,991,000"
"912794E67","Bill","13-Week","09/13/1993","09/16/1993","12/16/1993","","No","","","No","","","$11,200,000,000","Yes","No","$11,398,030,000"
"912794J54","Bill","26-Week","09/13/1993","09/16/1993","03/17/1994","","No","","","No","","","$11,200,000,000","No","No","$11,378,214,000"
"912794G81","Bill","13-Week","09/07/1993","09/09/1993","12/09/1993","","No","","","No","","","$11,200,000,000","Yes","No","$11,602,182,000"
"912794J47","Bill","26-Week","09/07/1993","09/09/1993","03/10/1994","","No","","","No","","","$11,200,000,000","Yes","No","$11,356,113,000"
"912794G73","Bill","13-Week","08/30/1993","09/02/1993","12/02/1993","","No","","","No","","","$11,800,000,000","Yes","No","$11,968,971,000"
"912794J39","Bill","26-Week","08/30/1993","09/02/1993","03/03/1994","","No","","","No","","","$11,800,000,000","No","No","$11,895,388,000"
"912827M25","Note","5-Year","08/25/1993","08/31/1993","08/31/1998","99.473","No","","","No","4.750%","","$11,000,000,000","No","No","$13,000,406,000"
"912827L91","Note","2-Year","08/24/1993","08/31/1993","08/31/1995","99.876","No","","","No","3.875%","","$16,000,000,000","No","No","$17,562,566,000"
"912794G65","Bill","13-Week","08/23/1993","08/26/1993","11/26/1993","","No","","","No","","","$12,200,000,000","Yes","No","$12,365,054,000"
"912794J21","Bill","26-Week","08/23/1993","08/26/1993","02/24/1994","","No","","","No","","","$12,200,000,000","No","No","$12,231,813,000"
"912794L69","Bill","52-Week","08/19/1993","08/26/1993","08/25/1994","","No","","","No","","","$15,250,000,000","No","No","$15,285,843,000"
"912794E59","Bill","13-Week","08/16/1993","08/19/1993","11/18/1993","","No","","","No","","","$12,200,000,000","Yes","No","$12,380,472,000"
"912794H98","Bill","26-Week","08/16/1993","08/19/1993","02/17/1994","","No","","","No","","","$12,200,000,000","No","No","$12,201,476,000"
"912810EQ7","Bond","30-Year","08/12/1993","08/16/1993","08/15/2023","","No","","","No","6.250%","","$11,000,000,000","No","No","$11,526,830,000"
"912827L83","Note","10-Year","08/11/1993","08/16/1993","08/15/2003","","No","","","No","5.750%","","$11,000,000,000","No","No","$12,925,116,000"
"912827L75","Note","3-Year","08/10/1993","08/16/1993","08/15/1996","","No","","","No","4.375%","","$16,500,000,000","No","No","$20,656,915,000"
"912794G57","Bill","13-Week","08/09/1993","08/12/1993","11/12/1993","","No","","","No","","","$12,200,000,000","Yes","No","$12,452,517,000"
"912794H80","Bill","26-Week","08/09/1993","08/12/1993","02/10/1994","","No","","","No","","","$12,200,000,000","Yes","No","$12,449,210,000"
"912794G40","Bill","13-Week","08/02/1993","08/05/1993","11/04/1993","","No","","","No","","","$12,200,000,000","Yes","No","$12,292,270,000"
"912794H72","Bill","26-Week","08/02/1993","08/05/1993","02/03/1994","","No","","","No","","","$12,200,000,000","No","No","$12,397,431,000"
"912827L67","Note","5-Year","07/28/1993","08/02/1993","07/31/1998","100.000","No","","","No","5.250%","","$11,000,000,000","No","No","$11,673,471,000"
"912827L59","Note","2-Year","07/27/1993","08/02/1993","07/31/1995","99.981","No","","","No","4.250%","","$16,000,000,000","No","No","$17,165,489,000"
"912794G32","Bill","13-Week","07/26/1993","07/29/1993","10/28/1993","","No","","","No","","","$12,200,000,000","Yes","No","$12,265,458,000"
"912794H64","Bill","26-Week","07/26/1993","07/29/1993","01/27/1994","","No","","","No","","","$12,200,000,000","No","No","$12,268,774,000"
"912794L51","Bill","52-Week","07/22/1993","07/29/1993","07/28/1994","","No","","","No","","","$15,250,000,000","No","No","$15,255,454,000"
"912794E42","Bill","13-Week","07/19/1993","07/22/1993","10/21/1993","","No","","","No","","","$12,200,000,000","Yes","No","$12,452,093,000"
"912794H56","Bill","26-Week","07/19/1993","07/22/1993","01/20/1994","","No","","","No","","","$12,200,000,000","No","No","$12,573,524,000"
"912794G24","Bill","13-Week","07/12/1993","07/15/1993","10/14/1993","","No","","","No","","","$12,200,000,000","Yes","No","$12,633,570,000"
"912794H49","Bill","26-Week","07/12/1993","07/15/1993","01/13/1994","","No","","","No","","","$12,200,000,000","Yes","No","$12,557,343,000"
"912794F90","Bill","13-Week","07/06/1993","07/08/1993","10/07/1993","","No","","","No","","","$12,200,000,000","Yes","No","$12,590,716,000"
"912794H31","Bill","26-Week","07/06/1993","07/08/1993","01/06/1994","","No","","","No","","","$12,200,000,000","No","No","$12,950,006,000"
"912794F82","Bill","13-Week","06/28/1993","07/01/1993","09/30/1993","","No","","","No","","","$12,200,000,000","Yes","No","$12,593,529,000"
"912794H23","Bill","26-Week","06/28/1993","07/01/1993","12/30/1993","","No","","","No","","","$12,200,000,000","No","No","$12,822,838,000"
"912794L44","Bill","52-Week","06/24/1993","07/01/1993","06/30/1994","","No","","","No","","","$15,250,000,000","No","No","$15,332,287,000"
"912827L42","Note","5-Year","06/23/1993","06/30/1993","06/30/1998","99.543","No","","","No","5.125%","","$11,000,000,000","No","No","$12,580,129,000"
"912827L34","Note","2-Year","06/22/1993","06/30/1993","06/30/1995","99.933","No","","","No","4.125%","","$16,000,000,000","No","No","$18,136,390,000"
"912794E34","Bill","13-Week","06/21/1993","06/24/1993","09/23/1993","","No","","","No","","","$12,000,000,000","Yes","No","$12,214,354,000"
"912794G99","Bill","26-Week","06/21/1993","06/24/1993","12/23/1993","","No","","","No","","","$12,000,000,000","No","No","$12,242,378,000"
"912794F74","Bill","13-Week","06/14/1993","06/17/1993","09/16/1993","","No","","","No","","","$12,000,000,000","Yes","No","$12,002,733,000"
"912794E67","Bill","26-Week","06/14/1993","06/17/1993","12/16/1993","","No","","","No","","","$12,000,000,000","Yes","No","$12,007,239,000"
"912794F66","Bill","13-Week","06/07/1993","06/10/1993","09/09/1993","","No","","","No","","","$12,000,000,000","Yes","No","$12,015,519,000"
"912794G81","Bill","26-Week","06/07/1993","06/10/1993","12/09/1993","","No","","","No","","","$12,000,000,000","No","No","$12,076,337,000"
"912794D50","Bill","13-Day","06/02/1993","06/04/1993","06/17/1993","","Yes","","","No","","","$7,000,000,000","Yes","No","$7,010,000,000"
"912794F58","Bill","13-Week","06/01/1993","06/03/1993","09/02/1993","","No","","","No","","","$12,000,000,000","Yes","No","$12,018,134,000"
"912794G73","Bill","26-Week","06/01/1993","06/03/1993","12/02/1993","","No","","","No","","","$12,000,000,000","No","No","$12,030,839,000"
"912794K86","Bill","52-Week","05/27/1993","06/03/1993","06/02/1994","","No","","","No","","","$14,750,000,000","No","No","$14,761,235,000"
"912827L26","Note","5-Year","05/26/1993","06/01/1993","05/31/1998","99.935","No","","","No","5.375%","","$11,000,000,000","No","No","$12,340,113,000"
"912827K92","Note","2-Year","05/25/1993","06/01/1993","05/31/1995","99.915","No","","","No","4.125%","","$15,750,000,000","No","No","$17,505,869,000"
"912794E26","Bill","13-Week","05/24/1993","05/27/1993","08/26/1993","","No","","","No","","","$12,000,000,000","Yes","No","$12,151,895,000"
"912794G65","Bill","26-Week","05/24/1993","05/27/1993","11/26/1993","","No","","","No","","","$12,000,000,000","No","No","$12,193,571,000"
"912794F41","Bill","13-Week","05/17/1993","05/20/1993","08/19/1993","","No","","","No","","","$12,000,000,000","Yes","No","$12,263,970,000"
"912794E59","Bill","26-Week","05/17/1993","05/20/1993","11/18/1993","","No","","","No","","","$12,000,000,000","Yes","No","$12,163,956,000"
"912794E34","Bill","129-Day","05/13/1993","05/17/1993","09/23/1993","","Yes","","","No","","","$15,000,000,000","Yes","No","$16,036,880,000"
"912810EP9","Bond","29-Year 9-Month","05/13/1993","05/17/1993","02/15/2023","","No","","","No","7.125%","","$8,250,000,000","Yes","No","$8,555,545,000"
"912827J78","Note","9-Year 9-Month","05/12/1993","05/17/1993","02/15/2003","","No","","","No","6.250%","","$10,750,000,000","Yes","No","$11,587,398,000"
"912827K76","Note","3-Year","05/11/1993","05/17/1993","05/15/1996","","No","","","No","4.250%","","$16,000,000,000","No","No","$19,234,307,000"
"912794F33","Bill","13-Week","05/10/1993","05/13/1993","08/12/1993","","No","","","No","","","$11,600,000,000","Yes","No","$11,673,494,000"
"912794G57","Bill","26-Week","05/10/1993","05/13/1993","11/12/1993","","No","","","No","","","$11,600,000,000","No","No","$11,612,475,000"
"912794F25","Bill","13-Week","05/03/1993","05/06/1993","08/05/1993","","No","","","No","","","$10,600,000,000","Yes","No","$10,703,110,000"
"912794G40","Bill","26-Week","05/03/1993","05/06/1993","11/04/1993","","No","","","No","","","$10,600,000,000","No","No","$10,733,283,000"
"912794K45","Bill","52-Week","04/29/1993","05/06/1993","05/05/1994","","No","","","No","","","$14,250,000,000","No","No","$14,344,501,000"
"912827K68","Note","5-Year","04/28/1993","04/30/1993","04/30/1998","99.760","No","","","No","5.125%","","$11,000,000,000","No","No","$12,212,241,000"
"912827K50","Note","2-Year","04/27/1993","04/30/1993","04/30/1995","99.990","No","","","No","3.875%","","$15,250,000,000","No","No","$16,784,831,000"
"912794D92","Bill","13-Week","04/26/1993","04/29/1993","07/29/1993","","No","","","No","","","$10,000,000,000","Yes","No","$10,016,260,000"
"912794G32","Bill","26-Week","04/26/1993","04/29/1993","10/28/1993","","No","","","No","","","$10,000,000,000","No","No","$10,049,644,000"
"912794E91","Bill","13-Week","04/19/1993","04/22/1993","07/22/1993","","No","","","No","","","$10,600,000,000","Yes","No","$10,661,033,000"
"912794E42","Bill","26-Week","04/19/1993","04/22/1993","10/21/1993","","No","","","No","","","$10,600,000,000","Yes","No","$10,705,680,000"
"912827K43","Note","7-Year","04/13/1993","04/15/1993","04/15/2000","","No","","","No","5.500%","","$9,750,000,000","No","No","$10,528,948,000"
"912794E83","Bill","13-Week","04/12/1993","04/15/1993","07/15/1993","","No","","","No","","","$11,000,000,000","Yes","No","$11,093,994,000"
"912794G24","Bill","26-Week","04/12/1993","04/15/1993","10/14/1993","","No","","","No","","","$11,000,000,000","No","No","$11,055,606,000"
"912794E75","Bill","13-Week","04/07/1993","04/08/1993","07/08/1993","","No","","","No","","","$11,200,000,000","Yes","No","$11,286,987,000"
"912794F90","Bill","26-Week","04/07/1993","04/08/1993","10/07/1993","","No","","","No","","","$11,200,000,000","No","No","$11,337,126,000"
"912794J88","Bill","52-Week","04/06/1993","04/08/1993","04/07/1994","","No","","","No","","","$14,250,000,000","No","No","$14,352,840,000"
"912794C36","Bill","15-Day","04/06/1993","04/07/1993","04/22/1993","","Yes","","","No","","","$17,000,000,000","Yes","No","$17,129,350,000"
"912794T79","Bill","5-Day","03/31/1993","04/02/1993","04/07/1993","","Yes","","","No","","","$15,000,000,000","No","No","$15,141,250,000"
"912794D76","Bill","13-Week","03/29/1993","04/01/1993","07/01/1993","","No","","","No","","","$11,200,000,000","Yes","No","$11,248,020,000"
"912794F82","Bill","26-Week","03/29/1993","04/01/1993","09/30/1993","","No","","","No","","","$11,200,000,000","No","No","$11,240,055,000"
"912827K35","Note","5-Year","03/25/1993","03/31/1993","03/31/1998","99.717","No","","","No","5.125%","","$11,000,000,000","No","No","$13,136,290,000"
"912827K27","Note","2-Year","03/24/1993","03/31/1993","03/31/1995","99.914","No","","","No","3.875%","","$15,250,000,000","No","No","$17,288,995,000"
"912794D68","Bill","13-Week","03/22/1993","03/25/1993","06/24/1993","","No","","","No","","","$11,200,000,000","Yes","No","$11,226,935,000"
"912794E34","Bill","26-Week","03/22/1993","03/25/1993","09/23/1993","","No","","","No","","","$11,200,000,000","Yes","No","$11,206,120,000"
"912794D50","Bill","13-Week","03/15/1993","03/18/1993","06/17/1993","","No","","","No","","","$11,600,000,000","Yes","No","$11,712,835,000"
"912794F74","Bill","26-Week","03/15/1993","03/18/1993","09/16/1993","","No","","","No","","","$11,600,000,000","No","No","$11,647,575,000"
"912794D43","Bill","13-Week","03/08/1993","03/11/1993","06/10/1993","","No","","","No","","","$11,600,000,000","Yes","No","$11,699,420,000"
"912794F66","Bill","26-Week","03/08/1993","03/11/1993","09/09/1993","","No","","","No","","","$11,600,000,000","No","No","$11,675,630,000"
"912794J47","Bill","52-Week","03/04/1993","03/11/1993","03/10/1994","","No","","","No","","","$14,250,000,000","No","No","$14,819,830,000"
"912794C36","Bill","48-Day","03/03/1993","03/05/1993","04/22/1993","","Yes","","","No","","","$11,000,000,000","Yes","No","$11,090,900,000"
"912794D27","Bill","13-Week","03/01/1993","03/04/1993","06/03/1993","","No","","","No","","","$11,600,000,000","Yes","No","$11,657,420,000"
"912794F58","Bill","26-Week","03/01/1993","03/04/1993","09/02/1993","","No","","","No","","","$11,600,000,000","No","No","$11,734,465,000"
"912827J94","Note","5-Year","02/24/1993","03/01/1993","02/28/1998","99.543","No","","","No","5.125%","","$11,000,000,000","No","No","$11,668,981,000"
"912827J86","Note","2-Year","02/23/1993","03/01/1993","02/28/1995","99.876","No","","","No","3.875%","","$15,250,000,000","No","No","$16,591,845,000"
"912794C93","Bill","13-Week","02/22/1993","02/25/1993","05/27/1993","","No","","","No","","","$11,600,000,000","Yes","No","$11,658,495,000"
"912794E26","Bill","26-Week","02/22/1993","02/25/1993","08/26/1993","","No","","","No","","","$11,600,000,000","Yes","No","$11,627,350,000"
"912794C85","Bill","13-Week","02/16/1993","02/18/1993","05/20/1993","","No","","","No","","","$11,600,000,000","Yes","No","$11,868,835,000"
"912794F41","Bill","26-Week","02/16/1993","02/18/1993","08/19/1993","","No","","","No","","","$11,600,000,000","No","No","$11,937,975,000"
"912810EP9","Bond","30-Year","02/11/1993","02/16/1993","02/15/2023","","No","","","No","7.125%","","$9,250,000,000","No","No","$9,810,169,000"
"912827J78","Note","10-Year","02/10/1993","02/16/1993","02/15/2003","","No","","","No","6.250%","","$10,750,000,000","No","No","$11,957,029,000"
"912827J60","Note","3-Year","02/09/1993","02/16/1993","02/15/1996","","No","","","No","4.625%","","$15,500,000,000","No","No","$19,518,065,000"
"912794C77","Bill","13-Week","02/08/1993","02/11/1993","05/13/1993","","No","","","No","","","$11,600,000,000","Yes","No","$11,600,630,000"
"912794F33","Bill","26-Week","02/08/1993","02/11/1993","08/12/1993","","No","","","No","","","$11,600,000,000","No","No","$11,623,730,000"
"912794H80","Bill","52-Week","02/04/1993","02/11/1993","02/10/1994","","No","","","No","","","$14,250,000,000","No","No","$14,897,075,000"
"912794C51","Bill","13-Week","02/01/1993","02/04/1993","05/06/1993","","No","","","No","","","$11,600,000,000","Yes","No","$11,609,100,000"
"912794F25","Bill","26-Week","02/01/1993","02/04/1993","08/05/1993","","No","","","No","","","$11,600,000,000","No","No","$11,633,245,000"
"912827J45","Note","5-Year","01/27/1993","02/01/1993","01/31/1998","99.849","No","","","No","5.625%","","$11,500,000,000","No","No","$12,305,450,000"
"912827J52","Note","2-Year","01/26/1993","02/01/1993","01/31/1995","99.943","No","","","No","4.250%","","$15,250,000,000","No","No","$16,551,685,000"
"912794C44","Bill","13-Week","01/25/1993","01/28/1993","04/29/1993","","No","","","No","","","$11,600,000,000","Yes","No","$11,727,820,000"
"912794D92","Bill","26-Week","01/25/1993","01/28/1993","07/29/1993","","No","","","No","","","$11,600,000,000","Yes","No","$11,636,375,000"
"912794C36","Bill","13-Week","01/19/1993","01/21/1993","04/22/1993","","No","","","No","","","$11,600,000,000","Yes","No","$11,643,215,000"
"912794E91","Bill","26-Week","01/19/1993","01/21/1993","07/22/1993","","No","","","No","","","$11,600,000,000","No","No","$11,671,690,000"
"912827J37","Note","7-Year","01/13/1993","01/15/1993","01/15/2000","","No","","","No","6.375%","","$9,750,000,000","No","No","$10,089,711,000"
"912794C28","Bill","13-Week","01/11/1993","01/14/1993","04/15/1993","","No","","","No","","","$12,000,000,000","Yes","No","$12,147,130,000"
"912794E83","Bill","26-Week","01/11/1993","01/14/1993","07/15/1993","","No","","","No","","","$12,000,000,000","No","No","$12,053,720,000"
"912794H49","Bill","52-Week","01/07/1993","01/14/1993","01/13/1994","","No","","","No","","","$14,750,000,000","No","No","$14,799,470,000"
"912794B86","Bill","13-Week","01/04/1993","01/07/1993","04/08/1993","","No","","","No","","","$12,400,000,000","Yes","No","$12,516,020,000"
"912794E75","Bill","26-Week","01/04/1993","01/07/1993","07/08/1993","","No","","","No","","","$12,400,000,000","No","No","$12,576,435,000"
"912794B78","Bill","13-Week","12/28/1992","12/31/1992","04/01/1993","","No","","","No","","","$12,400,000,000","Yes","No","$12,400,505,000"
"912794D76","Bill","26-Week","12/28/1992","12/31/1992","07/01/1993","","No","","","No","","","$12,400,000,000","Yes","No","$12,422,375,000"
"912827J29","Note","5-Year","12/23/1992","12/31/1992","12/31/1997","99.872","No","","","No","6.000%","","$11,250,000,000","No","No","$12,127,668,000"
"912827H96","Note","2-Year","12/22/1992","12/31/1992","12/31/1994","99.840","No","","","No","4.625%","","$15,500,000,000","No","No","$17,104,495,000"
"912794B60","Bill","13-Week","12/21/1992","12/24/1992","03/25/1993","","No","","","No","","","$12,400,000,000","Yes","No","$12,545,825,000"
"912794D68","Bill","26-Week","12/21/1992","12/24/1992","06/24/1993","","No","","","No","","","$12,400,000,000","No","No","$12,696,140,000"
"912794B52","Bill","13-Week","12/14/1992","12/17/1992","03/18/1993","","No","","","No","","","$12,200,000,000","Yes","No","$12,275,310,000"
"912794D50","Bill","26-Week","12/14/1992","12/17/1992","06/17/1993","","No","","","No","","","$12,200,000,000","No","No","$12,231,440,000"
"912794E67","Bill","52-Week","12/10/1992","12/17/1992","12/16/1993","","No","","","No","","","$14,750,000,000","No","No","$14,774,800,000"
"912794B37","Bill","13-Week","12/07/1992","12/10/1992","03/11/1993","","No","","","No","","","$12,200,000,000","Yes","No","$12,215,635,000"
"912794D43","Bill","26-Week","12/07/1992","12/10/1992","06/10/1993","","No","","","No","","","$12,200,000,000","No","No","$12,277,050,000"
"912794A38","Bill","49-Day","12/01/1992","12/03/1992","01/21/1993","","Yes","","","No","","","$16,000,000,000","Yes","No","$16,207,500,000"
"912794B29","Bill","13-Week","11/30/1992","12/03/1992","03/04/1993","","No","","","No","","","$11,800,000,000","Yes","No","$11,850,790,000"
"912794D27","Bill","26-Week","11/30/1992","12/03/1992","06/03/1993","","No","","","No","","","$11,800,000,000","Yes","No","$11,802,205,000"
"912827H88","Note","5-Year","11/24/1992","11/30/1992","11/30/1997","99.702","No","","","No","6.000%","","$10,750,000,000","No","No","$11,501,495,000"
"912827H70","Note","2-Year","11/23/1992","11/30/1992","11/30/1994","99.821","No","","","No","4.625%","","$15,000,000,000","No","No","$15,878,145,000"
"912794A95","Bill","13-Week","11/23/1992","11/27/1992","02/25/1993","","No","","","No","","","$11,800,000,000","Yes","No","$11,892,760,000"
"912794C93","Bill","26-Week","11/23/1992","11/27/1992","05/27/1993","","No","","","No","","","$11,800,000,000","No","No","$11,826,670,000"
"912794E59","Bill","52-Week","11/17/1992","11/19/1992","11/18/1993","","No","","","No","","","$14,250,000,000","No","No","$14,254,675,000"
"912794A87","Bill","13-Week","11/16/1992","11/19/1992","02/18/1993","","No","","","No","","","$11,800,000,000","Yes","No","$11,847,805,000"
"912794C85","Bill","26-Week","11/16/1992","11/19/1992","05/20/1993","","No","","","No","","","$11,800,000,000","No","No","$11,918,900,000"
"912810EN4","Bond","30-Year","11/12/1992","11/16/1992","11/15/2022","","No","","","No","7.625%","","$10,250,000,000","No","No","$10,697,798,000"
"912827G55","Note","9-Year 9-Month","11/10/1992","11/16/1992","08/15/2002","","No","","","No","6.375%","","$11,250,000,000","Yes","No","$12,100,412,000"
"912827H54","Note","3-Year","11/09/1992","11/16/1992","11/15/1995","","No","","","No","5.125%","","$15,500,000,000","No","No","$19,153,435,000"
"912794A61","Bill","13-Week","11/09/1992","11/12/1992","02/11/1993","","No","","","No","","","$11,800,000,000","Yes","No","$11,811,795,000"
"912794C77","Bill","26-Week","11/09/1992","11/12/1992","05/13/1993","","No","","","No","","","$11,800,000,000","No","No","$11,823,300,000"
"912794ZB3","Bill","41-Day","11/05/1992","11/06/1992","12/17/1992","","Yes","","","No","","","$15,000,000,000","Yes","No","$15,041,610,000"
"912794A53","Bill","13-Week","11/02/1992","11/05/1992","02/04/1993","","No","","","No","","","$11,800,000,000","Yes","No","$11,808,060,000"
"912794C51","Bill","26-Week","11/02/1992","11/05/1992","05/06/1993","","No","","","No","","","$11,800,000,000","Yes","No","$11,829,510,000"
"912827H47","Note","5-Year","10/28/1992","11/02/1992","10/31/1997","99.615","No","","","No","5.750%","","$10,750,000,000","No","No","$11,350,982,000"
"912827H39","Note","2-Year","10/27/1992","11/02/1992","10/31/1994","99.773","No","","","No","4.250%","","$15,000,000,000","No","No","$16,244,160,000"
"912794A46","Bill","13-Week","10/26/1992","10/29/1992","01/28/1993","","No","","","No","","","$11,800,000,000","Yes","No","$11,881,280,000"
"912794C44","Bill","26-Week","10/26/1992","10/29/1992","04/29/1993","","No","","","No","","","$11,800,000,000","No","No","$11,849,340,000"
"912794A38","Bill","13-Week","10/19/1992","10/22/1992","01/21/1993","","No","","","No","","","$11,600,000,000","Yes","No","$11,609,325,000"
"912794C36","Bill","26-Week","10/19/1992","10/22/1992","04/22/1993","","No","","","No","","","$11,600,000,000","No","No","$11,609,650,000"
"912794E42","Bill","52-Week","10/15/1992","10/22/1992","10/21/1993","","No","","","No","","","$14,250,000,000","No","No","$14,273,620,000"
"912794ZZ0","Bill","13-Week","10/13/1992","10/15/1992","01/14/1993","","No","","","No","","","$11,000,000,000","Yes","No","$11,043,460,000"
"912794C28","Bill","26-Week","10/13/1992","10/15/1992","04/15/1993","","No","","","No","","","$11,000,000,000","No","No","$11,043,925,000"
"912827H21","Note","7-Year","10/07/1992","10/15/1992","10/15/1999","","No","","","No","6.000%","","$9,750,000,000","No","No","$10,323,582,000"
"912794ZY3","Bill","13-Week","10/05/1992","10/08/1992","01/07/1993","","No","","","No","","","$10,200,000,000","Yes","No","$10,221,000,000"
"912794B86","Bill","26-Week","10/05/1992","10/08/1992","04/08/1993","","No","","","No","","","$10,200,000,000","Yes","No","$10,213,180,000"
"912794ZX5","Bill","13-Week","09/28/1992","10/01/1992","12/31/1992","","No","","","No","","","$10,200,000,000","Yes","No","$10,245,590,000"
"912794B78","Bill","26-Week","09/28/1992","10/01/1992","04/01/1993","","No","","","No","","","$10,200,000,000","No","No","$10,271,610,000"
"912827G97","Note","5-Year","09/23/1992","09/30/1992","09/30/1997","99.827","No","","","No","5.500%","","$10,500,000,000","No","No","$12,116,792,000"
"912827G89","Note","2-Year","09/22/1992","09/30/1992","09/30/1994","100.000","No","","","No","4.000%","","$14,500,000,000","No","No","$16,740,530,000"
"912794ZW7","Bill","13-Week","09/21/1992","09/24/1992","12/24/1992","","No","","","No","","","$10,200,000,000","Yes","No","$10,246,410,000"
"912794B60","Bill","26-Week","09/21/1992","09/24/1992","03/25/1993","","No","","","No","","","$10,200,000,000","No","No","$10,268,080,000"
"912794E34","Bill","52-Week","09/17/1992","09/24/1992","09/23/1993","","No","","","No","","","$13,750,000,000","No","No","$14,880,325,000"
"912794ZB3","Bill","13-Week","09/14/1992","09/17/1992","12/17/1992","","No","","","No","","","$10,600,000,000","Yes","No","$10,781,870,000"
"912794B52","Bill","26-Week","09/14/1992","09/17/1992","03/18/1993","","No","","","No","","","$10,600,000,000","No","No","$11,078,620,000"
"912794ZV9","Bill","13-Week","09/08/1992","09/10/1992","12/10/1992","","No","","","No","","","$11,000,000,000","Yes","No","$11,227,080,000"
"912794B37","Bill","26-Week","09/08/1992","09/10/1992","03/11/1993","","No","","","No","","","$11,000,000,000","Yes","No","$11,383,460,000"
"912794ZU1","Bill","13-Week","08/31/1992","09/03/1992","12/03/1992","","No","","","No","","","$11,600,000,000","Yes","No","$11,603,915,000"
"912794B29","Bill","26-Week","08/31/1992","09/03/1992","03/04/1993","","No","","","No","","","$11,600,000,000","No","No","$11,603,545,000"
"912827G71","Note","5-Year","08/26/1992","08/31/1992","08/31/1997","","No","","","No","5.625%","","$10,500,000,000","No","No","$11,090,749,000"
"912827G63","Note","2-Year","08/25/1992","08/31/1992","08/31/1994","","No","","","No","4.250%","","$15,000,000,000","No","No","$16,573,340,000"
"912794ZT4","Bill","13-Week","08/24/1992","08/27/1992","11/27/1992","","No","","","No","","","$11,600,000,000","Yes","No","$11,625,065,000"
"912794A95","Bill","26-Week","08/24/1992","08/27/1992","02/25/1993","","No","","","No","","","$11,600,000,000","No","No","$11,654,555,000"
"912794E26","Bill","52-Week","08/20/1992","08/27/1992","08/26/1993","","No","","","No","","","$14,250,000,000","No","No","$14,608,075,000"
"912794ZA5","Bill","13-Week","08/17/1992","08/20/1992","11/19/1992","","No","","","No","","","$11,600,000,000","Yes","No","$11,757,455,000"
"912794A87","Bill","26-Week","08/17/1992","08/20/1992","02/18/1993","","No","","","No","","","$11,600,000,000","No","No","$11,730,215,000"
"912810EM6","Bond","30-Year","08/13/1992","08/17/1992","08/15/2022","","No","","","No","7.250%","","$10,000,000,000","No","No","$10,357,192,000"
"912827G55","Note","10-Year","08/12/1992","08/17/1992","08/15/2002","","No","","","No","6.375%","","$11,000,000,000","No","No","$11,736,554,000"
"912827G48","Note","3-Year","08/11/1992","08/17/1992","08/15/1995","","No","","","No","4.625%","","$15,000,000,000","No","No","$18,008,145,000"
"912794ZS6","Bill","13-Week","08/10/1992","08/13/1992","11/12/1992","","No","","","No","","","$11,600,000,000","Yes","No","$11,735,805,000"
"912794A61","Bill","26-Week","08/10/1992","08/13/1992","02/11/1993","","No","","","No","","","$11,600,000,000","Yes","No","$11,688,440,000"
"912794ZR8","Bill","13-Week","08/03/1992","08/06/1992","11/05/1992","","No","","","No","","","$11,600,000,000","Yes","No","$11,710,980,000"
"912794A53","Bill","26-Week","08/03/1992","08/06/1992","02/04/1993","","No","","","No","","","$11,600,000,000","No","No","$11,709,825,000"
"912827G30","Note","5-Year","07/29/1992","07/31/1992","07/31/1997","","No","","","No","5.500%","","$10,500,000,000","No","No","$12,083,562,000"
"912827G22","Note","2-Year","07/28/1992","07/31/1992","07/31/1994","","No","","","No","4.250%","","$15,000,000,000","No","No","$16,883,250,000"
"912794ZQ0","Bill","13-Week","07/27/1992","07/30/1992","10/29/1992","","No","","","No","","","$11,600,000,000","Yes","No","$11,648,670,000"
"912794A46","Bill","26-Week","07/27/1992","07/30/1992","01/28/1993","","No","","","No","","","$11,600,000,000","No","No","$11,619,355,000"
"912794D92","Bill","52-Week","07/23/1992","07/30/1992","07/29/1993","","No","","","No","","","$14,250,000,000","No","No","$14,705,225,000"
"912794YZ1","Bill","13-Week","07/20/1992","07/23/1992","10/22/1992","","No","","","No","","","$11,600,000,000","Yes","No","$11,936,805,000"
"912794A38","Bill","26-Week","07/20/1992","07/23/1992","01/21/1993","","No","","","No","","","$11,600,000,000","No","No","$11,994,730,000"
"912794ZP2","Bill","13-Week","07/13/1992","07/16/1992","10/15/1992","","No","","","No","","","$11,600,000,000","Yes","No","$11,988,815,000"
"912794ZZ0","Bill","26-Week","07/13/1992","07/16/1992","01/14/1993","","No","","","No","","","$11,600,000,000","Yes","No","$11,977,240,000"
"912827F98","Note","7-Year","07/08/1992","07/15/1992","07/15/1999","","No","","","No","6.375%","","$9,750,000,000","No","No","$9,983,164,000"
"912794ZN7","Bill","13-Week","07/06/1992","07/09/1992","10/08/1992","","No","","","No","","","$11,600,000,000","Yes","No","$12,074,560,000"
"912794ZY3","Bill","26-Week","07/06/1992","07/09/1992","01/07/1993","","No","","","No","","","$11,600,000,000","No","No","$12,020,830,000"
"912794ZM9","Bill","13-Week","06/29/1992","07/02/1992","10/01/1992","","No","","","No","","","$11,600,000,000","Yes","No","$11,738,830,000"
"912794ZX5","Bill","26-Week","06/29/1992","07/02/1992","12/31/1992","","No","","","No","","","$11,600,000,000","No","No","$11,726,235,000"
"912794D76","Bill","52-Week","06/25/1992","07/02/1992","07/01/1993","","No","","","No","","","$14,250,000,000","No","No","$14,980,780,000"
"912827F80","Note","5-Year","06/24/1992","06/30/1992","06/30/1997","","No","","","No","6.375%","","$10,500,000,000","No","No","$11,021,473,000"
"912827F72","Note","2-Year","06/23/1992","06/30/1992","06/30/1994","","No","","","No","5.000%","","$15,000,000,000","No","No","$17,220,975,000"
"912794YY4","Bill","13-Week","06/22/1992","06/25/1992","09/24/1992","","No","","","No","","","$11,600,000,000","Yes","No","$11,732,380,000"
"912794ZW7","Bill","26-Week","06/22/1992","06/25/1992","12/24/1992","","No","","","No","","","$11,600,000,000","No","No","$11,641,680,000"